{
"type": "FeatureCollection",
"name": "station",
"crs": { "type": "name", "properties": { "name": "urn:ogc:def:crs:OGC:1.3:CRS84" } },
"features": [
{ "type": "Feature", "properties": { "stationID": "ST-997", "lat": 37.53439, "long": 126.869598 }, "geometry": { "type": "Point", "coordinates": [ 126.869598, 37.53439 ] } },
{ "type": "Feature", "properties": { "stationID": "ST-996", "lat": 37.524334, "long": 126.850548 }, "geometry": { "type": "Point", "coordinates": [ 126.850548, 37.524334 ] } },
{ "type": "Feature", "properties": { "stationID": "ST-995", "lat": 37.510597, "long": 126.857323 }, "geometry": { "type": "Point", "coordinates": [ 126.857323, 37.510597 ] } },
{ "type": "Feature", "properties": { "stationID": "ST-994", "lat": 37.529163, "long": 126.872749 }, "geometry": { "type": "Point", "coordinates": [ 126.872749, 37.529163 ] } },
{ "type": "Feature", "properties": { "stationID": "ST-993", "lat": 37.521511, "long": 126.857384 }, "geometry": { "type": "Point", "coordinates": [ 126.857384, 37.521511 ] } },
{ "type": "Feature", "properties": { "stationID": "ST-992", "lat": 37.549061, "long": 126.954178 }, "geometry": { "type": "Point", "coordinates": [ 126.954178, 37.549061 ] } },
{ "type": "Feature", "properties": { "stationID": "ST-991", "lat": 37.584503, "long": 126.885597 }, "geometry": { "type": "Point", "coordinates": [ 126.885597, 37.584503 ] } },
{ "type": "Feature", "properties": { "stationID": "ST-990", "lat": 37.57362, "long": 126.898048 }, "geometry": { "type": "Point", "coordinates": [ 126.898048, 37.57362 ] } },
{ "type": "Feature", "properties": { "stationID": "ST-99", "lat": 37.53186, "long": 127.067192 }, "geometry": { "type": "Point", "coordinates": [ 127.067192, 37.53186 ] } },
{ "type": "Feature", "properties": { "stationID": "ST-988", "lat": 37.535221, "long": 127.068398 }, "geometry": { "type": "Point", "coordinates": [ 127.068398, 37.535221 ] } },
{ "type": "Feature", "properties": { "stationID": "ST-987", "lat": 37.538052, "long": 127.076599 }, "geometry": { "type": "Point", "coordinates": [ 127.076599, 37.538052 ] } },
{ "type": "Feature", "properties": { "stationID": "ST-986", "lat": 37.550488, "long": 127.108955 }, "geometry": { "type": "Point", "coordinates": [ 127.108955, 37.550488 ] } },
{ "type": "Feature", "properties": { "stationID": "ST-985", "lat": 37.565659, "long": 127.084297 }, "geometry": { "type": "Point", "coordinates": [ 127.084297, 37.565659 ] } },
{ "type": "Feature", "properties": { "stationID": "ST-984", "lat": 37.539501, "long": 127.083 }, "geometry": { "type": "Point", "coordinates": [ 127.083, 37.539501 ] } },
{ "type": "Feature", "properties": { "stationID": "ST-983", "lat": 37.557587, "long": 127.079697 }, "geometry": { "type": "Point", "coordinates": [ 127.079697, 37.557587 ] } },
{ "type": "Feature", "properties": { "stationID": "ST-982", "lat": 37.564224, "long": 126.897522 }, "geometry": { "type": "Point", "coordinates": [ 126.897522, 37.564224 ] } },
{ "type": "Feature", "properties": { "stationID": "ST-981", "lat": 37.489872, "long": 127.11084 }, "geometry": { "type": "Point", "coordinates": [ 127.11084, 37.489872 ] } },
{ "type": "Feature", "properties": { "stationID": "ST-980", "lat": 37.528454, "long": 127.078033 }, "geometry": { "type": "Point", "coordinates": [ 127.078033, 37.528454 ] } },
{ "type": "Feature", "properties": { "stationID": "ST-98", "lat": 37.537308, "long": 127.070351 }, "geometry": { "type": "Point", "coordinates": [ 127.070351, 37.537308 ] } },
{ "type": "Feature", "properties": { "stationID": "ST-979", "lat": 37.583515, "long": 126.979668 }, "geometry": { "type": "Point", "coordinates": [ 126.979668, 37.583515 ] } },
{ "type": "Feature", "properties": { "stationID": "ST-978", "lat": 37.583603, "long": 126.972549 }, "geometry": { "type": "Point", "coordinates": [ 126.972549, 37.583603 ] } },
{ "type": "Feature", "properties": { "stationID": "ST-977", "lat": 37.565052, "long": 126.973404 }, "geometry": { "type": "Point", "coordinates": [ 126.973404, 37.565052 ] } },
{ "type": "Feature", "properties": { "stationID": "ST-976", "lat": 37.484509, "long": 126.930069 }, "geometry": { "type": "Point", "coordinates": [ 126.930069, 37.484509 ] } },
{ "type": "Feature", "properties": { "stationID": "ST-975", "lat": 37.567284, "long": 126.818275 }, "geometry": { "type": "Point", "coordinates": [ 126.818275, 37.567284 ] } },
{ "type": "Feature", "properties": { "stationID": "ST-974", "lat": 37.541912, "long": 127.077637 }, "geometry": { "type": "Point", "coordinates": [ 127.077637, 37.541912 ] } },
{ "type": "Feature", "properties": { "stationID": "ST-973", "lat": 37.542778, "long": 127.075371 }, "geometry": { "type": "Point", "coordinates": [ 127.075371, 37.542778 ] } },
{ "type": "Feature", "properties": { "stationID": "ST-972", "lat": 37.53989, "long": 127.073364 }, "geometry": { "type": "Point", "coordinates": [ 127.073364, 37.53989 ] } },
{ "type": "Feature", "properties": { "stationID": "ST-971", "lat": 37.623863, "long": 127.068489 }, "geometry": { "type": "Point", "coordinates": [ 127.068489, 37.623863 ] } },
{ "type": "Feature", "properties": { "stationID": "ST-970", "lat": 37.621555, "long": 127.069511 }, "geometry": { "type": "Point", "coordinates": [ 127.069511, 37.621555 ] } },
{ "type": "Feature", "properties": { "stationID": "ST-97", "lat": 37.54705, "long": 127.074333 }, "geometry": { "type": "Point", "coordinates": [ 127.074333, 37.54705 ] } },
{ "type": "Feature", "properties": { "stationID": "ST-969", "lat": 37.481293, "long": 126.982483 }, "geometry": { "type": "Point", "coordinates": [ 126.982483, 37.481293 ] } },
{ "type": "Feature", "properties": { "stationID": "ST-968", "lat": 37.568977, "long": 126.894402 }, "geometry": { "type": "Point", "coordinates": [ 126.894402, 37.568977 ] } },
{ "type": "Feature", "properties": { "stationID": "ST-967", "lat": 37.558304, "long": 127.05806 }, "geometry": { "type": "Point", "coordinates": [ 127.05806, 37.558304 ] } },
{ "type": "Feature", "properties": { "stationID": "ST-966", "lat": 37.501663, "long": 127.042976 }, "geometry": { "type": "Point", "coordinates": [ 127.042976, 37.501663 ] } },
{ "type": "Feature", "properties": { "stationID": "ST-965", "lat": 37.480869, "long": 126.953316 }, "geometry": { "type": "Point", "coordinates": [ 126.953316, 37.480869 ] } },
{ "type": "Feature", "properties": { "stationID": "ST-964", "lat": 37.625317, "long": 127.088135 }, "geometry": { "type": "Point", "coordinates": [ 127.088135, 37.625317 ] } },
{ "type": "Feature", "properties": { "stationID": "ST-963", "lat": 37.516811, "long": 127.040474 }, "geometry": { "type": "Point", "coordinates": [ 127.040474, 37.516811 ] } },
{ "type": "Feature", "properties": { "stationID": "ST-962", "lat": 37.51759, "long": 127.035027 }, "geometry": { "type": "Point", "coordinates": [ 127.035027, 37.51759 ] } },
{ "type": "Feature", "properties": { "stationID": "ST-961", "lat": 37.518639, "long": 127.0354 }, "geometry": { "type": "Point", "coordinates": [ 127.0354, 37.518639 ] } },
{ "type": "Feature", "properties": { "stationID": "ST-960", "lat": 37.494823, "long": 127.047905 }, "geometry": { "type": "Point", "coordinates": [ 127.047905, 37.494823 ] } },
{ "type": "Feature", "properties": { "stationID": "ST-96", "lat": 37.575665, "long": 126.894447 }, "geometry": { "type": "Point", "coordinates": [ 126.894447, 37.575665 ] } },
{ "type": "Feature", "properties": { "stationID": "ST-959", "lat": 37.501545, "long": 127.038567 }, "geometry": { "type": "Point", "coordinates": [ 127.038567, 37.501545 ] } },
{ "type": "Feature", "properties": { "stationID": "ST-958", "lat": 37.475605, "long": 127.050377 }, "geometry": { "type": "Point", "coordinates": [ 127.050377, 37.475605 ] } },
{ "type": "Feature", "properties": { "stationID": "ST-957", "lat": 37.481384, "long": 127.053917 }, "geometry": { "type": "Point", "coordinates": [ 127.053917, 37.481384 ] } },
{ "type": "Feature", "properties": { "stationID": "ST-956", "lat": 37.492809, "long": 127.041389 }, "geometry": { "type": "Point", "coordinates": [ 127.041389, 37.492809 ] } },
{ "type": "Feature", "properties": { "stationID": "ST-955", "lat": 37.509121, "long": 127.062309 }, "geometry": { "type": "Point", "coordinates": [ 127.062309, 37.509121 ] } },
{ "type": "Feature", "properties": { "stationID": "ST-954", "lat": 37.51807, "long": 127.047119 }, "geometry": { "type": "Point", "coordinates": [ 127.047119, 37.51807 ] } },
{ "type": "Feature", "properties": { "stationID": "ST-953", "lat": 37.519787, "long": 127.056763 }, "geometry": { "type": "Point", "coordinates": [ 127.056763, 37.519787 ] } },
{ "type": "Feature", "properties": { "stationID": "ST-952", "lat": 37.480721, "long": 126.909325 }, "geometry": { "type": "Point", "coordinates": [ 126.909325, 37.480721 ] } },
{ "type": "Feature", "properties": { "stationID": "ST-951", "lat": 37.471165, "long": 126.937019 }, "geometry": { "type": "Point", "coordinates": [ 126.937019, 37.471165 ] } },
{ "type": "Feature", "properties": { "stationID": "ST-950", "lat": 37.483192, "long": 126.902031 }, "geometry": { "type": "Point", "coordinates": [ 126.902031, 37.483192 ] } },
{ "type": "Feature", "properties": { "stationID": "ST-95", "lat": 37.577469, "long": 126.897362 }, "geometry": { "type": "Point", "coordinates": [ 126.897362, 37.577469 ] } },
{ "type": "Feature", "properties": { "stationID": "ST-949", "lat": 37.494743, "long": 126.983063 }, "geometry": { "type": "Point", "coordinates": [ 126.983063, 37.494743 ] } },
{ "type": "Feature", "properties": { "stationID": "ST-948", "lat": 37.62608, "long": 127.026482 }, "geometry": { "type": "Point", "coordinates": [ 127.026482, 37.62608 ] } },
{ "type": "Feature", "properties": { "stationID": "ST-947", "lat": 37.589329, "long": 127.016434 }, "geometry": { "type": "Point", "coordinates": [ 127.016434, 37.589329 ] } },
{ "type": "Feature", "properties": { "stationID": "ST-946", "lat": 37.555367, "long": 126.968643 }, "geometry": { "type": "Point", "coordinates": [ 126.968643, 37.555367 ] } },
{ "type": "Feature", "properties": { "stationID": "ST-945", "lat": 37.556965, "long": 126.96859 }, "geometry": { "type": "Point", "coordinates": [ 126.96859, 37.556965 ] } },
{ "type": "Feature", "properties": { "stationID": "ST-944", "lat": 37.56139, "long": 126.995354 }, "geometry": { "type": "Point", "coordinates": [ 126.995354, 37.56139 ] } },
{ "type": "Feature", "properties": { "stationID": "ST-943", "lat": 37.566731, "long": 126.996605 }, "geometry": { "type": "Point", "coordinates": [ 126.996605, 37.566731 ] } },
{ "type": "Feature", "properties": { "stationID": "ST-942", "lat": 37.586372, "long": 127.080071 }, "geometry": { "type": "Point", "coordinates": [ 127.080071, 37.586372 ] } },
{ "type": "Feature", "properties": { "stationID": "ST-941", "lat": 37.608719, "long": 126.972862 }, "geometry": { "type": "Point", "coordinates": [ 126.972862, 37.608719 ] } },
{ "type": "Feature", "properties": { "stationID": "ST-940", "lat": 37.606274, "long": 126.968681 }, "geometry": { "type": "Point", "coordinates": [ 126.968681, 37.606274 ] } },
{ "type": "Feature", "properties": { "stationID": "ST-94", "lat": 37.57822, "long": 126.89447 }, "geometry": { "type": "Point", "coordinates": [ 126.89447, 37.57822 ] } },
{ "type": "Feature", "properties": { "stationID": "ST-939", "lat": 37.603992, "long": 126.961945 }, "geometry": { "type": "Point", "coordinates": [ 126.961945, 37.603992 ] } },
{ "type": "Feature", "properties": { "stationID": "ST-938", "lat": 37.600128, "long": 126.957832 }, "geometry": { "type": "Point", "coordinates": [ 126.957832, 37.600128 ] } },
{ "type": "Feature", "properties": { "stationID": "ST-937", "lat": 37.483879, "long": 127.089027 }, "geometry": { "type": "Point", "coordinates": [ 127.089027, 37.483879 ] } },
{ "type": "Feature", "properties": { "stationID": "ST-936", "lat": 37.482883, "long": 126.901039 }, "geometry": { "type": "Point", "coordinates": [ 126.901039, 37.482883 ] } },
{ "type": "Feature", "properties": { "stationID": "ST-935", "lat": 37.488972, "long": 126.982719 }, "geometry": { "type": "Point", "coordinates": [ 126.982719, 37.488972 ] } },
{ "type": "Feature", "properties": { "stationID": "ST-934", "lat": 37.484661, "long": 126.9039 }, "geometry": { "type": "Point", "coordinates": [ 126.9039, 37.484661 ] } },
{ "type": "Feature", "properties": { "stationID": "ST-933", "lat": 37.5042, "long": 127.087532 }, "geometry": { "type": "Point", "coordinates": [ 127.087532, 37.5042 ] } },
{ "type": "Feature", "properties": { "stationID": "ST-932", "lat": 37.508587, "long": 126.963493 }, "geometry": { "type": "Point", "coordinates": [ 126.963493, 37.508587 ] } },
{ "type": "Feature", "properties": { "stationID": "ST-931", "lat": 37.591694, "long": 127.012497 }, "geometry": { "type": "Point", "coordinates": [ 127.012497, 37.591694 ] } },
{ "type": "Feature", "properties": { "stationID": "ST-930", "lat": 37.493343, "long": 127.14473 }, "geometry": { "type": "Point", "coordinates": [ 127.14473, 37.493343 ] } },
{ "type": "Feature", "properties": { "stationID": "ST-93", "lat": 37.575069, "long": 126.899918 }, "geometry": { "type": "Point", "coordinates": [ 126.899918, 37.575069 ] } },
{ "type": "Feature", "properties": { "stationID": "ST-929", "lat": 37.459953, "long": 127.024742 }, "geometry": { "type": "Point", "coordinates": [ 127.024742, 37.459953 ] } },
{ "type": "Feature", "properties": { "stationID": "ST-928", "lat": 37.501713, "long": 126.995476 }, "geometry": { "type": "Point", "coordinates": [ 126.995476, 37.501713 ] } },
{ "type": "Feature", "properties": { "stationID": "ST-927", "lat": 37.502636, "long": 127.012314 }, "geometry": { "type": "Point", "coordinates": [ 127.012314, 37.502636 ] } },
{ "type": "Feature", "properties": { "stationID": "ST-926", "lat": 37.454407, "long": 127.064926 }, "geometry": { "type": "Point", "coordinates": [ 127.064926, 37.454407 ] } },
{ "type": "Feature", "properties": { "stationID": "ST-925", "lat": 37.447659, "long": 127.055016 }, "geometry": { "type": "Point", "coordinates": [ 127.055016, 37.447659 ] } },
{ "type": "Feature", "properties": { "stationID": "ST-924", "lat": 37.476891, "long": 126.980576 }, "geometry": { "type": "Point", "coordinates": [ 126.980576, 37.476891 ] } },
{ "type": "Feature", "properties": { "stationID": "ST-923", "lat": 37.485508, "long": 126.981621 }, "geometry": { "type": "Point", "coordinates": [ 126.981621, 37.485508 ] } },
{ "type": "Feature", "properties": { "stationID": "ST-922", "lat": 37.496799, "long": 126.952873 }, "geometry": { "type": "Point", "coordinates": [ 126.952873, 37.496799 ] } },
{ "type": "Feature", "properties": { "stationID": "ST-921", "lat": 37.496094, "long": 126.954071 }, "geometry": { "type": "Point", "coordinates": [ 126.954071, 37.496094 ] } },
{ "type": "Feature", "properties": { "stationID": "ST-920", "lat": 37.494995, "long": 126.858253 }, "geometry": { "type": "Point", "coordinates": [ 126.858253, 37.494995 ] } },
{ "type": "Feature", "properties": { "stationID": "ST-92", "lat": 37.571476, "long": 126.889687 }, "geometry": { "type": "Point", "coordinates": [ 126.889687, 37.571476 ] } },
{ "type": "Feature", "properties": { "stationID": "ST-919", "lat": 37.499889, "long": 126.867699 }, "geometry": { "type": "Point", "coordinates": [ 126.867699, 37.499889 ] } },
{ "type": "Feature", "properties": { "stationID": "ST-918", "lat": 37.494404, "long": 126.894447 }, "geometry": { "type": "Point", "coordinates": [ 126.894447, 37.494404 ] } },
{ "type": "Feature", "properties": { "stationID": "ST-917", "lat": 37.480148, "long": 126.883781 }, "geometry": { "type": "Point", "coordinates": [ 126.883781, 37.480148 ] } },
{ "type": "Feature", "properties": { "stationID": "ST-916", "lat": 37.665665, "long": 127.042671 }, "geometry": { "type": "Point", "coordinates": [ 127.042671, 37.665665 ] } },
{ "type": "Feature", "properties": { "stationID": "ST-915", "lat": 37.676941, "long": 127.055099 }, "geometry": { "type": "Point", "coordinates": [ 127.055099, 37.676941 ] } },
{ "type": "Feature", "properties": { "stationID": "ST-914", "lat": 37.66, "long": 127.072968 }, "geometry": { "type": "Point", "coordinates": [ 127.072968, 37.66 ] } },
{ "type": "Feature", "properties": { "stationID": "ST-913", "lat": 37.622662, "long": 127.061897 }, "geometry": { "type": "Point", "coordinates": [ 127.061897, 37.622662 ] } },
{ "type": "Feature", "properties": { "stationID": "ST-912", "lat": 37.592541, "long": 127.086739 }, "geometry": { "type": "Point", "coordinates": [ 127.086739, 37.592541 ] } },
{ "type": "Feature", "properties": { "stationID": "ST-911", "lat": 37.601841, "long": 127.041718 }, "geometry": { "type": "Point", "coordinates": [ 127.041718, 37.601841 ] } },
{ "type": "Feature", "properties": { "stationID": "ST-910", "lat": 37.602627, "long": 127.041634 }, "geometry": { "type": "Point", "coordinates": [ 127.041634, 37.602627 ] } },
{ "type": "Feature", "properties": { "stationID": "ST-91", "lat": 37.575657, "long": 126.890793 }, "geometry": { "type": "Point", "coordinates": [ 126.890793, 37.575657 ] } },
{ "type": "Feature", "properties": { "stationID": "ST-909", "lat": 37.506779, "long": 127.07917 }, "geometry": { "type": "Point", "coordinates": [ 127.07917, 37.506779 ] } },
{ "type": "Feature", "properties": { "stationID": "ST-908", "lat": 37.513962, "long": 127.121674 }, "geometry": { "type": "Point", "coordinates": [ 127.121674, 37.513962 ] } },
{ "type": "Feature", "properties": { "stationID": "ST-907", "lat": 37.478821, "long": 127.123512 }, "geometry": { "type": "Point", "coordinates": [ 127.123512, 37.478821 ] } },
{ "type": "Feature", "properties": { "stationID": "ST-906", "lat": 37.477509, "long": 127.126328 }, "geometry": { "type": "Point", "coordinates": [ 127.126328, 37.477509 ] } },
{ "type": "Feature", "properties": { "stationID": "ST-905", "lat": 37.479465, "long": 127.125328 }, "geometry": { "type": "Point", "coordinates": [ 127.125328, 37.479465 ] } },
{ "type": "Feature", "properties": { "stationID": "ST-904", "lat": 37.481537, "long": 127.122124 }, "geometry": { "type": "Point", "coordinates": [ 127.122124, 37.481537 ] } },
{ "type": "Feature", "properties": { "stationID": "ST-903", "lat": 37.484531, "long": 127.120163 }, "geometry": { "type": "Point", "coordinates": [ 127.120163, 37.484531 ] } },
{ "type": "Feature", "properties": { "stationID": "ST-902", "lat": 37.481632, "long": 127.119164 }, "geometry": { "type": "Point", "coordinates": [ 127.119164, 37.481632 ] } },
{ "type": "Feature", "properties": { "stationID": "ST-901", "lat": 37.481239, "long": 127.119797 }, "geometry": { "type": "Point", "coordinates": [ 127.119797, 37.481239 ] } },
{ "type": "Feature", "properties": { "stationID": "ST-900", "lat": 37.480576, "long": 127.118568 }, "geometry": { "type": "Point", "coordinates": [ 127.118568, 37.480576 ] } },
{ "type": "Feature", "properties": { "stationID": "ST-90", "lat": 37.577995, "long": 126.891472 }, "geometry": { "type": "Point", "coordinates": [ 126.891472, 37.577995 ] } },
{ "type": "Feature", "properties": { "stationID": "ST-9", "lat": 37.557846, "long": 126.918716 }, "geometry": { "type": "Point", "coordinates": [ 126.918716, 37.557846 ] } },
{ "type": "Feature", "properties": { "stationID": "ST-899", "lat": 37.480843, "long": 127.118011 }, "geometry": { "type": "Point", "coordinates": [ 127.118011, 37.480843 ] } },
{ "type": "Feature", "properties": { "stationID": "ST-898", "lat": 37.483761, "long": 127.117081 }, "geometry": { "type": "Point", "coordinates": [ 127.117081, 37.483761 ] } },
{ "type": "Feature", "properties": { "stationID": "ST-897", "lat": 37.49567, "long": 127.130592 }, "geometry": { "type": "Point", "coordinates": [ 127.130592, 37.49567 ] } },
{ "type": "Feature", "properties": { "stationID": "ST-896", "lat": 37.4977, "long": 127.146202 }, "geometry": { "type": "Point", "coordinates": [ 127.146202, 37.4977 ] } },
{ "type": "Feature", "properties": { "stationID": "ST-895", "lat": 37.493126, "long": 127.143822 }, "geometry": { "type": "Point", "coordinates": [ 127.143822, 37.493126 ] } },
{ "type": "Feature", "properties": { "stationID": "ST-894", "lat": 37.520077, "long": 127.112366 }, "geometry": { "type": "Point", "coordinates": [ 127.112366, 37.520077 ] } },
{ "type": "Feature", "properties": { "stationID": "ST-893", "lat": 37.495461, "long": 127.15329 }, "geometry": { "type": "Point", "coordinates": [ 127.15329, 37.495461 ] } },
{ "type": "Feature", "properties": { "stationID": "ST-892", "lat": 37.508968, "long": 127.125839 }, "geometry": { "type": "Point", "coordinates": [ 127.125839, 37.508968 ] } },
{ "type": "Feature", "properties": { "stationID": "ST-891", "lat": 37.513126, "long": 127.10096 }, "geometry": { "type": "Point", "coordinates": [ 127.10096, 37.513126 ] } },
{ "type": "Feature", "properties": { "stationID": "ST-890", "lat": 37.463322, "long": 127.036041 }, "geometry": { "type": "Point", "coordinates": [ 127.036041, 37.463322 ] } },
{ "type": "Feature", "properties": { "stationID": "ST-89", "lat": 37.572777, "long": 126.899269 }, "geometry": { "type": "Point", "coordinates": [ 126.899269, 37.572777 ] } },
{ "type": "Feature", "properties": { "stationID": "ST-889", "lat": 37.4692, "long": 127.029007 }, "geometry": { "type": "Point", "coordinates": [ 127.029007, 37.4692 ] } },
{ "type": "Feature", "properties": { "stationID": "ST-888", "lat": 37.473881, "long": 126.967361 }, "geometry": { "type": "Point", "coordinates": [ 126.967361, 37.473881 ] } },
{ "type": "Feature", "properties": { "stationID": "ST-887", "lat": 37.477108, "long": 126.962944 }, "geometry": { "type": "Point", "coordinates": [ 126.962944, 37.477108 ] } },
{ "type": "Feature", "properties": { "stationID": "ST-886", "lat": 37.470696, "long": 126.9422 }, "geometry": { "type": "Point", "coordinates": [ 126.9422, 37.470696 ] } },
{ "type": "Feature", "properties": { "stationID": "ST-885", "lat": 37.472294, "long": 126.933411 }, "geometry": { "type": "Point", "coordinates": [ 126.933411, 37.472294 ] } },
{ "type": "Feature", "properties": { "stationID": "ST-884", "lat": 37.484257, "long": 126.954697 }, "geometry": { "type": "Point", "coordinates": [ 126.954697, 37.484257 ] } },
{ "type": "Feature", "properties": { "stationID": "ST-883", "lat": 37.479916, "long": 126.90284 }, "geometry": { "type": "Point", "coordinates": [ 126.90284, 37.479916 ] } },
{ "type": "Feature", "properties": { "stationID": "ST-882", "lat": 37.486202, "long": 126.935814 }, "geometry": { "type": "Point", "coordinates": [ 126.935814, 37.486202 ] } },
{ "type": "Feature", "properties": { "stationID": "ST-881", "lat": 37.455799, "long": 127.016289 }, "geometry": { "type": "Point", "coordinates": [ 127.016289, 37.455799 ] } },
{ "type": "Feature", "properties": { "stationID": "ST-880", "lat": 37.456234, "long": 127.019348 }, "geometry": { "type": "Point", "coordinates": [ 127.019348, 37.456234 ] } },
{ "type": "Feature", "properties": { "stationID": "ST-88", "lat": 37.577393, "long": 126.887474 }, "geometry": { "type": "Point", "coordinates": [ 126.887474, 37.577393 ] } },
{ "type": "Feature", "properties": { "stationID": "ST-879", "lat": 37.471928, "long": 127.02684 }, "geometry": { "type": "Point", "coordinates": [ 127.02684, 37.471928 ] } },
{ "type": "Feature", "properties": { "stationID": "ST-878", "lat": 37.48447, "long": 126.971428 }, "geometry": { "type": "Point", "coordinates": [ 126.971428, 37.48447 ] } },
{ "type": "Feature", "properties": { "stationID": "ST-877", "lat": 37.513359, "long": 126.948059 }, "geometry": { "type": "Point", "coordinates": [ 126.948059, 37.513359 ] } },
{ "type": "Feature", "properties": { "stationID": "ST-876", "lat": 37.486385, "long": 126.839211 }, "geometry": { "type": "Point", "coordinates": [ 126.839211, 37.486385 ] } },
{ "type": "Feature", "properties": { "stationID": "ST-875", "lat": 37.482105, "long": 126.845726 }, "geometry": { "type": "Point", "coordinates": [ 126.845726, 37.482105 ] } },
{ "type": "Feature", "properties": { "stationID": "ST-874", "lat": 37.480705, "long": 126.838959 }, "geometry": { "type": "Point", "coordinates": [ 126.838959, 37.480705 ] } },
{ "type": "Feature", "properties": { "stationID": "ST-873", "lat": 37.503117, "long": 126.880386 }, "geometry": { "type": "Point", "coordinates": [ 126.880386, 37.503117 ] } },
{ "type": "Feature", "properties": { "stationID": "ST-872", "lat": 37.49279, "long": 126.824524 }, "geometry": { "type": "Point", "coordinates": [ 126.824524, 37.49279 ] } },
{ "type": "Feature", "properties": { "stationID": "ST-871", "lat": 37.493671, "long": 126.843704 }, "geometry": { "type": "Point", "coordinates": [ 126.843704, 37.493671 ] } },
{ "type": "Feature", "properties": { "stationID": "ST-870", "lat": 37.494282, "long": 126.859215 }, "geometry": { "type": "Point", "coordinates": [ 126.859215, 37.494282 ] } },
{ "type": "Feature", "properties": { "stationID": "ST-87", "lat": 37.56842, "long": 126.899429 }, "geometry": { "type": "Point", "coordinates": [ 126.899429, 37.56842 ] } },
{ "type": "Feature", "properties": { "stationID": "ST-869", "lat": 37.67625, "long": 127.055504 }, "geometry": { "type": "Point", "coordinates": [ 127.055504, 37.67625 ] } },
{ "type": "Feature", "properties": { "stationID": "ST-868", "lat": 37.673618, "long": 127.055252 }, "geometry": { "type": "Point", "coordinates": [ 127.055252, 37.673618 ] } },
{ "type": "Feature", "properties": { "stationID": "ST-867", "lat": 37.648209, "long": 127.070221 }, "geometry": { "type": "Point", "coordinates": [ 127.070221, 37.648209 ] } },
{ "type": "Feature", "properties": { "stationID": "ST-866", "lat": 37.631622, "long": 127.061615 }, "geometry": { "type": "Point", "coordinates": [ 127.061615, 37.631622 ] } },
{ "type": "Feature", "properties": { "stationID": "ST-865", "lat": 37.661648, "long": 127.013344 }, "geometry": { "type": "Point", "coordinates": [ 127.013344, 37.661648 ] } },
{ "type": "Feature", "properties": { "stationID": "ST-864", "lat": 37.654472, "long": 127.012756 }, "geometry": { "type": "Point", "coordinates": [ 127.012756, 37.654472 ] } },
{ "type": "Feature", "properties": { "stationID": "ST-863", "lat": 37.639671, "long": 127.0252 }, "geometry": { "type": "Point", "coordinates": [ 127.0252, 37.639671 ] } },
{ "type": "Feature", "properties": { "stationID": "ST-862", "lat": 37.644737, "long": 127.026566 }, "geometry": { "type": "Point", "coordinates": [ 127.026566, 37.644737 ] } },
{ "type": "Feature", "properties": { "stationID": "ST-861", "lat": 37.631123, "long": 127.036034 }, "geometry": { "type": "Point", "coordinates": [ 127.036034, 37.631123 ] } },
{ "type": "Feature", "properties": { "stationID": "ST-860", "lat": 37.633717, "long": 127.035515 }, "geometry": { "type": "Point", "coordinates": [ 127.035515, 37.633717 ] } },
{ "type": "Feature", "properties": { "stationID": "ST-86", "lat": 37.579399, "long": 126.88916 }, "geometry": { "type": "Point", "coordinates": [ 126.88916, 37.579399 ] } },
{ "type": "Feature", "properties": { "stationID": "ST-859", "lat": 37.634377, "long": 127.035751 }, "geometry": { "type": "Point", "coordinates": [ 127.035751, 37.634377 ] } },
{ "type": "Feature", "properties": { "stationID": "ST-857", "lat": 37.602077, "long": 127.079582 }, "geometry": { "type": "Point", "coordinates": [ 127.079582, 37.602077 ] } },
{ "type": "Feature", "properties": { "stationID": "ST-856", "lat": 37.606499, "long": 127.095451 }, "geometry": { "type": "Point", "coordinates": [ 127.095451, 37.606499 ] } },
{ "type": "Feature", "properties": { "stationID": "ST-855", "lat": 37.606152, "long": 127.092598 }, "geometry": { "type": "Point", "coordinates": [ 127.092598, 37.606152 ] } },
{ "type": "Feature", "properties": { "stationID": "ST-854", "lat": 37.599957, "long": 127.080002 }, "geometry": { "type": "Point", "coordinates": [ 127.080002, 37.599957 ] } },
{ "type": "Feature", "properties": { "stationID": "ST-853", "lat": 37.616024, "long": 127.085968 }, "geometry": { "type": "Point", "coordinates": [ 127.085968, 37.616024 ] } },
{ "type": "Feature", "properties": { "stationID": "ST-852", "lat": 37.574299, "long": 127.086914 }, "geometry": { "type": "Point", "coordinates": [ 127.086914, 37.574299 ] } },
{ "type": "Feature", "properties": { "stationID": "ST-851", "lat": 37.593231, "long": 127.086914 }, "geometry": { "type": "Point", "coordinates": [ 127.086914, 37.593231 ] } },
{ "type": "Feature", "properties": { "stationID": "ST-850", "lat": 37.595219, "long": 127.085999 }, "geometry": { "type": "Point", "coordinates": [ 127.085999, 37.595219 ] } },
{ "type": "Feature", "properties": { "stationID": "ST-85", "lat": 37.566246, "long": 126.896179 }, "geometry": { "type": "Point", "coordinates": [ 126.896179, 37.566246 ] } },
{ "type": "Feature", "properties": { "stationID": "ST-849", "lat": 37.58099, "long": 127.088242 }, "geometry": { "type": "Point", "coordinates": [ 127.088242, 37.58099 ] } },
{ "type": "Feature", "properties": { "stationID": "ST-848", "lat": 37.610722, "long": 127.077477 }, "geometry": { "type": "Point", "coordinates": [ 127.077477, 37.610722 ] } },
{ "type": "Feature", "properties": { "stationID": "ST-847", "lat": 37.611511, "long": 127.077888 }, "geometry": { "type": "Point", "coordinates": [ 127.077888, 37.611511 ] } },
{ "type": "Feature", "properties": { "stationID": "ST-846", "lat": 37.612774, "long": 127.006531 }, "geometry": { "type": "Point", "coordinates": [ 127.006531, 37.612774 ] } },
{ "type": "Feature", "properties": { "stationID": "ST-845", "lat": 37.586273, "long": 127.029877 }, "geometry": { "type": "Point", "coordinates": [ 127.029877, 37.586273 ] } },
{ "type": "Feature", "properties": { "stationID": "ST-843", "lat": 37.592522, "long": 127.017677 }, "geometry": { "type": "Point", "coordinates": [ 127.017677, 37.592522 ] } },
{ "type": "Feature", "properties": { "stationID": "ST-842", "lat": 37.588448, "long": 127.006706 }, "geometry": { "type": "Point", "coordinates": [ 127.006706, 37.588448 ] } },
{ "type": "Feature", "properties": { "stationID": "ST-841", "lat": 37.592758, "long": 127.002357 }, "geometry": { "type": "Point", "coordinates": [ 127.002357, 37.592758 ] } },
{ "type": "Feature", "properties": { "stationID": "ST-840", "lat": 37.514088, "long": 127.09903 }, "geometry": { "type": "Point", "coordinates": [ 127.09903, 37.514088 ] } },
{ "type": "Feature", "properties": { "stationID": "ST-84", "lat": 37.580811, "long": 126.88665 }, "geometry": { "type": "Point", "coordinates": [ 126.88665, 37.580811 ] } },
{ "type": "Feature", "properties": { "stationID": "ST-839", "lat": 37.499413, "long": 127.112869 }, "geometry": { "type": "Point", "coordinates": [ 127.112869, 37.499413 ] } },
{ "type": "Feature", "properties": { "stationID": "ST-838", "lat": 37.493179, "long": 127.118546 }, "geometry": { "type": "Point", "coordinates": [ 127.118546, 37.493179 ] } },
{ "type": "Feature", "properties": { "stationID": "ST-837", "lat": 37.532551, "long": 126.846321 }, "geometry": { "type": "Point", "coordinates": [ 126.846321, 37.532551 ] } },
{ "type": "Feature", "properties": { "stationID": "ST-836", "lat": 37.53178, "long": 126.854485 }, "geometry": { "type": "Point", "coordinates": [ 126.854485, 37.53178 ] } },
{ "type": "Feature", "properties": { "stationID": "ST-835", "lat": 37.552914, "long": 126.836571 }, "geometry": { "type": "Point", "coordinates": [ 126.836571, 37.552914 ] } },
{ "type": "Feature", "properties": { "stationID": "ST-834", "lat": 37.558197, "long": 126.844261 }, "geometry": { "type": "Point", "coordinates": [ 126.844261, 37.558197 ] } },
{ "type": "Feature", "properties": { "stationID": "ST-833", "lat": 37.551666, "long": 126.86409 }, "geometry": { "type": "Point", "coordinates": [ 126.86409, 37.551666 ] } },
{ "type": "Feature", "properties": { "stationID": "ST-832", "lat": 37.577213, "long": 126.813553 }, "geometry": { "type": "Point", "coordinates": [ 126.813553, 37.577213 ] } },
{ "type": "Feature", "properties": { "stationID": "ST-831", "lat": 37.577106, "long": 126.811996 }, "geometry": { "type": "Point", "coordinates": [ 126.811996, 37.577106 ] } },
{ "type": "Feature", "properties": { "stationID": "ST-830", "lat": 37.524254, "long": 127.135284 }, "geometry": { "type": "Point", "coordinates": [ 127.135284, 37.524254 ] } },
{ "type": "Feature", "properties": { "stationID": "ST-83", "lat": 37.580631, "long": 126.883675 }, "geometry": { "type": "Point", "coordinates": [ 126.883675, 37.580631 ] } },
{ "type": "Feature", "properties": { "stationID": "ST-829", "lat": 37.541412, "long": 126.840225 }, "geometry": { "type": "Point", "coordinates": [ 126.840225, 37.541412 ] } },
{ "type": "Feature", "properties": { "stationID": "ST-828", "lat": 37.562202, "long": 126.816246 }, "geometry": { "type": "Point", "coordinates": [ 126.816246, 37.562202 ] } },
{ "type": "Feature", "properties": { "stationID": "ST-827", "lat": 37.582592, "long": 127.028976 }, "geometry": { "type": "Point", "coordinates": [ 127.028976, 37.582592 ] } },
{ "type": "Feature", "properties": { "stationID": "ST-826", "lat": 37.594402, "long": 126.99231 }, "geometry": { "type": "Point", "coordinates": [ 126.99231, 37.594402 ] } },
{ "type": "Feature", "properties": { "stationID": "ST-825", "lat": 37.588764, "long": 127.00631 }, "geometry": { "type": "Point", "coordinates": [ 127.00631, 37.588764 ] } },
{ "type": "Feature", "properties": { "stationID": "ST-824", "lat": 37.572563, "long": 126.816422 }, "geometry": { "type": "Point", "coordinates": [ 126.816422, 37.572563 ] } },
{ "type": "Feature", "properties": { "stationID": "ST-823", "lat": 37.493908, "long": 127.07962 }, "geometry": { "type": "Point", "coordinates": [ 127.07962, 37.493908 ] } },
{ "type": "Feature", "properties": { "stationID": "ST-822", "lat": 37.483311, "long": 127.084938 }, "geometry": { "type": "Point", "coordinates": [ 127.084938, 37.483311 ] } },
{ "type": "Feature", "properties": { "stationID": "ST-821", "lat": 37.477509, "long": 127.045174 }, "geometry": { "type": "Point", "coordinates": [ 127.045174, 37.477509 ] } },
{ "type": "Feature", "properties": { "stationID": "ST-820", "lat": 37.483261, "long": 127.0523 }, "geometry": { "type": "Point", "coordinates": [ 127.0523, 37.483261 ] } },
{ "type": "Feature", "properties": { "stationID": "ST-82", "lat": 37.565746, "long": 126.901863 }, "geometry": { "type": "Point", "coordinates": [ 126.901863, 37.565746 ] } },
{ "type": "Feature", "properties": { "stationID": "ST-819", "lat": 37.494236, "long": 127.047462 }, "geometry": { "type": "Point", "coordinates": [ 127.047462, 37.494236 ] } },
{ "type": "Feature", "properties": { "stationID": "ST-818", "lat": 37.486767, "long": 127.046761 }, "geometry": { "type": "Point", "coordinates": [ 127.046761, 37.486767 ] } },
{ "type": "Feature", "properties": { "stationID": "ST-817", "lat": 37.493759, "long": 127.045898 }, "geometry": { "type": "Point", "coordinates": [ 127.045898, 37.493759 ] } },
{ "type": "Feature", "properties": { "stationID": "ST-816", "lat": 37.485157, "long": 127.034073 }, "geometry": { "type": "Point", "coordinates": [ 127.034073, 37.485157 ] } },
{ "type": "Feature", "properties": { "stationID": "ST-815", "lat": 37.504105, "long": 127.049034 }, "geometry": { "type": "Point", "coordinates": [ 127.049034, 37.504105 ] } },
{ "type": "Feature", "properties": { "stationID": "ST-814", "lat": 37.498051, "long": 127.044601 }, "geometry": { "type": "Point", "coordinates": [ 127.044601, 37.498051 ] } },
{ "type": "Feature", "properties": { "stationID": "ST-813", "lat": 37.492199, "long": 127.039459 }, "geometry": { "type": "Point", "coordinates": [ 127.039459, 37.492199 ] } },
{ "type": "Feature", "properties": { "stationID": "ST-812", "lat": 37.502357, "long": 127.04319 }, "geometry": { "type": "Point", "coordinates": [ 127.04319, 37.502357 ] } },
{ "type": "Feature", "properties": { "stationID": "ST-811", "lat": 37.503212, "long": 127.042732 }, "geometry": { "type": "Point", "coordinates": [ 127.042732, 37.503212 ] } },
{ "type": "Feature", "properties": { "stationID": "ST-810", "lat": 37.490551, "long": 127.031464 }, "geometry": { "type": "Point", "coordinates": [ 127.031464, 37.490551 ] } },
{ "type": "Feature", "properties": { "stationID": "ST-81", "lat": 37.581089, "long": 126.880882 }, "geometry": { "type": "Point", "coordinates": [ 126.880882, 37.581089 ] } },
{ "type": "Feature", "properties": { "stationID": "ST-809", "lat": 37.502396, "long": 127.0588 }, "geometry": { "type": "Point", "coordinates": [ 127.0588, 37.502396 ] } },
{ "type": "Feature", "properties": { "stationID": "ST-808", "lat": 37.49865, "long": 127.059319 }, "geometry": { "type": "Point", "coordinates": [ 127.059319, 37.49865 ] } },
{ "type": "Feature", "properties": { "stationID": "ST-807", "lat": 37.500439, "long": 127.066223 }, "geometry": { "type": "Point", "coordinates": [ 127.066223, 37.500439 ] } },
{ "type": "Feature", "properties": { "stationID": "ST-806", "lat": 37.502213, "long": 127.067207 }, "geometry": { "type": "Point", "coordinates": [ 127.067207, 37.502213 ] } },
{ "type": "Feature", "properties": { "stationID": "ST-805", "lat": 37.508091, "long": 127.063103 }, "geometry": { "type": "Point", "coordinates": [ 127.063103, 37.508091 ] } },
{ "type": "Feature", "properties": { "stationID": "ST-804", "lat": 37.496117, "long": 127.069443 }, "geometry": { "type": "Point", "coordinates": [ 127.069443, 37.496117 ] } },
{ "type": "Feature", "properties": { "stationID": "ST-803", "lat": 37.491913, "long": 127.057091 }, "geometry": { "type": "Point", "coordinates": [ 127.057091, 37.491913 ] } },
{ "type": "Feature", "properties": { "stationID": "ST-802", "lat": 37.506607, "long": 127.05468 }, "geometry": { "type": "Point", "coordinates": [ 127.05468, 37.506607 ] } },
{ "type": "Feature", "properties": { "stationID": "ST-801", "lat": 37.513577, "long": 127.055031 }, "geometry": { "type": "Point", "coordinates": [ 127.055031, 37.513577 ] } },
{ "type": "Feature", "properties": { "stationID": "ST-800", "lat": 37.509575, "long": 127.063408 }, "geometry": { "type": "Point", "coordinates": [ 127.063408, 37.509575 ] } },
{ "type": "Feature", "properties": { "stationID": "ST-80", "lat": 37.582657, "long": 126.885788 }, "geometry": { "type": "Point", "coordinates": [ 126.885788, 37.582657 ] } },
{ "type": "Feature", "properties": { "stationID": "ST-8", "lat": 37.548645, "long": 126.912827 }, "geometry": { "type": "Point", "coordinates": [ 126.912827, 37.548645 ] } },
{ "type": "Feature", "properties": { "stationID": "ST-799", "lat": 37.514248, "long": 127.061119 }, "geometry": { "type": "Point", "coordinates": [ 127.061119, 37.514248 ] } },
{ "type": "Feature", "properties": { "stationID": "ST-798", "lat": 37.521015, "long": 127.06015 }, "geometry": { "type": "Point", "coordinates": [ 127.06015, 37.521015 ] } },
{ "type": "Feature", "properties": { "stationID": "ST-797", "lat": 37.507233, "long": 127.056854 }, "geometry": { "type": "Point", "coordinates": [ 127.056854, 37.507233 ] } },
{ "type": "Feature", "properties": { "stationID": "ST-796", "lat": 37.525055, "long": 127.052528 }, "geometry": { "type": "Point", "coordinates": [ 127.052528, 37.525055 ] } },
{ "type": "Feature", "properties": { "stationID": "ST-795", "lat": 37.52058, "long": 127.056328 }, "geometry": { "type": "Point", "coordinates": [ 127.056328, 37.52058 ] } },
{ "type": "Feature", "properties": { "stationID": "ST-794", "lat": 37.523613, "long": 127.040176 }, "geometry": { "type": "Point", "coordinates": [ 127.040176, 37.523613 ] } },
{ "type": "Feature", "properties": { "stationID": "ST-793", "lat": 37.529301, "long": 127.035599 }, "geometry": { "type": "Point", "coordinates": [ 127.035599, 37.529301 ] } },
{ "type": "Feature", "properties": { "stationID": "ST-792", "lat": 37.528381, "long": 127.039017 }, "geometry": { "type": "Point", "coordinates": [ 127.039017, 37.528381 ] } },
{ "type": "Feature", "properties": { "stationID": "ST-791", "lat": 37.527123, "long": 127.028717 }, "geometry": { "type": "Point", "coordinates": [ 127.028717, 37.527123 ] } },
{ "type": "Feature", "properties": { "stationID": "ST-790", "lat": 37.520641, "long": 127.034508 }, "geometry": { "type": "Point", "coordinates": [ 127.034508, 37.520641 ] } },
{ "type": "Feature", "properties": { "stationID": "ST-79", "lat": 37.583481, "long": 126.886696 }, "geometry": { "type": "Point", "coordinates": [ 126.886696, 37.583481 ] } },
{ "type": "Feature", "properties": { "stationID": "ST-789", "lat": 37.511627, "long": 127.035652 }, "geometry": { "type": "Point", "coordinates": [ 127.035652, 37.511627 ] } },
{ "type": "Feature", "properties": { "stationID": "ST-788", "lat": 37.511372, "long": 127.021461 }, "geometry": { "type": "Point", "coordinates": [ 127.021461, 37.511372 ] } },
{ "type": "Feature", "properties": { "stationID": "ST-787", "lat": 37.505581, "long": 127.024277 }, "geometry": { "type": "Point", "coordinates": [ 127.024277, 37.505581 ] } },
{ "type": "Feature", "properties": { "stationID": "ST-786", "lat": 37.517773, "long": 127.043022 }, "geometry": { "type": "Point", "coordinates": [ 127.043022, 37.517773 ] } },
{ "type": "Feature", "properties": { "stationID": "ST-785", "lat": 37.472919, "long": 127.095886 }, "geometry": { "type": "Point", "coordinates": [ 127.095886, 37.472919 ] } },
{ "type": "Feature", "properties": { "stationID": "ST-784", "lat": 37.515888, "long": 127.0662 }, "geometry": { "type": "Point", "coordinates": [ 127.0662, 37.515888 ] } },
{ "type": "Feature", "properties": { "stationID": "ST-783", "lat": 37.518902, "long": 127.049385 }, "geometry": { "type": "Point", "coordinates": [ 127.049385, 37.518902 ] } },
{ "type": "Feature", "properties": { "stationID": "ST-782", "lat": 37.492077, "long": 127.071976 }, "geometry": { "type": "Point", "coordinates": [ 127.071976, 37.492077 ] } },
{ "type": "Feature", "properties": { "stationID": "ST-781", "lat": 37.467506, "long": 127.034477 }, "geometry": { "type": "Point", "coordinates": [ 127.034477, 37.467506 ] } },
{ "type": "Feature", "properties": { "stationID": "ST-780", "lat": 37.512989, "long": 127.011177 }, "geometry": { "type": "Point", "coordinates": [ 127.011177, 37.512989 ] } },
{ "type": "Feature", "properties": { "stationID": "ST-78", "lat": 37.58559, "long": 126.884727 }, "geometry": { "type": "Point", "coordinates": [ 126.884727, 37.58559 ] } },
{ "type": "Feature", "properties": { "stationID": "ST-779", "lat": 37.465061, "long": 127.101196 }, "geometry": { "type": "Point", "coordinates": [ 127.101196, 37.465061 ] } },
{ "type": "Feature", "properties": { "stationID": "ST-778", "lat": 37.465317, "long": 127.107727 }, "geometry": { "type": "Point", "coordinates": [ 127.107727, 37.465317 ] } },
{ "type": "Feature", "properties": { "stationID": "ST-777", "lat": 37.524071, "long": 127.02179 }, "geometry": { "type": "Point", "coordinates": [ 127.02179, 37.524071 ] } },
{ "type": "Feature", "properties": { "stationID": "ST-776", "lat": 37.516197, "long": 127.009209 }, "geometry": { "type": "Point", "coordinates": [ 127.009209, 37.516197 ] } },
{ "type": "Feature", "properties": { "stationID": "ST-775", "lat": 37.471539, "long": 127.050591 }, "geometry": { "type": "Point", "coordinates": [ 127.050591, 37.471539 ] } },
{ "type": "Feature", "properties": { "stationID": "ST-774", "lat": 37.462688, "long": 127.046112 }, "geometry": { "type": "Point", "coordinates": [ 127.046112, 37.462688 ] } },
{ "type": "Feature", "properties": { "stationID": "ST-773", "lat": 37.46769, "long": 127.04036 }, "geometry": { "type": "Point", "coordinates": [ 127.04036, 37.46769 ] } },
{ "type": "Feature", "properties": { "stationID": "ST-772", "lat": 37.470165, "long": 127.03862 }, "geometry": { "type": "Point", "coordinates": [ 127.03862, 37.470165 ] } },
{ "type": "Feature", "properties": { "stationID": "ST-771", "lat": 37.462639, "long": 127.026619 }, "geometry": { "type": "Point", "coordinates": [ 127.026619, 37.462639 ] } },
{ "type": "Feature", "properties": { "stationID": "ST-770", "lat": 37.473614, "long": 127.03051 }, "geometry": { "type": "Point", "coordinates": [ 127.03051, 37.473614 ] } },
{ "type": "Feature", "properties": { "stationID": "ST-77", "lat": 37.582928, "long": 126.879837 }, "geometry": { "type": "Point", "coordinates": [ 126.879837, 37.582928 ] } },
{ "type": "Feature", "properties": { "stationID": "ST-769", "lat": 37.477852, "long": 127.03891 }, "geometry": { "type": "Point", "coordinates": [ 127.03891, 37.477852 ] } },
{ "type": "Feature", "properties": { "stationID": "ST-768", "lat": 37.481491, "long": 127.036728 }, "geometry": { "type": "Point", "coordinates": [ 127.036728, 37.481491 ] } },
{ "type": "Feature", "properties": { "stationID": "ST-767", "lat": 37.48399, "long": 127.03418 }, "geometry": { "type": "Point", "coordinates": [ 127.03418, 37.48399 ] } },
{ "type": "Feature", "properties": { "stationID": "ST-766", "lat": 37.485378, "long": 127.041702 }, "geometry": { "type": "Point", "coordinates": [ 127.041702, 37.485378 ] } },
{ "type": "Feature", "properties": { "stationID": "ST-765", "lat": 37.494217, "long": 127.013786 }, "geometry": { "type": "Point", "coordinates": [ 127.013786, 37.494217 ] } },
{ "type": "Feature", "properties": { "stationID": "ST-764", "lat": 37.484558, "long": 127.01487 }, "geometry": { "type": "Point", "coordinates": [ 127.01487, 37.484558 ] } },
{ "type": "Feature", "properties": { "stationID": "ST-763", "lat": 37.482357, "long": 127.003387 }, "geometry": { "type": "Point", "coordinates": [ 127.003387, 37.482357 ] } },
{ "type": "Feature", "properties": { "stationID": "ST-762", "lat": 37.491112, "long": 127.022957 }, "geometry": { "type": "Point", "coordinates": [ 127.022957, 37.491112 ] } },
{ "type": "Feature", "properties": { "stationID": "ST-761", "lat": 37.496914, "long": 127.024963 }, "geometry": { "type": "Point", "coordinates": [ 127.024963, 37.496914 ] } },
{ "type": "Feature", "properties": { "stationID": "ST-760", "lat": 37.485828, "long": 126.982628 }, "geometry": { "type": "Point", "coordinates": [ 126.982628, 37.485828 ] } },
{ "type": "Feature", "properties": { "stationID": "ST-76", "lat": 37.586189, "long": 126.881615 }, "geometry": { "type": "Point", "coordinates": [ 126.881615, 37.586189 ] } },
{ "type": "Feature", "properties": { "stationID": "ST-759", "lat": 37.48735, "long": 126.984924 }, "geometry": { "type": "Point", "coordinates": [ 126.984924, 37.48735 ] } },
{ "type": "Feature", "properties": { "stationID": "ST-758", "lat": 37.489769, "long": 126.986763 }, "geometry": { "type": "Point", "coordinates": [ 126.986763, 37.489769 ] } },
{ "type": "Feature", "properties": { "stationID": "ST-757", "lat": 37.489052, "long": 126.992523 }, "geometry": { "type": "Point", "coordinates": [ 126.992523, 37.489052 ] } },
{ "type": "Feature", "properties": { "stationID": "ST-756", "lat": 37.475182, "long": 127.001389 }, "geometry": { "type": "Point", "coordinates": [ 127.001389, 37.475182 ] } },
{ "type": "Feature", "properties": { "stationID": "ST-755", "lat": 37.473759, "long": 126.995247 }, "geometry": { "type": "Point", "coordinates": [ 126.995247, 37.473759 ] } },
{ "type": "Feature", "properties": { "stationID": "ST-754", "lat": 37.47261, "long": 126.983009 }, "geometry": { "type": "Point", "coordinates": [ 126.983009, 37.47261 ] } },
{ "type": "Feature", "properties": { "stationID": "ST-753", "lat": 37.478069, "long": 126.982033 }, "geometry": { "type": "Point", "coordinates": [ 126.982033, 37.478069 ] } },
{ "type": "Feature", "properties": { "stationID": "ST-752", "lat": 37.485611, "long": 126.994682 }, "geometry": { "type": "Point", "coordinates": [ 126.994682, 37.485611 ] } },
{ "type": "Feature", "properties": { "stationID": "ST-751", "lat": 37.500614, "long": 126.98616 }, "geometry": { "type": "Point", "coordinates": [ 126.98616, 37.500614 ] } },
{ "type": "Feature", "properties": { "stationID": "ST-750", "lat": 37.506199, "long": 127.003944 }, "geometry": { "type": "Point", "coordinates": [ 127.003944, 37.506199 ] } },
{ "type": "Feature", "properties": { "stationID": "ST-749", "lat": 37.513046, "long": 127.005959 }, "geometry": { "type": "Point", "coordinates": [ 127.005959, 37.513046 ] } },
{ "type": "Feature", "properties": { "stationID": "ST-748", "lat": 37.503941, "long": 126.997101 }, "geometry": { "type": "Point", "coordinates": [ 126.997101, 37.503941 ] } },
{ "type": "Feature", "properties": { "stationID": "ST-747", "lat": 37.502232, "long": 127.002258 }, "geometry": { "type": "Point", "coordinates": [ 127.002258, 37.502232 ] } },
{ "type": "Feature", "properties": { "stationID": "ST-746", "lat": 37.500652, "long": 127.018616 }, "geometry": { "type": "Point", "coordinates": [ 127.018616, 37.500652 ] } },
{ "type": "Feature", "properties": { "stationID": "ST-745", "lat": 37.505096, "long": 127.013107 }, "geometry": { "type": "Point", "coordinates": [ 127.013107, 37.505096 ] } },
{ "type": "Feature", "properties": { "stationID": "ST-744", "lat": 37.454357, "long": 127.062103 }, "geometry": { "type": "Point", "coordinates": [ 127.062103, 37.454357 ] } },
{ "type": "Feature", "properties": { "stationID": "ST-743", "lat": 37.453751, "long": 127.05938 }, "geometry": { "type": "Point", "coordinates": [ 127.05938, 37.453751 ] } },
{ "type": "Feature", "properties": { "stationID": "ST-742", "lat": 37.448936, "long": 127.054375 }, "geometry": { "type": "Point", "coordinates": [ 127.054375, 37.448936 ] } },
{ "type": "Feature", "properties": { "stationID": "ST-741", "lat": 37.453281, "long": 127.051483 }, "geometry": { "type": "Point", "coordinates": [ 127.051483, 37.453281 ] } },
{ "type": "Feature", "properties": { "stationID": "ST-740", "lat": 37.502594, "long": 127.127647 }, "geometry": { "type": "Point", "coordinates": [ 127.127647, 37.502594 ] } },
{ "type": "Feature", "properties": { "stationID": "ST-74", "lat": 37.566406, "long": 126.893669 }, "geometry": { "type": "Point", "coordinates": [ 126.893669, 37.566406 ] } },
{ "type": "Feature", "properties": { "stationID": "ST-739", "lat": 37.512104, "long": 127.10778 }, "geometry": { "type": "Point", "coordinates": [ 127.10778, 37.512104 ] } },
{ "type": "Feature", "properties": { "stationID": "ST-738", "lat": 37.499756, "long": 127.152504 }, "geometry": { "type": "Point", "coordinates": [ 127.152504, 37.499756 ] } },
{ "type": "Feature", "properties": { "stationID": "ST-737", "lat": 37.493729, "long": 127.120621 }, "geometry": { "type": "Point", "coordinates": [ 127.120621, 37.493729 ] } },
{ "type": "Feature", "properties": { "stationID": "ST-736", "lat": 37.649021, "long": 127.076408 }, "geometry": { "type": "Point", "coordinates": [ 127.076408, 37.649021 ] } },
{ "type": "Feature", "properties": { "stationID": "ST-735", "lat": 37.626614, "long": 127.072754 }, "geometry": { "type": "Point", "coordinates": [ 127.072754, 37.626614 ] } },
{ "type": "Feature", "properties": { "stationID": "ST-734", "lat": 37.688274, "long": 127.049065 }, "geometry": { "type": "Point", "coordinates": [ 127.049065, 37.688274 ] } },
{ "type": "Feature", "properties": { "stationID": "ST-733", "lat": 37.494499, "long": 126.916527 }, "geometry": { "type": "Point", "coordinates": [ 126.916527, 37.494499 ] } },
{ "type": "Feature", "properties": { "stationID": "ST-732", "lat": 37.489079, "long": 126.973564 }, "geometry": { "type": "Point", "coordinates": [ 126.973564, 37.489079 ] } },
{ "type": "Feature", "properties": { "stationID": "ST-731", "lat": 37.486835, "long": 126.968048 }, "geometry": { "type": "Point", "coordinates": [ 126.968048, 37.486835 ] } },
{ "type": "Feature", "properties": { "stationID": "ST-730", "lat": 37.48888, "long": 126.98201 }, "geometry": { "type": "Point", "coordinates": [ 126.98201, 37.48888 ] } },
{ "type": "Feature", "properties": { "stationID": "ST-73", "lat": 37.527157, "long": 126.9319 }, "geometry": { "type": "Point", "coordinates": [ 126.9319, 37.527157 ] } },
{ "type": "Feature", "properties": { "stationID": "ST-729", "lat": 37.481491, "long": 126.981583 }, "geometry": { "type": "Point", "coordinates": [ 126.981583, 37.481491 ] } },
{ "type": "Feature", "properties": { "stationID": "ST-728", "lat": 37.499855, "long": 126.929565 }, "geometry": { "type": "Point", "coordinates": [ 126.929565, 37.499855 ] } },
{ "type": "Feature", "properties": { "stationID": "ST-727", "lat": 37.488361, "long": 126.906227 }, "geometry": { "type": "Point", "coordinates": [ 126.906227, 37.488361 ] } },
{ "type": "Feature", "properties": { "stationID": "ST-726", "lat": 37.500076, "long": 126.921082 }, "geometry": { "type": "Point", "coordinates": [ 126.921082, 37.500076 ] } },
{ "type": "Feature", "properties": { "stationID": "ST-725", "lat": 37.486359, "long": 126.942925 }, "geometry": { "type": "Point", "coordinates": [ 126.942925, 37.486359 ] } },
{ "type": "Feature", "properties": { "stationID": "ST-724", "lat": 37.478428, "long": 126.931862 }, "geometry": { "type": "Point", "coordinates": [ 126.931862, 37.478428 ] } },
{ "type": "Feature", "properties": { "stationID": "ST-723", "lat": 37.484901, "long": 126.936531 }, "geometry": { "type": "Point", "coordinates": [ 126.936531, 37.484901 ] } },
{ "type": "Feature", "properties": { "stationID": "ST-722", "lat": 37.471989, "long": 126.958427 }, "geometry": { "type": "Point", "coordinates": [ 126.958427, 37.471989 ] } },
{ "type": "Feature", "properties": { "stationID": "ST-721", "lat": 37.469055, "long": 126.958145 }, "geometry": { "type": "Point", "coordinates": [ 126.958145, 37.469055 ] } },
{ "type": "Feature", "properties": { "stationID": "ST-720", "lat": 37.4795, "long": 126.952652 }, "geometry": { "type": "Point", "coordinates": [ 126.952652, 37.4795 ] } },
{ "type": "Feature", "properties": { "stationID": "ST-72", "lat": 37.517765, "long": 126.928413 }, "geometry": { "type": "Point", "coordinates": [ 126.928413, 37.517765 ] } },
{ "type": "Feature", "properties": { "stationID": "ST-719", "lat": 37.478058, "long": 126.960495 }, "geometry": { "type": "Point", "coordinates": [ 126.960495, 37.478058 ] } },
{ "type": "Feature", "properties": { "stationID": "ST-718", "lat": 37.486774, "long": 126.947815 }, "geometry": { "type": "Point", "coordinates": [ 126.947815, 37.486774 ] } },
{ "type": "Feature", "properties": { "stationID": "ST-717", "lat": 37.481705, "long": 126.950829 }, "geometry": { "type": "Point", "coordinates": [ 126.950829, 37.481705 ] } },
{ "type": "Feature", "properties": { "stationID": "ST-716", "lat": 37.481129, "long": 126.909431 }, "geometry": { "type": "Point", "coordinates": [ 126.909431, 37.481129 ] } },
{ "type": "Feature", "properties": { "stationID": "ST-715", "lat": 37.481339, "long": 126.950645 }, "geometry": { "type": "Point", "coordinates": [ 126.950645, 37.481339 ] } },
{ "type": "Feature", "properties": { "stationID": "ST-714", "lat": 37.483341, "long": 126.943199 }, "geometry": { "type": "Point", "coordinates": [ 126.943199, 37.483341 ] } },
{ "type": "Feature", "properties": { "stationID": "ST-713", "lat": 37.475472, "long": 126.936455 }, "geometry": { "type": "Point", "coordinates": [ 126.936455, 37.475472 ] } },
{ "type": "Feature", "properties": { "stationID": "ST-712", "lat": 37.476089, "long": 126.981331 }, "geometry": { "type": "Point", "coordinates": [ 126.981331, 37.476089 ] } },
{ "type": "Feature", "properties": { "stationID": "ST-711", "lat": 37.4818, "long": 126.915237 }, "geometry": { "type": "Point", "coordinates": [ 126.915237, 37.4818 ] } },
{ "type": "Feature", "properties": { "stationID": "ST-710", "lat": 37.485142, "long": 126.920563 }, "geometry": { "type": "Point", "coordinates": [ 126.920563, 37.485142 ] } },
{ "type": "Feature", "properties": { "stationID": "ST-71", "lat": 37.517586, "long": 126.929619 }, "geometry": { "type": "Point", "coordinates": [ 126.929619, 37.517586 ] } },
{ "type": "Feature", "properties": { "stationID": "ST-709", "lat": 37.477776, "long": 126.916756 }, "geometry": { "type": "Point", "coordinates": [ 126.916756, 37.477776 ] } },
{ "type": "Feature", "properties": { "stationID": "ST-708", "lat": 37.484409, "long": 126.928909 }, "geometry": { "type": "Point", "coordinates": [ 126.928909, 37.484409 ] } },
{ "type": "Feature", "properties": { "stationID": "ST-707", "lat": 37.464886, "long": 126.919479 }, "geometry": { "type": "Point", "coordinates": [ 126.919479, 37.464886 ] } },
{ "type": "Feature", "properties": { "stationID": "ST-706", "lat": 37.489819, "long": 126.927727 }, "geometry": { "type": "Point", "coordinates": [ 126.927727, 37.489819 ] } },
{ "type": "Feature", "properties": { "stationID": "ST-705", "lat": 37.473728, "long": 126.918404 }, "geometry": { "type": "Point", "coordinates": [ 126.918404, 37.473728 ] } },
{ "type": "Feature", "properties": { "stationID": "ST-704", "lat": 37.480251, "long": 126.914604 }, "geometry": { "type": "Point", "coordinates": [ 126.914604, 37.480251 ] } },
{ "type": "Feature", "properties": { "stationID": "ST-703", "lat": 37.489178, "long": 126.919273 }, "geometry": { "type": "Point", "coordinates": [ 126.919273, 37.489178 ] } },
{ "type": "Feature", "properties": { "stationID": "ST-702", "lat": 37.484085, "long": 126.926888 }, "geometry": { "type": "Point", "coordinates": [ 126.926888, 37.484085 ] } },
{ "type": "Feature", "properties": { "stationID": "ST-701", "lat": 37.500881, "long": 126.94175 }, "geometry": { "type": "Point", "coordinates": [ 126.94175, 37.500881 ] } },
{ "type": "Feature", "properties": { "stationID": "ST-700", "lat": 37.510548, "long": 126.944847 }, "geometry": { "type": "Point", "coordinates": [ 126.944847, 37.510548 ] } },
{ "type": "Feature", "properties": { "stationID": "ST-70", "lat": 37.520088, "long": 126.932365 }, "geometry": { "type": "Point", "coordinates": [ 126.932365, 37.520088 ] } },
{ "type": "Feature", "properties": { "stationID": "ST-7", "lat": 37.550007, "long": 126.914825 }, "geometry": { "type": "Point", "coordinates": [ 126.914825, 37.550007 ] } },
{ "type": "Feature", "properties": { "stationID": "ST-699", "lat": 37.513248, "long": 126.939972 }, "geometry": { "type": "Point", "coordinates": [ 126.939972, 37.513248 ] } },
{ "type": "Feature", "properties": { "stationID": "ST-698", "lat": 37.50634, "long": 126.961037 }, "geometry": { "type": "Point", "coordinates": [ 126.961037, 37.50634 ] } },
{ "type": "Feature", "properties": { "stationID": "ST-697", "lat": 37.506359, "long": 126.969078 }, "geometry": { "type": "Point", "coordinates": [ 126.969078, 37.506359 ] } },
{ "type": "Feature", "properties": { "stationID": "ST-696", "lat": 37.503181, "long": 126.976089 }, "geometry": { "type": "Point", "coordinates": [ 126.976089, 37.503181 ] } },
{ "type": "Feature", "properties": { "stationID": "ST-695", "lat": 37.503189, "long": 126.97715 }, "geometry": { "type": "Point", "coordinates": [ 126.97715, 37.503189 ] } },
{ "type": "Feature", "properties": { "stationID": "ST-694", "lat": 37.494663, "long": 126.982445 }, "geometry": { "type": "Point", "coordinates": [ 126.982445, 37.494663 ] } },
{ "type": "Feature", "properties": { "stationID": "ST-693", "lat": 37.507042, "long": 126.959152 }, "geometry": { "type": "Point", "coordinates": [ 126.959152, 37.507042 ] } },
{ "type": "Feature", "properties": { "stationID": "ST-692", "lat": 37.50938, "long": 126.963615 }, "geometry": { "type": "Point", "coordinates": [ 126.963615, 37.50938 ] } },
{ "type": "Feature", "properties": { "stationID": "ST-691", "lat": 37.502178, "long": 126.948204 }, "geometry": { "type": "Point", "coordinates": [ 126.948204, 37.502178 ] } },
{ "type": "Feature", "properties": { "stationID": "ST-690", "lat": 37.504498, "long": 126.938988 }, "geometry": { "type": "Point", "coordinates": [ 126.938988, 37.504498 ] } },
{ "type": "Feature", "properties": { "stationID": "ST-69", "lat": 37.519131, "long": 126.933373 }, "geometry": { "type": "Point", "coordinates": [ 126.933373, 37.519131 ] } },
{ "type": "Feature", "properties": { "stationID": "ST-689", "lat": 37.492588, "long": 126.92524 }, "geometry": { "type": "Point", "coordinates": [ 126.92524, 37.492588 ] } },
{ "type": "Feature", "properties": { "stationID": "ST-688", "lat": 37.499645, "long": 126.927094 }, "geometry": { "type": "Point", "coordinates": [ 126.927094, 37.499645 ] } },
{ "type": "Feature", "properties": { "stationID": "ST-687", "lat": 37.505852, "long": 126.939362 }, "geometry": { "type": "Point", "coordinates": [ 126.939362, 37.505852 ] } },
{ "type": "Feature", "properties": { "stationID": "ST-686", "lat": 37.509369, "long": 126.92807 }, "geometry": { "type": "Point", "coordinates": [ 126.92807, 37.509369 ] } },
{ "type": "Feature", "properties": { "stationID": "ST-685", "lat": 37.512939, "long": 126.934242 }, "geometry": { "type": "Point", "coordinates": [ 126.934242, 37.512939 ] } },
{ "type": "Feature", "properties": { "stationID": "ST-684", "lat": 37.51395, "long": 126.942978 }, "geometry": { "type": "Point", "coordinates": [ 126.942978, 37.51395 ] } },
{ "type": "Feature", "properties": { "stationID": "ST-683", "lat": 37.512844, "long": 126.952469 }, "geometry": { "type": "Point", "coordinates": [ 126.952469, 37.512844 ] } },
{ "type": "Feature", "properties": { "stationID": "ST-682", "lat": 37.506977, "long": 126.885773 }, "geometry": { "type": "Point", "coordinates": [ 126.885773, 37.506977 ] } },
{ "type": "Feature", "properties": { "stationID": "ST-681", "lat": 37.497551, "long": 126.847252 }, "geometry": { "type": "Point", "coordinates": [ 126.847252, 37.497551 ] } },
{ "type": "Feature", "properties": { "stationID": "ST-680", "lat": 37.495029, "long": 126.843613 }, "geometry": { "type": "Point", "coordinates": [ 126.843613, 37.495029 ] } },
{ "type": "Feature", "properties": { "stationID": "ST-68", "lat": 37.51902, "long": 126.93689 }, "geometry": { "type": "Point", "coordinates": [ 126.93689, 37.51902 ] } },
{ "type": "Feature", "properties": { "stationID": "ST-679", "lat": 37.486061, "long": 126.852013 }, "geometry": { "type": "Point", "coordinates": [ 126.852013, 37.486061 ] } },
{ "type": "Feature", "properties": { "stationID": "ST-678", "lat": 37.501705, "long": 126.847282 }, "geometry": { "type": "Point", "coordinates": [ 126.847282, 37.501705 ] } },
{ "type": "Feature", "properties": { "stationID": "ST-677", "lat": 37.497684, "long": 126.853729 }, "geometry": { "type": "Point", "coordinates": [ 126.853729, 37.497684 ] } },
{ "type": "Feature", "properties": { "stationID": "ST-676", "lat": 37.503815, "long": 126.851959 }, "geometry": { "type": "Point", "coordinates": [ 126.851959, 37.503815 ] } },
{ "type": "Feature", "properties": { "stationID": "ST-675", "lat": 37.499382, "long": 126.868256 }, "geometry": { "type": "Point", "coordinates": [ 126.868256, 37.499382 ] } },
{ "type": "Feature", "properties": { "stationID": "ST-674", "lat": 37.478741, "long": 126.895096 }, "geometry": { "type": "Point", "coordinates": [ 126.895096, 37.478741 ] } },
{ "type": "Feature", "properties": { "stationID": "ST-673", "lat": 37.504379, "long": 126.888298 }, "geometry": { "type": "Point", "coordinates": [ 126.888298, 37.504379 ] } },
{ "type": "Feature", "properties": { "stationID": "ST-672", "lat": 37.4991, "long": 126.89135 }, "geometry": { "type": "Point", "coordinates": [ 126.89135, 37.4991 ] } },
{ "type": "Feature", "properties": { "stationID": "ST-671", "lat": 37.494141, "long": 126.889984 }, "geometry": { "type": "Point", "coordinates": [ 126.889984, 37.494141 ] } },
{ "type": "Feature", "properties": { "stationID": "ST-670", "lat": 37.491032, "long": 126.892151 }, "geometry": { "type": "Point", "coordinates": [ 126.892151, 37.491032 ] } },
{ "type": "Feature", "properties": { "stationID": "ST-67", "lat": 37.522675, "long": 126.93779 }, "geometry": { "type": "Point", "coordinates": [ 126.93779, 37.522675 ] } },
{ "type": "Feature", "properties": { "stationID": "ST-669", "lat": 37.4888, "long": 126.890663 }, "geometry": { "type": "Point", "coordinates": [ 126.890663, 37.4888 ] } },
{ "type": "Feature", "properties": { "stationID": "ST-668", "lat": 37.48494, "long": 126.901321 }, "geometry": { "type": "Point", "coordinates": [ 126.901321, 37.48494 ] } },
{ "type": "Feature", "properties": { "stationID": "ST-667", "lat": 37.497505, "long": 126.884377 }, "geometry": { "type": "Point", "coordinates": [ 126.884377, 37.497505 ] } },
{ "type": "Feature", "properties": { "stationID": "ST-666", "lat": 37.495285, "long": 126.872162 }, "geometry": { "type": "Point", "coordinates": [ 126.872162, 37.495285 ] } },
{ "type": "Feature", "properties": { "stationID": "ST-665", "lat": 37.489632, "long": 126.876259 }, "geometry": { "type": "Point", "coordinates": [ 126.876259, 37.489632 ] } },
{ "type": "Feature", "properties": { "stationID": "ST-664", "lat": 37.50972, "long": 126.890099 }, "geometry": { "type": "Point", "coordinates": [ 126.890099, 37.50972 ] } },
{ "type": "Feature", "properties": { "stationID": "ST-663", "lat": 37.51424, "long": 126.882874 }, "geometry": { "type": "Point", "coordinates": [ 126.882874, 37.51424 ] } },
{ "type": "Feature", "properties": { "stationID": "ST-662", "lat": 37.507332, "long": 126.87973 }, "geometry": { "type": "Point", "coordinates": [ 126.87973, 37.507332 ] } },
{ "type": "Feature", "properties": { "stationID": "ST-661", "lat": 37.467403, "long": 126.908142 }, "geometry": { "type": "Point", "coordinates": [ 126.908142, 37.467403 ] } },
{ "type": "Feature", "properties": { "stationID": "ST-660", "lat": 37.456726, "long": 126.893066 }, "geometry": { "type": "Point", "coordinates": [ 126.893066, 37.456726 ] } },
{ "type": "Feature", "properties": { "stationID": "ST-66", "lat": 37.522079, "long": 126.930367 }, "geometry": { "type": "Point", "coordinates": [ 126.930367, 37.522079 ] } },
{ "type": "Feature", "properties": { "stationID": "ST-659", "lat": 37.647991, "long": 127.034111 }, "geometry": { "type": "Point", "coordinates": [ 127.034111, 37.647991 ] } },
{ "type": "Feature", "properties": { "stationID": "ST-658", "lat": 37.65683, "long": 127.039848 }, "geometry": { "type": "Point", "coordinates": [ 127.039848, 37.65683 ] } },
{ "type": "Feature", "properties": { "stationID": "ST-657", "lat": 37.68972, "long": 127.045197 }, "geometry": { "type": "Point", "coordinates": [ 127.045197, 37.68972 ] } },
{ "type": "Feature", "properties": { "stationID": "ST-656", "lat": 37.647381, "long": 127.034218 }, "geometry": { "type": "Point", "coordinates": [ 127.034218, 37.647381 ] } },
{ "type": "Feature", "properties": { "stationID": "ST-655", "lat": 37.593288, "long": 127.036667 }, "geometry": { "type": "Point", "coordinates": [ 127.036667, 37.593288 ] } },
{ "type": "Feature", "properties": { "stationID": "ST-654", "lat": 37.643085, "long": 127.016167 }, "geometry": { "type": "Point", "coordinates": [ 127.016167, 37.643085 ] } },
{ "type": "Feature", "properties": { "stationID": "ST-653", "lat": 37.640095, "long": 127.016708 }, "geometry": { "type": "Point", "coordinates": [ 127.016708, 37.640095 ] } },
{ "type": "Feature", "properties": { "stationID": "ST-652", "lat": 37.639793, "long": 127.016853 }, "geometry": { "type": "Point", "coordinates": [ 127.016853, 37.639793 ] } },
{ "type": "Feature", "properties": { "stationID": "ST-651", "lat": 37.645451, "long": 127.015617 }, "geometry": { "type": "Point", "coordinates": [ 127.015617, 37.645451 ] } },
{ "type": "Feature", "properties": { "stationID": "ST-650", "lat": 37.639862, "long": 127.022789 }, "geometry": { "type": "Point", "coordinates": [ 127.022789, 37.639862 ] } },
{ "type": "Feature", "properties": { "stationID": "ST-65", "lat": 37.523491, "long": 126.932899 }, "geometry": { "type": "Point", "coordinates": [ 126.932899, 37.523491 ] } },
{ "type": "Feature", "properties": { "stationID": "ST-649", "lat": 37.644577, "long": 127.01593 }, "geometry": { "type": "Point", "coordinates": [ 127.01593, 37.644577 ] } },
{ "type": "Feature", "properties": { "stationID": "ST-648", "lat": 37.618286, "long": 127.024048 }, "geometry": { "type": "Point", "coordinates": [ 127.024048, 37.618286 ] } },
{ "type": "Feature", "properties": { "stationID": "ST-647", "lat": 37.62714, "long": 127.026695 }, "geometry": { "type": "Point", "coordinates": [ 127.026695, 37.62714 ] } },
{ "type": "Feature", "properties": { "stationID": "ST-646", "lat": 37.638805, "long": 127.028358 }, "geometry": { "type": "Point", "coordinates": [ 127.028358, 37.638805 ] } },
{ "type": "Feature", "properties": { "stationID": "ST-645", "lat": 37.640327, "long": 127.013359 }, "geometry": { "type": "Point", "coordinates": [ 127.013359, 37.640327 ] } },
{ "type": "Feature", "properties": { "stationID": "ST-644", "lat": 37.624157, "long": 127.018623 }, "geometry": { "type": "Point", "coordinates": [ 127.018623, 37.624157 ] } },
{ "type": "Feature", "properties": { "stationID": "ST-643", "lat": 37.639263, "long": 127.026726 }, "geometry": { "type": "Point", "coordinates": [ 127.026726, 37.639263 ] } },
{ "type": "Feature", "properties": { "stationID": "ST-642", "lat": 37.456478, "long": 126.895927 }, "geometry": { "type": "Point", "coordinates": [ 126.895927, 37.456478 ] } },
{ "type": "Feature", "properties": { "stationID": "ST-641", "lat": 37.47707, "long": 126.88443 }, "geometry": { "type": "Point", "coordinates": [ 126.88443, 37.47707 ] } },
{ "type": "Feature", "properties": { "stationID": "ST-640", "lat": 37.479084, "long": 126.879044 }, "geometry": { "type": "Point", "coordinates": [ 126.879044, 37.479084 ] } },
{ "type": "Feature", "properties": { "stationID": "ST-64", "lat": 37.524837, "long": 126.934906 }, "geometry": { "type": "Point", "coordinates": [ 126.934906, 37.524837 ] } },
{ "type": "Feature", "properties": { "stationID": "ST-639", "lat": 37.466541, "long": 126.890282 }, "geometry": { "type": "Point", "coordinates": [ 126.890282, 37.466541 ] } },
{ "type": "Feature", "properties": { "stationID": "ST-638", "lat": 37.4725, "long": 126.897957 }, "geometry": { "type": "Point", "coordinates": [ 126.897957, 37.4725 ] } },
{ "type": "Feature", "properties": { "stationID": "ST-637", "lat": 37.47023, "long": 126.895073 }, "geometry": { "type": "Point", "coordinates": [ 126.895073, 37.47023 ] } },
{ "type": "Feature", "properties": { "stationID": "ST-636", "lat": 37.469139, "long": 126.897202 }, "geometry": { "type": "Point", "coordinates": [ 126.897202, 37.469139 ] } },
{ "type": "Feature", "properties": { "stationID": "ST-635", "lat": 37.475319, "long": 126.898888 }, "geometry": { "type": "Point", "coordinates": [ 126.898888, 37.475319 ] } },
{ "type": "Feature", "properties": { "stationID": "ST-634", "lat": 37.456841, "long": 126.888344 }, "geometry": { "type": "Point", "coordinates": [ 126.888344, 37.456841 ] } },
{ "type": "Feature", "properties": { "stationID": "ST-633", "lat": 37.4547, "long": 126.891052 }, "geometry": { "type": "Point", "coordinates": [ 126.891052, 37.4547 ] } },
{ "type": "Feature", "properties": { "stationID": "ST-632", "lat": 37.46455, "long": 126.883728 }, "geometry": { "type": "Point", "coordinates": [ 126.883728, 37.46455 ] } },
{ "type": "Feature", "properties": { "stationID": "ST-631", "lat": 37.458912, "long": 126.89859 }, "geometry": { "type": "Point", "coordinates": [ 126.89859, 37.458912 ] } },
{ "type": "Feature", "properties": { "stationID": "ST-630", "lat": 37.452991, "long": 126.900909 }, "geometry": { "type": "Point", "coordinates": [ 126.900909, 37.452991 ] } },
{ "type": "Feature", "properties": { "stationID": "ST-63", "lat": 37.519363, "long": 126.926048 }, "geometry": { "type": "Point", "coordinates": [ 126.926048, 37.519363 ] } },
{ "type": "Feature", "properties": { "stationID": "ST-629", "lat": 37.451458, "long": 126.902115 }, "geometry": { "type": "Point", "coordinates": [ 126.902115, 37.451458 ] } },
{ "type": "Feature", "properties": { "stationID": "ST-628", "lat": 37.44334, "long": 126.903358 }, "geometry": { "type": "Point", "coordinates": [ 126.903358, 37.44334 ] } },
{ "type": "Feature", "properties": { "stationID": "ST-627", "lat": 37.453121, "long": 126.904312 }, "geometry": { "type": "Point", "coordinates": [ 126.904312, 37.453121 ] } },
{ "type": "Feature", "properties": { "stationID": "ST-626", "lat": 37.446861, "long": 126.903831 }, "geometry": { "type": "Point", "coordinates": [ 126.903831, 37.446861 ] } },
{ "type": "Feature", "properties": { "stationID": "ST-625", "lat": 37.47422, "long": 126.894127 }, "geometry": { "type": "Point", "coordinates": [ 126.894127, 37.47422 ] } },
{ "type": "Feature", "properties": { "stationID": "ST-624", "lat": 37.479031, "long": 126.887299 }, "geometry": { "type": "Point", "coordinates": [ 126.887299, 37.479031 ] } },
{ "type": "Feature", "properties": { "stationID": "ST-623", "lat": 37.471436, "long": 126.885376 }, "geometry": { "type": "Point", "coordinates": [ 126.885376, 37.471436 ] } },
{ "type": "Feature", "properties": { "stationID": "ST-622", "lat": 37.473209, "long": 126.884941 }, "geometry": { "type": "Point", "coordinates": [ 126.884941, 37.473209 ] } },
{ "type": "Feature", "properties": { "stationID": "ST-621", "lat": 37.486214, "long": 126.878639 }, "geometry": { "type": "Point", "coordinates": [ 126.878639, 37.486214 ] } },
{ "type": "Feature", "properties": { "stationID": "ST-620", "lat": 37.482288, "long": 126.877769 }, "geometry": { "type": "Point", "coordinates": [ 126.877769, 37.482288 ] } },
{ "type": "Feature", "properties": { "stationID": "ST-62", "lat": 37.520695, "long": 126.925835 }, "geometry": { "type": "Point", "coordinates": [ 126.925835, 37.520695 ] } },
{ "type": "Feature", "properties": { "stationID": "ST-619", "lat": 37.466503, "long": 126.888969 }, "geometry": { "type": "Point", "coordinates": [ 126.888969, 37.466503 ] } },
{ "type": "Feature", "properties": { "stationID": "ST-618", "lat": 37.483757, "long": 126.982399 }, "geometry": { "type": "Point", "coordinates": [ 126.982399, 37.483757 ] } },
{ "type": "Feature", "properties": { "stationID": "ST-617", "lat": 37.654049, "long": 127.050201 }, "geometry": { "type": "Point", "coordinates": [ 127.050201, 37.654049 ] } },
{ "type": "Feature", "properties": { "stationID": "ST-616", "lat": 37.650127, "long": 127.035347 }, "geometry": { "type": "Point", "coordinates": [ 127.035347, 37.650127 ] } },
{ "type": "Feature", "properties": { "stationID": "ST-615", "lat": 37.654461, "long": 127.038513 }, "geometry": { "type": "Point", "coordinates": [ 127.038513, 37.654461 ] } },
{ "type": "Feature", "properties": { "stationID": "ST-614", "lat": 37.669224, "long": 127.046516 }, "geometry": { "type": "Point", "coordinates": [ 127.046516, 37.669224 ] } },
{ "type": "Feature", "properties": { "stationID": "ST-613", "lat": 37.645821, "long": 127.050423 }, "geometry": { "type": "Point", "coordinates": [ 127.050423, 37.645821 ] } },
{ "type": "Feature", "properties": { "stationID": "ST-612", "lat": 37.680313, "long": 127.055069 }, "geometry": { "type": "Point", "coordinates": [ 127.055069, 37.680313 ] } },
{ "type": "Feature", "properties": { "stationID": "ST-611", "lat": 37.654667, "long": 127.063728 }, "geometry": { "type": "Point", "coordinates": [ 127.063728, 37.654667 ] } },
{ "type": "Feature", "properties": { "stationID": "ST-610", "lat": 37.649212, "long": 127.061768 }, "geometry": { "type": "Point", "coordinates": [ 127.061768, 37.649212 ] } },
{ "type": "Feature", "properties": { "stationID": "ST-61", "lat": 37.523277, "long": 126.929237 }, "geometry": { "type": "Point", "coordinates": [ 126.929237, 37.523277 ] } },
{ "type": "Feature", "properties": { "stationID": "ST-609", "lat": 37.67271, "long": 127.08316 }, "geometry": { "type": "Point", "coordinates": [ 127.08316, 37.67271 ] } },
{ "type": "Feature", "properties": { "stationID": "ST-608", "lat": 37.668461, "long": 127.077148 }, "geometry": { "type": "Point", "coordinates": [ 127.077148, 37.668461 ] } },
{ "type": "Feature", "properties": { "stationID": "ST-607", "lat": 37.638649, "long": 127.066292 }, "geometry": { "type": "Point", "coordinates": [ 127.066292, 37.638649 ] } },
{ "type": "Feature", "properties": { "stationID": "ST-606", "lat": 37.637569, "long": 127.063156 }, "geometry": { "type": "Point", "coordinates": [ 127.063156, 37.637569 ] } },
{ "type": "Feature", "properties": { "stationID": "ST-605", "lat": 37.635109, "long": 127.068329 }, "geometry": { "type": "Point", "coordinates": [ 127.068329, 37.635109 ] } },
{ "type": "Feature", "properties": { "stationID": "ST-604", "lat": 37.629574, "long": 127.07679 }, "geometry": { "type": "Point", "coordinates": [ 127.07679, 37.629574 ] } },
{ "type": "Feature", "properties": { "stationID": "ST-603", "lat": 37.620369, "long": 127.083641 }, "geometry": { "type": "Point", "coordinates": [ 127.083641, 37.620369 ] } },
{ "type": "Feature", "properties": { "stationID": "ST-602", "lat": 37.619171, "long": 127.074928 }, "geometry": { "type": "Point", "coordinates": [ 127.074928, 37.619171 ] } },
{ "type": "Feature", "properties": { "stationID": "ST-600", "lat": 37.615181, "long": 127.064644 }, "geometry": { "type": "Point", "coordinates": [ 127.064644, 37.615181 ] } },
{ "type": "Feature", "properties": { "stationID": "ST-60", "lat": 37.523022, "long": 126.920837 }, "geometry": { "type": "Point", "coordinates": [ 126.920837, 37.523022 ] } },
{ "type": "Feature", "properties": { "stationID": "ST-6", "lat": 37.550739, "long": 126.915085 }, "geometry": { "type": "Point", "coordinates": [ 126.915085, 37.550739 ] } },
{ "type": "Feature", "properties": { "stationID": "ST-599", "lat": 37.595299, "long": 127.080032 }, "geometry": { "type": "Point", "coordinates": [ 127.080032, 37.595299 ] } },
{ "type": "Feature", "properties": { "stationID": "ST-598", "lat": 37.484215, "long": 126.996292 }, "geometry": { "type": "Point", "coordinates": [ 126.996292, 37.484215 ] } },
{ "type": "Feature", "properties": { "stationID": "ST-597", "lat": 37.599285, "long": 127.034622 }, "geometry": { "type": "Point", "coordinates": [ 127.034622, 37.599285 ] } },
{ "type": "Feature", "properties": { "stationID": "ST-596", "lat": 37.616169, "long": 127.093483 }, "geometry": { "type": "Point", "coordinates": [ 127.093483, 37.616169 ] } },
{ "type": "Feature", "properties": { "stationID": "ST-595", "lat": 37.58342, "long": 127.079926 }, "geometry": { "type": "Point", "coordinates": [ 127.079926, 37.58342 ] } },
{ "type": "Feature", "properties": { "stationID": "ST-594", "lat": 37.608101, "long": 127.101181 }, "geometry": { "type": "Point", "coordinates": [ 127.101181, 37.608101 ] } },
{ "type": "Feature", "properties": { "stationID": "ST-593", "lat": 37.608681, "long": 127.100792 }, "geometry": { "type": "Point", "coordinates": [ 127.100792, 37.608681 ] } },
{ "type": "Feature", "properties": { "stationID": "ST-592", "lat": 37.579868, "long": 127.082367 }, "geometry": { "type": "Point", "coordinates": [ 127.082367, 37.579868 ] } },
{ "type": "Feature", "properties": { "stationID": "ST-591", "lat": 37.589931, "long": 127.079811 }, "geometry": { "type": "Point", "coordinates": [ 127.079811, 37.589931 ] } },
{ "type": "Feature", "properties": { "stationID": "ST-590", "lat": 37.573185, "long": 127.086525 }, "geometry": { "type": "Point", "coordinates": [ 127.086525, 37.573185 ] } },
{ "type": "Feature", "properties": { "stationID": "ST-59", "lat": 37.521908, "long": 126.918953 }, "geometry": { "type": "Point", "coordinates": [ 126.918953, 37.521908 ] } },
{ "type": "Feature", "properties": { "stationID": "ST-589", "lat": 37.58746, "long": 127.09597 }, "geometry": { "type": "Point", "coordinates": [ 127.09597, 37.58746 ] } },
{ "type": "Feature", "properties": { "stationID": "ST-588", "lat": 37.606312, "long": 127.107742 }, "geometry": { "type": "Point", "coordinates": [ 127.107742, 37.606312 ] } },
{ "type": "Feature", "properties": { "stationID": "ST-587", "lat": 37.620098, "long": 127.106461 }, "geometry": { "type": "Point", "coordinates": [ 127.106461, 37.620098 ] } },
{ "type": "Feature", "properties": { "stationID": "ST-586", "lat": 37.612461, "long": 127.103378 }, "geometry": { "type": "Point", "coordinates": [ 127.103378, 37.612461 ] } },
{ "type": "Feature", "properties": { "stationID": "ST-585", "lat": 37.613945, "long": 127.097702 }, "geometry": { "type": "Point", "coordinates": [ 127.097702, 37.613945 ] } },
{ "type": "Feature", "properties": { "stationID": "ST-584", "lat": 37.616707, "long": 127.11026 }, "geometry": { "type": "Point", "coordinates": [ 127.11026, 37.616707 ] } },
{ "type": "Feature", "properties": { "stationID": "ST-583", "lat": 37.617439, "long": 127.109016 }, "geometry": { "type": "Point", "coordinates": [ 127.109016, 37.617439 ] } },
{ "type": "Feature", "properties": { "stationID": "ST-582", "lat": 37.611309, "long": 127.06266 }, "geometry": { "type": "Point", "coordinates": [ 127.06266, 37.611309 ] } },
{ "type": "Feature", "properties": { "stationID": "ST-581", "lat": 37.597599, "long": 127.089218 }, "geometry": { "type": "Point", "coordinates": [ 127.089218, 37.597599 ] } },
{ "type": "Feature", "properties": { "stationID": "ST-580", "lat": 37.612999, "long": 127.06131 }, "geometry": { "type": "Point", "coordinates": [ 127.06131, 37.612999 ] } },
{ "type": "Feature", "properties": { "stationID": "ST-58", "lat": 37.521362, "long": 126.923462 }, "geometry": { "type": "Point", "coordinates": [ 126.923462, 37.521362 ] } },
{ "type": "Feature", "properties": { "stationID": "ST-579", "lat": 37.610291, "long": 127.058884 }, "geometry": { "type": "Point", "coordinates": [ 127.058884, 37.610291 ] } },
{ "type": "Feature", "properties": { "stationID": "ST-578", "lat": 37.612923, "long": 127.066406 }, "geometry": { "type": "Point", "coordinates": [ 127.066406, 37.612923 ] } },
{ "type": "Feature", "properties": { "stationID": "ST-577", "lat": 37.617561, "long": 127.090309 }, "geometry": { "type": "Point", "coordinates": [ 127.090309, 37.617561 ] } },
{ "type": "Feature", "properties": { "stationID": "ST-576", "lat": 37.61776, "long": 127.055969 }, "geometry": { "type": "Point", "coordinates": [ 127.055969, 37.61776 ] } },
{ "type": "Feature", "properties": { "stationID": "ST-575", "lat": 37.590961, "long": 127.087067 }, "geometry": { "type": "Point", "coordinates": [ 127.087067, 37.590961 ] } },
{ "type": "Feature", "properties": { "stationID": "ST-574", "lat": 37.607342, "long": 127.050682 }, "geometry": { "type": "Point", "coordinates": [ 127.050682, 37.607342 ] } },
{ "type": "Feature", "properties": { "stationID": "ST-573", "lat": 37.577782, "long": 127.090187 }, "geometry": { "type": "Point", "coordinates": [ 127.090187, 37.577782 ] } },
{ "type": "Feature", "properties": { "stationID": "ST-572", "lat": 37.606068, "long": 127.047318 }, "geometry": { "type": "Point", "coordinates": [ 127.047318, 37.606068 ] } },
{ "type": "Feature", "properties": { "stationID": "ST-571", "lat": 37.605808, "long": 127.047737 }, "geometry": { "type": "Point", "coordinates": [ 127.047737, 37.605808 ] } },
{ "type": "Feature", "properties": { "stationID": "ST-570", "lat": 37.610722, "long": 127.077477 }, "geometry": { "type": "Point", "coordinates": [ 127.077477, 37.610722 ] } },
{ "type": "Feature", "properties": { "stationID": "ST-57", "lat": 37.522228, "long": 126.924637 }, "geometry": { "type": "Point", "coordinates": [ 126.924637, 37.522228 ] } },
{ "type": "Feature", "properties": { "stationID": "ST-569", "lat": 37.606251, "long": 127.108269 }, "geometry": { "type": "Point", "coordinates": [ 127.108269, 37.606251 ] } },
{ "type": "Feature", "properties": { "stationID": "ST-568", "lat": 37.599098, "long": 127.092949 }, "geometry": { "type": "Point", "coordinates": [ 127.092949, 37.599098 ] } },
{ "type": "Feature", "properties": { "stationID": "ST-567", "lat": 37.600433, "long": 127.040207 }, "geometry": { "type": "Point", "coordinates": [ 127.040207, 37.600433 ] } },
{ "type": "Feature", "properties": { "stationID": "ST-566", "lat": 37.59425, "long": 127.076576 }, "geometry": { "type": "Point", "coordinates": [ 127.076576, 37.59425 ] } },
{ "type": "Feature", "properties": { "stationID": "ST-565", "lat": 37.598068, "long": 127.039276 }, "geometry": { "type": "Point", "coordinates": [ 127.039276, 37.598068 ] } },
{ "type": "Feature", "properties": { "stationID": "ST-564", "lat": 37.60302, "long": 127.033295 }, "geometry": { "type": "Point", "coordinates": [ 127.033295, 37.60302 ] } },
{ "type": "Feature", "properties": { "stationID": "ST-563", "lat": 37.603085, "long": 127.024788 }, "geometry": { "type": "Point", "coordinates": [ 127.024788, 37.603085 ] } },
{ "type": "Feature", "properties": { "stationID": "ST-562", "lat": 37.607262, "long": 127.002838 }, "geometry": { "type": "Point", "coordinates": [ 127.002838, 37.607262 ] } },
{ "type": "Feature", "properties": { "stationID": "ST-561", "lat": 37.600071, "long": 127.102333 }, "geometry": { "type": "Point", "coordinates": [ 127.102333, 37.600071 ] } },
{ "type": "Feature", "properties": { "stationID": "ST-560", "lat": 37.607761, "long": 127.003281 }, "geometry": { "type": "Point", "coordinates": [ 127.003281, 37.607761 ] } },
{ "type": "Feature", "properties": { "stationID": "ST-56", "lat": 37.525433, "long": 126.924606 }, "geometry": { "type": "Point", "coordinates": [ 126.924606, 37.525433 ] } },
{ "type": "Feature", "properties": { "stationID": "ST-559", "lat": 37.60244, "long": 127.011688 }, "geometry": { "type": "Point", "coordinates": [ 127.011688, 37.60244 ] } },
{ "type": "Feature", "properties": { "stationID": "ST-558", "lat": 37.614738, "long": 127.076363 }, "geometry": { "type": "Point", "coordinates": [ 127.076363, 37.614738 ] } },
{ "type": "Feature", "properties": { "stationID": "ST-557", "lat": 37.603245, "long": 127.014191 }, "geometry": { "type": "Point", "coordinates": [ 127.014191, 37.603245 ] } },
{ "type": "Feature", "properties": { "stationID": "ST-556", "lat": 37.60379, "long": 127.01503 }, "geometry": { "type": "Point", "coordinates": [ 127.01503, 37.60379 ] } },
{ "type": "Feature", "properties": { "stationID": "ST-555", "lat": 37.581097, "long": 126.924026 }, "geometry": { "type": "Point", "coordinates": [ 126.924026, 37.581097 ] } },
{ "type": "Feature", "properties": { "stationID": "ST-554", "lat": 37.580597, "long": 126.923027 }, "geometry": { "type": "Point", "coordinates": [ 126.923027, 37.580597 ] } },
{ "type": "Feature", "properties": { "stationID": "ST-553", "lat": 37.508873, "long": 127.087166 }, "geometry": { "type": "Point", "coordinates": [ 127.087166, 37.508873 ] } },
{ "type": "Feature", "properties": { "stationID": "ST-552", "lat": 37.508888, "long": 127.097229 }, "geometry": { "type": "Point", "coordinates": [ 127.097229, 37.508888 ] } },
{ "type": "Feature", "properties": { "stationID": "ST-551", "lat": 37.510509, "long": 127.093369 }, "geometry": { "type": "Point", "coordinates": [ 127.093369, 37.510509 ] } },
{ "type": "Feature", "properties": { "stationID": "ST-550", "lat": 37.511841, "long": 127.095688 }, "geometry": { "type": "Point", "coordinates": [ 127.095688, 37.511841 ] } },
{ "type": "Feature", "properties": { "stationID": "ST-55", "lat": 37.524612, "long": 126.927834 }, "geometry": { "type": "Point", "coordinates": [ 126.927834, 37.524612 ] } },
{ "type": "Feature", "properties": { "stationID": "ST-549", "lat": 37.490688, "long": 127.143127 }, "geometry": { "type": "Point", "coordinates": [ 127.143127, 37.490688 ] } },
{ "type": "Feature", "properties": { "stationID": "ST-548", "lat": 37.512169, "long": 127.078934 }, "geometry": { "type": "Point", "coordinates": [ 127.078934, 37.512169 ] } },
{ "type": "Feature", "properties": { "stationID": "ST-547", "lat": 37.511982, "long": 127.085052 }, "geometry": { "type": "Point", "coordinates": [ 127.085052, 37.511982 ] } },
{ "type": "Feature", "properties": { "stationID": "ST-546", "lat": 37.505692, "long": 127.084038 }, "geometry": { "type": "Point", "coordinates": [ 127.084038, 37.505692 ] } },
{ "type": "Feature", "properties": { "stationID": "ST-545", "lat": 37.479305, "long": 127.129799 }, "geometry": { "type": "Point", "coordinates": [ 127.129799, 37.479305 ] } },
{ "type": "Feature", "properties": { "stationID": "ST-544", "lat": 37.516571, "long": 127.131538 }, "geometry": { "type": "Point", "coordinates": [ 127.131538, 37.516571 ] } },
{ "type": "Feature", "properties": { "stationID": "ST-543", "lat": 37.50832, "long": 127.133217 }, "geometry": { "type": "Point", "coordinates": [ 127.133217, 37.50832 ] } },
{ "type": "Feature", "properties": { "stationID": "ST-542", "lat": 37.520451, "long": 127.104202 }, "geometry": { "type": "Point", "coordinates": [ 127.104202, 37.520451 ] } },
{ "type": "Feature", "properties": { "stationID": "ST-541", "lat": 37.529747, "long": 127.119965 }, "geometry": { "type": "Point", "coordinates": [ 127.119965, 37.529747 ] } },
{ "type": "Feature", "properties": { "stationID": "ST-540", "lat": 37.51128, "long": 127.078239 }, "geometry": { "type": "Point", "coordinates": [ 127.078239, 37.51128 ] } },
{ "type": "Feature", "properties": { "stationID": "ST-54", "lat": 37.527985, "long": 126.929207 }, "geometry": { "type": "Point", "coordinates": [ 126.929207, 37.527985 ] } },
{ "type": "Feature", "properties": { "stationID": "ST-539", "lat": 37.510429, "long": 127.071373 }, "geometry": { "type": "Point", "coordinates": [ 127.071373, 37.510429 ] } },
{ "type": "Feature", "properties": { "stationID": "ST-538", "lat": 37.54147, "long": 126.84478 }, "geometry": { "type": "Point", "coordinates": [ 126.84478, 37.54147 ] } },
{ "type": "Feature", "properties": { "stationID": "ST-537", "lat": 37.530338, "long": 126.838257 }, "geometry": { "type": "Point", "coordinates": [ 126.838257, 37.530338 ] } },
{ "type": "Feature", "properties": { "stationID": "ST-536", "lat": 37.528919, "long": 126.848084 }, "geometry": { "type": "Point", "coordinates": [ 126.848084, 37.528919 ] } },
{ "type": "Feature", "properties": { "stationID": "ST-535", "lat": 37.52906, "long": 126.84848 }, "geometry": { "type": "Point", "coordinates": [ 126.84848, 37.52906 ] } },
{ "type": "Feature", "properties": { "stationID": "ST-534", "lat": 37.531399, "long": 126.863609 }, "geometry": { "type": "Point", "coordinates": [ 126.863609, 37.531399 ] } },
{ "type": "Feature", "properties": { "stationID": "ST-533", "lat": 37.538521, "long": 126.863434 }, "geometry": { "type": "Point", "coordinates": [ 126.863434, 37.538521 ] } },
{ "type": "Feature", "properties": { "stationID": "ST-532", "lat": 37.541264, "long": 126.863373 }, "geometry": { "type": "Point", "coordinates": [ 126.863373, 37.541264 ] } },
{ "type": "Feature", "properties": { "stationID": "ST-531", "lat": 37.544567, "long": 126.861969 }, "geometry": { "type": "Point", "coordinates": [ 126.861969, 37.544567 ] } },
{ "type": "Feature", "properties": { "stationID": "ST-530", "lat": 37.546532, "long": 126.862549 }, "geometry": { "type": "Point", "coordinates": [ 126.862549, 37.546532 ] } },
{ "type": "Feature", "properties": { "stationID": "ST-53", "lat": 37.524666, "long": 126.918022 }, "geometry": { "type": "Point", "coordinates": [ 126.918022, 37.524666 ] } },
{ "type": "Feature", "properties": { "stationID": "ST-529", "lat": 37.548061, "long": 126.86042 }, "geometry": { "type": "Point", "coordinates": [ 126.86042, 37.548061 ] } },
{ "type": "Feature", "properties": { "stationID": "ST-528", "lat": 37.551109, "long": 126.863709 }, "geometry": { "type": "Point", "coordinates": [ 126.863709, 37.551109 ] } },
{ "type": "Feature", "properties": { "stationID": "ST-527", "lat": 37.546444, "long": 126.845459 }, "geometry": { "type": "Point", "coordinates": [ 126.845459, 37.546444 ] } },
{ "type": "Feature", "properties": { "stationID": "ST-526", "lat": 37.542751, "long": 126.842621 }, "geometry": { "type": "Point", "coordinates": [ 126.842621, 37.542751 ] } },
{ "type": "Feature", "properties": { "stationID": "ST-525", "lat": 37.542099, "long": 126.840218 }, "geometry": { "type": "Point", "coordinates": [ 126.840218, 37.542099 ] } },
{ "type": "Feature", "properties": { "stationID": "ST-524", "lat": 37.540981, "long": 126.838547 }, "geometry": { "type": "Point", "coordinates": [ 126.838547, 37.540981 ] } },
{ "type": "Feature", "properties": { "stationID": "ST-523", "lat": 37.548908, "long": 126.836563 }, "geometry": { "type": "Point", "coordinates": [ 126.836563, 37.548908 ] } },
{ "type": "Feature", "properties": { "stationID": "ST-522", "lat": 37.558178, "long": 126.838455 }, "geometry": { "type": "Point", "coordinates": [ 126.838455, 37.558178 ] } },
{ "type": "Feature", "properties": { "stationID": "ST-521", "lat": 37.57048, "long": 126.849503 }, "geometry": { "type": "Point", "coordinates": [ 126.849503, 37.57048 ] } },
{ "type": "Feature", "properties": { "stationID": "ST-520", "lat": 37.561924, "long": 126.864166 }, "geometry": { "type": "Point", "coordinates": [ 126.864166, 37.561924 ] } },
{ "type": "Feature", "properties": { "stationID": "ST-52", "lat": 37.526264, "long": 126.920509 }, "geometry": { "type": "Point", "coordinates": [ 126.920509, 37.526264 ] } },
{ "type": "Feature", "properties": { "stationID": "ST-519", "lat": 37.559479, "long": 126.86438 }, "geometry": { "type": "Point", "coordinates": [ 126.86438, 37.559479 ] } },
{ "type": "Feature", "properties": { "stationID": "ST-518", "lat": 37.564785, "long": 126.854645 }, "geometry": { "type": "Point", "coordinates": [ 126.854645, 37.564785 ] } },
{ "type": "Feature", "properties": { "stationID": "ST-517", "lat": 37.554253, "long": 126.867561 }, "geometry": { "type": "Point", "coordinates": [ 126.867561, 37.554253 ] } },
{ "type": "Feature", "properties": { "stationID": "ST-516", "lat": 37.557461, "long": 126.861458 }, "geometry": { "type": "Point", "coordinates": [ 126.861458, 37.557461 ] } },
{ "type": "Feature", "properties": { "stationID": "ST-515", "lat": 37.572781, "long": 126.826279 }, "geometry": { "type": "Point", "coordinates": [ 126.826279, 37.572781 ] } },
{ "type": "Feature", "properties": { "stationID": "ST-514", "lat": 37.573124, "long": 126.822388 }, "geometry": { "type": "Point", "coordinates": [ 126.822388, 37.573124 ] } },
{ "type": "Feature", "properties": { "stationID": "ST-513", "lat": 37.568577, "long": 126.824776 }, "geometry": { "type": "Point", "coordinates": [ 126.824776, 37.568577 ] } },
{ "type": "Feature", "properties": { "stationID": "ST-512", "lat": 37.566982, "long": 126.8218 }, "geometry": { "type": "Point", "coordinates": [ 126.8218, 37.566982 ] } },
{ "type": "Feature", "properties": { "stationID": "ST-511", "lat": 37.563347, "long": 126.810486 }, "geometry": { "type": "Point", "coordinates": [ 126.810486, 37.563347 ] } },
{ "type": "Feature", "properties": { "stationID": "ST-510", "lat": 37.563873, "long": 126.810608 }, "geometry": { "type": "Point", "coordinates": [ 126.810608, 37.563873 ] } },
{ "type": "Feature", "properties": { "stationID": "ST-51", "lat": 37.528057, "long": 126.918701 }, "geometry": { "type": "Point", "coordinates": [ 126.918701, 37.528057 ] } },
{ "type": "Feature", "properties": { "stationID": "ST-509", "lat": 37.581623, "long": 126.812653 }, "geometry": { "type": "Point", "coordinates": [ 126.812653, 37.581623 ] } },
{ "type": "Feature", "properties": { "stationID": "ST-508", "lat": 37.573643, "long": 126.811806 }, "geometry": { "type": "Point", "coordinates": [ 126.811806, 37.573643 ] } },
{ "type": "Feature", "properties": { "stationID": "ST-507", "lat": 37.581612, "long": 126.798599 }, "geometry": { "type": "Point", "coordinates": [ 126.798599, 37.581612 ] } },
{ "type": "Feature", "properties": { "stationID": "ST-506", "lat": 37.544159, "long": 127.056656 }, "geometry": { "type": "Point", "coordinates": [ 127.056656, 37.544159 ] } },
{ "type": "Feature", "properties": { "stationID": "ST-505", "lat": 37.533779, "long": 127.137993 }, "geometry": { "type": "Point", "coordinates": [ 127.137993, 37.533779 ] } },
{ "type": "Feature", "properties": { "stationID": "ST-504", "lat": 37.564274, "long": 127.173973 }, "geometry": { "type": "Point", "coordinates": [ 127.173973, 37.564274 ] } },
{ "type": "Feature", "properties": { "stationID": "ST-503", "lat": 37.528252, "long": 127.126801 }, "geometry": { "type": "Point", "coordinates": [ 127.126801, 37.528252 ] } },
{ "type": "Feature", "properties": { "stationID": "ST-502", "lat": 37.526794, "long": 127.130058 }, "geometry": { "type": "Point", "coordinates": [ 127.130058, 37.526794 ] } },
{ "type": "Feature", "properties": { "stationID": "ST-501", "lat": 37.535446, "long": 127.145187 }, "geometry": { "type": "Point", "coordinates": [ 127.145187, 37.535446 ] } },
{ "type": "Feature", "properties": { "stationID": "ST-500", "lat": 37.559399, "long": 127.171181 }, "geometry": { "type": "Point", "coordinates": [ 127.171181, 37.559399 ] } },
{ "type": "Feature", "properties": { "stationID": "ST-50", "lat": 37.528164, "long": 126.917023 }, "geometry": { "type": "Point", "coordinates": [ 126.917023, 37.528164 ] } },
{ "type": "Feature", "properties": { "stationID": "ST-5", "lat": 37.554951, "long": 126.910835 }, "geometry": { "type": "Point", "coordinates": [ 126.910835, 37.554951 ] } },
{ "type": "Feature", "properties": { "stationID": "ST-499", "lat": 37.550037, "long": 127.146912 }, "geometry": { "type": "Point", "coordinates": [ 127.146912, 37.550037 ] } },
{ "type": "Feature", "properties": { "stationID": "ST-498", "lat": 37.5508, "long": 127.142952 }, "geometry": { "type": "Point", "coordinates": [ 127.142952, 37.5508 ] } },
{ "type": "Feature", "properties": { "stationID": "ST-497", "lat": 37.530716, "long": 127.120987 }, "geometry": { "type": "Point", "coordinates": [ 127.120987, 37.530716 ] } },
{ "type": "Feature", "properties": { "stationID": "ST-496", "lat": 37.536007, "long": 127.122726 }, "geometry": { "type": "Point", "coordinates": [ 127.122726, 37.536007 ] } },
{ "type": "Feature", "properties": { "stationID": "ST-495", "lat": 37.534744, "long": 127.135284 }, "geometry": { "type": "Point", "coordinates": [ 127.135284, 37.534744 ] } },
{ "type": "Feature", "properties": { "stationID": "ST-494", "lat": 37.534508, "long": 127.138405 }, "geometry": { "type": "Point", "coordinates": [ 127.138405, 37.534508 ] } },
{ "type": "Feature", "properties": { "stationID": "ST-493", "lat": 37.538666, "long": 127.124245 }, "geometry": { "type": "Point", "coordinates": [ 127.124245, 37.538666 ] } },
{ "type": "Feature", "properties": { "stationID": "ST-492", "lat": 37.549355, "long": 127.127083 }, "geometry": { "type": "Point", "coordinates": [ 127.127083, 37.549355 ] } },
{ "type": "Feature", "properties": { "stationID": "ST-491", "lat": 37.559559, "long": 127.130875 }, "geometry": { "type": "Point", "coordinates": [ 127.130875, 37.559559 ] } },
{ "type": "Feature", "properties": { "stationID": "ST-490", "lat": 37.554867, "long": 127.142799 }, "geometry": { "type": "Point", "coordinates": [ 127.142799, 37.554867 ] } },
{ "type": "Feature", "properties": { "stationID": "ST-488", "lat": 37.553329, "long": 127.128868 }, "geometry": { "type": "Point", "coordinates": [ 127.128868, 37.553329 ] } },
{ "type": "Feature", "properties": { "stationID": "ST-487", "lat": 37.543957, "long": 127.125488 }, "geometry": { "type": "Point", "coordinates": [ 127.125488, 37.543957 ] } },
{ "type": "Feature", "properties": { "stationID": "ST-486", "lat": 37.545265, "long": 127.125938 }, "geometry": { "type": "Point", "coordinates": [ 127.125938, 37.545265 ] } },
{ "type": "Feature", "properties": { "stationID": "ST-485", "lat": 37.541794, "long": 127.124748 }, "geometry": { "type": "Point", "coordinates": [ 127.124748, 37.541794 ] } },
{ "type": "Feature", "properties": { "stationID": "ST-484", "lat": 37.484215, "long": 126.996292 }, "geometry": { "type": "Point", "coordinates": [ 126.996292, 37.484215 ] } },
{ "type": "Feature", "properties": { "stationID": "ST-483", "lat": 37.532688, "long": 127.067497 }, "geometry": { "type": "Point", "coordinates": [ 127.067497, 37.532688 ] } },
{ "type": "Feature", "properties": { "stationID": "ST-482", "lat": 37.545418, "long": 127.052643 }, "geometry": { "type": "Point", "coordinates": [ 127.052643, 37.545418 ] } },
{ "type": "Feature", "properties": { "stationID": "ST-481", "lat": 37.612484, "long": 126.914879 }, "geometry": { "type": "Point", "coordinates": [ 126.914879, 37.612484 ] } },
{ "type": "Feature", "properties": { "stationID": "ST-480", "lat": 37.610004, "long": 126.916397 }, "geometry": { "type": "Point", "coordinates": [ 126.916397, 37.610004 ] } },
{ "type": "Feature", "properties": { "stationID": "ST-48", "lat": 37.557598, "long": 127.065308 }, "geometry": { "type": "Point", "coordinates": [ 127.065308, 37.557598 ] } },
{ "type": "Feature", "properties": { "stationID": "ST-479", "lat": 37.604736, "long": 126.915337 }, "geometry": { "type": "Point", "coordinates": [ 126.915337, 37.604736 ] } },
{ "type": "Feature", "properties": { "stationID": "ST-478", "lat": 37.601662, "long": 126.920303 }, "geometry": { "type": "Point", "coordinates": [ 126.920303, 37.601662 ] } },
{ "type": "Feature", "properties": { "stationID": "ST-477", "lat": 37.601051, "long": 126.924225 }, "geometry": { "type": "Point", "coordinates": [ 126.924225, 37.601051 ] } },
{ "type": "Feature", "properties": { "stationID": "ST-476", "lat": 37.641315, "long": 126.938042 }, "geometry": { "type": "Point", "coordinates": [ 126.938042, 37.641315 ] } },
{ "type": "Feature", "properties": { "stationID": "ST-475", "lat": 37.617855, "long": 126.922524 }, "geometry": { "type": "Point", "coordinates": [ 126.922524, 37.617855 ] } },
{ "type": "Feature", "properties": { "stationID": "ST-474", "lat": 37.611179, "long": 126.929665 }, "geometry": { "type": "Point", "coordinates": [ 126.929665, 37.611179 ] } },
{ "type": "Feature", "properties": { "stationID": "ST-473", "lat": 37.609566, "long": 126.930977 }, "geometry": { "type": "Point", "coordinates": [ 126.930977, 37.609566 ] } },
{ "type": "Feature", "properties": { "stationID": "ST-472", "lat": 37.628517, "long": 126.929581 }, "geometry": { "type": "Point", "coordinates": [ 126.929581, 37.628517 ] } },
{ "type": "Feature", "properties": { "stationID": "ST-471", "lat": 37.620949, "long": 126.925636 }, "geometry": { "type": "Point", "coordinates": [ 126.925636, 37.620949 ] } },
{ "type": "Feature", "properties": { "stationID": "ST-470", "lat": 37.617802, "long": 126.921967 }, "geometry": { "type": "Point", "coordinates": [ 126.921967, 37.617802 ] } },
{ "type": "Feature", "properties": { "stationID": "ST-47", "lat": 37.528816, "long": 126.92453 }, "geometry": { "type": "Point", "coordinates": [ 126.92453, 37.528816 ] } },
{ "type": "Feature", "properties": { "stationID": "ST-469", "lat": 37.630016, "long": 126.919029 }, "geometry": { "type": "Point", "coordinates": [ 126.919029, 37.630016 ] } },
{ "type": "Feature", "properties": { "stationID": "ST-467", "lat": 37.607025, "long": 126.933311 }, "geometry": { "type": "Point", "coordinates": [ 126.933311, 37.607025 ] } },
{ "type": "Feature", "properties": { "stationID": "ST-466", "lat": 37.612679, "long": 126.927757 }, "geometry": { "type": "Point", "coordinates": [ 126.927757, 37.612679 ] } },
{ "type": "Feature", "properties": { "stationID": "ST-465", "lat": 37.600746, "long": 126.935013 }, "geometry": { "type": "Point", "coordinates": [ 126.935013, 37.600746 ] } },
{ "type": "Feature", "properties": { "stationID": "ST-464", "lat": 37.607849, "long": 126.921326 }, "geometry": { "type": "Point", "coordinates": [ 126.921326, 37.607849 ] } },
{ "type": "Feature", "properties": { "stationID": "ST-463", "lat": 37.584381, "long": 126.909897 }, "geometry": { "type": "Point", "coordinates": [ 126.909897, 37.584381 ] } },
{ "type": "Feature", "properties": { "stationID": "ST-462", "lat": 37.590809, "long": 126.913689 }, "geometry": { "type": "Point", "coordinates": [ 126.913689, 37.590809 ] } },
{ "type": "Feature", "properties": { "stationID": "ST-461", "lat": 37.6007, "long": 126.920128 }, "geometry": { "type": "Point", "coordinates": [ 126.920128, 37.6007 ] } },
{ "type": "Feature", "properties": { "stationID": "ST-460", "lat": 37.589661, "long": 126.916946 }, "geometry": { "type": "Point", "coordinates": [ 126.916946, 37.589661 ] } },
{ "type": "Feature", "properties": { "stationID": "ST-46", "lat": 37.531239, "long": 126.921333 }, "geometry": { "type": "Point", "coordinates": [ 126.921333, 37.531239 ] } },
{ "type": "Feature", "properties": { "stationID": "ST-459", "lat": 37.605583, "long": 126.922935 }, "geometry": { "type": "Point", "coordinates": [ 126.922935, 37.605583 ] } },
{ "type": "Feature", "properties": { "stationID": "ST-457", "lat": 37.586994, "long": 126.922882 }, "geometry": { "type": "Point", "coordinates": [ 126.922882, 37.586994 ] } },
{ "type": "Feature", "properties": { "stationID": "ST-456", "lat": 37.613186, "long": 126.917351 }, "geometry": { "type": "Point", "coordinates": [ 126.917351, 37.613186 ] } },
{ "type": "Feature", "properties": { "stationID": "ST-455", "lat": 37.599495, "long": 126.916985 }, "geometry": { "type": "Point", "coordinates": [ 126.916985, 37.599495 ] } },
{ "type": "Feature", "properties": { "stationID": "ST-454", "lat": 37.61721, "long": 126.919579 }, "geometry": { "type": "Point", "coordinates": [ 126.919579, 37.61721 ] } },
{ "type": "Feature", "properties": { "stationID": "ST-453", "lat": 37.636234, "long": 126.918999 }, "geometry": { "type": "Point", "coordinates": [ 126.918999, 37.636234 ] } },
{ "type": "Feature", "properties": { "stationID": "ST-452", "lat": 37.648674, "long": 126.930702 }, "geometry": { "type": "Point", "coordinates": [ 126.930702, 37.648674 ] } },
{ "type": "Feature", "properties": { "stationID": "ST-451", "lat": 37.645866, "long": 126.927391 }, "geometry": { "type": "Point", "coordinates": [ 126.927391, 37.645866 ] } },
{ "type": "Feature", "properties": { "stationID": "ST-450", "lat": 37.643108, "long": 126.918221 }, "geometry": { "type": "Point", "coordinates": [ 126.918221, 37.643108 ] } },
{ "type": "Feature", "properties": { "stationID": "ST-45", "lat": 37.528416, "long": 126.913918 }, "geometry": { "type": "Point", "coordinates": [ 126.913918, 37.528416 ] } },
{ "type": "Feature", "properties": { "stationID": "ST-449", "lat": 37.600975, "long": 126.926956 }, "geometry": { "type": "Point", "coordinates": [ 126.926956, 37.600975 ] } },
{ "type": "Feature", "properties": { "stationID": "ST-448", "lat": 37.603943, "long": 126.927696 }, "geometry": { "type": "Point", "coordinates": [ 126.927696, 37.603943 ] } },
{ "type": "Feature", "properties": { "stationID": "ST-447", "lat": 37.565941, "long": 127.045395 }, "geometry": { "type": "Point", "coordinates": [ 127.045395, 37.565941 ] } },
{ "type": "Feature", "properties": { "stationID": "ST-446", "lat": 37.536808, "long": 127.055489 }, "geometry": { "type": "Point", "coordinates": [ 127.055489, 37.536808 ] } },
{ "type": "Feature", "properties": { "stationID": "ST-445", "lat": 37.547829, "long": 127.072632 }, "geometry": { "type": "Point", "coordinates": [ 127.072632, 37.547829 ] } },
{ "type": "Feature", "properties": { "stationID": "ST-444", "lat": 37.585735, "long": 127.00161 }, "geometry": { "type": "Point", "coordinates": [ 127.00161, 37.585735 ] } },
{ "type": "Feature", "properties": { "stationID": "ST-443", "lat": 37.566845, "long": 126.896446 }, "geometry": { "type": "Point", "coordinates": [ 126.896446, 37.566845 ] } },
{ "type": "Feature", "properties": { "stationID": "ST-442", "lat": 37.520336, "long": 126.994263 }, "geometry": { "type": "Point", "coordinates": [ 126.994263, 37.520336 ] } },
{ "type": "Feature", "properties": { "stationID": "ST-441", "lat": 37.54232, "long": 126.96196 }, "geometry": { "type": "Point", "coordinates": [ 126.96196, 37.54232 ] } },
{ "type": "Feature", "properties": { "stationID": "ST-440", "lat": 37.522026, "long": 126.966187 }, "geometry": { "type": "Point", "coordinates": [ 126.966187, 37.522026 ] } },
{ "type": "Feature", "properties": { "stationID": "ST-439", "lat": 37.549026, "long": 126.971947 }, "geometry": { "type": "Point", "coordinates": [ 126.971947, 37.549026 ] } },
{ "type": "Feature", "properties": { "stationID": "ST-438", "lat": 37.541653, "long": 126.970505 }, "geometry": { "type": "Point", "coordinates": [ 126.970505, 37.541653 ] } },
{ "type": "Feature", "properties": { "stationID": "ST-437", "lat": 37.544895, "long": 126.969383 }, "geometry": { "type": "Point", "coordinates": [ 126.969383, 37.544895 ] } },
{ "type": "Feature", "properties": { "stationID": "ST-436", "lat": 37.533451, "long": 126.971733 }, "geometry": { "type": "Point", "coordinates": [ 126.971733, 37.533451 ] } },
{ "type": "Feature", "properties": { "stationID": "ST-435", "lat": 37.530148, "long": 126.968483 }, "geometry": { "type": "Point", "coordinates": [ 126.968483, 37.530148 ] } },
{ "type": "Feature", "properties": { "stationID": "ST-434", "lat": 37.537514, "long": 126.967567 }, "geometry": { "type": "Point", "coordinates": [ 126.967567, 37.537514 ] } },
{ "type": "Feature", "properties": { "stationID": "ST-433", "lat": 37.536671, "long": 126.832184 }, "geometry": { "type": "Point", "coordinates": [ 126.832184, 37.536671 ] } },
{ "type": "Feature", "properties": { "stationID": "ST-432", "lat": 37.516197, "long": 126.8349 }, "geometry": { "type": "Point", "coordinates": [ 126.8349, 37.516197 ] } },
{ "type": "Feature", "properties": { "stationID": "ST-431", "lat": 37.531097, "long": 126.864029 }, "geometry": { "type": "Point", "coordinates": [ 126.864029, 37.531097 ] } },
{ "type": "Feature", "properties": { "stationID": "ST-430", "lat": 37.522659, "long": 126.870834 }, "geometry": { "type": "Point", "coordinates": [ 126.870834, 37.522659 ] } },
{ "type": "Feature", "properties": { "stationID": "ST-43", "lat": 37.559864, "long": 126.934418 }, "geometry": { "type": "Point", "coordinates": [ 126.934418, 37.559864 ] } },
{ "type": "Feature", "properties": { "stationID": "ST-429", "lat": 37.514713, "long": 126.860916 }, "geometry": { "type": "Point", "coordinates": [ 126.860916, 37.514713 ] } },
{ "type": "Feature", "properties": { "stationID": "ST-428", "lat": 37.517319, "long": 126.864319 }, "geometry": { "type": "Point", "coordinates": [ 126.864319, 37.517319 ] } },
{ "type": "Feature", "properties": { "stationID": "ST-427", "lat": 37.52845, "long": 126.8722 }, "geometry": { "type": "Point", "coordinates": [ 126.8722, 37.52845 ] } },
{ "type": "Feature", "properties": { "stationID": "ST-426", "lat": 37.535339, "long": 126.903679 }, "geometry": { "type": "Point", "coordinates": [ 126.903679, 37.535339 ] } },
{ "type": "Feature", "properties": { "stationID": "ST-425", "lat": 37.518963, "long": 126.921616 }, "geometry": { "type": "Point", "coordinates": [ 126.921616, 37.518963 ] } },
{ "type": "Feature", "properties": { "stationID": "ST-424", "lat": 37.522343, "long": 126.927101 }, "geometry": { "type": "Point", "coordinates": [ 126.927101, 37.522343 ] } },
{ "type": "Feature", "properties": { "stationID": "ST-422", "lat": 37.534718, "long": 126.900002 }, "geometry": { "type": "Point", "coordinates": [ 126.900002, 37.534718 ] } },
{ "type": "Feature", "properties": { "stationID": "ST-421", "lat": 37.535961, "long": 126.8983 }, "geometry": { "type": "Point", "coordinates": [ 126.8983, 37.535961 ] } },
{ "type": "Feature", "properties": { "stationID": "ST-420", "lat": 37.520294, "long": 126.901192 }, "geometry": { "type": "Point", "coordinates": [ 126.901192, 37.520294 ] } },
{ "type": "Feature", "properties": { "stationID": "ST-42", "lat": 37.562382, "long": 126.932648 }, "geometry": { "type": "Point", "coordinates": [ 126.932648, 37.562382 ] } },
{ "type": "Feature", "properties": { "stationID": "ST-419", "lat": 37.521133, "long": 126.896538 }, "geometry": { "type": "Point", "coordinates": [ 126.896538, 37.521133 ] } },
{ "type": "Feature", "properties": { "stationID": "ST-418", "lat": 37.521931, "long": 126.891617 }, "geometry": { "type": "Point", "coordinates": [ 126.891617, 37.521931 ] } },
{ "type": "Feature", "properties": { "stationID": "ST-417", "lat": 37.517151, "long": 126.888626 }, "geometry": { "type": "Point", "coordinates": [ 126.888626, 37.517151 ] } },
{ "type": "Feature", "properties": { "stationID": "ST-416", "lat": 37.519089, "long": 126.889099 }, "geometry": { "type": "Point", "coordinates": [ 126.889099, 37.519089 ] } },
{ "type": "Feature", "properties": { "stationID": "ST-414", "lat": 37.533657, "long": 126.912163 }, "geometry": { "type": "Point", "coordinates": [ 126.912163, 37.533657 ] } },
{ "type": "Feature", "properties": { "stationID": "ST-413", "lat": 37.524357, "long": 126.896004 }, "geometry": { "type": "Point", "coordinates": [ 126.896004, 37.524357 ] } },
{ "type": "Feature", "properties": { "stationID": "ST-410", "lat": 37.566971, "long": 127.074295 }, "geometry": { "type": "Point", "coordinates": [ 127.074295, 37.566971 ] } },
{ "type": "Feature", "properties": { "stationID": "ST-41", "lat": 37.560009, "long": 126.940735 }, "geometry": { "type": "Point", "coordinates": [ 126.940735, 37.560009 ] } },
{ "type": "Feature", "properties": { "stationID": "ST-409", "lat": 37.570354, "long": 127.048431 }, "geometry": { "type": "Point", "coordinates": [ 127.048431, 37.570354 ] } },
{ "type": "Feature", "properties": { "stationID": "ST-408", "lat": 37.573753, "long": 127.038536 }, "geometry": { "type": "Point", "coordinates": [ 127.038536, 37.573753 ] } },
{ "type": "Feature", "properties": { "stationID": "ST-407", "lat": 37.58255, "long": 127.044601 }, "geometry": { "type": "Point", "coordinates": [ 127.044601, 37.58255 ] } },
{ "type": "Feature", "properties": { "stationID": "ST-406", "lat": 37.585045, "long": 127.060272 }, "geometry": { "type": "Point", "coordinates": [ 127.060272, 37.585045 ] } },
{ "type": "Feature", "properties": { "stationID": "ST-405", "lat": 37.583008, "long": 127.060974 }, "geometry": { "type": "Point", "coordinates": [ 127.060974, 37.583008 ] } },
{ "type": "Feature", "properties": { "stationID": "ST-404", "lat": 37.591614, "long": 127.045792 }, "geometry": { "type": "Point", "coordinates": [ 127.045792, 37.591614 ] } },
{ "type": "Feature", "properties": { "stationID": "ST-403", "lat": 37.590736, "long": 127.042587 }, "geometry": { "type": "Point", "coordinates": [ 127.042587, 37.590736 ] } },
{ "type": "Feature", "properties": { "stationID": "ST-402", "lat": 37.587517, "long": 127.052773 }, "geometry": { "type": "Point", "coordinates": [ 127.052773, 37.587517 ] } },
{ "type": "Feature", "properties": { "stationID": "ST-401", "lat": 37.59602, "long": 127.05983 }, "geometry": { "type": "Point", "coordinates": [ 127.05983, 37.59602 ] } },
{ "type": "Feature", "properties": { "stationID": "ST-400", "lat": 37.580498, "long": 127.044724 }, "geometry": { "type": "Point", "coordinates": [ 127.044724, 37.580498 ] } },
{ "type": "Feature", "properties": { "stationID": "ST-40", "lat": 37.559177, "long": 126.934525 }, "geometry": { "type": "Point", "coordinates": [ 126.934525, 37.559177 ] } },
{ "type": "Feature", "properties": { "stationID": "ST-4", "lat": 37.555649, "long": 126.910629 }, "geometry": { "type": "Point", "coordinates": [ 126.910629, 37.555649 ] } },
{ "type": "Feature", "properties": { "stationID": "ST-399", "lat": 37.581047, "long": 127.046135 }, "geometry": { "type": "Point", "coordinates": [ 127.046135, 37.581047 ] } },
{ "type": "Feature", "properties": { "stationID": "ST-398", "lat": 37.568184, "long": 127.051277 }, "geometry": { "type": "Point", "coordinates": [ 127.051277, 37.568184 ] } },
{ "type": "Feature", "properties": { "stationID": "ST-397", "lat": 37.574776, "long": 127.040367 }, "geometry": { "type": "Point", "coordinates": [ 127.040367, 37.574776 ] } },
{ "type": "Feature", "properties": { "stationID": "ST-396", "lat": 37.586777, "long": 127.067642 }, "geometry": { "type": "Point", "coordinates": [ 127.067642, 37.586777 ] } },
{ "type": "Feature", "properties": { "stationID": "ST-395", "lat": 37.578632, "long": 127.071907 }, "geometry": { "type": "Point", "coordinates": [ 127.071907, 37.578632 ] } },
{ "type": "Feature", "properties": { "stationID": "ST-394", "lat": 37.561153, "long": 127.070969 }, "geometry": { "type": "Point", "coordinates": [ 127.070969, 37.561153 ] } },
{ "type": "Feature", "properties": { "stationID": "ST-393", "lat": 37.568192, "long": 127.057175 }, "geometry": { "type": "Point", "coordinates": [ 127.057175, 37.568192 ] } },
{ "type": "Feature", "properties": { "stationID": "ST-392", "lat": 37.574188, "long": 127.045891 }, "geometry": { "type": "Point", "coordinates": [ 127.045891, 37.574188 ] } },
{ "type": "Feature", "properties": { "stationID": "ST-391", "lat": 37.583698, "long": 127.053856 }, "geometry": { "type": "Point", "coordinates": [ 127.053856, 37.583698 ] } },
{ "type": "Feature", "properties": { "stationID": "ST-390", "lat": 37.577793, "long": 127.057831 }, "geometry": { "type": "Point", "coordinates": [ 127.057831, 37.577793 ] } },
{ "type": "Feature", "properties": { "stationID": "ST-39", "lat": 37.556812, "long": 126.943184 }, "geometry": { "type": "Point", "coordinates": [ 126.943184, 37.556812 ] } },
{ "type": "Feature", "properties": { "stationID": "ST-389", "lat": 37.57489, "long": 127.053535 }, "geometry": { "type": "Point", "coordinates": [ 127.053535, 37.57489 ] } },
{ "type": "Feature", "properties": { "stationID": "ST-388", "lat": 37.546547, "long": 127.106133 }, "geometry": { "type": "Point", "coordinates": [ 127.106133, 37.546547 ] } },
{ "type": "Feature", "properties": { "stationID": "ST-387", "lat": 37.54483, "long": 127.104263 }, "geometry": { "type": "Point", "coordinates": [ 127.104263, 37.54483 ] } },
{ "type": "Feature", "properties": { "stationID": "ST-386", "lat": 37.564293, "long": 127.086937 }, "geometry": { "type": "Point", "coordinates": [ 127.086937, 37.564293 ] } },
{ "type": "Feature", "properties": { "stationID": "ST-385", "lat": 37.551849, "long": 127.088982 }, "geometry": { "type": "Point", "coordinates": [ 127.088982, 37.551849 ] } },
{ "type": "Feature", "properties": { "stationID": "ST-384", "lat": 37.545231, "long": 127.084732 }, "geometry": { "type": "Point", "coordinates": [ 127.084732, 37.545231 ] } },
{ "type": "Feature", "properties": { "stationID": "ST-383", "lat": 37.56538, "long": 127.08651 }, "geometry": { "type": "Point", "coordinates": [ 127.08651, 37.56538 ] } },
{ "type": "Feature", "properties": { "stationID": "ST-382", "lat": 37.550396, "long": 127.075859 }, "geometry": { "type": "Point", "coordinates": [ 127.075859, 37.550396 ] } },
{ "type": "Feature", "properties": { "stationID": "ST-381", "lat": 37.537849, "long": 127.092171 }, "geometry": { "type": "Point", "coordinates": [ 127.092171, 37.537849 ] } },
{ "type": "Feature", "properties": { "stationID": "ST-380", "lat": 37.519463, "long": 126.902649 }, "geometry": { "type": "Point", "coordinates": [ 126.902649, 37.519463 ] } },
{ "type": "Feature", "properties": { "stationID": "ST-38", "lat": 37.556004, "long": 126.942299 }, "geometry": { "type": "Point", "coordinates": [ 126.942299, 37.556004 ] } },
{ "type": "Feature", "properties": { "stationID": "ST-379", "lat": 37.571255, "long": 127.079803 }, "geometry": { "type": "Point", "coordinates": [ 127.079803, 37.571255 ] } },
{ "type": "Feature", "properties": { "stationID": "ST-378", "lat": 37.536579, "long": 127.092972 }, "geometry": { "type": "Point", "coordinates": [ 127.092972, 37.536579 ] } },
{ "type": "Feature", "properties": { "stationID": "ST-377", "lat": 37.539841, "long": 127.093887 }, "geometry": { "type": "Point", "coordinates": [ 127.093887, 37.539841 ] } },
{ "type": "Feature", "properties": { "stationID": "ST-376", "lat": 37.56797, "long": 127.04689 }, "geometry": { "type": "Point", "coordinates": [ 127.04689, 37.56797 ] } },
{ "type": "Feature", "properties": { "stationID": "ST-375", "lat": 37.543179, "long": 127.04908 }, "geometry": { "type": "Point", "coordinates": [ 127.04908, 37.543179 ] } },
{ "type": "Feature", "properties": { "stationID": "ST-374", "lat": 37.561012, "long": 127.054237 }, "geometry": { "type": "Point", "coordinates": [ 127.054237, 37.561012 ] } },
{ "type": "Feature", "properties": { "stationID": "ST-373", "lat": 37.554493, "long": 127.02021 }, "geometry": { "type": "Point", "coordinates": [ 127.02021, 37.554493 ] } },
{ "type": "Feature", "properties": { "stationID": "ST-372", "lat": 37.565205, "long": 127.041847 }, "geometry": { "type": "Point", "coordinates": [ 127.041847, 37.565205 ] } },
{ "type": "Feature", "properties": { "stationID": "ST-371", "lat": 37.54829, "long": 127.062462 }, "geometry": { "type": "Point", "coordinates": [ 127.062462, 37.54829 ] } },
{ "type": "Feature", "properties": { "stationID": "ST-370", "lat": 37.549583, "long": 127.030243 }, "geometry": { "type": "Point", "coordinates": [ 127.030243, 37.549583 ] } },
{ "type": "Feature", "properties": { "stationID": "ST-37", "lat": 37.559227, "long": 126.939842 }, "geometry": { "type": "Point", "coordinates": [ 126.939842, 37.559227 ] } },
{ "type": "Feature", "properties": { "stationID": "ST-369", "lat": 37.571102, "long": 127.02356 }, "geometry": { "type": "Point", "coordinates": [ 127.02356, 37.571102 ] } },
{ "type": "Feature", "properties": { "stationID": "ST-368", "lat": 37.54459, "long": 127.057083 }, "geometry": { "type": "Point", "coordinates": [ 127.057083, 37.54459 ] } },
{ "type": "Feature", "properties": { "stationID": "ST-367", "lat": 37.545208, "long": 127.047142 }, "geometry": { "type": "Point", "coordinates": [ 127.047142, 37.545208 ] } },
{ "type": "Feature", "properties": { "stationID": "ST-366", "lat": 37.541367, "long": 127.017761 }, "geometry": { "type": "Point", "coordinates": [ 127.017761, 37.541367 ] } },
{ "type": "Feature", "properties": { "stationID": "ST-365", "lat": 37.547928, "long": 127.015572 }, "geometry": { "type": "Point", "coordinates": [ 127.015572, 37.547928 ] } },
{ "type": "Feature", "properties": { "stationID": "ST-364", "lat": 37.547913, "long": 127.062752 }, "geometry": { "type": "Point", "coordinates": [ 127.062752, 37.547913 ] } },
{ "type": "Feature", "properties": { "stationID": "ST-363", "lat": 37.559246, "long": 127.07341 }, "geometry": { "type": "Point", "coordinates": [ 127.07341, 37.559246 ] } },
{ "type": "Feature", "properties": { "stationID": "ST-362", "lat": 37.542816, "long": 127.04467 }, "geometry": { "type": "Point", "coordinates": [ 127.04467, 37.542816 ] } },
{ "type": "Feature", "properties": { "stationID": "ST-361", "lat": 37.551205, "long": 127.068932 }, "geometry": { "type": "Point", "coordinates": [ 127.068932, 37.551205 ] } },
{ "type": "Feature", "properties": { "stationID": "ST-360", "lat": 37.561096, "long": 127.036797 }, "geometry": { "type": "Point", "coordinates": [ 127.036797, 37.561096 ] } },
{ "type": "Feature", "properties": { "stationID": "ST-36", "lat": 37.557892, "long": 126.93808 }, "geometry": { "type": "Point", "coordinates": [ 126.93808, 37.557892 ] } },
{ "type": "Feature", "properties": { "stationID": "ST-359", "lat": 37.564606, "long": 127.036522 }, "geometry": { "type": "Point", "coordinates": [ 127.036522, 37.564606 ] } },
{ "type": "Feature", "properties": { "stationID": "ST-358", "lat": 37.567642, "long": 127.025696 }, "geometry": { "type": "Point", "coordinates": [ 127.025696, 37.567642 ] } },
{ "type": "Feature", "properties": { "stationID": "ST-357", "lat": 37.542053, "long": 127.020401 }, "geometry": { "type": "Point", "coordinates": [ 127.020401, 37.542053 ] } },
{ "type": "Feature", "properties": { "stationID": "ST-356", "lat": 37.548164, "long": 127.06237 }, "geometry": { "type": "Point", "coordinates": [ 127.06237, 37.548164 ] } },
{ "type": "Feature", "properties": { "stationID": "ST-355", "lat": 37.548149, "long": 127.06707 }, "geometry": { "type": "Point", "coordinates": [ 127.06707, 37.548149 ] } },
{ "type": "Feature", "properties": { "stationID": "ST-354", "lat": 37.563908, "long": 126.964973 }, "geometry": { "type": "Point", "coordinates": [ 126.964973, 37.563908 ] } },
{ "type": "Feature", "properties": { "stationID": "ST-353", "lat": 37.573921, "long": 126.958305 }, "geometry": { "type": "Point", "coordinates": [ 126.958305, 37.573921 ] } },
{ "type": "Feature", "properties": { "stationID": "ST-352", "lat": 37.56612, "long": 126.925896 }, "geometry": { "type": "Point", "coordinates": [ 126.925896, 37.56612 ] } },
{ "type": "Feature", "properties": { "stationID": "ST-351", "lat": 37.567657, "long": 126.917809 }, "geometry": { "type": "Point", "coordinates": [ 126.917809, 37.567657 ] } },
{ "type": "Feature", "properties": { "stationID": "ST-350", "lat": 37.577316, "long": 126.902969 }, "geometry": { "type": "Point", "coordinates": [ 126.902969, 37.577316 ] } },
{ "type": "Feature", "properties": { "stationID": "ST-35", "lat": 37.582031, "long": 126.908997 }, "geometry": { "type": "Point", "coordinates": [ 126.908997, 37.582031 ] } },
{ "type": "Feature", "properties": { "stationID": "ST-349", "lat": 37.579876, "long": 126.906349 }, "geometry": { "type": "Point", "coordinates": [ 126.906349, 37.579876 ] } },
{ "type": "Feature", "properties": { "stationID": "ST-348", "lat": 37.572227, "long": 126.923065 }, "geometry": { "type": "Point", "coordinates": [ 126.923065, 37.572227 ] } },
{ "type": "Feature", "properties": { "stationID": "ST-347", "lat": 37.578892, "long": 126.910736 }, "geometry": { "type": "Point", "coordinates": [ 126.910736, 37.578892 ] } },
{ "type": "Feature", "properties": { "stationID": "ST-346", "lat": 37.586388, "long": 126.935127 }, "geometry": { "type": "Point", "coordinates": [ 126.935127, 37.586388 ] } },
{ "type": "Feature", "properties": { "stationID": "ST-345", "lat": 37.577637, "long": 126.909653 }, "geometry": { "type": "Point", "coordinates": [ 126.909653, 37.577637 ] } },
{ "type": "Feature", "properties": { "stationID": "ST-344", "lat": 37.563965, "long": 126.898209 }, "geometry": { "type": "Point", "coordinates": [ 126.898209, 37.563965 ] } },
{ "type": "Feature", "properties": { "stationID": "ST-343", "lat": 37.542545, "long": 126.934296 }, "geometry": { "type": "Point", "coordinates": [ 126.934296, 37.542545 ] } },
{ "type": "Feature", "properties": { "stationID": "ST-3424", "lat": 37.564484, "long": 126.848305 }, "geometry": { "type": "Point", "coordinates": [ 126.848305, 37.564484 ] } },
{ "type": "Feature", "properties": { "stationID": "ST-3423", "lat": 37.569324, "long": 127.160614 }, "geometry": { "type": "Point", "coordinates": [ 127.160614, 37.569324 ] } },
{ "type": "Feature", "properties": { "stationID": "ST-3422", "lat": 37.543007, "long": 127.084274 }, "geometry": { "type": "Point", "coordinates": [ 127.084274, 37.543007 ] } },
{ "type": "Feature", "properties": { "stationID": "ST-3421", "lat": 37.566147, "long": 126.827385 }, "geometry": { "type": "Point", "coordinates": [ 126.827385, 37.566147 ] } },
{ "type": "Feature", "properties": { "stationID": "ST-3420", "lat": 37.519394, "long": 127.013603 }, "geometry": { "type": "Point", "coordinates": [ 127.013603, 37.519394 ] } },
{ "type": "Feature", "properties": { "stationID": "ST-342", "lat": 37.558949, "long": 126.907753 }, "geometry": { "type": "Point", "coordinates": [ 126.907753, 37.558949 ] } },
{ "type": "Feature", "properties": { "stationID": "ST-3419", "lat": 37.55619, "long": 126.864639 }, "geometry": { "type": "Point", "coordinates": [ 126.864639, 37.55619 ] } },
{ "type": "Feature", "properties": { "stationID": "ST-3418", "lat": 37.57341, "long": 126.843452 }, "geometry": { "type": "Point", "coordinates": [ 126.843452, 37.57341 ] } },
{ "type": "Feature", "properties": { "stationID": "ST-3417", "lat": 37.523914, "long": 126.896011 }, "geometry": { "type": "Point", "coordinates": [ 126.896011, 37.523914 ] } },
{ "type": "Feature", "properties": { "stationID": "ST-3416", "lat": 37.532059, "long": 126.874504 }, "geometry": { "type": "Point", "coordinates": [ 126.874504, 37.532059 ] } },
{ "type": "Feature", "properties": { "stationID": "ST-3415", "lat": 37.555347, "long": 126.820724 }, "geometry": { "type": "Point", "coordinates": [ 126.820724, 37.555347 ] } },
{ "type": "Feature", "properties": { "stationID": "ST-3414", "lat": 37.468056, "long": 127.120361 }, "geometry": { "type": "Point", "coordinates": [ 127.120361, 37.468056 ] } },
{ "type": "Feature", "properties": { "stationID": "ST-3413", "lat": 37.557095, "long": 126.971832 }, "geometry": { "type": "Point", "coordinates": [ 126.971832, 37.557095 ] } },
{ "type": "Feature", "properties": { "stationID": "ST-3412", "lat": 37.564281, "long": 127.016205 }, "geometry": { "type": "Point", "coordinates": [ 127.016205, 37.564281 ] } },
{ "type": "Feature", "properties": { "stationID": "ST-3411", "lat": 37.577019, "long": 126.920151 }, "geometry": { "type": "Point", "coordinates": [ 126.920151, 37.577019 ] } },
{ "type": "Feature", "properties": { "stationID": "ST-3410", "lat": 37.584171, "long": 126.914291 }, "geometry": { "type": "Point", "coordinates": [ 126.914291, 37.584171 ] } },
{ "type": "Feature", "properties": { "stationID": "ST-341", "lat": 37.565388, "long": 126.919327 }, "geometry": { "type": "Point", "coordinates": [ 126.919327, 37.565388 ] } },
{ "type": "Feature", "properties": { "stationID": "ST-3409", "lat": 37.484882, "long": 127.132782 }, "geometry": { "type": "Point", "coordinates": [ 127.132782, 37.484882 ] } },
{ "type": "Feature", "properties": { "stationID": "ST-3408", "lat": 37.544033, "long": 126.93869 }, "geometry": { "type": "Point", "coordinates": [ 126.93869, 37.544033 ] } },
{ "type": "Feature", "properties": { "stationID": "ST-3407", "lat": 37.544704, "long": 126.882515 }, "geometry": { "type": "Point", "coordinates": [ 126.882515, 37.544704 ] } },
{ "type": "Feature", "properties": { "stationID": "ST-3406", "lat": 37.479259, "long": 126.999329 }, "geometry": { "type": "Point", "coordinates": [ 126.999329, 37.479259 ] } },
{ "type": "Feature", "properties": { "stationID": "ST-3405", "lat": 37.580246, "long": 127.046738 }, "geometry": { "type": "Point", "coordinates": [ 127.046738, 37.580246 ] } },
{ "type": "Feature", "properties": { "stationID": "ST-3404", "lat": 37.520802, "long": 126.898308 }, "geometry": { "type": "Point", "coordinates": [ 126.898308, 37.520802 ] } },
{ "type": "Feature", "properties": { "stationID": "ST-3403", "lat": 37.539707, "long": 127.017899 }, "geometry": { "type": "Point", "coordinates": [ 127.017899, 37.539707 ] } },
{ "type": "Feature", "properties": { "stationID": "ST-3402", "lat": 37.528164, "long": 126.934227 }, "geometry": { "type": "Point", "coordinates": [ 126.934227, 37.528164 ] } },
{ "type": "Feature", "properties": { "stationID": "ST-3401", "lat": 37.526455, "long": 126.933365 }, "geometry": { "type": "Point", "coordinates": [ 126.933365, 37.526455 ] } },
{ "type": "Feature", "properties": { "stationID": "ST-3400", "lat": 37.536766, "long": 127.087006 }, "geometry": { "type": "Point", "coordinates": [ 127.087006, 37.536766 ] } },
{ "type": "Feature", "properties": { "stationID": "ST-340", "lat": 37.551365, "long": 126.903061 }, "geometry": { "type": "Point", "coordinates": [ 126.903061, 37.551365 ] } },
{ "type": "Feature", "properties": { "stationID": "ST-34", "lat": 37.556889, "long": 126.935104 }, "geometry": { "type": "Point", "coordinates": [ 126.935104, 37.556889 ] } },
{ "type": "Feature", "properties": { "stationID": "ST-3399", "lat": 37.647476, "long": 127.026085 }, "geometry": { "type": "Point", "coordinates": [ 127.026085, 37.647476 ] } },
{ "type": "Feature", "properties": { "stationID": "ST-3398", "lat": 37.534401, "long": 126.896309 }, "geometry": { "type": "Point", "coordinates": [ 126.896309, 37.534401 ] } },
{ "type": "Feature", "properties": { "stationID": "ST-3397", "lat": 37.528145, "long": 126.921753 }, "geometry": { "type": "Point", "coordinates": [ 126.921753, 37.528145 ] } },
{ "type": "Feature", "properties": { "stationID": "ST-3396", "lat": 37.480553, "long": 126.88176 }, "geometry": { "type": "Point", "coordinates": [ 126.88176, 37.480553 ] } },
{ "type": "Feature", "properties": { "stationID": "ST-3394", "lat": 37.525948, "long": 127.020828 }, "geometry": { "type": "Point", "coordinates": [ 127.020828, 37.525948 ] } },
{ "type": "Feature", "properties": { "stationID": "ST-3393", "lat": 37.550182, "long": 127.042099 }, "geometry": { "type": "Point", "coordinates": [ 127.042099, 37.550182 ] } },
{ "type": "Feature", "properties": { "stationID": "ST-3392", "lat": 37.492657, "long": 126.9245 }, "geometry": { "type": "Point", "coordinates": [ 126.9245, 37.492657 ] } },
{ "type": "Feature", "properties": { "stationID": "ST-3391", "lat": 37.517754, "long": 127.084465 }, "geometry": { "type": "Point", "coordinates": [ 127.084465, 37.517754 ] } },
{ "type": "Feature", "properties": { "stationID": "ST-3390", "lat": 37.529613, "long": 127.066261 }, "geometry": { "type": "Point", "coordinates": [ 127.066261, 37.529613 ] } },
{ "type": "Feature", "properties": { "stationID": "ST-339", "lat": 37.551342, "long": 126.902672 }, "geometry": { "type": "Point", "coordinates": [ 126.902672, 37.551342 ] } },
{ "type": "Feature", "properties": { "stationID": "ST-3389", "lat": 37.526432, "long": 127.017204 }, "geometry": { "type": "Point", "coordinates": [ 127.017204, 37.526432 ] } },
{ "type": "Feature", "properties": { "stationID": "ST-3388", "lat": 37.554665, "long": 126.895905 }, "geometry": { "type": "Point", "coordinates": [ 126.895905, 37.554665 ] } },
{ "type": "Feature", "properties": { "stationID": "ST-3386", "lat": 37.525307, "long": 127.033028 }, "geometry": { "type": "Point", "coordinates": [ 127.033028, 37.525307 ] } },
{ "type": "Feature", "properties": { "stationID": "ST-3385", "lat": 37.466938, "long": 127.028084 }, "geometry": { "type": "Point", "coordinates": [ 127.028084, 37.466938 ] } },
{ "type": "Feature", "properties": { "stationID": "ST-3384", "lat": 37.501869, "long": 127.137413 }, "geometry": { "type": "Point", "coordinates": [ 127.137413, 37.501869 ] } },
{ "type": "Feature", "properties": { "stationID": "ST-3383", "lat": 37.530903, "long": 126.913757 }, "geometry": { "type": "Point", "coordinates": [ 126.913757, 37.530903 ] } },
{ "type": "Feature", "properties": { "stationID": "ST-3382", "lat": 37.578728, "long": 127.049301 }, "geometry": { "type": "Point", "coordinates": [ 127.049301, 37.578728 ] } },
{ "type": "Feature", "properties": { "stationID": "ST-3381", "lat": 37.565388, "long": 127.015221 }, "geometry": { "type": "Point", "coordinates": [ 127.015221, 37.565388 ] } },
{ "type": "Feature", "properties": { "stationID": "ST-3380", "lat": 37.544083, "long": 126.949593 }, "geometry": { "type": "Point", "coordinates": [ 126.949593, 37.544083 ] } },
{ "type": "Feature", "properties": { "stationID": "ST-338", "lat": 37.566994, "long": 127.003464 }, "geometry": { "type": "Point", "coordinates": [ 127.003464, 37.566994 ] } },
{ "type": "Feature", "properties": { "stationID": "ST-3379", "lat": 37.502087, "long": 127.021622 }, "geometry": { "type": "Point", "coordinates": [ 127.021622, 37.502087 ] } },
{ "type": "Feature", "properties": { "stationID": "ST-3378", "lat": 37.602547, "long": 127.02562 }, "geometry": { "type": "Point", "coordinates": [ 127.02562, 37.602547 ] } },
{ "type": "Feature", "properties": { "stationID": "ST-3377", "lat": 37.529854, "long": 126.914795 }, "geometry": { "type": "Point", "coordinates": [ 126.914795, 37.529854 ] } },
{ "type": "Feature", "properties": { "stationID": "ST-3376", "lat": 37.479553, "long": 127.106667 }, "geometry": { "type": "Point", "coordinates": [ 127.106667, 37.479553 ] } },
{ "type": "Feature", "properties": { "stationID": "ST-3375", "lat": 37.521645, "long": 126.939209 }, "geometry": { "type": "Point", "coordinates": [ 126.939209, 37.521645 ] } },
{ "type": "Feature", "properties": { "stationID": "ST-3374", "lat": 37.527679, "long": 126.908455 }, "geometry": { "type": "Point", "coordinates": [ 126.908455, 37.527679 ] } },
{ "type": "Feature", "properties": { "stationID": "ST-3373", "lat": 37.565796, "long": 127.159607 }, "geometry": { "type": "Point", "coordinates": [ 127.159607, 37.565796 ] } },
{ "type": "Feature", "properties": { "stationID": "ST-3372", "lat": 37.557289, "long": 127.138954 }, "geometry": { "type": "Point", "coordinates": [ 127.138954, 37.557289 ] } },
{ "type": "Feature", "properties": { "stationID": "ST-3371", "lat": 37.562695, "long": 126.82708 }, "geometry": { "type": "Point", "coordinates": [ 126.82708, 37.562695 ] } },
{ "type": "Feature", "properties": { "stationID": "ST-3370", "lat": 37.571434, "long": 126.82885 }, "geometry": { "type": "Point", "coordinates": [ 126.82885, 37.571434 ] } },
{ "type": "Feature", "properties": { "stationID": "ST-337", "lat": 37.590233, "long": 126.99852 }, "geometry": { "type": "Point", "coordinates": [ 126.99852, 37.590233 ] } },
{ "type": "Feature", "properties": { "stationID": "ST-3369", "lat": 37.533875, "long": 127.088142 }, "geometry": { "type": "Point", "coordinates": [ 127.088142, 37.533875 ] } },
{ "type": "Feature", "properties": { "stationID": "ST-3368", "lat": 37.652836, "long": 127.045502 }, "geometry": { "type": "Point", "coordinates": [ 127.045502, 37.652836 ] } },
{ "type": "Feature", "properties": { "stationID": "ST-3367", "lat": 37.541637, "long": 127.095085 }, "geometry": { "type": "Point", "coordinates": [ 127.095085, 37.541637 ] } },
{ "type": "Feature", "properties": { "stationID": "ST-3366", "lat": 37.567551, "long": 127.161026 }, "geometry": { "type": "Point", "coordinates": [ 127.161026, 37.567551 ] } },
{ "type": "Feature", "properties": { "stationID": "ST-3365", "lat": 37.569782, "long": 126.841751 }, "geometry": { "type": "Point", "coordinates": [ 126.841751, 37.569782 ] } },
{ "type": "Feature", "properties": { "stationID": "ST-3364", "lat": 37.478165, "long": 127.056305 }, "geometry": { "type": "Point", "coordinates": [ 127.056305, 37.478165 ] } },
{ "type": "Feature", "properties": { "stationID": "ST-3363", "lat": 37.583263, "long": 127.057213 }, "geometry": { "type": "Point", "coordinates": [ 127.057213, 37.583263 ] } },
{ "type": "Feature", "properties": { "stationID": "ST-3362", "lat": 37.583076, "long": 127.04863 }, "geometry": { "type": "Point", "coordinates": [ 127.04863, 37.583076 ] } },
{ "type": "Feature", "properties": { "stationID": "ST-3361", "lat": 37.494469, "long": 127.028961 }, "geometry": { "type": "Point", "coordinates": [ 127.028961, 37.494469 ] } },
{ "type": "Feature", "properties": { "stationID": "ST-3360", "lat": 37.499714, "long": 127.012123 }, "geometry": { "type": "Point", "coordinates": [ 127.012123, 37.499714 ] } },
{ "type": "Feature", "properties": { "stationID": "ST-336", "lat": 37.569836, "long": 126.982658 }, "geometry": { "type": "Point", "coordinates": [ 126.982658, 37.569836 ] } },
{ "type": "Feature", "properties": { "stationID": "ST-3359", "lat": 37.499973, "long": 126.90979 }, "geometry": { "type": "Point", "coordinates": [ 126.90979, 37.499973 ] } },
{ "type": "Feature", "properties": { "stationID": "ST-3358", "lat": 37.564915, "long": 127.160255 }, "geometry": { "type": "Point", "coordinates": [ 127.160255, 37.564915 ] } },
{ "type": "Feature", "properties": { "stationID": "ST-3357", "lat": 37.623562, "long": 127.081383 }, "geometry": { "type": "Point", "coordinates": [ 127.081383, 37.623562 ] } },
{ "type": "Feature", "properties": { "stationID": "ST-3356", "lat": 37.582298, "long": 127.029366 }, "geometry": { "type": "Point", "coordinates": [ 127.029366, 37.582298 ] } },
{ "type": "Feature", "properties": { "stationID": "ST-3355", "lat": 37.540737, "long": 126.942665 }, "geometry": { "type": "Point", "coordinates": [ 126.942665, 37.540737 ] } },
{ "type": "Feature", "properties": { "stationID": "ST-3354", "lat": 37.580559, "long": 126.968788 }, "geometry": { "type": "Point", "coordinates": [ 126.968788, 37.580559 ] } },
{ "type": "Feature", "properties": { "stationID": "ST-3353", "lat": 37.569069, "long": 127.069466 }, "geometry": { "type": "Point", "coordinates": [ 127.069466, 37.569069 ] } },
{ "type": "Feature", "properties": { "stationID": "ST-3352", "lat": 37.557568, "long": 127.14016 }, "geometry": { "type": "Point", "coordinates": [ 127.14016, 37.557568 ] } },
{ "type": "Feature", "properties": { "stationID": "ST-3351", "lat": 37.540886, "long": 127.079285 }, "geometry": { "type": "Point", "coordinates": [ 127.079285, 37.540886 ] } },
{ "type": "Feature", "properties": { "stationID": "ST-3350", "lat": 37.475979, "long": 126.98391 }, "geometry": { "type": "Point", "coordinates": [ 126.98391, 37.475979 ] } },
{ "type": "Feature", "properties": { "stationID": "ST-335", "lat": 37.518509, "long": 126.978798 }, "geometry": { "type": "Point", "coordinates": [ 126.978798, 37.518509 ] } },
{ "type": "Feature", "properties": { "stationID": "ST-3349", "lat": 37.580269, "long": 126.93425 }, "geometry": { "type": "Point", "coordinates": [ 126.93425, 37.580269 ] } },
{ "type": "Feature", "properties": { "stationID": "ST-3348", "lat": 37.51263, "long": 127.042831 }, "geometry": { "type": "Point", "coordinates": [ 127.042831, 37.51263 ] } },
{ "type": "Feature", "properties": { "stationID": "ST-3347", "lat": 37.563259, "long": 126.930244 }, "geometry": { "type": "Point", "coordinates": [ 126.930244, 37.563259 ] } },
{ "type": "Feature", "properties": { "stationID": "ST-3346", "lat": 37.61039, "long": 127.101357 }, "geometry": { "type": "Point", "coordinates": [ 127.101357, 37.61039 ] } },
{ "type": "Feature", "properties": { "stationID": "ST-3345", "lat": 37.595272, "long": 127.08213 }, "geometry": { "type": "Point", "coordinates": [ 127.08213, 37.595272 ] } },
{ "type": "Feature", "properties": { "stationID": "ST-3344", "lat": 37.605152, "long": 127.031296 }, "geometry": { "type": "Point", "coordinates": [ 127.031296, 37.605152 ] } },
{ "type": "Feature", "properties": { "stationID": "ST-3343", "lat": 37.503662, "long": 127.12606 }, "geometry": { "type": "Point", "coordinates": [ 127.12606, 37.503662 ] } },
{ "type": "Feature", "properties": { "stationID": "ST-3342", "lat": 37.560776, "long": 126.974808 }, "geometry": { "type": "Point", "coordinates": [ 126.974808, 37.560776 ] } },
{ "type": "Feature", "properties": { "stationID": "ST-3341", "lat": 37.515945, "long": 126.882889 }, "geometry": { "type": "Point", "coordinates": [ 126.882889, 37.515945 ] } },
{ "type": "Feature", "properties": { "stationID": "ST-3340", "lat": 37.551052, "long": 127.090439 }, "geometry": { "type": "Point", "coordinates": [ 127.090439, 37.551052 ] } },
{ "type": "Feature", "properties": { "stationID": "ST-334", "lat": 37.533512, "long": 126.972275 }, "geometry": { "type": "Point", "coordinates": [ 126.972275, 37.533512 ] } },
{ "type": "Feature", "properties": { "stationID": "ST-3339", "lat": 37.542065, "long": 127.098068 }, "geometry": { "type": "Point", "coordinates": [ 127.098068, 37.542065 ] } },
{ "type": "Feature", "properties": { "stationID": "ST-3338", "lat": 37.670994, "long": 127.050461 }, "geometry": { "type": "Point", "coordinates": [ 127.050461, 37.670994 ] } },
{ "type": "Feature", "properties": { "stationID": "ST-3337", "lat": 37.55875, "long": 126.859917 }, "geometry": { "type": "Point", "coordinates": [ 126.859917, 37.55875 ] } },
{ "type": "Feature", "properties": { "stationID": "ST-3336", "lat": 37.557446, "long": 127.138168 }, "geometry": { "type": "Point", "coordinates": [ 127.138168, 37.557446 ] } },
{ "type": "Feature", "properties": { "stationID": "ST-3335", "lat": 37.559494, "long": 127.145126 }, "geometry": { "type": "Point", "coordinates": [ 127.145126, 37.559494 ] } },
{ "type": "Feature", "properties": { "stationID": "ST-3334", "lat": 37.566307, "long": 127.067688 }, "geometry": { "type": "Point", "coordinates": [ 127.067688, 37.566307 ] } },
{ "type": "Feature", "properties": { "stationID": "ST-3333", "lat": 37.576225, "long": 127.025803 }, "geometry": { "type": "Point", "coordinates": [ 127.025803, 37.576225 ] } },
{ "type": "Feature", "properties": { "stationID": "ST-3332", "lat": 37.508369, "long": 127.022324 }, "geometry": { "type": "Point", "coordinates": [ 127.022324, 37.508369 ] } },
{ "type": "Feature", "properties": { "stationID": "ST-3331", "lat": 37.520981, "long": 126.889297 }, "geometry": { "type": "Point", "coordinates": [ 126.889297, 37.520981 ] } },
{ "type": "Feature", "properties": { "stationID": "ST-3330", "lat": 37.518982, "long": 126.889404 }, "geometry": { "type": "Point", "coordinates": [ 126.889404, 37.518982 ] } },
{ "type": "Feature", "properties": { "stationID": "ST-333", "lat": 37.53484, "long": 126.977661 }, "geometry": { "type": "Point", "coordinates": [ 126.977661, 37.53484 ] } },
{ "type": "Feature", "properties": { "stationID": "ST-3329", "lat": 37.540436, "long": 127.148399 }, "geometry": { "type": "Point", "coordinates": [ 127.148399, 37.540436 ] } },
{ "type": "Feature", "properties": { "stationID": "ST-3328", "lat": 37.573055, "long": 127.057213 }, "geometry": { "type": "Point", "coordinates": [ 127.057213, 37.573055 ] } },
{ "type": "Feature", "properties": { "stationID": "ST-3327", "lat": 37.543449, "long": 126.838913 }, "geometry": { "type": "Point", "coordinates": [ 126.838913, 37.543449 ] } },
{ "type": "Feature", "properties": { "stationID": "ST-3326", "lat": 37.543781, "long": 127.058037 }, "geometry": { "type": "Point", "coordinates": [ 127.058037, 37.543781 ] } },
{ "type": "Feature", "properties": { "stationID": "ST-3325", "lat": 37.544365, "long": 127.055931 }, "geometry": { "type": "Point", "coordinates": [ 127.055931, 37.544365 ] } },
{ "type": "Feature", "properties": { "stationID": "ST-3324", "lat": 37.56356, "long": 126.824623 }, "geometry": { "type": "Point", "coordinates": [ 126.824623, 37.56356 ] } },
{ "type": "Feature", "properties": { "stationID": "ST-3323", "lat": 37.524212, "long": 126.90995 }, "geometry": { "type": "Point", "coordinates": [ 126.90995, 37.524212 ] } },
{ "type": "Feature", "properties": { "stationID": "ST-3322", "lat": 37.524567, "long": 126.902 }, "geometry": { "type": "Point", "coordinates": [ 126.902, 37.524567 ] } },
{ "type": "Feature", "properties": { "stationID": "ST-3321", "lat": 37.571796, "long": 127.038658 }, "geometry": { "type": "Point", "coordinates": [ 127.038658, 37.571796 ] } },
{ "type": "Feature", "properties": { "stationID": "ST-3320", "lat": 37.569115, "long": 127.037544 }, "geometry": { "type": "Point", "coordinates": [ 127.037544, 37.569115 ] } },
{ "type": "Feature", "properties": { "stationID": "ST-332", "lat": 37.53508, "long": 126.985382 }, "geometry": { "type": "Point", "coordinates": [ 126.985382, 37.53508 ] } },
{ "type": "Feature", "properties": { "stationID": "ST-3319", "lat": 37.531834, "long": 126.919456 }, "geometry": { "type": "Point", "coordinates": [ 126.919456, 37.531834 ] } },
{ "type": "Feature", "properties": { "stationID": "ST-3318", "lat": 37.531071, "long": 126.916687 }, "geometry": { "type": "Point", "coordinates": [ 126.916687, 37.531071 ] } },
{ "type": "Feature", "properties": { "stationID": "ST-3317", "lat": 37.573444, "long": 127.040886 }, "geometry": { "type": "Point", "coordinates": [ 127.040886, 37.573444 ] } },
{ "type": "Feature", "properties": { "stationID": "ST-3316", "lat": 37.566002, "long": 127.054314 }, "geometry": { "type": "Point", "coordinates": [ 127.054314, 37.566002 ] } },
{ "type": "Feature", "properties": { "stationID": "ST-3315", "lat": 37.523491, "long": 126.921623 }, "geometry": { "type": "Point", "coordinates": [ 126.921623, 37.523491 ] } },
{ "type": "Feature", "properties": { "stationID": "ST-3314", "lat": 37.518372, "long": 126.898445 }, "geometry": { "type": "Point", "coordinates": [ 126.898445, 37.518372 ] } },
{ "type": "Feature", "properties": { "stationID": "ST-3313", "lat": 37.515209, "long": 126.897629 }, "geometry": { "type": "Point", "coordinates": [ 126.897629, 37.515209 ] } },
{ "type": "Feature", "properties": { "stationID": "ST-3312", "lat": 37.540043, "long": 127.150742 }, "geometry": { "type": "Point", "coordinates": [ 127.150742, 37.540043 ] } },
{ "type": "Feature", "properties": { "stationID": "ST-3311", "lat": 37.507607, "long": 126.89135 }, "geometry": { "type": "Point", "coordinates": [ 126.89135, 37.507607 ] } },
{ "type": "Feature", "properties": { "stationID": "ST-3310", "lat": 37.507896, "long": 127.010056 }, "geometry": { "type": "Point", "coordinates": [ 127.010056, 37.507896 ] } },
{ "type": "Feature", "properties": { "stationID": "ST-331", "lat": 37.53841, "long": 126.986649 }, "geometry": { "type": "Point", "coordinates": [ 126.986649, 37.53841 ] } },
{ "type": "Feature", "properties": { "stationID": "ST-3309", "lat": 37.536961, "long": 127.062737 }, "geometry": { "type": "Point", "coordinates": [ 127.062737, 37.536961 ] } },
{ "type": "Feature", "properties": { "stationID": "ST-3308", "lat": 37.582047, "long": 127.020996 }, "geometry": { "type": "Point", "coordinates": [ 127.020996, 37.582047 ] } },
{ "type": "Feature", "properties": { "stationID": "ST-3307", "lat": 37.481319, "long": 127.054352 }, "geometry": { "type": "Point", "coordinates": [ 127.054352, 37.481319 ] } },
{ "type": "Feature", "properties": { "stationID": "ST-3306", "lat": 37.495636, "long": 126.857979 }, "geometry": { "type": "Point", "coordinates": [ 126.857979, 37.495636 ] } },
{ "type": "Feature", "properties": { "stationID": "ST-3305", "lat": 37.564392, "long": 126.997299 }, "geometry": { "type": "Point", "coordinates": [ 126.997299, 37.564392 ] } },
{ "type": "Feature", "properties": { "stationID": "ST-3304", "lat": 37.526497, "long": 126.864067 }, "geometry": { "type": "Point", "coordinates": [ 126.864067, 37.526497 ] } },
{ "type": "Feature", "properties": { "stationID": "ST-3303", "lat": 37.506836, "long": 126.884789 }, "geometry": { "type": "Point", "coordinates": [ 126.884789, 37.506836 ] } },
{ "type": "Feature", "properties": { "stationID": "ST-3302", "lat": 37.489204, "long": 127.051064 }, "geometry": { "type": "Point", "coordinates": [ 127.051064, 37.489204 ] } },
{ "type": "Feature", "properties": { "stationID": "ST-3301", "lat": 37.657036, "long": 127.065933 }, "geometry": { "type": "Point", "coordinates": [ 127.065933, 37.657036 ] } },
{ "type": "Feature", "properties": { "stationID": "ST-3300", "lat": 37.521572, "long": 127.126884 }, "geometry": { "type": "Point", "coordinates": [ 127.126884, 37.521572 ] } },
{ "type": "Feature", "properties": { "stationID": "ST-330", "lat": 37.530167, "long": 127.007439 }, "geometry": { "type": "Point", "coordinates": [ 127.007439, 37.530167 ] } },
{ "type": "Feature", "properties": { "stationID": "ST-33", "lat": 37.584171, "long": 126.911102 }, "geometry": { "type": "Point", "coordinates": [ 126.911102, 37.584171 ] } },
{ "type": "Feature", "properties": { "stationID": "ST-3299", "lat": 37.68121, "long": 127.055168 }, "geometry": { "type": "Point", "coordinates": [ 127.055168, 37.68121 ] } },
{ "type": "Feature", "properties": { "stationID": "ST-3298", "lat": 37.46949, "long": 127.047882 }, "geometry": { "type": "Point", "coordinates": [ 127.047882, 37.46949 ] } },
{ "type": "Feature", "properties": { "stationID": "ST-3297", "lat": 37.565578, "long": 126.97702 }, "geometry": { "type": "Point", "coordinates": [ 126.97702, 37.565578 ] } },
{ "type": "Feature", "properties": { "stationID": "ST-3296", "lat": 37.479549, "long": 127.064056 }, "geometry": { "type": "Point", "coordinates": [ 127.064056, 37.479549 ] } },
{ "type": "Feature", "properties": { "stationID": "ST-3295", "lat": 37.526463, "long": 127.113693 }, "geometry": { "type": "Point", "coordinates": [ 127.113693, 37.526463 ] } },
{ "type": "Feature", "properties": { "stationID": "ST-3294", "lat": 37.477486, "long": 127.057434 }, "geometry": { "type": "Point", "coordinates": [ 127.057434, 37.477486 ] } },
{ "type": "Feature", "properties": { "stationID": "ST-3293", "lat": 37.629665, "long": 127.097237 }, "geometry": { "type": "Point", "coordinates": [ 127.097237, 37.629665 ] } },
{ "type": "Feature", "properties": { "stationID": "ST-3292", "lat": 37.632332, "long": 127.0495 }, "geometry": { "type": "Point", "coordinates": [ 127.0495, 37.632332 ] } },
{ "type": "Feature", "properties": { "stationID": "ST-3291", "lat": 37.567398, "long": 127.002014 }, "geometry": { "type": "Point", "coordinates": [ 127.002014, 37.567398 ] } },
{ "type": "Feature", "properties": { "stationID": "ST-3290", "lat": 37.620632, "long": 127.083839 }, "geometry": { "type": "Point", "coordinates": [ 127.083839, 37.620632 ] } },
{ "type": "Feature", "properties": { "stationID": "ST-329", "lat": 37.520504, "long": 126.989738 }, "geometry": { "type": "Point", "coordinates": [ 126.989738, 37.520504 ] } },
{ "type": "Feature", "properties": { "stationID": "ST-3289", "lat": 37.637897, "long": 127.067604 }, "geometry": { "type": "Point", "coordinates": [ 127.067604, 37.637897 ] } },
{ "type": "Feature", "properties": { "stationID": "ST-3288", "lat": 37.656555, "long": 127.063591 }, "geometry": { "type": "Point", "coordinates": [ 127.063591, 37.656555 ] } },
{ "type": "Feature", "properties": { "stationID": "ST-3287", "lat": 37.664017, "long": 127.058174 }, "geometry": { "type": "Point", "coordinates": [ 127.058174, 37.664017 ] } },
{ "type": "Feature", "properties": { "stationID": "ST-3286", "lat": 37.577919, "long": 127.044563 }, "geometry": { "type": "Point", "coordinates": [ 127.044563, 37.577919 ] } },
{ "type": "Feature", "properties": { "stationID": "ST-3285", "lat": 37.480095, "long": 127.138496 }, "geometry": { "type": "Point", "coordinates": [ 127.138496, 37.480095 ] } },
{ "type": "Feature", "properties": { "stationID": "ST-3284", "lat": 37.546135, "long": 126.82106 }, "geometry": { "type": "Point", "coordinates": [ 126.82106, 37.546135 ] } },
{ "type": "Feature", "properties": { "stationID": "ST-3283", "lat": 37.505764, "long": 126.908661 }, "geometry": { "type": "Point", "coordinates": [ 126.908661, 37.505764 ] } },
{ "type": "Feature", "properties": { "stationID": "ST-3282", "lat": 37.628193, "long": 127.067879 }, "geometry": { "type": "Point", "coordinates": [ 127.067879, 37.628193 ] } },
{ "type": "Feature", "properties": { "stationID": "ST-3281", "lat": 37.56448, "long": 126.854645 }, "geometry": { "type": "Point", "coordinates": [ 126.854645, 37.56448 ] } },
{ "type": "Feature", "properties": { "stationID": "ST-3280", "lat": 37.671253, "long": 127.054749 }, "geometry": { "type": "Point", "coordinates": [ 127.054749, 37.671253 ] } },
{ "type": "Feature", "properties": { "stationID": "ST-328", "lat": 37.552277, "long": 126.972687 }, "geometry": { "type": "Point", "coordinates": [ 126.972687, 37.552277 ] } },
{ "type": "Feature", "properties": { "stationID": "ST-3279", "lat": 37.583694, "long": 126.894127 }, "geometry": { "type": "Point", "coordinates": [ 126.894127, 37.583694 ] } },
{ "type": "Feature", "properties": { "stationID": "ST-3278", "lat": 37.669403, "long": 127.05632 }, "geometry": { "type": "Point", "coordinates": [ 127.05632, 37.669403 ] } },
{ "type": "Feature", "properties": { "stationID": "ST-3277", "lat": 37.554733, "long": 127.057762 }, "geometry": { "type": "Point", "coordinates": [ 127.057762, 37.554733 ] } },
{ "type": "Feature", "properties": { "stationID": "ST-3276", "lat": 37.540981, "long": 126.837433 }, "geometry": { "type": "Point", "coordinates": [ 126.837433, 37.540981 ] } },
{ "type": "Feature", "properties": { "stationID": "ST-3275", "lat": 37.6091, "long": 127.111603 }, "geometry": { "type": "Point", "coordinates": [ 127.111603, 37.6091 ] } },
{ "type": "Feature", "properties": { "stationID": "ST-3274", "lat": 37.664753, "long": 127.076004 }, "geometry": { "type": "Point", "coordinates": [ 127.076004, 37.664753 ] } },
{ "type": "Feature", "properties": { "stationID": "ST-3273", "lat": 37.48885, "long": 127.156998 }, "geometry": { "type": "Point", "coordinates": [ 127.156998, 37.48885 ] } },
{ "type": "Feature", "properties": { "stationID": "ST-3272", "lat": 37.57402, "long": 126.901024 }, "geometry": { "type": "Point", "coordinates": [ 126.901024, 37.57402 ] } },
{ "type": "Feature", "properties": { "stationID": "ST-3271", "lat": 37.555157, "long": 126.952927 }, "geometry": { "type": "Point", "coordinates": [ 126.952927, 37.555157 ] } },
{ "type": "Feature", "properties": { "stationID": "ST-3270", "lat": 37.634342, "long": 127.104279 }, "geometry": { "type": "Point", "coordinates": [ 127.104279, 37.634342 ] } },
{ "type": "Feature", "properties": { "stationID": "ST-327", "lat": 37.533066, "long": 126.960732 }, "geometry": { "type": "Point", "coordinates": [ 126.960732, 37.533066 ] } },
{ "type": "Feature", "properties": { "stationID": "ST-3269", "lat": 37.662891, "long": 127.045403 }, "geometry": { "type": "Point", "coordinates": [ 127.045403, 37.662891 ] } },
{ "type": "Feature", "properties": { "stationID": "ST-3268", "lat": 37.49662, "long": 127.070999 }, "geometry": { "type": "Point", "coordinates": [ 127.070999, 37.49662 ] } },
{ "type": "Feature", "properties": { "stationID": "ST-3267", "lat": 37.56678, "long": 127.05233 }, "geometry": { "type": "Point", "coordinates": [ 127.05233, 37.56678 ] } },
{ "type": "Feature", "properties": { "stationID": "ST-3266", "lat": 37.65984, "long": 127.059357 }, "geometry": { "type": "Point", "coordinates": [ 127.059357, 37.65984 ] } },
{ "type": "Feature", "properties": { "stationID": "ST-3265", "lat": 37.551052, "long": 127.052223 }, "geometry": { "type": "Point", "coordinates": [ 127.052223, 37.551052 ] } },
{ "type": "Feature", "properties": { "stationID": "ST-3264", "lat": 37.619247, "long": 127.045586 }, "geometry": { "type": "Point", "coordinates": [ 127.045586, 37.619247 ] } },
{ "type": "Feature", "properties": { "stationID": "ST-3263", "lat": 37.573318, "long": 126.830071 }, "geometry": { "type": "Point", "coordinates": [ 126.830071, 37.573318 ] } },
{ "type": "Feature", "properties": { "stationID": "ST-3262", "lat": 37.639172, "long": 127.07473 }, "geometry": { "type": "Point", "coordinates": [ 127.07473, 37.639172 ] } },
{ "type": "Feature", "properties": { "stationID": "ST-3261", "lat": 37.564037, "long": 126.829788 }, "geometry": { "type": "Point", "coordinates": [ 126.829788, 37.564037 ] } },
{ "type": "Feature", "properties": { "stationID": "ST-3260", "lat": 37.561535, "long": 126.83194 }, "geometry": { "type": "Point", "coordinates": [ 126.83194, 37.561535 ] } },
{ "type": "Feature", "properties": { "stationID": "ST-326", "lat": 37.536758, "long": 126.970001 }, "geometry": { "type": "Point", "coordinates": [ 126.970001, 37.536758 ] } },
{ "type": "Feature", "properties": { "stationID": "ST-3259", "lat": 37.563816, "long": 126.832085 }, "geometry": { "type": "Point", "coordinates": [ 126.832085, 37.563816 ] } },
{ "type": "Feature", "properties": { "stationID": "ST-3258", "lat": 37.579021, "long": 127.042244 }, "geometry": { "type": "Point", "coordinates": [ 127.042244, 37.579021 ] } },
{ "type": "Feature", "properties": { "stationID": "ST-3257", "lat": 37.460632, "long": 127.080978 }, "geometry": { "type": "Point", "coordinates": [ 127.080978, 37.460632 ] } },
{ "type": "Feature", "properties": { "stationID": "ST-3256", "lat": 37.635345, "long": 127.067528 }, "geometry": { "type": "Point", "coordinates": [ 127.067528, 37.635345 ] } },
{ "type": "Feature", "properties": { "stationID": "ST-3255", "lat": 37.560627, "long": 126.967682 }, "geometry": { "type": "Point", "coordinates": [ 126.967682, 37.560627 ] } },
{ "type": "Feature", "properties": { "stationID": "ST-3254", "lat": 37.524647, "long": 127.049149 }, "geometry": { "type": "Point", "coordinates": [ 127.049149, 37.524647 ] } },
{ "type": "Feature", "properties": { "stationID": "ST-3253", "lat": 37.617386, "long": 127.090782 }, "geometry": { "type": "Point", "coordinates": [ 127.090782, 37.617386 ] } },
{ "type": "Feature", "properties": { "stationID": "ST-3252", "lat": 37.493126, "long": 126.884247 }, "geometry": { "type": "Point", "coordinates": [ 126.884247, 37.493126 ] } },
{ "type": "Feature", "properties": { "stationID": "ST-3251", "lat": 37.563496, "long": 126.835831 }, "geometry": { "type": "Point", "coordinates": [ 126.835831, 37.563496 ] } },
{ "type": "Feature", "properties": { "stationID": "ST-3250", "lat": 37.506119, "long": 126.901611 }, "geometry": { "type": "Point", "coordinates": [ 126.901611, 37.506119 ] } },
{ "type": "Feature", "properties": { "stationID": "ST-325", "lat": 37.538139, "long": 127.004097 }, "geometry": { "type": "Point", "coordinates": [ 127.004097, 37.538139 ] } },
{ "type": "Feature", "properties": { "stationID": "ST-3249", "lat": 37.520271, "long": 126.973351 }, "geometry": { "type": "Point", "coordinates": [ 126.973351, 37.520271 ] } },
{ "type": "Feature", "properties": { "stationID": "ST-3248", "lat": 37.533466, "long": 127.140503 }, "geometry": { "type": "Point", "coordinates": [ 127.140503, 37.533466 ] } },
{ "type": "Feature", "properties": { "stationID": "ST-3247", "lat": 37.484486, "long": 127.140678 }, "geometry": { "type": "Point", "coordinates": [ 127.140678, 37.484486 ] } },
{ "type": "Feature", "properties": { "stationID": "ST-3246", "lat": 37.504112, "long": 127.076622 }, "geometry": { "type": "Point", "coordinates": [ 127.076622, 37.504112 ] } },
{ "type": "Feature", "properties": { "stationID": "ST-3245", "lat": 37.481857, "long": 127.104561 }, "geometry": { "type": "Point", "coordinates": [ 127.104561, 37.481857 ] } },
{ "type": "Feature", "properties": { "stationID": "ST-3244", "lat": 37.572124, "long": 126.905975 }, "geometry": { "type": "Point", "coordinates": [ 126.905975, 37.572124 ] } },
{ "type": "Feature", "properties": { "stationID": "ST-3243", "lat": 37.523903, "long": 127.046608 }, "geometry": { "type": "Point", "coordinates": [ 127.046608, 37.523903 ] } },
{ "type": "Feature", "properties": { "stationID": "ST-3242", "lat": 37.492538, "long": 127.119446 }, "geometry": { "type": "Point", "coordinates": [ 127.119446, 37.492538 ] } },
{ "type": "Feature", "properties": { "stationID": "ST-3241", "lat": 37.526684, "long": 126.900192 }, "geometry": { "type": "Point", "coordinates": [ 126.900192, 37.526684 ] } },
{ "type": "Feature", "properties": { "stationID": "ST-3240", "lat": 37.500996, "long": 127.068039 }, "geometry": { "type": "Point", "coordinates": [ 127.068039, 37.500996 ] } },
{ "type": "Feature", "properties": { "stationID": "ST-324", "lat": 37.541153, "long": 127.002213 }, "geometry": { "type": "Point", "coordinates": [ 127.002213, 37.541153 ] } },
{ "type": "Feature", "properties": { "stationID": "ST-3239", "lat": 37.528332, "long": 126.930176 }, "geometry": { "type": "Point", "coordinates": [ 126.930176, 37.528332 ] } },
{ "type": "Feature", "properties": { "stationID": "ST-3238", "lat": 37.519062, "long": 126.908432 }, "geometry": { "type": "Point", "coordinates": [ 126.908432, 37.519062 ] } },
{ "type": "Feature", "properties": { "stationID": "ST-3237", "lat": 37.499382, "long": 126.841141 }, "geometry": { "type": "Point", "coordinates": [ 126.841141, 37.499382 ] } },
{ "type": "Feature", "properties": { "stationID": "ST-3236", "lat": 37.474525, "long": 126.887077 }, "geometry": { "type": "Point", "coordinates": [ 126.887077, 37.474525 ] } },
{ "type": "Feature", "properties": { "stationID": "ST-3235", "lat": 37.520241, "long": 126.912453 }, "geometry": { "type": "Point", "coordinates": [ 126.912453, 37.520241 ] } },
{ "type": "Feature", "properties": { "stationID": "ST-3234", "lat": 37.617928, "long": 127.021362 }, "geometry": { "type": "Point", "coordinates": [ 127.021362, 37.617928 ] } },
{ "type": "Feature", "properties": { "stationID": "ST-3233", "lat": 37.582676, "long": 127.07766 }, "geometry": { "type": "Point", "coordinates": [ 127.07766, 37.582676 ] } },
{ "type": "Feature", "properties": { "stationID": "ST-3232", "lat": 37.497143, "long": 127.146416 }, "geometry": { "type": "Point", "coordinates": [ 127.146416, 37.497143 ] } },
{ "type": "Feature", "properties": { "stationID": "ST-3231", "lat": 37.498371, "long": 127.146957 }, "geometry": { "type": "Point", "coordinates": [ 127.146957, 37.498371 ] } },
{ "type": "Feature", "properties": { "stationID": "ST-3230", "lat": 37.494286, "long": 127.121704 }, "geometry": { "type": "Point", "coordinates": [ 127.121704, 37.494286 ] } },
{ "type": "Feature", "properties": { "stationID": "ST-323", "lat": 37.524117, "long": 126.972122 }, "geometry": { "type": "Point", "coordinates": [ 126.972122, 37.524117 ] } },
{ "type": "Feature", "properties": { "stationID": "ST-3229", "lat": 37.475052, "long": 127.133041 }, "geometry": { "type": "Point", "coordinates": [ 127.133041, 37.475052 ] } },
{ "type": "Feature", "properties": { "stationID": "ST-3228", "lat": 37.570454, "long": 127.046944 }, "geometry": { "type": "Point", "coordinates": [ 127.046944, 37.570454 ] } },
{ "type": "Feature", "properties": { "stationID": "ST-3227", "lat": 37.529377, "long": 126.88308 }, "geometry": { "type": "Point", "coordinates": [ 126.88308, 37.529377 ] } },
{ "type": "Feature", "properties": { "stationID": "ST-3226", "lat": 37.559475, "long": 126.841476 }, "geometry": { "type": "Point", "coordinates": [ 126.841476, 37.559475 ] } },
{ "type": "Feature", "properties": { "stationID": "ST-3225", "lat": 37.497082, "long": 126.877884 }, "geometry": { "type": "Point", "coordinates": [ 126.877884, 37.497082 ] } },
{ "type": "Feature", "properties": { "stationID": "ST-3224", "lat": 37.510612, "long": 126.842613 }, "geometry": { "type": "Point", "coordinates": [ 126.842613, 37.510612 ] } },
{ "type": "Feature", "properties": { "stationID": "ST-3223", "lat": 37.486904, "long": 126.838943 }, "geometry": { "type": "Point", "coordinates": [ 126.838943, 37.486904 ] } },
{ "type": "Feature", "properties": { "stationID": "ST-3222", "lat": 37.49752, "long": 126.852951 }, "geometry": { "type": "Point", "coordinates": [ 126.852951, 37.49752 ] } },
{ "type": "Feature", "properties": { "stationID": "ST-3221", "lat": 37.475559, "long": 127.038261 }, "geometry": { "type": "Point", "coordinates": [ 127.038261, 37.475559 ] } },
{ "type": "Feature", "properties": { "stationID": "ST-3220", "lat": 37.477306, "long": 127.00592 }, "geometry": { "type": "Point", "coordinates": [ 127.00592, 37.477306 ] } },
{ "type": "Feature", "properties": { "stationID": "ST-322", "lat": 37.532433, "long": 126.954742 }, "geometry": { "type": "Point", "coordinates": [ 126.954742, 37.532433 ] } },
{ "type": "Feature", "properties": { "stationID": "ST-3219", "lat": 37.475204, "long": 126.890129 }, "geometry": { "type": "Point", "coordinates": [ 126.890129, 37.475204 ] } },
{ "type": "Feature", "properties": { "stationID": "ST-3218", "lat": 37.664509, "long": 127.052704 }, "geometry": { "type": "Point", "coordinates": [ 127.052704, 37.664509 ] } },
{ "type": "Feature", "properties": { "stationID": "ST-3217", "lat": 37.455318, "long": 127.06366 }, "geometry": { "type": "Point", "coordinates": [ 127.06366, 37.455318 ] } },
{ "type": "Feature", "properties": { "stationID": "ST-3216", "lat": 37.434746, "long": 127.065948 }, "geometry": { "type": "Point", "coordinates": [ 127.065948, 37.434746 ] } },
{ "type": "Feature", "properties": { "stationID": "ST-3215", "lat": 37.523994, "long": 126.842133 }, "geometry": { "type": "Point", "coordinates": [ 126.842133, 37.523994 ] } },
{ "type": "Feature", "properties": { "stationID": "ST-3214", "lat": 37.512375, "long": 127.108223 }, "geometry": { "type": "Point", "coordinates": [ 127.108223, 37.512375 ] } },
{ "type": "Feature", "properties": { "stationID": "ST-3213", "lat": 37.556778, "long": 126.949341 }, "geometry": { "type": "Point", "coordinates": [ 126.949341, 37.556778 ] } },
{ "type": "Feature", "properties": { "stationID": "ST-3212", "lat": 37.521954, "long": 126.895508 }, "geometry": { "type": "Point", "coordinates": [ 126.895508, 37.521954 ] } },
{ "type": "Feature", "properties": { "stationID": "ST-3211", "lat": 37.667519, "long": 127.079163 }, "geometry": { "type": "Point", "coordinates": [ 127.079163, 37.667519 ] } },
{ "type": "Feature", "properties": { "stationID": "ST-3210", "lat": 37.561043, "long": 127.018211 }, "geometry": { "type": "Point", "coordinates": [ 127.018211, 37.561043 ] } },
{ "type": "Feature", "properties": { "stationID": "ST-321", "lat": 37.532547, "long": 126.830803 }, "geometry": { "type": "Point", "coordinates": [ 126.830803, 37.532547 ] } },
{ "type": "Feature", "properties": { "stationID": "ST-3209", "lat": 37.541466, "long": 127.130257 }, "geometry": { "type": "Point", "coordinates": [ 127.130257, 37.541466 ] } },
{ "type": "Feature", "properties": { "stationID": "ST-3208", "lat": 37.51281, "long": 127.026367 }, "geometry": { "type": "Point", "coordinates": [ 127.026367, 37.51281 ] } },
{ "type": "Feature", "properties": { "stationID": "ST-3207", "lat": 37.498615, "long": 127.068314 }, "geometry": { "type": "Point", "coordinates": [ 127.068314, 37.498615 ] } },
{ "type": "Feature", "properties": { "stationID": "ST-3206", "lat": 37.579948, "long": 127.035324 }, "geometry": { "type": "Point", "coordinates": [ 127.035324, 37.579948 ] } },
{ "type": "Feature", "properties": { "stationID": "ST-3205", "lat": 37.542557, "long": 127.044235 }, "geometry": { "type": "Point", "coordinates": [ 127.044235, 37.542557 ] } },
{ "type": "Feature", "properties": { "stationID": "ST-3204", "lat": 37.517918, "long": 126.912598 }, "geometry": { "type": "Point", "coordinates": [ 126.912598, 37.517918 ] } },
{ "type": "Feature", "properties": { "stationID": "ST-3203", "lat": 37.608849, "long": 127.028458 }, "geometry": { "type": "Point", "coordinates": [ 127.028458, 37.608849 ] } },
{ "type": "Feature", "properties": { "stationID": "ST-3202", "lat": 37.562336, "long": 126.969093 }, "geometry": { "type": "Point", "coordinates": [ 126.969093, 37.562336 ] } },
{ "type": "Feature", "properties": { "stationID": "ST-3201", "lat": 37.628342, "long": 126.933815 }, "geometry": { "type": "Point", "coordinates": [ 126.933815, 37.628342 ] } },
{ "type": "Feature", "properties": { "stationID": "ST-3200", "lat": 37.51157, "long": 126.913979 }, "geometry": { "type": "Point", "coordinates": [ 126.913979, 37.51157 ] } },
{ "type": "Feature", "properties": { "stationID": "ST-320", "lat": 37.533047, "long": 126.829956 }, "geometry": { "type": "Point", "coordinates": [ 126.829956, 37.533047 ] } },
{ "type": "Feature", "properties": { "stationID": "ST-32", "lat": 37.55505, "long": 126.936264 }, "geometry": { "type": "Point", "coordinates": [ 126.936264, 37.55505 ] } },
{ "type": "Feature", "properties": { "stationID": "ST-3199", "lat": 37.485317, "long": 126.92466 }, "geometry": { "type": "Point", "coordinates": [ 126.92466, 37.485317 ] } },
{ "type": "Feature", "properties": { "stationID": "ST-3198", "lat": 37.574261, "long": 127.035454 }, "geometry": { "type": "Point", "coordinates": [ 127.035454, 37.574261 ] } },
{ "type": "Feature", "properties": { "stationID": "ST-3197", "lat": 37.663349, "long": 127.030457 }, "geometry": { "type": "Point", "coordinates": [ 127.030457, 37.663349 ] } },
{ "type": "Feature", "properties": { "stationID": "ST-3196", "lat": 37.467541, "long": 126.892822 }, "geometry": { "type": "Point", "coordinates": [ 126.892822, 37.467541 ] } },
{ "type": "Feature", "properties": { "stationID": "ST-3195", "lat": 37.498013, "long": 126.860985 }, "geometry": { "type": "Point", "coordinates": [ 126.860985, 37.498013 ] } },
{ "type": "Feature", "properties": { "stationID": "ST-3194", "lat": 37.501087, "long": 126.860458 }, "geometry": { "type": "Point", "coordinates": [ 126.860458, 37.501087 ] } },
{ "type": "Feature", "properties": { "stationID": "ST-3193", "lat": 37.62302, "long": 127.021866 }, "geometry": { "type": "Point", "coordinates": [ 127.021866, 37.62302 ] } },
{ "type": "Feature", "properties": { "stationID": "ST-3192", "lat": 37.635735, "long": 127.10585 }, "geometry": { "type": "Point", "coordinates": [ 127.10585, 37.635735 ] } },
{ "type": "Feature", "properties": { "stationID": "ST-3191", "lat": 37.484833, "long": 127.149918 }, "geometry": { "type": "Point", "coordinates": [ 127.149918, 37.484833 ] } },
{ "type": "Feature", "properties": { "stationID": "ST-3190", "lat": 37.486931, "long": 127.153648 }, "geometry": { "type": "Point", "coordinates": [ 127.153648, 37.486931 ] } },
{ "type": "Feature", "properties": { "stationID": "ST-319", "lat": 37.516998, "long": 126.838318 }, "geometry": { "type": "Point", "coordinates": [ 126.838318, 37.516998 ] } },
{ "type": "Feature", "properties": { "stationID": "ST-3189", "lat": 37.491795, "long": 126.825005 }, "geometry": { "type": "Point", "coordinates": [ 126.825005, 37.491795 ] } },
{ "type": "Feature", "properties": { "stationID": "ST-3188", "lat": 37.538033, "long": 127.083557 }, "geometry": { "type": "Point", "coordinates": [ 127.083557, 37.538033 ] } },
{ "type": "Feature", "properties": { "stationID": "ST-3187", "lat": 37.53363, "long": 126.901459 }, "geometry": { "type": "Point", "coordinates": [ 126.901459, 37.53363 ] } },
{ "type": "Feature", "properties": { "stationID": "ST-3186", "lat": 37.556812, "long": 127.081078 }, "geometry": { "type": "Point", "coordinates": [ 127.081078, 37.556812 ] } },
{ "type": "Feature", "properties": { "stationID": "ST-3185", "lat": 37.48661, "long": 127.045509 }, "geometry": { "type": "Point", "coordinates": [ 127.045509, 37.48661 ] } },
{ "type": "Feature", "properties": { "stationID": "ST-3184", "lat": 37.624912, "long": 127.019791 }, "geometry": { "type": "Point", "coordinates": [ 127.019791, 37.624912 ] } },
{ "type": "Feature", "properties": { "stationID": "ST-3183", "lat": 37.528412, "long": 126.846039 }, "geometry": { "type": "Point", "coordinates": [ 126.846039, 37.528412 ] } },
{ "type": "Feature", "properties": { "stationID": "ST-3182", "lat": 37.505196, "long": 126.87619 }, "geometry": { "type": "Point", "coordinates": [ 126.87619, 37.505196 ] } },
{ "type": "Feature", "properties": { "stationID": "ST-3181", "lat": 37.476917, "long": 127.006111 }, "geometry": { "type": "Point", "coordinates": [ 127.006111, 37.476917 ] } },
{ "type": "Feature", "properties": { "stationID": "ST-3180", "lat": 37.473423, "long": 126.997772 }, "geometry": { "type": "Point", "coordinates": [ 126.997772, 37.473423 ] } },
{ "type": "Feature", "properties": { "stationID": "ST-318", "lat": 37.517059, "long": 126.848488 }, "geometry": { "type": "Point", "coordinates": [ 126.848488, 37.517059 ] } },
{ "type": "Feature", "properties": { "stationID": "ST-3179", "lat": 37.494045, "long": 127.086784 }, "geometry": { "type": "Point", "coordinates": [ 127.086784, 37.494045 ] } },
{ "type": "Feature", "properties": { "stationID": "ST-3178", "lat": 37.496658, "long": 127.069382 }, "geometry": { "type": "Point", "coordinates": [ 127.069382, 37.496658 ] } },
{ "type": "Feature", "properties": { "stationID": "ST-3177", "lat": 37.652657, "long": 127.053093 }, "geometry": { "type": "Point", "coordinates": [ 127.053093, 37.652657 ] } },
{ "type": "Feature", "properties": { "stationID": "ST-3176", "lat": 37.65704, "long": 127.049912 }, "geometry": { "type": "Point", "coordinates": [ 127.049912, 37.65704 ] } },
{ "type": "Feature", "properties": { "stationID": "ST-3175", "lat": 37.645645, "long": 127.054596 }, "geometry": { "type": "Point", "coordinates": [ 127.054596, 37.645645 ] } },
{ "type": "Feature", "properties": { "stationID": "ST-3174", "lat": 37.636459, "long": 127.072769 }, "geometry": { "type": "Point", "coordinates": [ 127.072769, 37.636459 ] } },
{ "type": "Feature", "properties": { "stationID": "ST-3173", "lat": 37.596397, "long": 127.067764 }, "geometry": { "type": "Point", "coordinates": [ 127.067764, 37.596397 ] } },
{ "type": "Feature", "properties": { "stationID": "ST-3172", "lat": 37.669224, "long": 127.044418 }, "geometry": { "type": "Point", "coordinates": [ 127.044418, 37.669224 ] } },
{ "type": "Feature", "properties": { "stationID": "ST-3171", "lat": 37.5135, "long": 126.920868 }, "geometry": { "type": "Point", "coordinates": [ 126.920868, 37.5135 ] } },
{ "type": "Feature", "properties": { "stationID": "ST-3170", "lat": 37.513199, "long": 126.923523 }, "geometry": { "type": "Point", "coordinates": [ 126.923523, 37.513199 ] } },
{ "type": "Feature", "properties": { "stationID": "ST-317", "lat": 37.509712, "long": 126.84417 }, "geometry": { "type": "Point", "coordinates": [ 126.84417, 37.509712 ] } },
{ "type": "Feature", "properties": { "stationID": "ST-3169", "lat": 37.61705, "long": 126.906586 }, "geometry": { "type": "Point", "coordinates": [ 126.906586, 37.61705 ] } },
{ "type": "Feature", "properties": { "stationID": "ST-3168", "lat": 37.603184, "long": 127.074135 }, "geometry": { "type": "Point", "coordinates": [ 127.074135, 37.603184 ] } },
{ "type": "Feature", "properties": { "stationID": "ST-3167", "lat": 37.627808, "long": 127.069618 }, "geometry": { "type": "Point", "coordinates": [ 127.069618, 37.627808 ] } },
{ "type": "Feature", "properties": { "stationID": "ST-3166", "lat": 37.485065, "long": 126.95546 }, "geometry": { "type": "Point", "coordinates": [ 126.95546, 37.485065 ] } },
{ "type": "Feature", "properties": { "stationID": "ST-3165", "lat": 37.578171, "long": 127.0317 }, "geometry": { "type": "Point", "coordinates": [ 127.0317, 37.578171 ] } },
{ "type": "Feature", "properties": { "stationID": "ST-3164", "lat": 37.519737, "long": 127.057678 }, "geometry": { "type": "Point", "coordinates": [ 127.057678, 37.519737 ] } },
{ "type": "Feature", "properties": { "stationID": "ST-3163", "lat": 37.52367, "long": 126.875671 }, "geometry": { "type": "Point", "coordinates": [ 126.875671, 37.52367 ] } },
{ "type": "Feature", "properties": { "stationID": "ST-3162", "lat": 37.503017, "long": 127.09214 }, "geometry": { "type": "Point", "coordinates": [ 127.09214, 37.503017 ] } },
{ "type": "Feature", "properties": { "stationID": "ST-3161", "lat": 37.560925, "long": 126.990662 }, "geometry": { "type": "Point", "coordinates": [ 126.990662, 37.560925 ] } },
{ "type": "Feature", "properties": { "stationID": "ST-3160", "lat": 37.525394, "long": 126.930458 }, "geometry": { "type": "Point", "coordinates": [ 126.930458, 37.525394 ] } },
{ "type": "Feature", "properties": { "stationID": "ST-316", "lat": 37.511585, "long": 126.84156 }, "geometry": { "type": "Point", "coordinates": [ 126.84156, 37.511585 ] } },
{ "type": "Feature", "properties": { "stationID": "ST-3159", "lat": 37.539303, "long": 126.970505 }, "geometry": { "type": "Point", "coordinates": [ 126.970505, 37.539303 ] } },
{ "type": "Feature", "properties": { "stationID": "ST-3158", "lat": 37.60696, "long": 127.02607 }, "geometry": { "type": "Point", "coordinates": [ 127.02607, 37.60696 ] } },
{ "type": "Feature", "properties": { "stationID": "ST-3157", "lat": 37.480118, "long": 127.021805 }, "geometry": { "type": "Point", "coordinates": [ 127.021805, 37.480118 ] } },
{ "type": "Feature", "properties": { "stationID": "ST-3156", "lat": 37.479755, "long": 127.019852 }, "geometry": { "type": "Point", "coordinates": [ 127.019852, 37.479755 ] } },
{ "type": "Feature", "properties": { "stationID": "ST-3155", "lat": 37.582657, "long": 127.031967 }, "geometry": { "type": "Point", "coordinates": [ 127.031967, 37.582657 ] } },
{ "type": "Feature", "properties": { "stationID": "ST-3154", "lat": 37.523281, "long": 127.146133 }, "geometry": { "type": "Point", "coordinates": [ 127.146133, 37.523281 ] } },
{ "type": "Feature", "properties": { "stationID": "ST-3153", "lat": 37.497555, "long": 127.114944 }, "geometry": { "type": "Point", "coordinates": [ 127.114944, 37.497555 ] } },
{ "type": "Feature", "properties": { "stationID": "ST-3152", "lat": 37.635361, "long": 127.037674 }, "geometry": { "type": "Point", "coordinates": [ 127.037674, 37.635361 ] } },
{ "type": "Feature", "properties": { "stationID": "ST-3151", "lat": 37.51796, "long": 127.131783 }, "geometry": { "type": "Point", "coordinates": [ 127.131783, 37.51796 ] } },
{ "type": "Feature", "properties": { "stationID": "ST-3150", "lat": 37.519196, "long": 127.132622 }, "geometry": { "type": "Point", "coordinates": [ 127.132622, 37.519196 ] } },
{ "type": "Feature", "properties": { "stationID": "ST-315", "lat": 37.51897, "long": 126.869965 }, "geometry": { "type": "Point", "coordinates": [ 126.869965, 37.51897 ] } },
{ "type": "Feature", "properties": { "stationID": "ST-3149", "lat": 37.658688, "long": 127.077591 }, "geometry": { "type": "Point", "coordinates": [ 127.077591, 37.658688 ] } },
{ "type": "Feature", "properties": { "stationID": "ST-3148", "lat": 37.527653, "long": 127.119301 }, "geometry": { "type": "Point", "coordinates": [ 127.119301, 37.527653 ] } },
{ "type": "Feature", "properties": { "stationID": "ST-3147", "lat": 37.547966, "long": 127.135162 }, "geometry": { "type": "Point", "coordinates": [ 127.135162, 37.547966 ] } },
{ "type": "Feature", "properties": { "stationID": "ST-3146", "lat": 37.536427, "long": 126.833412 }, "geometry": { "type": "Point", "coordinates": [ 126.833412, 37.536427 ] } },
{ "type": "Feature", "properties": { "stationID": "ST-3145", "lat": 37.559486, "long": 126.831314 }, "geometry": { "type": "Point", "coordinates": [ 126.831314, 37.559486 ] } },
{ "type": "Feature", "properties": { "stationID": "ST-3144", "lat": 37.482853, "long": 127.005974 }, "geometry": { "type": "Point", "coordinates": [ 127.005974, 37.482853 ] } },
{ "type": "Feature", "properties": { "stationID": "ST-3143", "lat": 37.472202, "long": 126.933907 }, "geometry": { "type": "Point", "coordinates": [ 126.933907, 37.472202 ] } },
{ "type": "Feature", "properties": { "stationID": "ST-3142", "lat": 37.516693, "long": 126.908073 }, "geometry": { "type": "Point", "coordinates": [ 126.908073, 37.516693 ] } },
{ "type": "Feature", "properties": { "stationID": "ST-3141", "lat": 37.539139, "long": 127.12162 }, "geometry": { "type": "Point", "coordinates": [ 127.12162, 37.539139 ] } },
{ "type": "Feature", "properties": { "stationID": "ST-3140", "lat": 37.556877, "long": 126.936035 }, "geometry": { "type": "Point", "coordinates": [ 126.936035, 37.556877 ] } },
{ "type": "Feature", "properties": { "stationID": "ST-314", "lat": 37.515156, "long": 126.854897 }, "geometry": { "type": "Point", "coordinates": [ 126.854897, 37.515156 ] } },
{ "type": "Feature", "properties": { "stationID": "ST-3139", "lat": 37.57914, "long": 126.934509 }, "geometry": { "type": "Point", "coordinates": [ 126.934509, 37.57914 ] } },
{ "type": "Feature", "properties": { "stationID": "ST-3138", "lat": 37.54039, "long": 126.973495 }, "geometry": { "type": "Point", "coordinates": [ 126.973495, 37.54039 ] } },
{ "type": "Feature", "properties": { "stationID": "ST-3137", "lat": 37.569809, "long": 126.828575 }, "geometry": { "type": "Point", "coordinates": [ 126.828575, 37.569809 ] } },
{ "type": "Feature", "properties": { "stationID": "ST-3136", "lat": 37.546444, "long": 127.053322 }, "geometry": { "type": "Point", "coordinates": [ 127.053322, 37.546444 ] } },
{ "type": "Feature", "properties": { "stationID": "ST-3135", "lat": 37.535778, "long": 126.962212 }, "geometry": { "type": "Point", "coordinates": [ 126.962212, 37.535778 ] } },
{ "type": "Feature", "properties": { "stationID": "ST-3134", "lat": 37.670738, "long": 127.07962 }, "geometry": { "type": "Point", "coordinates": [ 127.07962, 37.670738 ] } },
{ "type": "Feature", "properties": { "stationID": "ST-3133", "lat": 37.510643, "long": 127.131676 }, "geometry": { "type": "Point", "coordinates": [ 127.131676, 37.510643 ] } },
{ "type": "Feature", "properties": { "stationID": "ST-3132", "lat": 37.508335, "long": 127.125679 }, "geometry": { "type": "Point", "coordinates": [ 127.125679, 37.508335 ] } },
{ "type": "Feature", "properties": { "stationID": "ST-3131", "lat": 37.52618, "long": 127.11676 }, "geometry": { "type": "Point", "coordinates": [ 127.11676, 37.52618 ] } },
{ "type": "Feature", "properties": { "stationID": "ST-3130", "lat": 37.550343, "long": 126.945801 }, "geometry": { "type": "Point", "coordinates": [ 126.945801, 37.550343 ] } },
{ "type": "Feature", "properties": { "stationID": "ST-313", "lat": 37.521881, "long": 126.851753 }, "geometry": { "type": "Point", "coordinates": [ 126.851753, 37.521881 ] } },
{ "type": "Feature", "properties": { "stationID": "ST-3129", "lat": 37.576252, "long": 126.817345 }, "geometry": { "type": "Point", "coordinates": [ 126.817345, 37.576252 ] } },
{ "type": "Feature", "properties": { "stationID": "ST-3128", "lat": 37.563648, "long": 126.834541 }, "geometry": { "type": "Point", "coordinates": [ 126.834541, 37.563648 ] } },
{ "type": "Feature", "properties": { "stationID": "ST-3127", "lat": 37.603542, "long": 126.906723 }, "geometry": { "type": "Point", "coordinates": [ 126.906723, 37.603542 ] } },
{ "type": "Feature", "properties": { "stationID": "ST-3126", "lat": 37.634068, "long": 126.925392 }, "geometry": { "type": "Point", "coordinates": [ 126.925392, 37.634068 ] } },
{ "type": "Feature", "properties": { "stationID": "ST-3125", "lat": 37.550648, "long": 126.866165 }, "geometry": { "type": "Point", "coordinates": [ 126.866165, 37.550648 ] } },
{ "type": "Feature", "properties": { "stationID": "ST-3124", "lat": 37.50127, "long": 126.876785 }, "geometry": { "type": "Point", "coordinates": [ 126.876785, 37.50127 ] } },
{ "type": "Feature", "properties": { "stationID": "ST-3123", "lat": 37.65694, "long": 127.078049 }, "geometry": { "type": "Point", "coordinates": [ 127.078049, 37.65694 ] } },
{ "type": "Feature", "properties": { "stationID": "ST-3122", "lat": 37.61985, "long": 127.063103 }, "geometry": { "type": "Point", "coordinates": [ 127.063103, 37.61985 ] } },
{ "type": "Feature", "properties": { "stationID": "ST-3121", "lat": 37.545559, "long": 127.053368 }, "geometry": { "type": "Point", "coordinates": [ 127.053368, 37.545559 ] } },
{ "type": "Feature", "properties": { "stationID": "ST-3120", "lat": 37.546978, "long": 127.057968 }, "geometry": { "type": "Point", "coordinates": [ 127.057968, 37.546978 ] } },
{ "type": "Feature", "properties": { "stationID": "ST-312", "lat": 37.523254, "long": 126.864906 }, "geometry": { "type": "Point", "coordinates": [ 126.864906, 37.523254 ] } },
{ "type": "Feature", "properties": { "stationID": "ST-3119", "lat": 37.662991, "long": 127.038643 }, "geometry": { "type": "Point", "coordinates": [ 127.038643, 37.662991 ] } },
{ "type": "Feature", "properties": { "stationID": "ST-3118", "lat": 37.56036, "long": 126.862762 }, "geometry": { "type": "Point", "coordinates": [ 126.862762, 37.56036 ] } },
{ "type": "Feature", "properties": { "stationID": "ST-3117", "lat": 37.495823, "long": 126.917816 }, "geometry": { "type": "Point", "coordinates": [ 126.917816, 37.495823 ] } },
{ "type": "Feature", "properties": { "stationID": "ST-3116", "lat": 37.652294, "long": 127.061348 }, "geometry": { "type": "Point", "coordinates": [ 127.061348, 37.652294 ] } },
{ "type": "Feature", "properties": { "stationID": "ST-3115", "lat": 37.497753, "long": 127.038574 }, "geometry": { "type": "Point", "coordinates": [ 127.038574, 37.497753 ] } },
{ "type": "Feature", "properties": { "stationID": "ST-3114", "lat": 37.577168, "long": 126.929062 }, "geometry": { "type": "Point", "coordinates": [ 126.929062, 37.577168 ] } },
{ "type": "Feature", "properties": { "stationID": "ST-3113", "lat": 37.576019, "long": 126.926834 }, "geometry": { "type": "Point", "coordinates": [ 126.926834, 37.576019 ] } },
{ "type": "Feature", "properties": { "stationID": "ST-3112", "lat": 37.509991, "long": 127.058472 }, "geometry": { "type": "Point", "coordinates": [ 127.058472, 37.509991 ] } },
{ "type": "Feature", "properties": { "stationID": "ST-3111", "lat": 37.51292, "long": 127.056427 }, "geometry": { "type": "Point", "coordinates": [ 127.056427, 37.51292 ] } },
{ "type": "Feature", "properties": { "stationID": "ST-3110", "lat": 37.648628, "long": 127.069183 }, "geometry": { "type": "Point", "coordinates": [ 127.069183, 37.648628 ] } },
{ "type": "Feature", "properties": { "stationID": "ST-311", "lat": 37.523628, "long": 126.875244 }, "geometry": { "type": "Point", "coordinates": [ 126.875244, 37.523628 ] } },
{ "type": "Feature", "properties": { "stationID": "ST-3109", "lat": 37.491074, "long": 127.036194 }, "geometry": { "type": "Point", "coordinates": [ 127.036194, 37.491074 ] } },
{ "type": "Feature", "properties": { "stationID": "ST-3108", "lat": 37.505703, "long": 127.029198 }, "geometry": { "type": "Point", "coordinates": [ 127.029198, 37.505703 ] } },
{ "type": "Feature", "properties": { "stationID": "ST-3107", "lat": 37.559425, "long": 126.963058 }, "geometry": { "type": "Point", "coordinates": [ 126.963058, 37.559425 ] } },
{ "type": "Feature", "properties": { "stationID": "ST-3106", "lat": 37.506828, "long": 126.966736 }, "geometry": { "type": "Point", "coordinates": [ 126.966736, 37.506828 ] } },
{ "type": "Feature", "properties": { "stationID": "ST-3105", "lat": 37.493042, "long": 126.92363 }, "geometry": { "type": "Point", "coordinates": [ 126.92363, 37.493042 ] } },
{ "type": "Feature", "properties": { "stationID": "ST-3104", "lat": 37.526531, "long": 126.864456 }, "geometry": { "type": "Point", "coordinates": [ 126.864456, 37.526531 ] } },
{ "type": "Feature", "properties": { "stationID": "ST-3103", "lat": 37.49091, "long": 126.829651 }, "geometry": { "type": "Point", "coordinates": [ 126.829651, 37.49091 ] } },
{ "type": "Feature", "properties": { "stationID": "ST-3102", "lat": 37.513824, "long": 126.920937 }, "geometry": { "type": "Point", "coordinates": [ 126.920937, 37.513824 ] } },
{ "type": "Feature", "properties": { "stationID": "ST-3101", "lat": 37.625149, "long": 127.049934 }, "geometry": { "type": "Point", "coordinates": [ 127.049934, 37.625149 ] } },
{ "type": "Feature", "properties": { "stationID": "ST-3100", "lat": 37.564182, "long": 126.840279 }, "geometry": { "type": "Point", "coordinates": [ 126.840279, 37.564182 ] } },
{ "type": "Feature", "properties": { "stationID": "ST-310", "lat": 37.532543, "long": 126.868729 }, "geometry": { "type": "Point", "coordinates": [ 126.868729, 37.532543 ] } },
{ "type": "Feature", "properties": { "stationID": "ST-31", "lat": 37.555054, "long": 126.937569 }, "geometry": { "type": "Point", "coordinates": [ 126.937569, 37.555054 ] } },
{ "type": "Feature", "properties": { "stationID": "ST-3099", "lat": 37.561687, "long": 127.061516 }, "geometry": { "type": "Point", "coordinates": [ 127.061516, 37.561687 ] } },
{ "type": "Feature", "properties": { "stationID": "ST-3098", "lat": 37.548164, "long": 127.122574 }, "geometry": { "type": "Point", "coordinates": [ 127.122574, 37.548164 ] } },
{ "type": "Feature", "properties": { "stationID": "ST-3097", "lat": 37.667679, "long": 127.068253 }, "geometry": { "type": "Point", "coordinates": [ 127.068253, 37.667679 ] } },
{ "type": "Feature", "properties": { "stationID": "ST-3096", "lat": 37.52211, "long": 127.036461 }, "geometry": { "type": "Point", "coordinates": [ 127.036461, 37.52211 ] } },
{ "type": "Feature", "properties": { "stationID": "ST-3095", "lat": 37.579048, "long": 126.901352 }, "geometry": { "type": "Point", "coordinates": [ 126.901352, 37.579048 ] } },
{ "type": "Feature", "properties": { "stationID": "ST-3094", "lat": 37.560196, "long": 126.854912 }, "geometry": { "type": "Point", "coordinates": [ 126.854912, 37.560196 ] } },
{ "type": "Feature", "properties": { "stationID": "ST-3093", "lat": 37.687508, "long": 127.042633 }, "geometry": { "type": "Point", "coordinates": [ 127.042633, 37.687508 ] } },
{ "type": "Feature", "properties": { "stationID": "ST-3092", "lat": 37.643246, "long": 127.031601 }, "geometry": { "type": "Point", "coordinates": [ 127.031601, 37.643246 ] } },
{ "type": "Feature", "properties": { "stationID": "ST-3091", "lat": 37.652954, "long": 127.037544 }, "geometry": { "type": "Point", "coordinates": [ 127.037544, 37.652954 ] } },
{ "type": "Feature", "properties": { "stationID": "ST-3090", "lat": 37.575714, "long": 126.980507 }, "geometry": { "type": "Point", "coordinates": [ 126.980507, 37.575714 ] } },
{ "type": "Feature", "properties": { "stationID": "ST-309", "lat": 37.532803, "long": 126.86393 }, "geometry": { "type": "Point", "coordinates": [ 126.86393, 37.532803 ] } },
{ "type": "Feature", "properties": { "stationID": "ST-3089", "lat": 37.510975, "long": 126.869843 }, "geometry": { "type": "Point", "coordinates": [ 126.869843, 37.510975 ] } },
{ "type": "Feature", "properties": { "stationID": "ST-3088", "lat": 37.500755, "long": 126.877083 }, "geometry": { "type": "Point", "coordinates": [ 126.877083, 37.500755 ] } },
{ "type": "Feature", "properties": { "stationID": "ST-3087", "lat": 37.556553, "long": 127.165878 }, "geometry": { "type": "Point", "coordinates": [ 127.165878, 37.556553 ] } },
{ "type": "Feature", "properties": { "stationID": "ST-3086", "lat": 37.498173, "long": 126.984482 }, "geometry": { "type": "Point", "coordinates": [ 126.984482, 37.498173 ] } },
{ "type": "Feature", "properties": { "stationID": "ST-3085", "lat": 37.551426, "long": 127.144211 }, "geometry": { "type": "Point", "coordinates": [ 127.144211, 37.551426 ] } },
{ "type": "Feature", "properties": { "stationID": "ST-3084", "lat": 37.562508, "long": 126.852753 }, "geometry": { "type": "Point", "coordinates": [ 126.852753, 37.562508 ] } },
{ "type": "Feature", "properties": { "stationID": "ST-3083", "lat": 37.517941, "long": 126.983704 }, "geometry": { "type": "Point", "coordinates": [ 126.983704, 37.517941 ] } },
{ "type": "Feature", "properties": { "stationID": "ST-3082", "lat": 37.547337, "long": 126.970383 }, "geometry": { "type": "Point", "coordinates": [ 126.970383, 37.547337 ] } },
{ "type": "Feature", "properties": { "stationID": "ST-3081", "lat": 37.524693, "long": 126.968224 }, "geometry": { "type": "Point", "coordinates": [ 126.968224, 37.524693 ] } },
{ "type": "Feature", "properties": { "stationID": "ST-3080", "lat": 37.537861, "long": 126.965652 }, "geometry": { "type": "Point", "coordinates": [ 126.965652, 37.537861 ] } },
{ "type": "Feature", "properties": { "stationID": "ST-308", "lat": 37.546848, "long": 126.872772 }, "geometry": { "type": "Point", "coordinates": [ 126.872772, 37.546848 ] } },
{ "type": "Feature", "properties": { "stationID": "ST-3079", "lat": 37.50972, "long": 127.066795 }, "geometry": { "type": "Point", "coordinates": [ 127.066795, 37.50972 ] } },
{ "type": "Feature", "properties": { "stationID": "ST-3078", "lat": 37.525723, "long": 127.025887 }, "geometry": { "type": "Point", "coordinates": [ 127.025887, 37.525723 ] } },
{ "type": "Feature", "properties": { "stationID": "ST-3077", "lat": 37.507671, "long": 127.060173 }, "geometry": { "type": "Point", "coordinates": [ 127.060173, 37.507671 ] } },
{ "type": "Feature", "properties": { "stationID": "ST-3076", "lat": 37.595867, "long": 126.923492 }, "geometry": { "type": "Point", "coordinates": [ 126.923492, 37.595867 ] } },
{ "type": "Feature", "properties": { "stationID": "ST-3075", "lat": 37.569931, "long": 126.976433 }, "geometry": { "type": "Point", "coordinates": [ 126.976433, 37.569931 ] } },
{ "type": "Feature", "properties": { "stationID": "ST-3074", "lat": 37.526287, "long": 126.926178 }, "geometry": { "type": "Point", "coordinates": [ 126.926178, 37.526287 ] } },
{ "type": "Feature", "properties": { "stationID": "ST-3073", "lat": 37.524643, "long": 126.923424 }, "geometry": { "type": "Point", "coordinates": [ 126.923424, 37.524643 ] } },
{ "type": "Feature", "properties": { "stationID": "ST-3072", "lat": 37.525089, "long": 126.92408 }, "geometry": { "type": "Point", "coordinates": [ 126.92408, 37.525089 ] } },
{ "type": "Feature", "properties": { "stationID": "ST-3071", "lat": 37.482944, "long": 127.140442 }, "geometry": { "type": "Point", "coordinates": [ 127.140442, 37.482944 ] } },
{ "type": "Feature", "properties": { "stationID": "ST-3070", "lat": 37.534882, "long": 127.115227 }, "geometry": { "type": "Point", "coordinates": [ 127.115227, 37.534882 ] } },
{ "type": "Feature", "properties": { "stationID": "ST-307", "lat": 37.513592, "long": 126.925934 }, "geometry": { "type": "Point", "coordinates": [ 126.925934, 37.513592 ] } },
{ "type": "Feature", "properties": { "stationID": "ST-3069", "lat": 37.524715, "long": 127.117439 }, "geometry": { "type": "Point", "coordinates": [ 127.117439, 37.524715 ] } },
{ "type": "Feature", "properties": { "stationID": "ST-3068", "lat": 37.552216, "long": 126.870224 }, "geometry": { "type": "Point", "coordinates": [ 126.870224, 37.552216 ] } },
{ "type": "Feature", "properties": { "stationID": "ST-3067", "lat": 37.477154, "long": 126.839859 }, "geometry": { "type": "Point", "coordinates": [ 126.839859, 37.477154 ] } },
{ "type": "Feature", "properties": { "stationID": "ST-3066", "lat": 37.519169, "long": 127.018974 }, "geometry": { "type": "Point", "coordinates": [ 127.018974, 37.519169 ] } },
{ "type": "Feature", "properties": { "stationID": "ST-3065", "lat": 37.49815, "long": 126.983688 }, "geometry": { "type": "Point", "coordinates": [ 126.983688, 37.49815 ] } },
{ "type": "Feature", "properties": { "stationID": "ST-3064", "lat": 37.501575, "long": 126.945908 }, "geometry": { "type": "Point", "coordinates": [ 126.945908, 37.501575 ] } },
{ "type": "Feature", "properties": { "stationID": "ST-3063", "lat": 37.642555, "long": 127.060387 }, "geometry": { "type": "Point", "coordinates": [ 127.060387, 37.642555 ] } },
{ "type": "Feature", "properties": { "stationID": "ST-3062", "lat": 37.563557, "long": 126.928276 }, "geometry": { "type": "Point", "coordinates": [ 126.928276, 37.563557 ] } },
{ "type": "Feature", "properties": { "stationID": "ST-3061", "lat": 37.522434, "long": 126.922714 }, "geometry": { "type": "Point", "coordinates": [ 126.922714, 37.522434 ] } },
{ "type": "Feature", "properties": { "stationID": "ST-3060", "lat": 37.627861, "long": 127.076378 }, "geometry": { "type": "Point", "coordinates": [ 127.076378, 37.627861 ] } },
{ "type": "Feature", "properties": { "stationID": "ST-306", "lat": 37.517693, "long": 126.914299 }, "geometry": { "type": "Point", "coordinates": [ 126.914299, 37.517693 ] } },
{ "type": "Feature", "properties": { "stationID": "ST-3059", "lat": 37.526245, "long": 126.865784 }, "geometry": { "type": "Point", "coordinates": [ 126.865784, 37.526245 ] } },
{ "type": "Feature", "properties": { "stationID": "ST-3058", "lat": 37.634701, "long": 126.917358 }, "geometry": { "type": "Point", "coordinates": [ 126.917358, 37.634701 ] } },
{ "type": "Feature", "properties": { "stationID": "ST-3057", "lat": 37.506874, "long": 127.064735 }, "geometry": { "type": "Point", "coordinates": [ 127.064735, 37.506874 ] } },
{ "type": "Feature", "properties": { "stationID": "ST-3056", "lat": 37.53439, "long": 126.994972 }, "geometry": { "type": "Point", "coordinates": [ 126.994972, 37.53439 ] } },
{ "type": "Feature", "properties": { "stationID": "ST-3055", "lat": 37.495552, "long": 126.856979 }, "geometry": { "type": "Point", "coordinates": [ 126.856979, 37.495552 ] } },
{ "type": "Feature", "properties": { "stationID": "ST-3054", "lat": 37.552406, "long": 126.982018 }, "geometry": { "type": "Point", "coordinates": [ 126.982018, 37.552406 ] } },
{ "type": "Feature", "properties": { "stationID": "ST-3053", "lat": 37.559376, "long": 126.964142 }, "geometry": { "type": "Point", "coordinates": [ 126.964142, 37.559376 ] } },
{ "type": "Feature", "properties": { "stationID": "ST-3052", "lat": 37.559692, "long": 126.996483 }, "geometry": { "type": "Point", "coordinates": [ 126.996483, 37.559692 ] } },
{ "type": "Feature", "properties": { "stationID": "ST-3051", "lat": 37.56599, "long": 126.966072 }, "geometry": { "type": "Point", "coordinates": [ 126.966072, 37.56599 ] } },
{ "type": "Feature", "properties": { "stationID": "ST-3050", "lat": 37.681255, "long": 127.050476 }, "geometry": { "type": "Point", "coordinates": [ 127.050476, 37.681255 ] } },
{ "type": "Feature", "properties": { "stationID": "ST-305", "lat": 37.513844, "long": 126.919357 }, "geometry": { "type": "Point", "coordinates": [ 126.919357, 37.513844 ] } },
{ "type": "Feature", "properties": { "stationID": "ST-3049", "lat": 37.489296, "long": 127.06617 }, "geometry": { "type": "Point", "coordinates": [ 127.06617, 37.489296 ] } },
{ "type": "Feature", "properties": { "stationID": "ST-3048", "lat": 37.50922, "long": 126.837158 }, "geometry": { "type": "Point", "coordinates": [ 126.837158, 37.50922 ] } },
{ "type": "Feature", "properties": { "stationID": "ST-3047", "lat": 37.521641, "long": 126.865555 }, "geometry": { "type": "Point", "coordinates": [ 126.865555, 37.521641 ] } },
{ "type": "Feature", "properties": { "stationID": "ST-3046", "lat": 37.601089, "long": 127.033318 }, "geometry": { "type": "Point", "coordinates": [ 127.033318, 37.601089 ] } },
{ "type": "Feature", "properties": { "stationID": "ST-3045", "lat": 37.615669, "long": 127.008766 }, "geometry": { "type": "Point", "coordinates": [ 127.008766, 37.615669 ] } },
{ "type": "Feature", "properties": { "stationID": "ST-3044", "lat": 37.54808, "long": 127.064613 }, "geometry": { "type": "Point", "coordinates": [ 127.064613, 37.54808 ] } },
{ "type": "Feature", "properties": { "stationID": "ST-3043", "lat": 37.547535, "long": 127.066826 }, "geometry": { "type": "Point", "coordinates": [ 127.066826, 37.547535 ] } },
{ "type": "Feature", "properties": { "stationID": "ST-3042", "lat": 37.551403, "long": 127.046364 }, "geometry": { "type": "Point", "coordinates": [ 127.046364, 37.551403 ] } },
{ "type": "Feature", "properties": { "stationID": "ST-3041", "lat": 37.503006, "long": 126.893829 }, "geometry": { "type": "Point", "coordinates": [ 126.893829, 37.503006 ] } },
{ "type": "Feature", "properties": { "stationID": "ST-3040", "lat": 37.502083, "long": 126.893188 }, "geometry": { "type": "Point", "coordinates": [ 126.893188, 37.502083 ] } },
{ "type": "Feature", "properties": { "stationID": "ST-304", "lat": 37.509476, "long": 126.8993 }, "geometry": { "type": "Point", "coordinates": [ 126.8993, 37.509476 ] } },
{ "type": "Feature", "properties": { "stationID": "ST-3039", "lat": 37.602898, "long": 127.058479 }, "geometry": { "type": "Point", "coordinates": [ 127.058479, 37.602898 ] } },
{ "type": "Feature", "properties": { "stationID": "ST-3038", "lat": 37.606651, "long": 127.056183 }, "geometry": { "type": "Point", "coordinates": [ 127.056183, 37.606651 ] } },
{ "type": "Feature", "properties": { "stationID": "ST-3037", "lat": 37.48859, "long": 126.824783 }, "geometry": { "type": "Point", "coordinates": [ 126.824783, 37.48859 ] } },
{ "type": "Feature", "properties": { "stationID": "ST-3036", "lat": 37.617271, "long": 127.108543 }, "geometry": { "type": "Point", "coordinates": [ 127.108543, 37.617271 ] } },
{ "type": "Feature", "properties": { "stationID": "ST-3035", "lat": 37.604057, "long": 127.107254 }, "geometry": { "type": "Point", "coordinates": [ 127.107254, 37.604057 ] } },
{ "type": "Feature", "properties": { "stationID": "ST-3034", "lat": 37.57988, "long": 126.952301 }, "geometry": { "type": "Point", "coordinates": [ 126.952301, 37.57988 ] } },
{ "type": "Feature", "properties": { "stationID": "ST-3033", "lat": 37.576756, "long": 126.928276 }, "geometry": { "type": "Point", "coordinates": [ 126.928276, 37.576756 ] } },
{ "type": "Feature", "properties": { "stationID": "ST-3032", "lat": 37.461395, "long": 126.890038 }, "geometry": { "type": "Point", "coordinates": [ 126.890038, 37.461395 ] } },
{ "type": "Feature", "properties": { "stationID": "ST-3031", "lat": 37.549263, "long": 126.816742 }, "geometry": { "type": "Point", "coordinates": [ 126.816742, 37.549263 ] } },
{ "type": "Feature", "properties": { "stationID": "ST-3030", "lat": 37.525566, "long": 126.885841 }, "geometry": { "type": "Point", "coordinates": [ 126.885841, 37.525566 ] } },
{ "type": "Feature", "properties": { "stationID": "ST-303", "lat": 37.506573, "long": 126.901131 }, "geometry": { "type": "Point", "coordinates": [ 126.901131, 37.506573 ] } },
{ "type": "Feature", "properties": { "stationID": "ST-3029", "lat": 37.477398, "long": 126.888779 }, "geometry": { "type": "Point", "coordinates": [ 126.888779, 37.477398 ] } },
{ "type": "Feature", "properties": { "stationID": "ST-3028", "lat": 37.627945, "long": 126.919769 }, "geometry": { "type": "Point", "coordinates": [ 126.919769, 37.627945 ] } },
{ "type": "Feature", "properties": { "stationID": "ST-3027", "lat": 37.561848, "long": 126.964149 }, "geometry": { "type": "Point", "coordinates": [ 126.964149, 37.561848 ] } },
{ "type": "Feature", "properties": { "stationID": "ST-3026", "lat": 37.658989, "long": 127.049736 }, "geometry": { "type": "Point", "coordinates": [ 127.049736, 37.658989 ] } },
{ "type": "Feature", "properties": { "stationID": "ST-3025", "lat": 37.589737, "long": 127.094193 }, "geometry": { "type": "Point", "coordinates": [ 127.094193, 37.589737 ] } },
{ "type": "Feature", "properties": { "stationID": "ST-3024", "lat": 37.609241, "long": 127.106209 }, "geometry": { "type": "Point", "coordinates": [ 127.106209, 37.609241 ] } },
{ "type": "Feature", "properties": { "stationID": "ST-3023", "lat": 37.606552, "long": 127.107086 }, "geometry": { "type": "Point", "coordinates": [ 127.107086, 37.606552 ] } },
{ "type": "Feature", "properties": { "stationID": "ST-3022", "lat": 37.541611, "long": 126.953758 }, "geometry": { "type": "Point", "coordinates": [ 126.953758, 37.541611 ] } },
{ "type": "Feature", "properties": { "stationID": "ST-3021", "lat": 37.556011, "long": 126.940346 }, "geometry": { "type": "Point", "coordinates": [ 126.940346, 37.556011 ] } },
{ "type": "Feature", "properties": { "stationID": "ST-3020", "lat": 37.551849, "long": 126.954781 }, "geometry": { "type": "Point", "coordinates": [ 126.954781, 37.551849 ] } },
{ "type": "Feature", "properties": { "stationID": "ST-302", "lat": 37.503803, "long": 126.903419 }, "geometry": { "type": "Point", "coordinates": [ 126.903419, 37.503803 ] } },
{ "type": "Feature", "properties": { "stationID": "ST-3019", "lat": 37.547588, "long": 126.924644 }, "geometry": { "type": "Point", "coordinates": [ 126.924644, 37.547588 ] } },
{ "type": "Feature", "properties": { "stationID": "ST-3018", "lat": 37.554695, "long": 126.94577 }, "geometry": { "type": "Point", "coordinates": [ 126.94577, 37.554695 ] } },
{ "type": "Feature", "properties": { "stationID": "ST-3017", "lat": 37.545296, "long": 126.917648 }, "geometry": { "type": "Point", "coordinates": [ 126.917648, 37.545296 ] } },
{ "type": "Feature", "properties": { "stationID": "ST-3016", "lat": 37.540794, "long": 126.939629 }, "geometry": { "type": "Point", "coordinates": [ 126.939629, 37.540794 ] } },
{ "type": "Feature", "properties": { "stationID": "ST-3015", "lat": 37.64806, "long": 127.062393 }, "geometry": { "type": "Point", "coordinates": [ 127.062393, 37.64806 ] } },
{ "type": "Feature", "properties": { "stationID": "ST-3014", "lat": 37.628212, "long": 127.070465 }, "geometry": { "type": "Point", "coordinates": [ 127.070465, 37.628212 ] } },
{ "type": "Feature", "properties": { "stationID": "ST-3013", "lat": 37.500965, "long": 126.88237 }, "geometry": { "type": "Point", "coordinates": [ 126.88237, 37.500965 ] } },
{ "type": "Feature", "properties": { "stationID": "ST-3012", "lat": 37.539192, "long": 127.098015 }, "geometry": { "type": "Point", "coordinates": [ 127.098015, 37.539192 ] } },
{ "type": "Feature", "properties": { "stationID": "ST-3011", "lat": 37.529152, "long": 126.894478 }, "geometry": { "type": "Point", "coordinates": [ 126.894478, 37.529152 ] } },
{ "type": "Feature", "properties": { "stationID": "ST-3010", "lat": 37.507496, "long": 127.000183 }, "geometry": { "type": "Point", "coordinates": [ 127.000183, 37.507496 ] } },
{ "type": "Feature", "properties": { "stationID": "ST-301", "lat": 37.500649, "long": 126.909515 }, "geometry": { "type": "Point", "coordinates": [ 126.909515, 37.500649 ] } },
{ "type": "Feature", "properties": { "stationID": "ST-3009", "lat": 37.492889, "long": 127.002647 }, "geometry": { "type": "Point", "coordinates": [ 127.002647, 37.492889 ] } },
{ "type": "Feature", "properties": { "stationID": "ST-3008", "lat": 37.545685, "long": 126.94677 }, "geometry": { "type": "Point", "coordinates": [ 126.94677, 37.545685 ] } },
{ "type": "Feature", "properties": { "stationID": "ST-3007", "lat": 37.594429, "long": 127.094032 }, "geometry": { "type": "Point", "coordinates": [ 127.094032, 37.594429 ] } },
{ "type": "Feature", "properties": { "stationID": "ST-3006", "lat": 37.600643, "long": 127.10405 }, "geometry": { "type": "Point", "coordinates": [ 127.10405, 37.600643 ] } },
{ "type": "Feature", "properties": { "stationID": "ST-3005", "lat": 37.52597, "long": 127.11821 }, "geometry": { "type": "Point", "coordinates": [ 127.11821, 37.52597 ] } },
{ "type": "Feature", "properties": { "stationID": "ST-3004", "lat": 37.484554, "long": 127.149193 }, "geometry": { "type": "Point", "coordinates": [ 127.149193, 37.484554 ] } },
{ "type": "Feature", "properties": { "stationID": "ST-3003", "lat": 37.543324, "long": 127.059715 }, "geometry": { "type": "Point", "coordinates": [ 127.059715, 37.543324 ] } },
{ "type": "Feature", "properties": { "stationID": "ST-3002", "lat": 37.541275, "long": 127.048492 }, "geometry": { "type": "Point", "coordinates": [ 127.048492, 37.541275 ] } },
{ "type": "Feature", "properties": { "stationID": "ST-3001", "lat": 37.649193, "long": 127.046066 }, "geometry": { "type": "Point", "coordinates": [ 127.046066, 37.649193 ] } },
{ "type": "Feature", "properties": { "stationID": "ST-3000", "lat": 37.620991, "long": 127.078751 }, "geometry": { "type": "Point", "coordinates": [ 127.078751, 37.620991 ] } },
{ "type": "Feature", "properties": { "stationID": "ST-300", "lat": 37.499828, "long": 126.919945 }, "geometry": { "type": "Point", "coordinates": [ 126.919945, 37.499828 ] } },
{ "type": "Feature", "properties": { "stationID": "ST-30", "lat": 37.555496, "long": 126.93634 }, "geometry": { "type": "Point", "coordinates": [ 126.93634, 37.555496 ] } },
{ "type": "Feature", "properties": { "stationID": "ST-3", "lat": 37.549561, "long": 126.905754 }, "geometry": { "type": "Point", "coordinates": [ 126.905754, 37.549561 ] } },
{ "type": "Feature", "properties": { "stationID": "ST-2999", "lat": 37.476368, "long": 126.880836 }, "geometry": { "type": "Point", "coordinates": [ 126.880836, 37.476368 ] } },
{ "type": "Feature", "properties": { "stationID": "ST-2998", "lat": 37.46629, "long": 126.897385 }, "geometry": { "type": "Point", "coordinates": [ 126.897385, 37.46629 ] } },
{ "type": "Feature", "properties": { "stationID": "ST-2997", "lat": 37.494991, "long": 126.84185 }, "geometry": { "type": "Point", "coordinates": [ 126.84185, 37.494991 ] } },
{ "type": "Feature", "properties": { "stationID": "ST-2996", "lat": 37.488571, "long": 126.921387 }, "geometry": { "type": "Point", "coordinates": [ 126.921387, 37.488571 ] } },
{ "type": "Feature", "properties": { "stationID": "ST-2995", "lat": 37.479092, "long": 126.949417 }, "geometry": { "type": "Point", "coordinates": [ 126.949417, 37.479092 ] } },
{ "type": "Feature", "properties": { "stationID": "ST-2994", "lat": 37.551884, "long": 126.863571 }, "geometry": { "type": "Point", "coordinates": [ 126.863571, 37.551884 ] } },
{ "type": "Feature", "properties": { "stationID": "ST-2993", "lat": 37.558235, "long": 126.82576 }, "geometry": { "type": "Point", "coordinates": [ 126.82576, 37.558235 ] } },
{ "type": "Feature", "properties": { "stationID": "ST-2992", "lat": 37.546619, "long": 126.836235 }, "geometry": { "type": "Point", "coordinates": [ 126.836235, 37.546619 ] } },
{ "type": "Feature", "properties": { "stationID": "ST-2991", "lat": 37.516335, "long": 127.093803 }, "geometry": { "type": "Point", "coordinates": [ 127.093803, 37.516335 ] } },
{ "type": "Feature", "properties": { "stationID": "ST-2990", "lat": 37.575401, "long": 126.93544 }, "geometry": { "type": "Point", "coordinates": [ 126.93544, 37.575401 ] } },
{ "type": "Feature", "properties": { "stationID": "ST-299", "lat": 37.504494, "long": 126.921951 }, "geometry": { "type": "Point", "coordinates": [ 126.921951, 37.504494 ] } },
{ "type": "Feature", "properties": { "stationID": "ST-2989", "lat": 37.487183, "long": 127.141747 }, "geometry": { "type": "Point", "coordinates": [ 127.141747, 37.487183 ] } },
{ "type": "Feature", "properties": { "stationID": "ST-2988", "lat": 37.486607, "long": 127.141991 }, "geometry": { "type": "Point", "coordinates": [ 127.141991, 37.486607 ] } },
{ "type": "Feature", "properties": { "stationID": "ST-2987", "lat": 37.486336, "long": 127.113747 }, "geometry": { "type": "Point", "coordinates": [ 127.113747, 37.486336 ] } },
{ "type": "Feature", "properties": { "stationID": "ST-2986", "lat": 37.497932, "long": 127.096756 }, "geometry": { "type": "Point", "coordinates": [ 127.096756, 37.497932 ] } },
{ "type": "Feature", "properties": { "stationID": "ST-2985", "lat": 37.477097, "long": 127.123703 }, "geometry": { "type": "Point", "coordinates": [ 127.123703, 37.477097 ] } },
{ "type": "Feature", "properties": { "stationID": "ST-2984", "lat": 37.483524, "long": 127.116837 }, "geometry": { "type": "Point", "coordinates": [ 127.116837, 37.483524 ] } },
{ "type": "Feature", "properties": { "stationID": "ST-2983", "lat": 37.552353, "long": 126.951477 }, "geometry": { "type": "Point", "coordinates": [ 126.951477, 37.552353 ] } },
{ "type": "Feature", "properties": { "stationID": "ST-2982", "lat": 37.56897, "long": 126.907799 }, "geometry": { "type": "Point", "coordinates": [ 126.907799, 37.56897 ] } },
{ "type": "Feature", "properties": { "stationID": "ST-2981", "lat": 37.576492, "long": 126.898674 }, "geometry": { "type": "Point", "coordinates": [ 126.898674, 37.576492 ] } },
{ "type": "Feature", "properties": { "stationID": "ST-2980", "lat": 37.54892, "long": 126.959518 }, "geometry": { "type": "Point", "coordinates": [ 126.959518, 37.54892 ] } },
{ "type": "Feature", "properties": { "stationID": "ST-298", "lat": 37.507641, "long": 126.92308 }, "geometry": { "type": "Point", "coordinates": [ 126.92308, 37.507641 ] } },
{ "type": "Feature", "properties": { "stationID": "ST-2979", "lat": 37.563065, "long": 126.921494 }, "geometry": { "type": "Point", "coordinates": [ 126.921494, 37.563065 ] } },
{ "type": "Feature", "properties": { "stationID": "ST-2978", "lat": 37.551529, "long": 126.946693 }, "geometry": { "type": "Point", "coordinates": [ 126.946693, 37.551529 ] } },
{ "type": "Feature", "properties": { "stationID": "ST-2977", "lat": 37.578922, "long": 126.882164 }, "geometry": { "type": "Point", "coordinates": [ 126.882164, 37.578922 ] } },
{ "type": "Feature", "properties": { "stationID": "ST-2976", "lat": 37.550159, "long": 126.960526 }, "geometry": { "type": "Point", "coordinates": [ 126.960526, 37.550159 ] } },
{ "type": "Feature", "properties": { "stationID": "ST-2975", "lat": 37.549854, "long": 126.932037 }, "geometry": { "type": "Point", "coordinates": [ 126.932037, 37.549854 ] } },
{ "type": "Feature", "properties": { "stationID": "ST-2974", "lat": 37.5812, "long": 126.88958 }, "geometry": { "type": "Point", "coordinates": [ 126.88958, 37.5812 ] } },
{ "type": "Feature", "properties": { "stationID": "ST-2973", "lat": 37.486324, "long": 127.115089 }, "geometry": { "type": "Point", "coordinates": [ 127.115089, 37.486324 ] } },
{ "type": "Feature", "properties": { "stationID": "ST-2972", "lat": 37.486271, "long": 127.114769 }, "geometry": { "type": "Point", "coordinates": [ 127.114769, 37.486271 ] } },
{ "type": "Feature", "properties": { "stationID": "ST-2971", "lat": 37.630005, "long": 127.044098 }, "geometry": { "type": "Point", "coordinates": [ 127.044098, 37.630005 ] } },
{ "type": "Feature", "properties": { "stationID": "ST-2970", "lat": 37.61208, "long": 127.02198 }, "geometry": { "type": "Point", "coordinates": [ 127.02198, 37.61208 ] } },
{ "type": "Feature", "properties": { "stationID": "ST-297", "lat": 37.524578, "long": 126.935806 }, "geometry": { "type": "Point", "coordinates": [ 126.935806, 37.524578 ] } },
{ "type": "Feature", "properties": { "stationID": "ST-2969", "lat": 37.586864, "long": 127.095322 }, "geometry": { "type": "Point", "coordinates": [ 127.095322, 37.586864 ] } },
{ "type": "Feature", "properties": { "stationID": "ST-2968", "lat": 37.649509, "long": 127.047226 }, "geometry": { "type": "Point", "coordinates": [ 127.047226, 37.649509 ] } },
{ "type": "Feature", "properties": { "stationID": "ST-2967", "lat": 37.65242, "long": 127.052292 }, "geometry": { "type": "Point", "coordinates": [ 127.052292, 37.65242 ] } },
{ "type": "Feature", "properties": { "stationID": "ST-2966", "lat": 37.553028, "long": 127.180756 }, "geometry": { "type": "Point", "coordinates": [ 127.180756, 37.553028 ] } },
{ "type": "Feature", "properties": { "stationID": "ST-2965", "lat": 37.556763, "long": 126.818695 }, "geometry": { "type": "Point", "coordinates": [ 126.818695, 37.556763 ] } },
{ "type": "Feature", "properties": { "stationID": "ST-2964", "lat": 37.480175, "long": 126.876801 }, "geometry": { "type": "Point", "coordinates": [ 126.876801, 37.480175 ] } },
{ "type": "Feature", "properties": { "stationID": "ST-2963", "lat": 37.495602, "long": 127.071945 }, "geometry": { "type": "Point", "coordinates": [ 127.071945, 37.495602 ] } },
{ "type": "Feature", "properties": { "stationID": "ST-2962", "lat": 37.485737, "long": 127.033157 }, "geometry": { "type": "Point", "coordinates": [ 127.033157, 37.485737 ] } },
{ "type": "Feature", "properties": { "stationID": "ST-2961", "lat": 37.511742, "long": 126.873833 }, "geometry": { "type": "Point", "coordinates": [ 126.873833, 37.511742 ] } },
{ "type": "Feature", "properties": { "stationID": "ST-2960", "lat": 37.514122, "long": 126.860405 }, "geometry": { "type": "Point", "coordinates": [ 126.860405, 37.514122 ] } },
{ "type": "Feature", "properties": { "stationID": "ST-296", "lat": 37.531055, "long": 126.92421 }, "geometry": { "type": "Point", "coordinates": [ 126.92421, 37.531055 ] } },
{ "type": "Feature", "properties": { "stationID": "ST-2959", "lat": 37.494846, "long": 126.900291 }, "geometry": { "type": "Point", "coordinates": [ 126.900291, 37.494846 ] } },
{ "type": "Feature", "properties": { "stationID": "ST-2958", "lat": 37.523842, "long": 126.881561 }, "geometry": { "type": "Point", "coordinates": [ 126.881561, 37.523842 ] } },
{ "type": "Feature", "properties": { "stationID": "ST-2957", "lat": 37.48996, "long": 127.111961 }, "geometry": { "type": "Point", "coordinates": [ 127.111961, 37.48996 ] } },
{ "type": "Feature", "properties": { "stationID": "ST-2956", "lat": 37.599545, "long": 126.926537 }, "geometry": { "type": "Point", "coordinates": [ 126.926537, 37.599545 ] } },
{ "type": "Feature", "properties": { "stationID": "ST-2955", "lat": 37.628136, "long": 127.086258 }, "geometry": { "type": "Point", "coordinates": [ 127.086258, 37.628136 ] } },
{ "type": "Feature", "properties": { "stationID": "ST-2954", "lat": 37.66674, "long": 127.063889 }, "geometry": { "type": "Point", "coordinates": [ 127.063889, 37.66674 ] } },
{ "type": "Feature", "properties": { "stationID": "ST-2953", "lat": 37.604462, "long": 127.097412 }, "geometry": { "type": "Point", "coordinates": [ 127.097412, 37.604462 ] } },
{ "type": "Feature", "properties": { "stationID": "ST-2952", "lat": 37.604286, "long": 127.097366 }, "geometry": { "type": "Point", "coordinates": [ 127.097366, 37.604286 ] } },
{ "type": "Feature", "properties": { "stationID": "ST-2951", "lat": 37.53661, "long": 126.834663 }, "geometry": { "type": "Point", "coordinates": [ 126.834663, 37.53661 ] } },
{ "type": "Feature", "properties": { "stationID": "ST-2950", "lat": 37.53651, "long": 126.833946 }, "geometry": { "type": "Point", "coordinates": [ 126.833946, 37.53651 ] } },
{ "type": "Feature", "properties": { "stationID": "ST-295", "lat": 37.533421, "long": 126.902237 }, "geometry": { "type": "Point", "coordinates": [ 126.902237, 37.533421 ] } },
{ "type": "Feature", "properties": { "stationID": "ST-2949", "lat": 37.493828, "long": 126.839073 }, "geometry": { "type": "Point", "coordinates": [ 126.839073, 37.493828 ] } },
{ "type": "Feature", "properties": { "stationID": "ST-2948", "lat": 37.476398, "long": 126.976837 }, "geometry": { "type": "Point", "coordinates": [ 126.976837, 37.476398 ] } },
{ "type": "Feature", "properties": { "stationID": "ST-2947", "lat": 37.561546, "long": 126.807083 }, "geometry": { "type": "Point", "coordinates": [ 126.807083, 37.561546 ] } },
{ "type": "Feature", "properties": { "stationID": "ST-2946", "lat": 37.550858, "long": 126.872337 }, "geometry": { "type": "Point", "coordinates": [ 126.872337, 37.550858 ] } },
{ "type": "Feature", "properties": { "stationID": "ST-2945", "lat": 37.557915, "long": 126.832977 }, "geometry": { "type": "Point", "coordinates": [ 126.832977, 37.557915 ] } },
{ "type": "Feature", "properties": { "stationID": "ST-2944", "lat": 37.567245, "long": 126.850388 }, "geometry": { "type": "Point", "coordinates": [ 126.850388, 37.567245 ] } },
{ "type": "Feature", "properties": { "stationID": "ST-2943", "lat": 37.569027, "long": 126.839882 }, "geometry": { "type": "Point", "coordinates": [ 126.839882, 37.569027 ] } },
{ "type": "Feature", "properties": { "stationID": "ST-2942", "lat": 37.612724, "long": 127.11306 }, "geometry": { "type": "Point", "coordinates": [ 127.11306, 37.612724 ] } },
{ "type": "Feature", "properties": { "stationID": "ST-2941", "lat": 37.494556, "long": 127.15081 }, "geometry": { "type": "Point", "coordinates": [ 127.15081, 37.494556 ] } },
{ "type": "Feature", "properties": { "stationID": "ST-2940", "lat": 37.518692, "long": 127.139061 }, "geometry": { "type": "Point", "coordinates": [ 127.139061, 37.518692 ] } },
{ "type": "Feature", "properties": { "stationID": "ST-294", "lat": 37.528263, "long": 126.896629 }, "geometry": { "type": "Point", "coordinates": [ 126.896629, 37.528263 ] } },
{ "type": "Feature", "properties": { "stationID": "ST-2939", "lat": 37.487148, "long": 127.153282 }, "geometry": { "type": "Point", "coordinates": [ 127.153282, 37.487148 ] } },
{ "type": "Feature", "properties": { "stationID": "ST-2938", "lat": 37.488686, "long": 127.152267 }, "geometry": { "type": "Point", "coordinates": [ 127.152267, 37.488686 ] } },
{ "type": "Feature", "properties": { "stationID": "ST-2937", "lat": 37.495358, "long": 127.139473 }, "geometry": { "type": "Point", "coordinates": [ 127.139473, 37.495358 ] } },
{ "type": "Feature", "properties": { "stationID": "ST-2936", "lat": 37.492222, "long": 127.156593 }, "geometry": { "type": "Point", "coordinates": [ 127.156593, 37.492222 ] } },
{ "type": "Feature", "properties": { "stationID": "ST-2935", "lat": 37.58625, "long": 127.030952 }, "geometry": { "type": "Point", "coordinates": [ 127.030952, 37.58625 ] } },
{ "type": "Feature", "properties": { "stationID": "ST-2934", "lat": 37.502094, "long": 126.99147 }, "geometry": { "type": "Point", "coordinates": [ 126.99147, 37.502094 ] } },
{ "type": "Feature", "properties": { "stationID": "ST-2933", "lat": 37.589451, "long": 127.059563 }, "geometry": { "type": "Point", "coordinates": [ 127.059563, 37.589451 ] } },
{ "type": "Feature", "properties": { "stationID": "ST-2932", "lat": 37.457035, "long": 126.894325 }, "geometry": { "type": "Point", "coordinates": [ 126.894325, 37.457035 ] } },
{ "type": "Feature", "properties": { "stationID": "ST-2931", "lat": 37.459366, "long": 126.88678 }, "geometry": { "type": "Point", "coordinates": [ 126.88678, 37.459366 ] } },
{ "type": "Feature", "properties": { "stationID": "ST-2930", "lat": 37.634937, "long": 127.017525 }, "geometry": { "type": "Point", "coordinates": [ 127.017525, 37.634937 ] } },
{ "type": "Feature", "properties": { "stationID": "ST-293", "lat": 37.530079, "long": 126.905708 }, "geometry": { "type": "Point", "coordinates": [ 126.905708, 37.530079 ] } },
{ "type": "Feature", "properties": { "stationID": "ST-2929", "lat": 37.519604, "long": 127.13871 }, "geometry": { "type": "Point", "coordinates": [ 127.13871, 37.519604 ] } },
{ "type": "Feature", "properties": { "stationID": "ST-2928", "lat": 37.527103, "long": 127.136513 }, "geometry": { "type": "Point", "coordinates": [ 127.136513, 37.527103 ] } },
{ "type": "Feature", "properties": { "stationID": "ST-2927", "lat": 37.486076, "long": 127.059219 }, "geometry": { "type": "Point", "coordinates": [ 127.059219, 37.486076 ] } },
{ "type": "Feature", "properties": { "stationID": "ST-2926", "lat": 37.486706, "long": 127.060501 }, "geometry": { "type": "Point", "coordinates": [ 127.060501, 37.486706 ] } },
{ "type": "Feature", "properties": { "stationID": "ST-2925", "lat": 37.486423, "long": 127.059319 }, "geometry": { "type": "Point", "coordinates": [ 127.059319, 37.486423 ] } },
{ "type": "Feature", "properties": { "stationID": "ST-2924", "lat": 37.527035, "long": 126.966179 }, "geometry": { "type": "Point", "coordinates": [ 126.966179, 37.527035 ] } },
{ "type": "Feature", "properties": { "stationID": "ST-2923", "lat": 37.568836, "long": 126.969551 }, "geometry": { "type": "Point", "coordinates": [ 126.969551, 37.568836 ] } },
{ "type": "Feature", "properties": { "stationID": "ST-2922", "lat": 37.593544, "long": 127.08979 }, "geometry": { "type": "Point", "coordinates": [ 127.08979, 37.593544 ] } },
{ "type": "Feature", "properties": { "stationID": "ST-2921", "lat": 37.597809, "long": 127.088448 }, "geometry": { "type": "Point", "coordinates": [ 127.088448, 37.597809 ] } },
{ "type": "Feature", "properties": { "stationID": "ST-2920", "lat": 37.539726, "long": 126.890366 }, "geometry": { "type": "Point", "coordinates": [ 126.890366, 37.539726 ] } },
{ "type": "Feature", "properties": { "stationID": "ST-292", "lat": 37.527084, "long": 126.89138 }, "geometry": { "type": "Point", "coordinates": [ 126.89138, 37.527084 ] } },
{ "type": "Feature", "properties": { "stationID": "ST-2919", "lat": 37.529148, "long": 127.116058 }, "geometry": { "type": "Point", "coordinates": [ 127.116058, 37.529148 ] } },
{ "type": "Feature", "properties": { "stationID": "ST-2918", "lat": 37.502914, "long": 127.092537 }, "geometry": { "type": "Point", "coordinates": [ 127.092537, 37.502914 ] } },
{ "type": "Feature", "properties": { "stationID": "ST-2917", "lat": 37.482636, "long": 127.139923 }, "geometry": { "type": "Point", "coordinates": [ 127.139923, 37.482636 ] } },
{ "type": "Feature", "properties": { "stationID": "ST-2916", "lat": 37.501171, "long": 127.085167 }, "geometry": { "type": "Point", "coordinates": [ 127.085167, 37.501171 ] } },
{ "type": "Feature", "properties": { "stationID": "ST-2915", "lat": 37.498272, "long": 127.134865 }, "geometry": { "type": "Point", "coordinates": [ 127.134865, 37.498272 ] } },
{ "type": "Feature", "properties": { "stationID": "ST-2914", "lat": 37.678513, "long": 127.051743 }, "geometry": { "type": "Point", "coordinates": [ 127.051743, 37.678513 ] } },
{ "type": "Feature", "properties": { "stationID": "ST-2913", "lat": 37.463223, "long": 126.903572 }, "geometry": { "type": "Point", "coordinates": [ 126.903572, 37.463223 ] } },
{ "type": "Feature", "properties": { "stationID": "ST-2912", "lat": 37.462723, "long": 126.907219 }, "geometry": { "type": "Point", "coordinates": [ 126.907219, 37.462723 ] } },
{ "type": "Feature", "properties": { "stationID": "ST-2911", "lat": 37.458382, "long": 126.908073 }, "geometry": { "type": "Point", "coordinates": [ 126.908073, 37.458382 ] } },
{ "type": "Feature", "properties": { "stationID": "ST-2910", "lat": 37.458942, "long": 126.90593 }, "geometry": { "type": "Point", "coordinates": [ 126.90593, 37.458942 ] } },
{ "type": "Feature", "properties": { "stationID": "ST-291", "lat": 37.510933, "long": 126.910225 }, "geometry": { "type": "Point", "coordinates": [ 126.910225, 37.510933 ] } },
{ "type": "Feature", "properties": { "stationID": "ST-2909", "lat": 37.557072, "long": 127.17514 }, "geometry": { "type": "Point", "coordinates": [ 127.17514, 37.557072 ] } },
{ "type": "Feature", "properties": { "stationID": "ST-2908", "lat": 37.557404, "long": 127.176537 }, "geometry": { "type": "Point", "coordinates": [ 127.176537, 37.557404 ] } },
{ "type": "Feature", "properties": { "stationID": "ST-2907", "lat": 37.470814, "long": 127.089699 }, "geometry": { "type": "Point", "coordinates": [ 127.089699, 37.470814 ] } },
{ "type": "Feature", "properties": { "stationID": "ST-2906", "lat": 37.603043, "long": 127.100502 }, "geometry": { "type": "Point", "coordinates": [ 127.100502, 37.603043 ] } },
{ "type": "Feature", "properties": { "stationID": "ST-2905", "lat": 37.555576, "long": 126.896889 }, "geometry": { "type": "Point", "coordinates": [ 126.896889, 37.555576 ] } },
{ "type": "Feature", "properties": { "stationID": "ST-2904", "lat": 37.579845, "long": 127.08242 }, "geometry": { "type": "Point", "coordinates": [ 127.08242, 37.579845 ] } },
{ "type": "Feature", "properties": { "stationID": "ST-2903", "lat": 37.571621, "long": 127.022041 }, "geometry": { "type": "Point", "coordinates": [ 127.022041, 37.571621 ] } },
{ "type": "Feature", "properties": { "stationID": "ST-2902", "lat": 37.512833, "long": 126.917633 }, "geometry": { "type": "Point", "coordinates": [ 126.917633, 37.512833 ] } },
{ "type": "Feature", "properties": { "stationID": "ST-2901", "lat": 37.506012, "long": 126.915886 }, "geometry": { "type": "Point", "coordinates": [ 126.915886, 37.506012 ] } },
{ "type": "Feature", "properties": { "stationID": "ST-2900", "lat": 37.524105, "long": 126.928108 }, "geometry": { "type": "Point", "coordinates": [ 126.928108, 37.524105 ] } },
{ "type": "Feature", "properties": { "stationID": "ST-290", "lat": 37.505016, "long": 126.898537 }, "geometry": { "type": "Point", "coordinates": [ 126.898537, 37.505016 ] } },
{ "type": "Feature", "properties": { "stationID": "ST-29", "lat": 37.55352, "long": 126.936951 }, "geometry": { "type": "Point", "coordinates": [ 126.936951, 37.55352 ] } },
{ "type": "Feature", "properties": { "stationID": "ST-2899", "lat": 37.52338, "long": 126.927597 }, "geometry": { "type": "Point", "coordinates": [ 126.927597, 37.52338 ] } },
{ "type": "Feature", "properties": { "stationID": "ST-2898", "lat": 37.606239, "long": 127.03466 }, "geometry": { "type": "Point", "coordinates": [ 127.03466, 37.606239 ] } },
{ "type": "Feature", "properties": { "stationID": "ST-2897", "lat": 37.575043, "long": 126.917366 }, "geometry": { "type": "Point", "coordinates": [ 126.917366, 37.575043 ] } },
{ "type": "Feature", "properties": { "stationID": "ST-2896", "lat": 37.625275, "long": 127.072884 }, "geometry": { "type": "Point", "coordinates": [ 127.072884, 37.625275 ] } },
{ "type": "Feature", "properties": { "stationID": "ST-2895", "lat": 37.462376, "long": 126.891792 }, "geometry": { "type": "Point", "coordinates": [ 126.891792, 37.462376 ] } },
{ "type": "Feature", "properties": { "stationID": "ST-2894", "lat": 37.462223, "long": 126.891815 }, "geometry": { "type": "Point", "coordinates": [ 126.891815, 37.462223 ] } },
{ "type": "Feature", "properties": { "stationID": "ST-2893", "lat": 37.45192, "long": 126.913757 }, "geometry": { "type": "Point", "coordinates": [ 126.913757, 37.45192 ] } },
{ "type": "Feature", "properties": { "stationID": "ST-2892", "lat": 37.501263, "long": 126.891182 }, "geometry": { "type": "Point", "coordinates": [ 126.891182, 37.501263 ] } },
{ "type": "Feature", "properties": { "stationID": "ST-2891", "lat": 37.528793, "long": 127.084633 }, "geometry": { "type": "Point", "coordinates": [ 127.084633, 37.528793 ] } },
{ "type": "Feature", "properties": { "stationID": "ST-2890", "lat": 37.573341, "long": 126.823318 }, "geometry": { "type": "Point", "coordinates": [ 126.823318, 37.573341 ] } },
{ "type": "Feature", "properties": { "stationID": "ST-289", "lat": 37.518738, "long": 126.895576 }, "geometry": { "type": "Point", "coordinates": [ 126.895576, 37.518738 ] } },
{ "type": "Feature", "properties": { "stationID": "ST-2889", "lat": 37.563541, "long": 126.824554 }, "geometry": { "type": "Point", "coordinates": [ 126.824554, 37.563541 ] } },
{ "type": "Feature", "properties": { "stationID": "ST-2888", "lat": 37.555454, "long": 126.837517 }, "geometry": { "type": "Point", "coordinates": [ 126.837517, 37.555454 ] } },
{ "type": "Feature", "properties": { "stationID": "ST-2887", "lat": 37.531822, "long": 126.854622 }, "geometry": { "type": "Point", "coordinates": [ 126.854622, 37.531822 ] } },
{ "type": "Feature", "properties": { "stationID": "ST-2886", "lat": 37.559311, "long": 126.827438 }, "geometry": { "type": "Point", "coordinates": [ 126.827438, 37.559311 ] } },
{ "type": "Feature", "properties": { "stationID": "ST-2885", "lat": 37.55933, "long": 126.827179 }, "geometry": { "type": "Point", "coordinates": [ 126.827179, 37.55933 ] } },
{ "type": "Feature", "properties": { "stationID": "ST-2884", "lat": 37.559059, "long": 126.827049 }, "geometry": { "type": "Point", "coordinates": [ 126.827049, 37.559059 ] } },
{ "type": "Feature", "properties": { "stationID": "ST-2883", "lat": 37.571087, "long": 126.807541 }, "geometry": { "type": "Point", "coordinates": [ 126.807541, 37.571087 ] } },
{ "type": "Feature", "properties": { "stationID": "ST-2882", "lat": 37.509785, "long": 127.04277 }, "geometry": { "type": "Point", "coordinates": [ 127.04277, 37.509785 ] } },
{ "type": "Feature", "properties": { "stationID": "ST-2881", "lat": 37.605488, "long": 127.104637 }, "geometry": { "type": "Point", "coordinates": [ 127.104637, 37.605488 ] } },
{ "type": "Feature", "properties": { "stationID": "ST-2880", "lat": 37.525295, "long": 126.995834 }, "geometry": { "type": "Point", "coordinates": [ 126.995834, 37.525295 ] } },
{ "type": "Feature", "properties": { "stationID": "ST-288", "lat": 37.525852, "long": 126.903282 }, "geometry": { "type": "Point", "coordinates": [ 126.903282, 37.525852 ] } },
{ "type": "Feature", "properties": { "stationID": "ST-2879", "lat": 37.522141, "long": 126.878059 }, "geometry": { "type": "Point", "coordinates": [ 126.878059, 37.522141 ] } },
{ "type": "Feature", "properties": { "stationID": "ST-2878", "lat": 37.498062, "long": 127.134613 }, "geometry": { "type": "Point", "coordinates": [ 127.134613, 37.498062 ] } },
{ "type": "Feature", "properties": { "stationID": "ST-2877", "lat": 37.510727, "long": 127.130402 }, "geometry": { "type": "Point", "coordinates": [ 127.130402, 37.510727 ] } },
{ "type": "Feature", "properties": { "stationID": "ST-2876", "lat": 37.517078, "long": 127.112328 }, "geometry": { "type": "Point", "coordinates": [ 127.112328, 37.517078 ] } },
{ "type": "Feature", "properties": { "stationID": "ST-2875", "lat": 37.452, "long": 127.053917 }, "geometry": { "type": "Point", "coordinates": [ 127.053917, 37.452 ] } },
{ "type": "Feature", "properties": { "stationID": "ST-2874", "lat": 37.550068, "long": 126.9048 }, "geometry": { "type": "Point", "coordinates": [ 126.9048, 37.550068 ] } },
{ "type": "Feature", "properties": { "stationID": "ST-2873", "lat": 37.482048, "long": 126.915245 }, "geometry": { "type": "Point", "coordinates": [ 126.915245, 37.482048 ] } },
{ "type": "Feature", "properties": { "stationID": "ST-2872", "lat": 37.477528, "long": 126.962769 }, "geometry": { "type": "Point", "coordinates": [ 126.962769, 37.477528 ] } },
{ "type": "Feature", "properties": { "stationID": "ST-2871", "lat": 37.559746, "long": 126.824387 }, "geometry": { "type": "Point", "coordinates": [ 126.824387, 37.559746 ] } },
{ "type": "Feature", "properties": { "stationID": "ST-2870", "lat": 37.495243, "long": 127.039375 }, "geometry": { "type": "Point", "coordinates": [ 127.039375, 37.495243 ] } },
{ "type": "Feature", "properties": { "stationID": "ST-287", "lat": 37.526386, "long": 126.902756 }, "geometry": { "type": "Point", "coordinates": [ 126.902756, 37.526386 ] } },
{ "type": "Feature", "properties": { "stationID": "ST-2869", "lat": 37.482761, "long": 127.080421 }, "geometry": { "type": "Point", "coordinates": [ 127.080421, 37.482761 ] } },
{ "type": "Feature", "properties": { "stationID": "ST-2868", "lat": 37.472679, "long": 127.10376 }, "geometry": { "type": "Point", "coordinates": [ 127.10376, 37.472679 ] } },
{ "type": "Feature", "properties": { "stationID": "ST-2867", "lat": 37.493706, "long": 127.079994 }, "geometry": { "type": "Point", "coordinates": [ 127.079994, 37.493706 ] } },
{ "type": "Feature", "properties": { "stationID": "ST-2866", "lat": 37.532005, "long": 126.955559 }, "geometry": { "type": "Point", "coordinates": [ 126.955559, 37.532005 ] } },
{ "type": "Feature", "properties": { "stationID": "ST-2865", "lat": 37.532936, "long": 127.075806 }, "geometry": { "type": "Point", "coordinates": [ 127.075806, 37.532936 ] } },
{ "type": "Feature", "properties": { "stationID": "ST-2863", "lat": 37.57164, "long": 127.03566 }, "geometry": { "type": "Point", "coordinates": [ 127.03566, 37.57164 ] } },
{ "type": "Feature", "properties": { "stationID": "ST-2862", "lat": 37.558857, "long": 127.151489 }, "geometry": { "type": "Point", "coordinates": [ 127.151489, 37.558857 ] } },
{ "type": "Feature", "properties": { "stationID": "ST-2861", "lat": 37.619656, "long": 127.081467 }, "geometry": { "type": "Point", "coordinates": [ 127.081467, 37.619656 ] } },
{ "type": "Feature", "properties": { "stationID": "ST-2860", "lat": 37.600254, "long": 127.091713 }, "geometry": { "type": "Point", "coordinates": [ 127.091713, 37.600254 ] } },
{ "type": "Feature", "properties": { "stationID": "ST-286", "lat": 37.496521, "long": 126.914925 }, "geometry": { "type": "Point", "coordinates": [ 126.914925, 37.496521 ] } },
{ "type": "Feature", "properties": { "stationID": "ST-2859", "lat": 37.643044, "long": 127.062134 }, "geometry": { "type": "Point", "coordinates": [ 127.062134, 37.643044 ] } },
{ "type": "Feature", "properties": { "stationID": "ST-2858", "lat": 37.560593, "long": 126.820847 }, "geometry": { "type": "Point", "coordinates": [ 126.820847, 37.560593 ] } },
{ "type": "Feature", "properties": { "stationID": "ST-2857", "lat": 37.566929, "long": 126.816841 }, "geometry": { "type": "Point", "coordinates": [ 126.816841, 37.566929 ] } },
{ "type": "Feature", "properties": { "stationID": "ST-2856", "lat": 37.555073, "long": 127.01989 }, "geometry": { "type": "Point", "coordinates": [ 127.01989, 37.555073 ] } },
{ "type": "Feature", "properties": { "stationID": "ST-2855", "lat": 37.493858, "long": 126.856468 }, "geometry": { "type": "Point", "coordinates": [ 126.856468, 37.493858 ] } },
{ "type": "Feature", "properties": { "stationID": "ST-2854", "lat": 37.553612, "long": 127.172035 }, "geometry": { "type": "Point", "coordinates": [ 127.172035, 37.553612 ] } },
{ "type": "Feature", "properties": { "stationID": "ST-2853", "lat": 37.4543, "long": 127.042831 }, "geometry": { "type": "Point", "coordinates": [ 127.042831, 37.4543 ] } },
{ "type": "Feature", "properties": { "stationID": "ST-2852", "lat": 37.52195, "long": 126.890495 }, "geometry": { "type": "Point", "coordinates": [ 126.890495, 37.52195 ] } },
{ "type": "Feature", "properties": { "stationID": "ST-2851", "lat": 37.486752, "long": 126.922722 }, "geometry": { "type": "Point", "coordinates": [ 126.922722, 37.486752 ] } },
{ "type": "Feature", "properties": { "stationID": "ST-2850", "lat": 37.516296, "long": 127.08461 }, "geometry": { "type": "Point", "coordinates": [ 127.08461, 37.516296 ] } },
{ "type": "Feature", "properties": { "stationID": "ST-285", "lat": 37.516155, "long": 126.894615 }, "geometry": { "type": "Point", "coordinates": [ 126.894615, 37.516155 ] } },
{ "type": "Feature", "properties": { "stationID": "ST-2849", "lat": 37.658546, "long": 127.027679 }, "geometry": { "type": "Point", "coordinates": [ 127.027679, 37.658546 ] } },
{ "type": "Feature", "properties": { "stationID": "ST-2848", "lat": 37.661736, "long": 127.028122 }, "geometry": { "type": "Point", "coordinates": [ 127.028122, 37.661736 ] } },
{ "type": "Feature", "properties": { "stationID": "ST-2847", "lat": 37.490879, "long": 127.087959 }, "geometry": { "type": "Point", "coordinates": [ 127.087959, 37.490879 ] } },
{ "type": "Feature", "properties": { "stationID": "ST-2846", "lat": 37.583332, "long": 127.08355 }, "geometry": { "type": "Point", "coordinates": [ 127.08355, 37.583332 ] } },
{ "type": "Feature", "properties": { "stationID": "ST-2845", "lat": 37.563396, "long": 126.968941 }, "geometry": { "type": "Point", "coordinates": [ 126.968941, 37.563396 ] } },
{ "type": "Feature", "properties": { "stationID": "ST-2844", "lat": 37.533157, "long": 126.884087 }, "geometry": { "type": "Point", "coordinates": [ 126.884087, 37.533157 ] } },
{ "type": "Feature", "properties": { "stationID": "ST-2843", "lat": 37.56628, "long": 127.077477 }, "geometry": { "type": "Point", "coordinates": [ 127.077477, 37.56628 ] } },
{ "type": "Feature", "properties": { "stationID": "ST-2842", "lat": 37.481632, "long": 126.947189 }, "geometry": { "type": "Point", "coordinates": [ 126.947189, 37.481632 ] } },
{ "type": "Feature", "properties": { "stationID": "ST-2841", "lat": 37.545818, "long": 127.166885 }, "geometry": { "type": "Point", "coordinates": [ 127.166885, 37.545818 ] } },
{ "type": "Feature", "properties": { "stationID": "ST-2840", "lat": 37.540768, "long": 127.146881 }, "geometry": { "type": "Point", "coordinates": [ 127.146881, 37.540768 ] } },
{ "type": "Feature", "properties": { "stationID": "ST-284", "lat": 37.504566, "long": 126.910233 }, "geometry": { "type": "Point", "coordinates": [ 126.910233, 37.504566 ] } },
{ "type": "Feature", "properties": { "stationID": "ST-2839", "lat": 37.527962, "long": 127.051628 }, "geometry": { "type": "Point", "coordinates": [ 127.051628, 37.527962 ] } },
{ "type": "Feature", "properties": { "stationID": "ST-2838", "lat": 37.460724, "long": 127.102875 }, "geometry": { "type": "Point", "coordinates": [ 127.102875, 37.460724 ] } },
{ "type": "Feature", "properties": { "stationID": "ST-2837", "lat": 37.512642, "long": 127.051567 }, "geometry": { "type": "Point", "coordinates": [ 127.051567, 37.512642 ] } },
{ "type": "Feature", "properties": { "stationID": "ST-2836", "lat": 37.662357, "long": 127.058456 }, "geometry": { "type": "Point", "coordinates": [ 127.058456, 37.662357 ] } },
{ "type": "Feature", "properties": { "stationID": "ST-2835", "lat": 37.654083, "long": 127.071953 }, "geometry": { "type": "Point", "coordinates": [ 127.071953, 37.654083 ] } },
{ "type": "Feature", "properties": { "stationID": "ST-2834", "lat": 37.551414, "long": 127.044754 }, "geometry": { "type": "Point", "coordinates": [ 127.044754, 37.551414 ] } },
{ "type": "Feature", "properties": { "stationID": "ST-2833", "lat": 37.507172, "long": 127.101242 }, "geometry": { "type": "Point", "coordinates": [ 127.101242, 37.507172 ] } },
{ "type": "Feature", "properties": { "stationID": "ST-2832", "lat": 37.557373, "long": 126.823326 }, "geometry": { "type": "Point", "coordinates": [ 126.823326, 37.557373 ] } },
{ "type": "Feature", "properties": { "stationID": "ST-2831", "lat": 37.560684, "long": 126.819183 }, "geometry": { "type": "Point", "coordinates": [ 126.819183, 37.560684 ] } },
{ "type": "Feature", "properties": { "stationID": "ST-2830", "lat": 37.548969, "long": 127.093529 }, "geometry": { "type": "Point", "coordinates": [ 127.093529, 37.548969 ] } },
{ "type": "Feature", "properties": { "stationID": "ST-283", "lat": 37.500462, "long": 126.905846 }, "geometry": { "type": "Point", "coordinates": [ 126.905846, 37.500462 ] } },
{ "type": "Feature", "properties": { "stationID": "ST-2829", "lat": 37.483376, "long": 126.822479 }, "geometry": { "type": "Point", "coordinates": [ 126.822479, 37.483376 ] } },
{ "type": "Feature", "properties": { "stationID": "ST-2828", "lat": 37.483891, "long": 126.822182 }, "geometry": { "type": "Point", "coordinates": [ 126.822182, 37.483891 ] } },
{ "type": "Feature", "properties": { "stationID": "ST-2827", "lat": 37.504444, "long": 126.950256 }, "geometry": { "type": "Point", "coordinates": [ 126.950256, 37.504444 ] } },
{ "type": "Feature", "properties": { "stationID": "ST-2826", "lat": 37.491577, "long": 126.908813 }, "geometry": { "type": "Point", "coordinates": [ 126.908813, 37.491577 ] } },
{ "type": "Feature", "properties": { "stationID": "ST-2825", "lat": 37.596127, "long": 126.919624 }, "geometry": { "type": "Point", "coordinates": [ 126.919624, 37.596127 ] } },
{ "type": "Feature", "properties": { "stationID": "ST-2824", "lat": 37.623608, "long": 126.916885 }, "geometry": { "type": "Point", "coordinates": [ 126.916885, 37.623608 ] } },
{ "type": "Feature", "properties": { "stationID": "ST-2823", "lat": 37.495823, "long": 126.908356 }, "geometry": { "type": "Point", "coordinates": [ 126.908356, 37.495823 ] } },
{ "type": "Feature", "properties": { "stationID": "ST-2822", "lat": 37.523415, "long": 126.905403 }, "geometry": { "type": "Point", "coordinates": [ 126.905403, 37.523415 ] } },
{ "type": "Feature", "properties": { "stationID": "ST-2821", "lat": 37.514702, "long": 126.91214 }, "geometry": { "type": "Point", "coordinates": [ 126.91214, 37.514702 ] } },
{ "type": "Feature", "properties": { "stationID": "ST-2820", "lat": 37.518002, "long": 126.884598 }, "geometry": { "type": "Point", "coordinates": [ 126.884598, 37.518002 ] } },
{ "type": "Feature", "properties": { "stationID": "ST-282", "lat": 37.528488, "long": 126.891647 }, "geometry": { "type": "Point", "coordinates": [ 126.891647, 37.528488 ] } },
{ "type": "Feature", "properties": { "stationID": "ST-2819", "lat": 37.505089, "long": 126.913345 }, "geometry": { "type": "Point", "coordinates": [ 126.913345, 37.505089 ] } },
{ "type": "Feature", "properties": { "stationID": "ST-2818", "lat": 37.518749, "long": 126.912209 }, "geometry": { "type": "Point", "coordinates": [ 126.912209, 37.518749 ] } },
{ "type": "Feature", "properties": { "stationID": "ST-2817", "lat": 37.491283, "long": 126.90802 }, "geometry": { "type": "Point", "coordinates": [ 126.90802, 37.491283 ] } },
{ "type": "Feature", "properties": { "stationID": "ST-2816", "lat": 37.503841, "long": 126.896156 }, "geometry": { "type": "Point", "coordinates": [ 126.896156, 37.503841 ] } },
{ "type": "Feature", "properties": { "stationID": "ST-2815", "lat": 37.518036, "long": 126.903648 }, "geometry": { "type": "Point", "coordinates": [ 126.903648, 37.518036 ] } },
{ "type": "Feature", "properties": { "stationID": "ST-2814", "lat": 37.52071, "long": 126.939659 }, "geometry": { "type": "Point", "coordinates": [ 126.939659, 37.52071 ] } },
{ "type": "Feature", "properties": { "stationID": "ST-2813", "lat": 37.518509, "long": 126.934486 }, "geometry": { "type": "Point", "coordinates": [ 126.934486, 37.518509 ] } },
{ "type": "Feature", "properties": { "stationID": "ST-2812", "lat": 37.525726, "long": 126.886002 }, "geometry": { "type": "Point", "coordinates": [ 126.886002, 37.525726 ] } },
{ "type": "Feature", "properties": { "stationID": "ST-2811", "lat": 37.534191, "long": 126.893013 }, "geometry": { "type": "Point", "coordinates": [ 126.893013, 37.534191 ] } },
{ "type": "Feature", "properties": { "stationID": "ST-2810", "lat": 37.517563, "long": 126.916985 }, "geometry": { "type": "Point", "coordinates": [ 126.916985, 37.517563 ] } },
{ "type": "Feature", "properties": { "stationID": "ST-281", "lat": 37.52565, "long": 126.887817 }, "geometry": { "type": "Point", "coordinates": [ 126.887817, 37.52565 ] } },
{ "type": "Feature", "properties": { "stationID": "ST-2809", "lat": 37.505455, "long": 126.906265 }, "geometry": { "type": "Point", "coordinates": [ 126.906265, 37.505455 ] } },
{ "type": "Feature", "properties": { "stationID": "ST-2808", "lat": 37.495193, "long": 126.900177 }, "geometry": { "type": "Point", "coordinates": [ 126.900177, 37.495193 ] } },
{ "type": "Feature", "properties": { "stationID": "ST-2807", "lat": 37.527622, "long": 126.898636 }, "geometry": { "type": "Point", "coordinates": [ 126.898636, 37.527622 ] } },
{ "type": "Feature", "properties": { "stationID": "ST-2806", "lat": 37.526176, "long": 126.901978 }, "geometry": { "type": "Point", "coordinates": [ 126.901978, 37.526176 ] } },
{ "type": "Feature", "properties": { "stationID": "ST-2805", "lat": 37.552814, "long": 127.009193 }, "geometry": { "type": "Point", "coordinates": [ 127.009193, 37.552814 ] } },
{ "type": "Feature", "properties": { "stationID": "ST-2804", "lat": 37.674366, "long": 127.059471 }, "geometry": { "type": "Point", "coordinates": [ 127.059471, 37.674366 ] } },
{ "type": "Feature", "properties": { "stationID": "ST-2803", "lat": 37.512627, "long": 126.927414 }, "geometry": { "type": "Point", "coordinates": [ 126.927414, 37.512627 ] } },
{ "type": "Feature", "properties": { "stationID": "ST-2802", "lat": 37.560665, "long": 127.161285 }, "geometry": { "type": "Point", "coordinates": [ 127.161285, 37.560665 ] } },
{ "type": "Feature", "properties": { "stationID": "ST-2801", "lat": 37.504005, "long": 126.92028 }, "geometry": { "type": "Point", "coordinates": [ 126.92028, 37.504005 ] } },
{ "type": "Feature", "properties": { "stationID": "ST-2800", "lat": 37.501606, "long": 126.91745 }, "geometry": { "type": "Point", "coordinates": [ 126.91745, 37.501606 ] } },
{ "type": "Feature", "properties": { "stationID": "ST-280", "lat": 37.524506, "long": 126.891823 }, "geometry": { "type": "Point", "coordinates": [ 126.891823, 37.524506 ] } },
{ "type": "Feature", "properties": { "stationID": "ST-28", "lat": 37.550411, "long": 126.943848 }, "geometry": { "type": "Point", "coordinates": [ 126.943848, 37.550411 ] } },
{ "type": "Feature", "properties": { "stationID": "ST-2799", "lat": 37.679848, "long": 127.050385 }, "geometry": { "type": "Point", "coordinates": [ 127.050385, 37.679848 ] } },
{ "type": "Feature", "properties": { "stationID": "ST-2798", "lat": 37.500027, "long": 127.118431 }, "geometry": { "type": "Point", "coordinates": [ 127.118431, 37.500027 ] } },
{ "type": "Feature", "properties": { "stationID": "ST-2797", "lat": 37.516479, "long": 127.114983 }, "geometry": { "type": "Point", "coordinates": [ 127.114983, 37.516479 ] } },
{ "type": "Feature", "properties": { "stationID": "ST-2796", "lat": 37.502056, "long": 127.11055 }, "geometry": { "type": "Point", "coordinates": [ 127.11055, 37.502056 ] } },
{ "type": "Feature", "properties": { "stationID": "ST-2795", "lat": 37.617554, "long": 127.103996 }, "geometry": { "type": "Point", "coordinates": [ 127.103996, 37.617554 ] } },
{ "type": "Feature", "properties": { "stationID": "ST-2794", "lat": 37.53936, "long": 126.828865 }, "geometry": { "type": "Point", "coordinates": [ 126.828865, 37.53936 ] } },
{ "type": "Feature", "properties": { "stationID": "ST-2793", "lat": 37.611313, "long": 127.057594 }, "geometry": { "type": "Point", "coordinates": [ 127.057594, 37.611313 ] } },
{ "type": "Feature", "properties": { "stationID": "ST-2792", "lat": 37.637939, "long": 127.067154 }, "geometry": { "type": "Point", "coordinates": [ 127.067154, 37.637939 ] } },
{ "type": "Feature", "properties": { "stationID": "ST-2791", "lat": 37.627411, "long": 127.062141 }, "geometry": { "type": "Point", "coordinates": [ 127.062141, 37.627411 ] } },
{ "type": "Feature", "properties": { "stationID": "ST-2790", "lat": 37.567192, "long": 126.834755 }, "geometry": { "type": "Point", "coordinates": [ 126.834755, 37.567192 ] } },
{ "type": "Feature", "properties": { "stationID": "ST-279", "lat": 37.535873, "long": 126.892181 }, "geometry": { "type": "Point", "coordinates": [ 126.892181, 37.535873 ] } },
{ "type": "Feature", "properties": { "stationID": "ST-2789", "lat": 37.561085, "long": 126.816795 }, "geometry": { "type": "Point", "coordinates": [ 126.816795, 37.561085 ] } },
{ "type": "Feature", "properties": { "stationID": "ST-2788", "lat": 37.474022, "long": 127.048447 }, "geometry": { "type": "Point", "coordinates": [ 127.048447, 37.474022 ] } },
{ "type": "Feature", "properties": { "stationID": "ST-2787", "lat": 37.55862, "long": 127.034355 }, "geometry": { "type": "Point", "coordinates": [ 127.034355, 37.55862 ] } },
{ "type": "Feature", "properties": { "stationID": "ST-2786", "lat": 37.555408, "long": 126.969421 }, "geometry": { "type": "Point", "coordinates": [ 126.969421, 37.555408 ] } },
{ "type": "Feature", "properties": { "stationID": "ST-2785", "lat": 37.600346, "long": 126.93148 }, "geometry": { "type": "Point", "coordinates": [ 126.93148, 37.600346 ] } },
{ "type": "Feature", "properties": { "stationID": "ST-2784", "lat": 37.607224, "long": 126.922134 }, "geometry": { "type": "Point", "coordinates": [ 126.922134, 37.607224 ] } },
{ "type": "Feature", "properties": { "stationID": "ST-2783", "lat": 37.622051, "long": 126.919586 }, "geometry": { "type": "Point", "coordinates": [ 126.919586, 37.622051 ] } },
{ "type": "Feature", "properties": { "stationID": "ST-2782", "lat": 37.620876, "long": 126.9198 }, "geometry": { "type": "Point", "coordinates": [ 126.9198, 37.620876 ] } },
{ "type": "Feature", "properties": { "stationID": "ST-2781", "lat": 37.633907, "long": 126.931778 }, "geometry": { "type": "Point", "coordinates": [ 126.931778, 37.633907 ] } },
{ "type": "Feature", "properties": { "stationID": "ST-2780", "lat": 37.629627, "long": 126.930115 }, "geometry": { "type": "Point", "coordinates": [ 126.930115, 37.629627 ] } },
{ "type": "Feature", "properties": { "stationID": "ST-278", "lat": 37.53846, "long": 126.894508 }, "geometry": { "type": "Point", "coordinates": [ 126.894508, 37.53846 ] } },
{ "type": "Feature", "properties": { "stationID": "ST-2779", "lat": 37.59967, "long": 126.91716 }, "geometry": { "type": "Point", "coordinates": [ 126.91716, 37.59967 ] } },
{ "type": "Feature", "properties": { "stationID": "ST-2778", "lat": 37.613262, "long": 126.927864 }, "geometry": { "type": "Point", "coordinates": [ 126.927864, 37.613262 ] } },
{ "type": "Feature", "properties": { "stationID": "ST-2777", "lat": 37.597504, "long": 126.919998 }, "geometry": { "type": "Point", "coordinates": [ 126.919998, 37.597504 ] } },
{ "type": "Feature", "properties": { "stationID": "ST-2776", "lat": 37.601768, "long": 126.935425 }, "geometry": { "type": "Point", "coordinates": [ 126.935425, 37.601768 ] } },
{ "type": "Feature", "properties": { "stationID": "ST-2775", "lat": 37.600494, "long": 126.922157 }, "geometry": { "type": "Point", "coordinates": [ 126.922157, 37.600494 ] } },
{ "type": "Feature", "properties": { "stationID": "ST-2774", "lat": 37.536846, "long": 126.88475 }, "geometry": { "type": "Point", "coordinates": [ 126.88475, 37.536846 ] } },
{ "type": "Feature", "properties": { "stationID": "ST-2773", "lat": 37.539688, "long": 126.874985 }, "geometry": { "type": "Point", "coordinates": [ 126.874985, 37.539688 ] } },
{ "type": "Feature", "properties": { "stationID": "ST-2772", "lat": 37.513512, "long": 126.826813 }, "geometry": { "type": "Point", "coordinates": [ 126.826813, 37.513512 ] } },
{ "type": "Feature", "properties": { "stationID": "ST-2771", "lat": 37.517796, "long": 126.841614 }, "geometry": { "type": "Point", "coordinates": [ 126.841614, 37.517796 ] } },
{ "type": "Feature", "properties": { "stationID": "ST-2770", "lat": 37.520916, "long": 126.840958 }, "geometry": { "type": "Point", "coordinates": [ 126.840958, 37.520916 ] } },
{ "type": "Feature", "properties": { "stationID": "ST-277", "lat": 37.544666, "long": 126.888359 }, "geometry": { "type": "Point", "coordinates": [ 126.888359, 37.544666 ] } },
{ "type": "Feature", "properties": { "stationID": "ST-2769", "lat": 37.539116, "long": 126.823799 }, "geometry": { "type": "Point", "coordinates": [ 126.823799, 37.539116 ] } },
{ "type": "Feature", "properties": { "stationID": "ST-2768", "lat": 37.520111, "long": 126.844749 }, "geometry": { "type": "Point", "coordinates": [ 126.844749, 37.520111 ] } },
{ "type": "Feature", "properties": { "stationID": "ST-2767", "lat": 37.528938, "long": 126.833122 }, "geometry": { "type": "Point", "coordinates": [ 126.833122, 37.528938 ] } },
{ "type": "Feature", "properties": { "stationID": "ST-2766", "lat": 37.535282, "long": 126.830009 }, "geometry": { "type": "Point", "coordinates": [ 126.830009, 37.535282 ] } },
{ "type": "Feature", "properties": { "stationID": "ST-2765", "lat": 37.514812, "long": 126.861176 }, "geometry": { "type": "Point", "coordinates": [ 126.861176, 37.514812 ] } },
{ "type": "Feature", "properties": { "stationID": "ST-2764", "lat": 37.523197, "long": 126.869301 }, "geometry": { "type": "Point", "coordinates": [ 126.869301, 37.523197 ] } },
{ "type": "Feature", "properties": { "stationID": "ST-2763", "lat": 37.514069, "long": 126.869987 }, "geometry": { "type": "Point", "coordinates": [ 126.869987, 37.514069 ] } },
{ "type": "Feature", "properties": { "stationID": "ST-2762", "lat": 37.521759, "long": 126.852287 }, "geometry": { "type": "Point", "coordinates": [ 126.852287, 37.521759 ] } },
{ "type": "Feature", "properties": { "stationID": "ST-2761", "lat": 37.52198, "long": 126.859283 }, "geometry": { "type": "Point", "coordinates": [ 126.859283, 37.52198 ] } },
{ "type": "Feature", "properties": { "stationID": "ST-2760", "lat": 37.521095, "long": 126.873207 }, "geometry": { "type": "Point", "coordinates": [ 126.873207, 37.521095 ] } },
{ "type": "Feature", "properties": { "stationID": "ST-276", "lat": 37.574203, "long": 127.057693 }, "geometry": { "type": "Point", "coordinates": [ 127.057693, 37.574203 ] } },
{ "type": "Feature", "properties": { "stationID": "ST-2759", "lat": 37.521225, "long": 126.854996 }, "geometry": { "type": "Point", "coordinates": [ 126.854996, 37.521225 ] } },
{ "type": "Feature", "properties": { "stationID": "ST-2758", "lat": 37.539635, "long": 126.831032 }, "geometry": { "type": "Point", "coordinates": [ 126.831032, 37.539635 ] } },
{ "type": "Feature", "properties": { "stationID": "ST-2757", "lat": 37.50227, "long": 127.121956 }, "geometry": { "type": "Point", "coordinates": [ 127.121956, 37.50227 ] } },
{ "type": "Feature", "properties": { "stationID": "ST-2756", "lat": 37.523018, "long": 127.115883 }, "geometry": { "type": "Point", "coordinates": [ 127.115883, 37.523018 ] } },
{ "type": "Feature", "properties": { "stationID": "ST-2755", "lat": 37.493084, "long": 127.152039 }, "geometry": { "type": "Point", "coordinates": [ 127.152039, 37.493084 ] } },
{ "type": "Feature", "properties": { "stationID": "ST-2754", "lat": 37.645096, "long": 127.058556 }, "geometry": { "type": "Point", "coordinates": [ 127.058556, 37.645096 ] } },
{ "type": "Feature", "properties": { "stationID": "ST-2753", "lat": 37.492672, "long": 126.841621 }, "geometry": { "type": "Point", "coordinates": [ 126.841621, 37.492672 ] } },
{ "type": "Feature", "properties": { "stationID": "ST-2752", "lat": 37.547398, "long": 126.821411 }, "geometry": { "type": "Point", "coordinates": [ 126.821411, 37.547398 ] } },
{ "type": "Feature", "properties": { "stationID": "ST-2751", "lat": 37.543709, "long": 127.142281 }, "geometry": { "type": "Point", "coordinates": [ 127.142281, 37.543709 ] } },
{ "type": "Feature", "properties": { "stationID": "ST-2750", "lat": 37.541546, "long": 127.141479 }, "geometry": { "type": "Point", "coordinates": [ 127.141479, 37.541546 ] } },
{ "type": "Feature", "properties": { "stationID": "ST-275", "lat": 37.582561, "long": 127.054367 }, "geometry": { "type": "Point", "coordinates": [ 127.054367, 37.582561 ] } },
{ "type": "Feature", "properties": { "stationID": "ST-2749", "lat": 37.536854, "long": 127.139488 }, "geometry": { "type": "Point", "coordinates": [ 127.139488, 37.536854 ] } },
{ "type": "Feature", "properties": { "stationID": "ST-2748", "lat": 37.535416, "long": 127.133095 }, "geometry": { "type": "Point", "coordinates": [ 127.133095, 37.535416 ] } },
{ "type": "Feature", "properties": { "stationID": "ST-2747", "lat": 37.534073, "long": 127.145004 }, "geometry": { "type": "Point", "coordinates": [ 127.145004, 37.534073 ] } },
{ "type": "Feature", "properties": { "stationID": "ST-2746", "lat": 37.569538, "long": 127.1586 }, "geometry": { "type": "Point", "coordinates": [ 127.1586, 37.569538 ] } },
{ "type": "Feature", "properties": { "stationID": "ST-2745", "lat": 37.571804, "long": 127.174469 }, "geometry": { "type": "Point", "coordinates": [ 127.174469, 37.571804 ] } },
{ "type": "Feature", "properties": { "stationID": "ST-2744", "lat": 37.57074, "long": 127.172157 }, "geometry": { "type": "Point", "coordinates": [ 127.172157, 37.57074 ] } },
{ "type": "Feature", "properties": { "stationID": "ST-2743", "lat": 37.570953, "long": 127.171745 }, "geometry": { "type": "Point", "coordinates": [ 127.171745, 37.570953 ] } },
{ "type": "Feature", "properties": { "stationID": "ST-2742", "lat": 37.529236, "long": 127.136475 }, "geometry": { "type": "Point", "coordinates": [ 127.136475, 37.529236 ] } },
{ "type": "Feature", "properties": { "stationID": "ST-2741", "lat": 37.529449, "long": 127.134354 }, "geometry": { "type": "Point", "coordinates": [ 127.134354, 37.529449 ] } },
{ "type": "Feature", "properties": { "stationID": "ST-2740", "lat": 37.531376, "long": 127.127075 }, "geometry": { "type": "Point", "coordinates": [ 127.127075, 37.531376 ] } },
{ "type": "Feature", "properties": { "stationID": "ST-274", "lat": 37.576382, "long": 127.03511 }, "geometry": { "type": "Point", "coordinates": [ 127.03511, 37.576382 ] } },
{ "type": "Feature", "properties": { "stationID": "ST-2739", "lat": 37.550583, "long": 127.165421 }, "geometry": { "type": "Point", "coordinates": [ 127.165421, 37.550583 ] } },
{ "type": "Feature", "properties": { "stationID": "ST-2738", "lat": 37.529388, "long": 127.137184 }, "geometry": { "type": "Point", "coordinates": [ 127.137184, 37.529388 ] } },
{ "type": "Feature", "properties": { "stationID": "ST-2737", "lat": 37.558456, "long": 127.144157 }, "geometry": { "type": "Point", "coordinates": [ 127.144157, 37.558456 ] } },
{ "type": "Feature", "properties": { "stationID": "ST-2736", "lat": 37.554832, "long": 127.151733 }, "geometry": { "type": "Point", "coordinates": [ 127.151733, 37.554832 ] } },
{ "type": "Feature", "properties": { "stationID": "ST-2735", "lat": 37.554722, "long": 127.148727 }, "geometry": { "type": "Point", "coordinates": [ 127.148727, 37.554722 ] } },
{ "type": "Feature", "properties": { "stationID": "ST-2734", "lat": 37.554646, "long": 127.142532 }, "geometry": { "type": "Point", "coordinates": [ 127.142532, 37.554646 ] } },
{ "type": "Feature", "properties": { "stationID": "ST-2733", "lat": 37.554688, "long": 127.139404 }, "geometry": { "type": "Point", "coordinates": [ 127.139404, 37.554688 ] } },
{ "type": "Feature", "properties": { "stationID": "ST-2732", "lat": 37.540741, "long": 127.125763 }, "geometry": { "type": "Point", "coordinates": [ 127.125763, 37.540741 ] } },
{ "type": "Feature", "properties": { "stationID": "ST-2731", "lat": 37.617455, "long": 127.048447 }, "geometry": { "type": "Point", "coordinates": [ 127.048447, 37.617455 ] } },
{ "type": "Feature", "properties": { "stationID": "ST-2730", "lat": 37.669273, "long": 127.032433 }, "geometry": { "type": "Point", "coordinates": [ 127.032433, 37.669273 ] } },
{ "type": "Feature", "properties": { "stationID": "ST-273", "lat": 37.577686, "long": 127.031013 }, "geometry": { "type": "Point", "coordinates": [ 127.031013, 37.577686 ] } },
{ "type": "Feature", "properties": { "stationID": "ST-2729", "lat": 37.651535, "long": 127.073273 }, "geometry": { "type": "Point", "coordinates": [ 127.073273, 37.651535 ] } },
{ "type": "Feature", "properties": { "stationID": "ST-2728", "lat": 37.516403, "long": 127.077614 }, "geometry": { "type": "Point", "coordinates": [ 127.077614, 37.516403 ] } },
{ "type": "Feature", "properties": { "stationID": "ST-2727", "lat": 37.633427, "long": 127.041161 }, "geometry": { "type": "Point", "coordinates": [ 127.041161, 37.633427 ] } },
{ "type": "Feature", "properties": { "stationID": "ST-2726", "lat": 37.653736, "long": 127.049294 }, "geometry": { "type": "Point", "coordinates": [ 127.049294, 37.653736 ] } },
{ "type": "Feature", "properties": { "stationID": "ST-2725", "lat": 37.640511, "long": 127.040825 }, "geometry": { "type": "Point", "coordinates": [ 127.040825, 37.640511 ] } },
{ "type": "Feature", "properties": { "stationID": "ST-2724", "lat": 37.662521, "long": 127.042709 }, "geometry": { "type": "Point", "coordinates": [ 127.042709, 37.662521 ] } },
{ "type": "Feature", "properties": { "stationID": "ST-2723", "lat": 37.691013, "long": 127.049164 }, "geometry": { "type": "Point", "coordinates": [ 127.049164, 37.691013 ] } },
{ "type": "Feature", "properties": { "stationID": "ST-2722", "lat": 37.646019, "long": 127.035271 }, "geometry": { "type": "Point", "coordinates": [ 127.035271, 37.646019 ] } },
{ "type": "Feature", "properties": { "stationID": "ST-2721", "lat": 37.670868, "long": 127.05114 }, "geometry": { "type": "Point", "coordinates": [ 127.05114, 37.670868 ] } },
{ "type": "Feature", "properties": { "stationID": "ST-2720", "lat": 37.642929, "long": 127.051949 }, "geometry": { "type": "Point", "coordinates": [ 127.051949, 37.642929 ] } },
{ "type": "Feature", "properties": { "stationID": "ST-272", "lat": 37.575272, "long": 127.023468 }, "geometry": { "type": "Point", "coordinates": [ 127.023468, 37.575272 ] } },
{ "type": "Feature", "properties": { "stationID": "ST-2719", "lat": 37.651497, "long": 127.077042 }, "geometry": { "type": "Point", "coordinates": [ 127.077042, 37.651497 ] } },
{ "type": "Feature", "properties": { "stationID": "ST-2718", "lat": 37.639851, "long": 127.05999 }, "geometry": { "type": "Point", "coordinates": [ 127.05999, 37.639851 ] } },
{ "type": "Feature", "properties": { "stationID": "ST-2717", "lat": 37.653519, "long": 127.071304 }, "geometry": { "type": "Point", "coordinates": [ 127.071304, 37.653519 ] } },
{ "type": "Feature", "properties": { "stationID": "ST-2716", "lat": 37.647953, "long": 127.057938 }, "geometry": { "type": "Point", "coordinates": [ 127.057938, 37.647953 ] } },
{ "type": "Feature", "properties": { "stationID": "ST-2715", "lat": 37.625336, "long": 127.07019 }, "geometry": { "type": "Point", "coordinates": [ 127.07019, 37.625336 ] } },
{ "type": "Feature", "properties": { "stationID": "ST-2714", "lat": 37.620453, "long": 127.054451 }, "geometry": { "type": "Point", "coordinates": [ 127.054451, 37.620453 ] } },
{ "type": "Feature", "properties": { "stationID": "ST-2713", "lat": 37.634411, "long": 127.058868 }, "geometry": { "type": "Point", "coordinates": [ 127.058868, 37.634411 ] } },
{ "type": "Feature", "properties": { "stationID": "ST-2712", "lat": 37.64426, "long": 127.083313 }, "geometry": { "type": "Point", "coordinates": [ 127.083313, 37.64426 ] } },
{ "type": "Feature", "properties": { "stationID": "ST-2711", "lat": 37.651161, "long": 127.076591 }, "geometry": { "type": "Point", "coordinates": [ 127.076591, 37.651161 ] } },
{ "type": "Feature", "properties": { "stationID": "ST-2710", "lat": 37.662144, "long": 127.058197 }, "geometry": { "type": "Point", "coordinates": [ 127.058197, 37.662144 ] } },
{ "type": "Feature", "properties": { "stationID": "ST-271", "lat": 37.573666, "long": 127.030815 }, "geometry": { "type": "Point", "coordinates": [ 127.030815, 37.573666 ] } },
{ "type": "Feature", "properties": { "stationID": "ST-2709", "lat": 37.667828, "long": 127.056839 }, "geometry": { "type": "Point", "coordinates": [ 127.056839, 37.667828 ] } },
{ "type": "Feature", "properties": { "stationID": "ST-2708", "lat": 37.634594, "long": 127.052063 }, "geometry": { "type": "Point", "coordinates": [ 127.052063, 37.634594 ] } },
{ "type": "Feature", "properties": { "stationID": "ST-2707", "lat": 37.670303, "long": 127.078842 }, "geometry": { "type": "Point", "coordinates": [ 127.078842, 37.670303 ] } },
{ "type": "Feature", "properties": { "stationID": "ST-2706", "lat": 37.645844, "long": 127.070755 }, "geometry": { "type": "Point", "coordinates": [ 127.070755, 37.645844 ] } },
{ "type": "Feature", "properties": { "stationID": "ST-2705", "lat": 37.629173, "long": 127.056931 }, "geometry": { "type": "Point", "coordinates": [ 127.056931, 37.629173 ] } },
{ "type": "Feature", "properties": { "stationID": "ST-2704", "lat": 37.632843, "long": 127.052132 }, "geometry": { "type": "Point", "coordinates": [ 127.052132, 37.632843 ] } },
{ "type": "Feature", "properties": { "stationID": "ST-2703", "lat": 37.633415, "long": 127.06916 }, "geometry": { "type": "Point", "coordinates": [ 127.06916, 37.633415 ] } },
{ "type": "Feature", "properties": { "stationID": "ST-2702", "lat": 37.636669, "long": 127.069695 }, "geometry": { "type": "Point", "coordinates": [ 127.069695, 37.636669 ] } },
{ "type": "Feature", "properties": { "stationID": "ST-2701", "lat": 37.659557, "long": 127.075256 }, "geometry": { "type": "Point", "coordinates": [ 127.075256, 37.659557 ] } },
{ "type": "Feature", "properties": { "stationID": "ST-2700", "lat": 37.662605, "long": 127.075577 }, "geometry": { "type": "Point", "coordinates": [ 127.075577, 37.662605 ] } },
{ "type": "Feature", "properties": { "stationID": "ST-270", "lat": 37.573086, "long": 127.052162 }, "geometry": { "type": "Point", "coordinates": [ 127.052162, 37.573086 ] } },
{ "type": "Feature", "properties": { "stationID": "ST-27", "lat": 37.549484, "long": 126.93895 }, "geometry": { "type": "Point", "coordinates": [ 126.93895, 37.549484 ] } },
{ "type": "Feature", "properties": { "stationID": "ST-2699", "lat": 37.656803, "long": 127.066574 }, "geometry": { "type": "Point", "coordinates": [ 127.066574, 37.656803 ] } },
{ "type": "Feature", "properties": { "stationID": "ST-2698", "lat": 37.669636, "long": 127.059425 }, "geometry": { "type": "Point", "coordinates": [ 127.059425, 37.669636 ] } },
{ "type": "Feature", "properties": { "stationID": "ST-2697", "lat": 37.552124, "long": 127.180641 }, "geometry": { "type": "Point", "coordinates": [ 127.180641, 37.552124 ] } },
{ "type": "Feature", "properties": { "stationID": "ST-2696", "lat": 37.557365, "long": 127.180138 }, "geometry": { "type": "Point", "coordinates": [ 127.180138, 37.557365 ] } },
{ "type": "Feature", "properties": { "stationID": "ST-2695", "lat": 37.689762, "long": 127.044891 }, "geometry": { "type": "Point", "coordinates": [ 127.044891, 37.689762 ] } },
{ "type": "Feature", "properties": { "stationID": "ST-2694", "lat": 37.532719, "long": 126.917992 }, "geometry": { "type": "Point", "coordinates": [ 126.917992, 37.532719 ] } },
{ "type": "Feature", "properties": { "stationID": "ST-2693", "lat": 37.566471, "long": 126.979256 }, "geometry": { "type": "Point", "coordinates": [ 126.979256, 37.566471 ] } },
{ "type": "Feature", "properties": { "stationID": "ST-2692", "lat": 37.51292, "long": 126.866798 }, "geometry": { "type": "Point", "coordinates": [ 126.866798, 37.51292 ] } },
{ "type": "Feature", "properties": { "stationID": "ST-2691", "lat": 37.476856, "long": 127.055367 }, "geometry": { "type": "Point", "coordinates": [ 127.055367, 37.476856 ] } },
{ "type": "Feature", "properties": { "stationID": "ST-2690", "lat": 37.524162, "long": 127.04895 }, "geometry": { "type": "Point", "coordinates": [ 127.04895, 37.524162 ] } },
{ "type": "Feature", "properties": { "stationID": "ST-269", "lat": 37.587746, "long": 127.037384 }, "geometry": { "type": "Point", "coordinates": [ 127.037384, 37.587746 ] } },
{ "type": "Feature", "properties": { "stationID": "ST-2689", "lat": 37.495213, "long": 127.033028 }, "geometry": { "type": "Point", "coordinates": [ 127.033028, 37.495213 ] } },
{ "type": "Feature", "properties": { "stationID": "ST-2688", "lat": 37.53075, "long": 127.041603 }, "geometry": { "type": "Point", "coordinates": [ 127.041603, 37.53075 ] } },
{ "type": "Feature", "properties": { "stationID": "ST-2687", "lat": 37.474426, "long": 127.116837 }, "geometry": { "type": "Point", "coordinates": [ 127.116837, 37.474426 ] } },
{ "type": "Feature", "properties": { "stationID": "ST-2686", "lat": 37.490177, "long": 127.073059 }, "geometry": { "type": "Point", "coordinates": [ 127.073059, 37.490177 ] } },
{ "type": "Feature", "properties": { "stationID": "ST-2685", "lat": 37.495876, "long": 127.086502 }, "geometry": { "type": "Point", "coordinates": [ 127.086502, 37.495876 ] } },
{ "type": "Feature", "properties": { "stationID": "ST-2684", "lat": 37.499866, "long": 127.060501 }, "geometry": { "type": "Point", "coordinates": [ 127.060501, 37.499866 ] } },
{ "type": "Feature", "properties": { "stationID": "ST-2683", "lat": 37.502865, "long": 127.065941 }, "geometry": { "type": "Point", "coordinates": [ 127.065941, 37.502865 ] } },
{ "type": "Feature", "properties": { "stationID": "ST-2682", "lat": 37.519257, "long": 127.051598 }, "geometry": { "type": "Point", "coordinates": [ 127.051598, 37.519257 ] } },
{ "type": "Feature", "properties": { "stationID": "ST-2681", "lat": 37.47364, "long": 127.107025 }, "geometry": { "type": "Point", "coordinates": [ 127.107025, 37.47364 ] } },
{ "type": "Feature", "properties": { "stationID": "ST-2680", "lat": 37.495262, "long": 127.049507 }, "geometry": { "type": "Point", "coordinates": [ 127.049507, 37.495262 ] } },
{ "type": "Feature", "properties": { "stationID": "ST-268", "lat": 37.58131, "long": 127.055344 }, "geometry": { "type": "Point", "coordinates": [ 127.055344, 37.58131 ] } },
{ "type": "Feature", "properties": { "stationID": "ST-2679", "lat": 37.514462, "long": 127.0326 }, "geometry": { "type": "Point", "coordinates": [ 127.0326, 37.514462 ] } },
{ "type": "Feature", "properties": { "stationID": "ST-2678", "lat": 37.498402, "long": 127.060936 }, "geometry": { "type": "Point", "coordinates": [ 127.060936, 37.498402 ] } },
{ "type": "Feature", "properties": { "stationID": "ST-2677", "lat": 37.467262, "long": 127.098015 }, "geometry": { "type": "Point", "coordinates": [ 127.098015, 37.467262 ] } },
{ "type": "Feature", "properties": { "stationID": "ST-2676", "lat": 37.471233, "long": 127.107216 }, "geometry": { "type": "Point", "coordinates": [ 127.107216, 37.471233 ] } },
{ "type": "Feature", "properties": { "stationID": "ST-2675", "lat": 37.465347, "long": 127.108803 }, "geometry": { "type": "Point", "coordinates": [ 127.108803, 37.465347 ] } },
{ "type": "Feature", "properties": { "stationID": "ST-2674", "lat": 37.485367, "long": 127.038498 }, "geometry": { "type": "Point", "coordinates": [ 127.038498, 37.485367 ] } },
{ "type": "Feature", "properties": { "stationID": "ST-2673", "lat": 37.524227, "long": 127.02285 }, "geometry": { "type": "Point", "coordinates": [ 127.02285, 37.524227 ] } },
{ "type": "Feature", "properties": { "stationID": "ST-2672", "lat": 37.513908, "long": 127.06073 }, "geometry": { "type": "Point", "coordinates": [ 127.06073, 37.513908 ] } },
{ "type": "Feature", "properties": { "stationID": "ST-2671", "lat": 37.512962, "long": 127.053864 }, "geometry": { "type": "Point", "coordinates": [ 127.053864, 37.512962 ] } },
{ "type": "Feature", "properties": { "stationID": "ST-2670", "lat": 37.508202, "long": 127.063965 }, "geometry": { "type": "Point", "coordinates": [ 127.063965, 37.508202 ] } },
{ "type": "Feature", "properties": { "stationID": "ST-267", "lat": 37.602711, "long": 127.067863 }, "geometry": { "type": "Point", "coordinates": [ 127.067863, 37.602711 ] } },
{ "type": "Feature", "properties": { "stationID": "ST-2669", "lat": 37.481167, "long": 126.997589 }, "geometry": { "type": "Point", "coordinates": [ 126.997589, 37.481167 ] } },
{ "type": "Feature", "properties": { "stationID": "ST-2668", "lat": 37.470398, "long": 127.042412 }, "geometry": { "type": "Point", "coordinates": [ 127.042412, 37.470398 ] } },
{ "type": "Feature", "properties": { "stationID": "ST-2667", "lat": 37.503658, "long": 127.005943 }, "geometry": { "type": "Point", "coordinates": [ 127.005943, 37.503658 ] } },
{ "type": "Feature", "properties": { "stationID": "ST-2666", "lat": 37.483891, "long": 127.029053 }, "geometry": { "type": "Point", "coordinates": [ 127.029053, 37.483891 ] } },
{ "type": "Feature", "properties": { "stationID": "ST-2665", "lat": 37.459167, "long": 127.055443 }, "geometry": { "type": "Point", "coordinates": [ 127.055443, 37.459167 ] } },
{ "type": "Feature", "properties": { "stationID": "ST-2664", "lat": 37.499798, "long": 126.996468 }, "geometry": { "type": "Point", "coordinates": [ 126.996468, 37.499798 ] } },
{ "type": "Feature", "properties": { "stationID": "ST-2663", "lat": 37.503204, "long": 127.006531 }, "geometry": { "type": "Point", "coordinates": [ 127.006531, 37.503204 ] } },
{ "type": "Feature", "properties": { "stationID": "ST-2662", "lat": 37.46175, "long": 127.049728 }, "geometry": { "type": "Point", "coordinates": [ 127.049728, 37.46175 ] } },
{ "type": "Feature", "properties": { "stationID": "ST-2661", "lat": 37.457664, "long": 127.059319 }, "geometry": { "type": "Point", "coordinates": [ 127.059319, 37.457664 ] } },
{ "type": "Feature", "properties": { "stationID": "ST-2660", "lat": 37.505245, "long": 126.994164 }, "geometry": { "type": "Point", "coordinates": [ 126.994164, 37.505245 ] } },
{ "type": "Feature", "properties": { "stationID": "ST-266", "lat": 37.584625, "long": 127.07029 }, "geometry": { "type": "Point", "coordinates": [ 127.07029, 37.584625 ] } },
{ "type": "Feature", "properties": { "stationID": "ST-2659", "lat": 37.507233, "long": 127.009453 }, "geometry": { "type": "Point", "coordinates": [ 127.009453, 37.507233 ] } },
{ "type": "Feature", "properties": { "stationID": "ST-2658", "lat": 37.501507, "long": 127.003479 }, "geometry": { "type": "Point", "coordinates": [ 127.003479, 37.501507 ] } },
{ "type": "Feature", "properties": { "stationID": "ST-2657", "lat": 37.498016, "long": 127.022224 }, "geometry": { "type": "Point", "coordinates": [ 127.022224, 37.498016 ] } },
{ "type": "Feature", "properties": { "stationID": "ST-2656", "lat": 37.483395, "long": 127.007362 }, "geometry": { "type": "Point", "coordinates": [ 127.007362, 37.483395 ] } },
{ "type": "Feature", "properties": { "stationID": "ST-2655", "lat": 37.471764, "long": 127.03907 }, "geometry": { "type": "Point", "coordinates": [ 127.03907, 37.471764 ] } },
{ "type": "Feature", "properties": { "stationID": "ST-2654", "lat": 37.498455, "long": 126.927979 }, "geometry": { "type": "Point", "coordinates": [ 126.927979, 37.498455 ] } },
{ "type": "Feature", "properties": { "stationID": "ST-2653", "lat": 37.485008, "long": 126.903503 }, "geometry": { "type": "Point", "coordinates": [ 126.903503, 37.485008 ] } },
{ "type": "Feature", "properties": { "stationID": "ST-2652", "lat": 37.507858, "long": 126.947136 }, "geometry": { "type": "Point", "coordinates": [ 126.947136, 37.507858 ] } },
{ "type": "Feature", "properties": { "stationID": "ST-2651", "lat": 37.506805, "long": 126.928505 }, "geometry": { "type": "Point", "coordinates": [ 126.928505, 37.506805 ] } },
{ "type": "Feature", "properties": { "stationID": "ST-2650", "lat": 37.511204, "long": 126.961281 }, "geometry": { "type": "Point", "coordinates": [ 126.961281, 37.511204 ] } },
{ "type": "Feature", "properties": { "stationID": "ST-265", "lat": 37.5742, "long": 127.026497 }, "geometry": { "type": "Point", "coordinates": [ 127.026497, 37.5742 ] } },
{ "type": "Feature", "properties": { "stationID": "ST-2649", "lat": 37.505432, "long": 126.941513 }, "geometry": { "type": "Point", "coordinates": [ 126.941513, 37.505432 ] } },
{ "type": "Feature", "properties": { "stationID": "ST-2648", "lat": 37.528641, "long": 126.915108 }, "geometry": { "type": "Point", "coordinates": [ 126.915108, 37.528641 ] } },
{ "type": "Feature", "properties": { "stationID": "ST-2647", "lat": 37.532146, "long": 126.917473 }, "geometry": { "type": "Point", "coordinates": [ 126.917473, 37.532146 ] } },
{ "type": "Feature", "properties": { "stationID": "ST-2646", "lat": 37.53054, "long": 126.918175 }, "geometry": { "type": "Point", "coordinates": [ 126.918175, 37.53054 ] } },
{ "type": "Feature", "properties": { "stationID": "ST-2645", "lat": 37.530502, "long": 126.912895 }, "geometry": { "type": "Point", "coordinates": [ 126.912895, 37.530502 ] } },
{ "type": "Feature", "properties": { "stationID": "ST-2644", "lat": 37.529747, "long": 126.91317 }, "geometry": { "type": "Point", "coordinates": [ 126.91317, 37.529747 ] } },
{ "type": "Feature", "properties": { "stationID": "ST-2643", "lat": 37.532574, "long": 126.914047 }, "geometry": { "type": "Point", "coordinates": [ 126.914047, 37.532574 ] } },
{ "type": "Feature", "properties": { "stationID": "ST-2642", "lat": 37.467094, "long": 126.889206 }, "geometry": { "type": "Point", "coordinates": [ 126.889206, 37.467094 ] } },
{ "type": "Feature", "properties": { "stationID": "ST-2641", "lat": 37.468658, "long": 126.898262 }, "geometry": { "type": "Point", "coordinates": [ 126.898262, 37.468658 ] } },
{ "type": "Feature", "properties": { "stationID": "ST-2640", "lat": 37.479435, "long": 126.902275 }, "geometry": { "type": "Point", "coordinates": [ 126.902275, 37.479435 ] } },
{ "type": "Feature", "properties": { "stationID": "ST-264", "lat": 37.569656, "long": 127.055962 }, "geometry": { "type": "Point", "coordinates": [ 127.055962, 37.569656 ] } },
{ "type": "Feature", "properties": { "stationID": "ST-2639", "lat": 37.454151, "long": 126.900452 }, "geometry": { "type": "Point", "coordinates": [ 126.900452, 37.454151 ] } },
{ "type": "Feature", "properties": { "stationID": "ST-2638", "lat": 37.457397, "long": 126.893417 }, "geometry": { "type": "Point", "coordinates": [ 126.893417, 37.457397 ] } },
{ "type": "Feature", "properties": { "stationID": "ST-2637", "lat": 37.465576, "long": 126.887245 }, "geometry": { "type": "Point", "coordinates": [ 126.887245, 37.465576 ] } },
{ "type": "Feature", "properties": { "stationID": "ST-2636", "lat": 37.598827, "long": 127.096634 }, "geometry": { "type": "Point", "coordinates": [ 127.096634, 37.598827 ] } },
{ "type": "Feature", "properties": { "stationID": "ST-2635", "lat": 37.613216, "long": 127.077347 }, "geometry": { "type": "Point", "coordinates": [ 127.077347, 37.613216 ] } },
{ "type": "Feature", "properties": { "stationID": "ST-2634", "lat": 37.580322, "long": 127.094154 }, "geometry": { "type": "Point", "coordinates": [ 127.094154, 37.580322 ] } },
{ "type": "Feature", "properties": { "stationID": "ST-2633", "lat": 37.610226, "long": 127.096283 }, "geometry": { "type": "Point", "coordinates": [ 127.096283, 37.610226 ] } },
{ "type": "Feature", "properties": { "stationID": "ST-2632", "lat": 37.606411, "long": 127.094048 }, "geometry": { "type": "Point", "coordinates": [ 127.094048, 37.606411 ] } },
{ "type": "Feature", "properties": { "stationID": "ST-2631", "lat": 37.594326, "long": 127.078461 }, "geometry": { "type": "Point", "coordinates": [ 127.078461, 37.594326 ] } },
{ "type": "Feature", "properties": { "stationID": "ST-2630", "lat": 37.595963, "long": 127.084778 }, "geometry": { "type": "Point", "coordinates": [ 127.084778, 37.595963 ] } },
{ "type": "Feature", "properties": { "stationID": "ST-263", "lat": 37.572655, "long": 127.063637 }, "geometry": { "type": "Point", "coordinates": [ 127.063637, 37.572655 ] } },
{ "type": "Feature", "properties": { "stationID": "ST-2629", "lat": 37.592857, "long": 127.080605 }, "geometry": { "type": "Point", "coordinates": [ 127.080605, 37.592857 ] } },
{ "type": "Feature", "properties": { "stationID": "ST-2628", "lat": 37.615711, "long": 127.101044 }, "geometry": { "type": "Point", "coordinates": [ 127.101044, 37.615711 ] } },
{ "type": "Feature", "properties": { "stationID": "ST-2627", "lat": 37.556885, "long": 126.809265 }, "geometry": { "type": "Point", "coordinates": [ 126.809265, 37.556885 ] } },
{ "type": "Feature", "properties": { "stationID": "ST-2626", "lat": 37.564308, "long": 127.006477 }, "geometry": { "type": "Point", "coordinates": [ 127.006477, 37.564308 ] } },
{ "type": "Feature", "properties": { "stationID": "ST-2625", "lat": 37.562527, "long": 126.998314 }, "geometry": { "type": "Point", "coordinates": [ 126.998314, 37.562527 ] } },
{ "type": "Feature", "properties": { "stationID": "ST-2624", "lat": 37.558914, "long": 126.964859 }, "geometry": { "type": "Point", "coordinates": [ 126.964859, 37.558914 ] } },
{ "type": "Feature", "properties": { "stationID": "ST-2623", "lat": 37.575283, "long": 126.990623 }, "geometry": { "type": "Point", "coordinates": [ 126.990623, 37.575283 ] } },
{ "type": "Feature", "properties": { "stationID": "ST-2622", "lat": 37.604698, "long": 126.964516 }, "geometry": { "type": "Point", "coordinates": [ 126.964516, 37.604698 ] } },
{ "type": "Feature", "properties": { "stationID": "ST-2621", "lat": 37.512756, "long": 127.126297 }, "geometry": { "type": "Point", "coordinates": [ 127.126297, 37.512756 ] } },
{ "type": "Feature", "properties": { "stationID": "ST-2620", "lat": 37.500034, "long": 127.159248 }, "geometry": { "type": "Point", "coordinates": [ 127.159248, 37.500034 ] } },
{ "type": "Feature", "properties": { "stationID": "ST-262", "lat": 37.572174, "long": 127.071388 }, "geometry": { "type": "Point", "coordinates": [ 127.071388, 37.572174 ] } },
{ "type": "Feature", "properties": { "stationID": "ST-2619", "lat": 37.486877, "long": 127.152695 }, "geometry": { "type": "Point", "coordinates": [ 127.152695, 37.486877 ] } },
{ "type": "Feature", "properties": { "stationID": "ST-2618", "lat": 37.478882, "long": 126.95842 }, "geometry": { "type": "Point", "coordinates": [ 126.95842, 37.478882 ] } },
{ "type": "Feature", "properties": { "stationID": "ST-2617", "lat": 37.484974, "long": 126.934372 }, "geometry": { "type": "Point", "coordinates": [ 126.934372, 37.484974 ] } },
{ "type": "Feature", "properties": { "stationID": "ST-2616", "lat": 37.46896, "long": 126.957657 }, "geometry": { "type": "Point", "coordinates": [ 126.957657, 37.46896 ] } },
{ "type": "Feature", "properties": { "stationID": "ST-2615", "lat": 37.471855, "long": 126.958717 }, "geometry": { "type": "Point", "coordinates": [ 126.958717, 37.471855 ] } },
{ "type": "Feature", "properties": { "stationID": "ST-2614", "lat": 37.483131, "long": 126.921356 }, "geometry": { "type": "Point", "coordinates": [ 126.921356, 37.483131 ] } },
{ "type": "Feature", "properties": { "stationID": "ST-2613", "lat": 37.558029, "long": 126.841835 }, "geometry": { "type": "Point", "coordinates": [ 126.841835, 37.558029 ] } },
{ "type": "Feature", "properties": { "stationID": "ST-2612", "lat": 37.563011, "long": 126.851006 }, "geometry": { "type": "Point", "coordinates": [ 126.851006, 37.563011 ] } },
{ "type": "Feature", "properties": { "stationID": "ST-2611", "lat": 37.567406, "long": 126.816216 }, "geometry": { "type": "Point", "coordinates": [ 126.816216, 37.567406 ] } },
{ "type": "Feature", "properties": { "stationID": "ST-2610", "lat": 37.628685, "long": 127.043907 }, "geometry": { "type": "Point", "coordinates": [ 127.043907, 37.628685 ] } },
{ "type": "Feature", "properties": { "stationID": "ST-261", "lat": 37.575947, "long": 127.037361 }, "geometry": { "type": "Point", "coordinates": [ 127.037361, 37.575947 ] } },
{ "type": "Feature", "properties": { "stationID": "ST-2609", "lat": 37.521484, "long": 127.100281 }, "geometry": { "type": "Point", "coordinates": [ 127.100281, 37.521484 ] } },
{ "type": "Feature", "properties": { "stationID": "ST-2608", "lat": 37.520218, "long": 127.114571 }, "geometry": { "type": "Point", "coordinates": [ 127.114571, 37.520218 ] } },
{ "type": "Feature", "properties": { "stationID": "ST-2607", "lat": 37.48933, "long": 127.14605 }, "geometry": { "type": "Point", "coordinates": [ 127.14605, 37.48933 ] } },
{ "type": "Feature", "properties": { "stationID": "ST-2606", "lat": 37.492733, "long": 127.117989 }, "geometry": { "type": "Point", "coordinates": [ 127.117989, 37.492733 ] } },
{ "type": "Feature", "properties": { "stationID": "ST-2605", "lat": 37.476002, "long": 127.1231 }, "geometry": { "type": "Point", "coordinates": [ 127.1231, 37.476002 ] } },
{ "type": "Feature", "properties": { "stationID": "ST-2604", "lat": 37.528652, "long": 127.108665 }, "geometry": { "type": "Point", "coordinates": [ 127.108665, 37.528652 ] } },
{ "type": "Feature", "properties": { "stationID": "ST-2603", "lat": 37.492367, "long": 127.136551 }, "geometry": { "type": "Point", "coordinates": [ 127.136551, 37.492367 ] } },
{ "type": "Feature", "properties": { "stationID": "ST-2602", "lat": 37.50679, "long": 127.079269 }, "geometry": { "type": "Point", "coordinates": [ 127.079269, 37.50679 ] } },
{ "type": "Feature", "properties": { "stationID": "ST-2601", "lat": 37.519211, "long": 127.107941 }, "geometry": { "type": "Point", "coordinates": [ 127.107941, 37.519211 ] } },
{ "type": "Feature", "properties": { "stationID": "ST-2600", "lat": 37.499004, "long": 127.146942 }, "geometry": { "type": "Point", "coordinates": [ 127.146942, 37.499004 ] } },
{ "type": "Feature", "properties": { "stationID": "ST-260", "lat": 37.589912, "long": 127.06868 }, "geometry": { "type": "Point", "coordinates": [ 127.06868, 37.589912 ] } },
{ "type": "Feature", "properties": { "stationID": "ST-26", "lat": 37.55114, "long": 126.936989 }, "geometry": { "type": "Point", "coordinates": [ 126.936989, 37.55114 ] } },
{ "type": "Feature", "properties": { "stationID": "ST-2599", "lat": 37.479534, "long": 127.126785 }, "geometry": { "type": "Point", "coordinates": [ 127.126785, 37.479534 ] } },
{ "type": "Feature", "properties": { "stationID": "ST-2598", "lat": 37.477783, "long": 127.132057 }, "geometry": { "type": "Point", "coordinates": [ 127.132057, 37.477783 ] } },
{ "type": "Feature", "properties": { "stationID": "ST-2597", "lat": 37.480511, "long": 127.128624 }, "geometry": { "type": "Point", "coordinates": [ 127.128624, 37.480511 ] } },
{ "type": "Feature", "properties": { "stationID": "ST-2596", "lat": 37.51614, "long": 127.103508 }, "geometry": { "type": "Point", "coordinates": [ 127.103508, 37.51614 ] } },
{ "type": "Feature", "properties": { "stationID": "ST-2595", "lat": 37.519886, "long": 127.10434 }, "geometry": { "type": "Point", "coordinates": [ 127.10434, 37.519886 ] } },
{ "type": "Feature", "properties": { "stationID": "ST-2594", "lat": 37.520809, "long": 127.103622 }, "geometry": { "type": "Point", "coordinates": [ 127.103622, 37.520809 ] } },
{ "type": "Feature", "properties": { "stationID": "ST-2593", "lat": 37.516117, "long": 127.084663 }, "geometry": { "type": "Point", "coordinates": [ 127.084663, 37.516117 ] } },
{ "type": "Feature", "properties": { "stationID": "ST-2592", "lat": 37.523975, "long": 127.12751 }, "geometry": { "type": "Point", "coordinates": [ 127.12751, 37.523975 ] } },
{ "type": "Feature", "properties": { "stationID": "ST-2591", "lat": 37.492016, "long": 127.117455 }, "geometry": { "type": "Point", "coordinates": [ 127.117455, 37.492016 ] } },
{ "type": "Feature", "properties": { "stationID": "ST-2590", "lat": 37.488274, "long": 127.130684 }, "geometry": { "type": "Point", "coordinates": [ 127.130684, 37.488274 ] } },
{ "type": "Feature", "properties": { "stationID": "ST-259", "lat": 37.551224, "long": 127.089706 }, "geometry": { "type": "Point", "coordinates": [ 127.089706, 37.551224 ] } },
{ "type": "Feature", "properties": { "stationID": "ST-2589", "lat": 37.486115, "long": 127.126671 }, "geometry": { "type": "Point", "coordinates": [ 127.126671, 37.486115 ] } },
{ "type": "Feature", "properties": { "stationID": "ST-2588", "lat": 37.481743, "long": 127.128784 }, "geometry": { "type": "Point", "coordinates": [ 127.128784, 37.481743 ] } },
{ "type": "Feature", "properties": { "stationID": "ST-2587", "lat": 37.491467, "long": 127.12664 }, "geometry": { "type": "Point", "coordinates": [ 127.12664, 37.491467 ] } },
{ "type": "Feature", "properties": { "stationID": "ST-2586", "lat": 37.498089, "long": 127.154297 }, "geometry": { "type": "Point", "coordinates": [ 127.154297, 37.498089 ] } },
{ "type": "Feature", "properties": { "stationID": "ST-2585", "lat": 37.497631, "long": 127.159668 }, "geometry": { "type": "Point", "coordinates": [ 127.159668, 37.497631 ] } },
{ "type": "Feature", "properties": { "stationID": "ST-2584", "lat": 37.491985, "long": 127.14373 }, "geometry": { "type": "Point", "coordinates": [ 127.14373, 37.491985 ] } },
{ "type": "Feature", "properties": { "stationID": "ST-2583", "lat": 37.495792, "long": 127.108116 }, "geometry": { "type": "Point", "coordinates": [ 127.108116, 37.495792 ] } },
{ "type": "Feature", "properties": { "stationID": "ST-2582", "lat": 37.48489, "long": 127.132706 }, "geometry": { "type": "Point", "coordinates": [ 127.132706, 37.48489 ] } },
{ "type": "Feature", "properties": { "stationID": "ST-2581", "lat": 37.482456, "long": 127.124603 }, "geometry": { "type": "Point", "coordinates": [ 127.124603, 37.482456 ] } },
{ "type": "Feature", "properties": { "stationID": "ST-2580", "lat": 37.523575, "long": 127.128044 }, "geometry": { "type": "Point", "coordinates": [ 127.128044, 37.523575 ] } },
{ "type": "Feature", "properties": { "stationID": "ST-258", "lat": 37.52977, "long": 127.07486 }, "geometry": { "type": "Point", "coordinates": [ 127.07486, 37.52977 ] } },
{ "type": "Feature", "properties": { "stationID": "ST-2579", "lat": 37.508015, "long": 127.125946 }, "geometry": { "type": "Point", "coordinates": [ 127.125946, 37.508015 ] } },
{ "type": "Feature", "properties": { "stationID": "ST-2578", "lat": 37.502235, "long": 127.117287 }, "geometry": { "type": "Point", "coordinates": [ 127.117287, 37.502235 ] } },
{ "type": "Feature", "properties": { "stationID": "ST-2577", "lat": 37.505852, "long": 127.121941 }, "geometry": { "type": "Point", "coordinates": [ 127.121941, 37.505852 ] } },
{ "type": "Feature", "properties": { "stationID": "ST-2576", "lat": 37.488071, "long": 127.118637 }, "geometry": { "type": "Point", "coordinates": [ 127.118637, 37.488071 ] } },
{ "type": "Feature", "properties": { "stationID": "ST-2575", "lat": 37.499176, "long": 127.125893 }, "geometry": { "type": "Point", "coordinates": [ 127.125893, 37.499176 ] } },
{ "type": "Feature", "properties": { "stationID": "ST-2574", "lat": 37.52478, "long": 127.109131 }, "geometry": { "type": "Point", "coordinates": [ 127.109131, 37.52478 ] } },
{ "type": "Feature", "properties": { "stationID": "ST-2573", "lat": 37.474564, "long": 127.136795 }, "geometry": { "type": "Point", "coordinates": [ 127.136795, 37.474564 ] } },
{ "type": "Feature", "properties": { "stationID": "ST-2572", "lat": 37.474346, "long": 127.143265 }, "geometry": { "type": "Point", "coordinates": [ 127.143265, 37.474346 ] } },
{ "type": "Feature", "properties": { "stationID": "ST-2571", "lat": 37.516338, "long": 127.099854 }, "geometry": { "type": "Point", "coordinates": [ 127.099854, 37.516338 ] } },
{ "type": "Feature", "properties": { "stationID": "ST-2570", "lat": 37.478539, "long": 127.041145 }, "geometry": { "type": "Point", "coordinates": [ 127.041145, 37.478539 ] } },
{ "type": "Feature", "properties": { "stationID": "ST-257", "lat": 37.532478, "long": 127.085091 }, "geometry": { "type": "Point", "coordinates": [ 127.085091, 37.532478 ] } },
{ "type": "Feature", "properties": { "stationID": "ST-2569", "lat": 37.558632, "long": 126.835594 }, "geometry": { "type": "Point", "coordinates": [ 126.835594, 37.558632 ] } },
{ "type": "Feature", "properties": { "stationID": "ST-2568", "lat": 37.572014, "long": 127.173012 }, "geometry": { "type": "Point", "coordinates": [ 127.173012, 37.572014 ] } },
{ "type": "Feature", "properties": { "stationID": "ST-2567", "lat": 37.572014, "long": 127.171707 }, "geometry": { "type": "Point", "coordinates": [ 127.171707, 37.572014 ] } },
{ "type": "Feature", "properties": { "stationID": "ST-2566", "lat": 37.568497, "long": 126.97905 }, "geometry": { "type": "Point", "coordinates": [ 126.97905, 37.568497 ] } },
{ "type": "Feature", "properties": { "stationID": "ST-2565", "lat": 37.57753, "long": 126.989128 }, "geometry": { "type": "Point", "coordinates": [ 126.989128, 37.57753 ] } },
{ "type": "Feature", "properties": { "stationID": "ST-2564", "lat": 37.512882, "long": 126.890266 }, "geometry": { "type": "Point", "coordinates": [ 126.890266, 37.512882 ] } },
{ "type": "Feature", "properties": { "stationID": "ST-2563", "lat": 37.513748, "long": 126.888512 }, "geometry": { "type": "Point", "coordinates": [ 126.888512, 37.513748 ] } },
{ "type": "Feature", "properties": { "stationID": "ST-2562", "lat": 37.465591, "long": 127.021843 }, "geometry": { "type": "Point", "coordinates": [ 127.021843, 37.465591 ] } },
{ "type": "Feature", "properties": { "stationID": "ST-2561", "lat": 37.601696, "long": 126.949165 }, "geometry": { "type": "Point", "coordinates": [ 126.949165, 37.601696 ] } },
{ "type": "Feature", "properties": { "stationID": "ST-2560", "lat": 37.583923, "long": 127.068275 }, "geometry": { "type": "Point", "coordinates": [ 127.068275, 37.583923 ] } },
{ "type": "Feature", "properties": { "stationID": "ST-256", "lat": 37.54073, "long": 127.102905 }, "geometry": { "type": "Point", "coordinates": [ 127.102905, 37.54073 ] } },
{ "type": "Feature", "properties": { "stationID": "ST-2559", "lat": 37.508625, "long": 126.883537 }, "geometry": { "type": "Point", "coordinates": [ 126.883537, 37.508625 ] } },
{ "type": "Feature", "properties": { "stationID": "ST-2558", "lat": 37.546638, "long": 126.836578 }, "geometry": { "type": "Point", "coordinates": [ 126.836578, 37.546638 ] } },
{ "type": "Feature", "properties": { "stationID": "ST-2557", "lat": 37.555107, "long": 126.851547 }, "geometry": { "type": "Point", "coordinates": [ 126.851547, 37.555107 ] } },
{ "type": "Feature", "properties": { "stationID": "ST-2556", "lat": 37.548573, "long": 126.820763 }, "geometry": { "type": "Point", "coordinates": [ 126.820763, 37.548573 ] } },
{ "type": "Feature", "properties": { "stationID": "ST-2555", "lat": 37.560879, "long": 126.813545 }, "geometry": { "type": "Point", "coordinates": [ 126.813545, 37.560879 ] } },
{ "type": "Feature", "properties": { "stationID": "ST-2554", "lat": 37.56131, "long": 126.813072 }, "geometry": { "type": "Point", "coordinates": [ 126.813072, 37.56131 ] } },
{ "type": "Feature", "properties": { "stationID": "ST-2553", "lat": 37.551952, "long": 126.876709 }, "geometry": { "type": "Point", "coordinates": [ 126.876709, 37.551952 ] } },
{ "type": "Feature", "properties": { "stationID": "ST-2552", "lat": 37.565571, "long": 126.846245 }, "geometry": { "type": "Point", "coordinates": [ 126.846245, 37.565571 ] } },
{ "type": "Feature", "properties": { "stationID": "ST-2551", "lat": 37.543827, "long": 126.843689 }, "geometry": { "type": "Point", "coordinates": [ 126.843689, 37.543827 ] } },
{ "type": "Feature", "properties": { "stationID": "ST-2550", "lat": 37.557133, "long": 126.863144 }, "geometry": { "type": "Point", "coordinates": [ 126.863144, 37.557133 ] } },
{ "type": "Feature", "properties": { "stationID": "ST-255", "lat": 37.535988, "long": 127.094627 }, "geometry": { "type": "Point", "coordinates": [ 127.094627, 37.535988 ] } },
{ "type": "Feature", "properties": { "stationID": "ST-2549", "lat": 37.659996, "long": 127.051277 }, "geometry": { "type": "Point", "coordinates": [ 127.051277, 37.659996 ] } },
{ "type": "Feature", "properties": { "stationID": "ST-2548", "lat": 37.549839, "long": 127.103027 }, "geometry": { "type": "Point", "coordinates": [ 127.103027, 37.549839 ] } },
{ "type": "Feature", "properties": { "stationID": "ST-2547", "lat": 37.53471, "long": 127.084473 }, "geometry": { "type": "Point", "coordinates": [ 127.084473, 37.53471 ] } },
{ "type": "Feature", "properties": { "stationID": "ST-2546", "lat": 37.52927, "long": 127.077866 }, "geometry": { "type": "Point", "coordinates": [ 127.077866, 37.52927 ] } },
{ "type": "Feature", "properties": { "stationID": "ST-2545", "lat": 37.53521, "long": 127.069 }, "geometry": { "type": "Point", "coordinates": [ 127.069, 37.53521 ] } },
{ "type": "Feature", "properties": { "stationID": "ST-2544", "lat": 37.545006, "long": 127.083374 }, "geometry": { "type": "Point", "coordinates": [ 127.083374, 37.545006 ] } },
{ "type": "Feature", "properties": { "stationID": "ST-2543", "lat": 37.557755, "long": 127.072975 }, "geometry": { "type": "Point", "coordinates": [ 127.072975, 37.557755 ] } },
{ "type": "Feature", "properties": { "stationID": "ST-2542", "lat": 37.546513, "long": 127.075714 }, "geometry": { "type": "Point", "coordinates": [ 127.075714, 37.546513 ] } },
{ "type": "Feature", "properties": { "stationID": "ST-2541", "lat": 37.547649, "long": 127.074707 }, "geometry": { "type": "Point", "coordinates": [ 127.074707, 37.547649 ] } },
{ "type": "Feature", "properties": { "stationID": "ST-2540", "lat": 37.54324, "long": 126.838631 }, "geometry": { "type": "Point", "coordinates": [ 126.838631, 37.54324 ] } },
{ "type": "Feature", "properties": { "stationID": "ST-254", "lat": 37.535824, "long": 127.094162 }, "geometry": { "type": "Point", "coordinates": [ 127.094162, 37.535824 ] } },
{ "type": "Feature", "properties": { "stationID": "ST-2539", "lat": 37.544579, "long": 126.843781 }, "geometry": { "type": "Point", "coordinates": [ 126.843781, 37.544579 ] } },
{ "type": "Feature", "properties": { "stationID": "ST-2538", "lat": 37.55846, "long": 126.836761 }, "geometry": { "type": "Point", "coordinates": [ 126.836761, 37.55846 ] } },
{ "type": "Feature", "properties": { "stationID": "ST-2537", "lat": 37.577305, "long": 126.890183 }, "geometry": { "type": "Point", "coordinates": [ 126.890183, 37.577305 ] } },
{ "type": "Feature", "properties": { "stationID": "ST-2536", "lat": 37.564156, "long": 126.90815 }, "geometry": { "type": "Point", "coordinates": [ 126.90815, 37.564156 ] } },
{ "type": "Feature", "properties": { "stationID": "ST-2535", "lat": 37.583321, "long": 126.881561 }, "geometry": { "type": "Point", "coordinates": [ 126.881561, 37.583321 ] } },
{ "type": "Feature", "properties": { "stationID": "ST-2534", "lat": 37.548367, "long": 126.916718 }, "geometry": { "type": "Point", "coordinates": [ 126.916718, 37.548367 ] } },
{ "type": "Feature", "properties": { "stationID": "ST-2533", "lat": 37.569492, "long": 126.911842 }, "geometry": { "type": "Point", "coordinates": [ 126.911842, 37.569492 ] } },
{ "type": "Feature", "properties": { "stationID": "ST-2532", "lat": 37.55666, "long": 126.919868 }, "geometry": { "type": "Point", "coordinates": [ 126.919868, 37.55666 ] } },
{ "type": "Feature", "properties": { "stationID": "ST-2531", "lat": 37.557308, "long": 126.918854 }, "geometry": { "type": "Point", "coordinates": [ 126.918854, 37.557308 ] } },
{ "type": "Feature", "properties": { "stationID": "ST-2530", "lat": 37.547379, "long": 126.931633 }, "geometry": { "type": "Point", "coordinates": [ 126.931633, 37.547379 ] } },
{ "type": "Feature", "properties": { "stationID": "ST-253", "lat": 37.55603, "long": 127.078644 }, "geometry": { "type": "Point", "coordinates": [ 127.078644, 37.55603 ] } },
{ "type": "Feature", "properties": { "stationID": "ST-2529", "lat": 37.575222, "long": 126.899902 }, "geometry": { "type": "Point", "coordinates": [ 126.899902, 37.575222 ] } },
{ "type": "Feature", "properties": { "stationID": "ST-2528", "lat": 37.545853, "long": 126.952599 }, "geometry": { "type": "Point", "coordinates": [ 126.952599, 37.545853 ] } },
{ "type": "Feature", "properties": { "stationID": "ST-2527", "lat": 37.561226, "long": 126.987495 }, "geometry": { "type": "Point", "coordinates": [ 126.987495, 37.561226 ] } },
{ "type": "Feature", "properties": { "stationID": "ST-2526", "lat": 37.566917, "long": 126.987831 }, "geometry": { "type": "Point", "coordinates": [ 126.987831, 37.566917 ] } },
{ "type": "Feature", "properties": { "stationID": "ST-2525", "lat": 37.56459, "long": 126.990768 }, "geometry": { "type": "Point", "coordinates": [ 126.990768, 37.56459 ] } },
{ "type": "Feature", "properties": { "stationID": "ST-2524", "lat": 37.559586, "long": 127.00547 }, "geometry": { "type": "Point", "coordinates": [ 127.00547, 37.559586 ] } },
{ "type": "Feature", "properties": { "stationID": "ST-2523", "lat": 37.565208, "long": 126.987396 }, "geometry": { "type": "Point", "coordinates": [ 126.987396, 37.565208 ] } },
{ "type": "Feature", "properties": { "stationID": "ST-2522", "lat": 37.560276, "long": 126.981392 }, "geometry": { "type": "Point", "coordinates": [ 126.981392, 37.560276 ] } },
{ "type": "Feature", "properties": { "stationID": "ST-2521", "lat": 37.565891, "long": 126.984451 }, "geometry": { "type": "Point", "coordinates": [ 126.984451, 37.565891 ] } },
{ "type": "Feature", "properties": { "stationID": "ST-2520", "lat": 37.565903, "long": 126.981781 }, "geometry": { "type": "Point", "coordinates": [ 126.981781, 37.565903 ] } },
{ "type": "Feature", "properties": { "stationID": "ST-252", "lat": 37.559795, "long": 127.074203 }, "geometry": { "type": "Point", "coordinates": [ 127.074203, 37.559795 ] } },
{ "type": "Feature", "properties": { "stationID": "ST-2519", "lat": 37.562534, "long": 126.972496 }, "geometry": { "type": "Point", "coordinates": [ 126.972496, 37.562534 ] } },
{ "type": "Feature", "properties": { "stationID": "ST-2518", "lat": 37.567017, "long": 126.976837 }, "geometry": { "type": "Point", "coordinates": [ 126.976837, 37.567017 ] } },
{ "type": "Feature", "properties": { "stationID": "ST-2517", "lat": 37.566948, "long": 126.982445 }, "geometry": { "type": "Point", "coordinates": [ 126.982445, 37.566948 ] } },
{ "type": "Feature", "properties": { "stationID": "ST-2516", "lat": 37.564743, "long": 126.990952 }, "geometry": { "type": "Point", "coordinates": [ 126.990952, 37.564743 ] } },
{ "type": "Feature", "properties": { "stationID": "ST-2515", "lat": 37.567776, "long": 126.977333 }, "geometry": { "type": "Point", "coordinates": [ 126.977333, 37.567776 ] } },
{ "type": "Feature", "properties": { "stationID": "ST-2514", "lat": 37.562843, "long": 126.972618 }, "geometry": { "type": "Point", "coordinates": [ 126.972618, 37.562843 ] } },
{ "type": "Feature", "properties": { "stationID": "ST-2513", "lat": 37.568558, "long": 126.992119 }, "geometry": { "type": "Point", "coordinates": [ 126.992119, 37.568558 ] } },
{ "type": "Feature", "properties": { "stationID": "ST-2512", "lat": 37.581375, "long": 127.012413 }, "geometry": { "type": "Point", "coordinates": [ 127.012413, 37.581375 ] } },
{ "type": "Feature", "properties": { "stationID": "ST-2511", "lat": 37.581314, "long": 127.01268 }, "geometry": { "type": "Point", "coordinates": [ 127.01268, 37.581314 ] } },
{ "type": "Feature", "properties": { "stationID": "ST-2510", "lat": 37.612495, "long": 127.037201 }, "geometry": { "type": "Point", "coordinates": [ 127.037201, 37.612495 ] } },
{ "type": "Feature", "properties": { "stationID": "ST-251", "lat": 37.57164, "long": 127.03566 }, "geometry": { "type": "Point", "coordinates": [ 127.03566, 37.57164 ] } },
{ "type": "Feature", "properties": { "stationID": "ST-2509", "lat": 37.578468, "long": 127.066895 }, "geometry": { "type": "Point", "coordinates": [ 127.066895, 37.578468 ] } },
{ "type": "Feature", "properties": { "stationID": "ST-2508", "lat": 37.570148, "long": 127.029922 }, "geometry": { "type": "Point", "coordinates": [ 127.029922, 37.570148 ] } },
{ "type": "Feature", "properties": { "stationID": "ST-2507", "lat": 37.571301, "long": 127.033623 }, "geometry": { "type": "Point", "coordinates": [ 127.033623, 37.571301 ] } },
{ "type": "Feature", "properties": { "stationID": "ST-2506", "lat": 37.590874, "long": 127.065361 }, "geometry": { "type": "Point", "coordinates": [ 127.065361, 37.590874 ] } },
{ "type": "Feature", "properties": { "stationID": "ST-2505", "lat": 37.604603, "long": 127.066925 }, "geometry": { "type": "Point", "coordinates": [ 127.066925, 37.604603 ] } },
{ "type": "Feature", "properties": { "stationID": "ST-2504", "lat": 37.591396, "long": 127.040298 }, "geometry": { "type": "Point", "coordinates": [ 127.040298, 37.591396 ] } },
{ "type": "Feature", "properties": { "stationID": "ST-2503", "lat": 37.599552, "long": 127.069809 }, "geometry": { "type": "Point", "coordinates": [ 127.069809, 37.599552 ] } },
{ "type": "Feature", "properties": { "stationID": "ST-2502", "lat": 37.579586, "long": 127.030243 }, "geometry": { "type": "Point", "coordinates": [ 127.030243, 37.579586 ] } },
{ "type": "Feature", "properties": { "stationID": "ST-2501", "lat": 37.567692, "long": 127.057892 }, "geometry": { "type": "Point", "coordinates": [ 127.057892, 37.567692 ] } },
{ "type": "Feature", "properties": { "stationID": "ST-2500", "lat": 37.576771, "long": 127.071892 }, "geometry": { "type": "Point", "coordinates": [ 127.071892, 37.576771 ] } },
{ "type": "Feature", "properties": { "stationID": "ST-250", "lat": 37.56765, "long": 127.051155 }, "geometry": { "type": "Point", "coordinates": [ 127.051155, 37.56765 ] } },
{ "type": "Feature", "properties": { "stationID": "ST-25", "lat": 37.59433, "long": 126.947388 }, "geometry": { "type": "Point", "coordinates": [ 126.947388, 37.59433 ] } },
{ "type": "Feature", "properties": { "stationID": "ST-2499", "lat": 37.56324, "long": 127.057991 }, "geometry": { "type": "Point", "coordinates": [ 127.057991, 37.56324 ] } },
{ "type": "Feature", "properties": { "stationID": "ST-2498", "lat": 37.594364, "long": 127.064598 }, "geometry": { "type": "Point", "coordinates": [ 127.064598, 37.594364 ] } },
{ "type": "Feature", "properties": { "stationID": "ST-2497", "lat": 37.593838, "long": 127.067818 }, "geometry": { "type": "Point", "coordinates": [ 127.067818, 37.593838 ] } },
{ "type": "Feature", "properties": { "stationID": "ST-2496", "lat": 37.592865, "long": 127.065559 }, "geometry": { "type": "Point", "coordinates": [ 127.065559, 37.592865 ] } },
{ "type": "Feature", "properties": { "stationID": "ST-2495", "lat": 37.569839, "long": 126.807564 }, "geometry": { "type": "Point", "coordinates": [ 126.807564, 37.569839 ] } },
{ "type": "Feature", "properties": { "stationID": "ST-2494", "lat": 37.556805, "long": 126.871559 }, "geometry": { "type": "Point", "coordinates": [ 126.871559, 37.556805 ] } },
{ "type": "Feature", "properties": { "stationID": "ST-2493", "lat": 37.584171, "long": 126.819328 }, "geometry": { "type": "Point", "coordinates": [ 126.819328, 37.584171 ] } },
{ "type": "Feature", "properties": { "stationID": "ST-2492", "lat": 37.57402, "long": 126.843575 }, "geometry": { "type": "Point", "coordinates": [ 126.843575, 37.57402 ] } },
{ "type": "Feature", "properties": { "stationID": "ST-2491", "lat": 37.575317, "long": 126.83667 }, "geometry": { "type": "Point", "coordinates": [ 126.83667, 37.575317 ] } },
{ "type": "Feature", "properties": { "stationID": "ST-2490", "lat": 37.5741, "long": 126.837112 }, "geometry": { "type": "Point", "coordinates": [ 126.837112, 37.5741 ] } },
{ "type": "Feature", "properties": { "stationID": "ST-249", "lat": 37.560356, "long": 127.041397 }, "geometry": { "type": "Point", "coordinates": [ 127.041397, 37.560356 ] } },
{ "type": "Feature", "properties": { "stationID": "ST-2489", "lat": 37.571289, "long": 126.837776 }, "geometry": { "type": "Point", "coordinates": [ 126.837776, 37.571289 ] } },
{ "type": "Feature", "properties": { "stationID": "ST-2488", "lat": 37.584583, "long": 126.810921 }, "geometry": { "type": "Point", "coordinates": [ 126.810921, 37.584583 ] } },
{ "type": "Feature", "properties": { "stationID": "ST-2487", "lat": 37.557552, "long": 126.856255 }, "geometry": { "type": "Point", "coordinates": [ 126.856255, 37.557552 ] } },
{ "type": "Feature", "properties": { "stationID": "ST-2486", "lat": 37.561794, "long": 126.80793 }, "geometry": { "type": "Point", "coordinates": [ 126.80793, 37.561794 ] } },
{ "type": "Feature", "properties": { "stationID": "ST-2485", "lat": 37.564384, "long": 126.806046 }, "geometry": { "type": "Point", "coordinates": [ 126.806046, 37.564384 ] } },
{ "type": "Feature", "properties": { "stationID": "ST-2484", "lat": 37.567535, "long": 126.805183 }, "geometry": { "type": "Point", "coordinates": [ 126.805183, 37.567535 ] } },
{ "type": "Feature", "properties": { "stationID": "ST-2483", "lat": 37.566441, "long": 126.844307 }, "geometry": { "type": "Point", "coordinates": [ 126.844307, 37.566441 ] } },
{ "type": "Feature", "properties": { "stationID": "ST-2482", "lat": 37.569248, "long": 126.816505 }, "geometry": { "type": "Point", "coordinates": [ 126.816505, 37.569248 ] } },
{ "type": "Feature", "properties": { "stationID": "ST-2481", "lat": 37.545368, "long": 126.844704 }, "geometry": { "type": "Point", "coordinates": [ 126.844704, 37.545368 ] } },
{ "type": "Feature", "properties": { "stationID": "ST-2480", "lat": 37.545555, "long": 126.844498 }, "geometry": { "type": "Point", "coordinates": [ 126.844498, 37.545555 ] } },
{ "type": "Feature", "properties": { "stationID": "ST-248", "lat": 37.55735, "long": 127.029213 }, "geometry": { "type": "Point", "coordinates": [ 127.029213, 37.55735 ] } },
{ "type": "Feature", "properties": { "stationID": "ST-2479", "lat": 37.55603, "long": 126.864296 }, "geometry": { "type": "Point", "coordinates": [ 126.864296, 37.55603 ] } },
{ "type": "Feature", "properties": { "stationID": "ST-2478", "lat": 37.54903, "long": 126.878365 }, "geometry": { "type": "Point", "coordinates": [ 126.878365, 37.54903 ] } },
{ "type": "Feature", "properties": { "stationID": "ST-2477", "lat": 37.564976, "long": 126.817406 }, "geometry": { "type": "Point", "coordinates": [ 126.817406, 37.564976 ] } },
{ "type": "Feature", "properties": { "stationID": "ST-2476", "lat": 37.561134, "long": 126.816101 }, "geometry": { "type": "Point", "coordinates": [ 126.816101, 37.561134 ] } },
{ "type": "Feature", "properties": { "stationID": "ST-2475", "lat": 37.552696, "long": 126.869751 }, "geometry": { "type": "Point", "coordinates": [ 126.869751, 37.552696 ] } },
{ "type": "Feature", "properties": { "stationID": "ST-2474", "lat": 37.492294, "long": 127.094337 }, "geometry": { "type": "Point", "coordinates": [ 127.094337, 37.492294 ] } },
{ "type": "Feature", "properties": { "stationID": "ST-2473", "lat": 37.581146, "long": 126.971237 }, "geometry": { "type": "Point", "coordinates": [ 126.971237, 37.581146 ] } },
{ "type": "Feature", "properties": { "stationID": "ST-2472", "lat": 37.572182, "long": 126.982834 }, "geometry": { "type": "Point", "coordinates": [ 126.982834, 37.572182 ] } },
{ "type": "Feature", "properties": { "stationID": "ST-2471", "lat": 37.582878, "long": 126.894463 }, "geometry": { "type": "Point", "coordinates": [ 126.894463, 37.582878 ] } },
{ "type": "Feature", "properties": { "stationID": "ST-2470", "lat": 37.611568, "long": 126.930489 }, "geometry": { "type": "Point", "coordinates": [ 126.930489, 37.611568 ] } },
{ "type": "Feature", "properties": { "stationID": "ST-247", "lat": 37.553986, "long": 127.033592 }, "geometry": { "type": "Point", "coordinates": [ 127.033592, 37.553986 ] } },
{ "type": "Feature", "properties": { "stationID": "ST-2469", "lat": 37.539322, "long": 126.97319 }, "geometry": { "type": "Point", "coordinates": [ 126.97319, 37.539322 ] } },
{ "type": "Feature", "properties": { "stationID": "ST-2468", "lat": 37.553745, "long": 127.041267 }, "geometry": { "type": "Point", "coordinates": [ 127.041267, 37.553745 ] } },
{ "type": "Feature", "properties": { "stationID": "ST-2467", "lat": 37.548244, "long": 127.059578 }, "geometry": { "type": "Point", "coordinates": [ 127.059578, 37.548244 ] } },
{ "type": "Feature", "properties": { "stationID": "ST-2466", "lat": 37.546558, "long": 127.049988 }, "geometry": { "type": "Point", "coordinates": [ 127.049988, 37.546558 ] } },
{ "type": "Feature", "properties": { "stationID": "ST-2465", "lat": 37.501915, "long": 126.889244 }, "geometry": { "type": "Point", "coordinates": [ 126.889244, 37.501915 ] } },
{ "type": "Feature", "properties": { "stationID": "ST-2464", "lat": 37.506241, "long": 126.891144 }, "geometry": { "type": "Point", "coordinates": [ 126.891144, 37.506241 ] } },
{ "type": "Feature", "properties": { "stationID": "ST-2463", "lat": 37.49334, "long": 126.859177 }, "geometry": { "type": "Point", "coordinates": [ 126.859177, 37.49334 ] } },
{ "type": "Feature", "properties": { "stationID": "ST-2462", "lat": 37.478199, "long": 126.824875 }, "geometry": { "type": "Point", "coordinates": [ 126.824875, 37.478199 ] } },
{ "type": "Feature", "properties": { "stationID": "ST-2461", "lat": 37.612209, "long": 127.024979 }, "geometry": { "type": "Point", "coordinates": [ 127.024979, 37.612209 ] } },
{ "type": "Feature", "properties": { "stationID": "ST-2460", "lat": 37.624222, "long": 127.049217 }, "geometry": { "type": "Point", "coordinates": [ 127.049217, 37.624222 ] } },
{ "type": "Feature", "properties": { "stationID": "ST-246", "lat": 37.548634, "long": 127.025726 }, "geometry": { "type": "Point", "coordinates": [ 127.025726, 37.548634 ] } },
{ "type": "Feature", "properties": { "stationID": "ST-2459", "lat": 37.637135, "long": 127.03138 }, "geometry": { "type": "Point", "coordinates": [ 127.03138, 37.637135 ] } },
{ "type": "Feature", "properties": { "stationID": "ST-2458", "lat": 37.617088, "long": 127.028099 }, "geometry": { "type": "Point", "coordinates": [ 127.028099, 37.617088 ] } },
{ "type": "Feature", "properties": { "stationID": "ST-2457", "lat": 37.527187, "long": 127.142708 }, "geometry": { "type": "Point", "coordinates": [ 127.142708, 37.527187 ] } },
{ "type": "Feature", "properties": { "stationID": "ST-2456", "lat": 37.52544, "long": 126.9646 }, "geometry": { "type": "Point", "coordinates": [ 126.9646, 37.52544 ] } },
{ "type": "Feature", "properties": { "stationID": "ST-2455", "lat": 37.538513, "long": 126.963554 }, "geometry": { "type": "Point", "coordinates": [ 126.963554, 37.538513 ] } },
{ "type": "Feature", "properties": { "stationID": "ST-2454", "lat": 37.537712, "long": 126.965981 }, "geometry": { "type": "Point", "coordinates": [ 126.965981, 37.537712 ] } },
{ "type": "Feature", "properties": { "stationID": "ST-2453", "lat": 37.534531, "long": 126.996193 }, "geometry": { "type": "Point", "coordinates": [ 126.996193, 37.534531 ] } },
{ "type": "Feature", "properties": { "stationID": "ST-2452", "lat": 37.52515, "long": 126.992088 }, "geometry": { "type": "Point", "coordinates": [ 126.992088, 37.52515 ] } },
{ "type": "Feature", "properties": { "stationID": "ST-2451", "lat": 37.535286, "long": 126.974083 }, "geometry": { "type": "Point", "coordinates": [ 126.974083, 37.535286 ] } },
{ "type": "Feature", "properties": { "stationID": "ST-2450", "lat": 37.523018, "long": 126.96241 }, "geometry": { "type": "Point", "coordinates": [ 126.96241, 37.523018 ] } },
{ "type": "Feature", "properties": { "stationID": "ST-245", "lat": 37.548149, "long": 127.021088 }, "geometry": { "type": "Point", "coordinates": [ 127.021088, 37.548149 ] } },
{ "type": "Feature", "properties": { "stationID": "ST-2449", "lat": 37.532379, "long": 126.95253 }, "geometry": { "type": "Point", "coordinates": [ 126.95253, 37.532379 ] } },
{ "type": "Feature", "properties": { "stationID": "ST-2448", "lat": 37.527611, "long": 126.955116 }, "geometry": { "type": "Point", "coordinates": [ 126.955116, 37.527611 ] } },
{ "type": "Feature", "properties": { "stationID": "ST-2447", "lat": 37.532482, "long": 126.964119 }, "geometry": { "type": "Point", "coordinates": [ 126.964119, 37.532482 ] } },
{ "type": "Feature", "properties": { "stationID": "ST-2446", "lat": 37.5303, "long": 126.991379 }, "geometry": { "type": "Point", "coordinates": [ 126.991379, 37.5303 ] } },
{ "type": "Feature", "properties": { "stationID": "ST-2445", "lat": 37.535976, "long": 126.999374 }, "geometry": { "type": "Point", "coordinates": [ 126.999374, 37.535976 ] } },
{ "type": "Feature", "properties": { "stationID": "ST-2444", "lat": 37.537498, "long": 127.000847 }, "geometry": { "type": "Point", "coordinates": [ 127.000847, 37.537498 ] } },
{ "type": "Feature", "properties": { "stationID": "ST-2443", "lat": 37.541439, "long": 127.003761 }, "geometry": { "type": "Point", "coordinates": [ 127.003761, 37.541439 ] } },
{ "type": "Feature", "properties": { "stationID": "ST-2442", "lat": 37.535919, "long": 127.005417 }, "geometry": { "type": "Point", "coordinates": [ 127.005417, 37.535919 ] } },
{ "type": "Feature", "properties": { "stationID": "ST-2441", "lat": 37.5233, "long": 126.972061 }, "geometry": { "type": "Point", "coordinates": [ 126.972061, 37.5233 ] } },
{ "type": "Feature", "properties": { "stationID": "ST-2440", "lat": 37.521458, "long": 126.977676 }, "geometry": { "type": "Point", "coordinates": [ 126.977676, 37.521458 ] } },
{ "type": "Feature", "properties": { "stationID": "ST-244", "lat": 37.568748, "long": 127.030403 }, "geometry": { "type": "Point", "coordinates": [ 127.030403, 37.568748 ] } },
{ "type": "Feature", "properties": { "stationID": "ST-2439", "lat": 37.520878, "long": 126.979713 }, "geometry": { "type": "Point", "coordinates": [ 126.979713, 37.520878 ] } },
{ "type": "Feature", "properties": { "stationID": "ST-2438", "lat": 37.51759, "long": 126.959221 }, "geometry": { "type": "Point", "coordinates": [ 126.959221, 37.51759 ] } },
{ "type": "Feature", "properties": { "stationID": "ST-2437", "lat": 37.533222, "long": 126.957237 }, "geometry": { "type": "Point", "coordinates": [ 126.957237, 37.533222 ] } },
{ "type": "Feature", "properties": { "stationID": "ST-2436", "lat": 37.544987, "long": 126.964302 }, "geometry": { "type": "Point", "coordinates": [ 126.964302, 37.544987 ] } },
{ "type": "Feature", "properties": { "stationID": "ST-2435", "lat": 37.476048, "long": 126.845016 }, "geometry": { "type": "Point", "coordinates": [ 126.845016, 37.476048 ] } },
{ "type": "Feature", "properties": { "stationID": "ST-2434", "lat": 37.561573, "long": 126.968491 }, "geometry": { "type": "Point", "coordinates": [ 126.968491, 37.561573 ] } },
{ "type": "Feature", "properties": { "stationID": "ST-2433", "lat": 37.56147, "long": 126.968018 }, "geometry": { "type": "Point", "coordinates": [ 126.968018, 37.56147 ] } },
{ "type": "Feature", "properties": { "stationID": "ST-2432", "lat": 37.560246, "long": 126.968781 }, "geometry": { "type": "Point", "coordinates": [ 126.968781, 37.560246 ] } },
{ "type": "Feature", "properties": { "stationID": "ST-2431", "lat": 37.568314, "long": 127.00946 }, "geometry": { "type": "Point", "coordinates": [ 127.00946, 37.568314 ] } },
{ "type": "Feature", "properties": { "stationID": "ST-2430", "lat": 37.556644, "long": 126.97364 }, "geometry": { "type": "Point", "coordinates": [ 126.97364, 37.556644 ] } },
{ "type": "Feature", "properties": { "stationID": "ST-243", "lat": 37.561371, "long": 127.06366 }, "geometry": { "type": "Point", "coordinates": [ 127.06366, 37.561371 ] } },
{ "type": "Feature", "properties": { "stationID": "ST-2429", "lat": 37.51944, "long": 126.902573 }, "geometry": { "type": "Point", "coordinates": [ 126.902573, 37.51944 ] } },
{ "type": "Feature", "properties": { "stationID": "ST-2428", "lat": 37.472881, "long": 126.960037 }, "geometry": { "type": "Point", "coordinates": [ 126.960037, 37.472881 ] } },
{ "type": "Feature", "properties": { "stationID": "ST-2427", "lat": 37.589836, "long": 126.999344 }, "geometry": { "type": "Point", "coordinates": [ 126.999344, 37.589836 ] } },
{ "type": "Feature", "properties": { "stationID": "ST-2426", "lat": 37.403549, "long": 127.10611 }, "geometry": { "type": "Point", "coordinates": [ 127.10611, 37.403549 ] } },
{ "type": "Feature", "properties": { "stationID": "ST-2425", "lat": 37.599316, "long": 126.907593 }, "geometry": { "type": "Point", "coordinates": [ 126.907593, 37.599316 ] } },
{ "type": "Feature", "properties": { "stationID": "ST-2424", "lat": 37.547092, "long": 127.156219 }, "geometry": { "type": "Point", "coordinates": [ 127.156219, 37.547092 ] } },
{ "type": "Feature", "properties": { "stationID": "ST-2423", "lat": 37.606049, "long": 126.967636 }, "geometry": { "type": "Point", "coordinates": [ 126.967636, 37.606049 ] } },
{ "type": "Feature", "properties": { "stationID": "ST-2422", "lat": 37.567604, "long": 126.987259 }, "geometry": { "type": "Point", "coordinates": [ 126.987259, 37.567604 ] } },
{ "type": "Feature", "properties": { "stationID": "ST-2421", "lat": 37.562099, "long": 127.050766 }, "geometry": { "type": "Point", "coordinates": [ 127.050766, 37.562099 ] } },
{ "type": "Feature", "properties": { "stationID": "ST-2420", "lat": 37.561359, "long": 127.049591 }, "geometry": { "type": "Point", "coordinates": [ 127.049591, 37.561359 ] } },
{ "type": "Feature", "properties": { "stationID": "ST-242", "lat": 37.563511, "long": 127.056725 }, "geometry": { "type": "Point", "coordinates": [ 127.056725, 37.563511 ] } },
{ "type": "Feature", "properties": { "stationID": "ST-2419", "lat": 37.55135, "long": 126.824936 }, "geometry": { "type": "Point", "coordinates": [ 126.824936, 37.55135 ] } },
{ "type": "Feature", "properties": { "stationID": "ST-2418", "lat": 37.582314, "long": 127.047646 }, "geometry": { "type": "Point", "coordinates": [ 127.047646, 37.582314 ] } },
{ "type": "Feature", "properties": { "stationID": "ST-2417", "lat": 37.467384, "long": 127.041458 }, "geometry": { "type": "Point", "coordinates": [ 127.041458, 37.467384 ] } },
{ "type": "Feature", "properties": { "stationID": "ST-2416", "lat": 37.459248, "long": 127.023903 }, "geometry": { "type": "Point", "coordinates": [ 127.023903, 37.459248 ] } },
{ "type": "Feature", "properties": { "stationID": "ST-2415", "lat": 37.508476, "long": 127.016762 }, "geometry": { "type": "Point", "coordinates": [ 127.016762, 37.508476 ] } },
{ "type": "Feature", "properties": { "stationID": "ST-2414", "lat": 37.518322, "long": 127.014809 }, "geometry": { "type": "Point", "coordinates": [ 127.014809, 37.518322 ] } },
{ "type": "Feature", "properties": { "stationID": "ST-2413", "lat": 37.554733, "long": 127.153 }, "geometry": { "type": "Point", "coordinates": [ 127.153, 37.554733 ] } },
{ "type": "Feature", "properties": { "stationID": "ST-2412", "lat": 37.552559, "long": 126.823112 }, "geometry": { "type": "Point", "coordinates": [ 126.823112, 37.552559 ] } },
{ "type": "Feature", "properties": { "stationID": "ST-2411", "lat": 37.562092, "long": 126.820969 }, "geometry": { "type": "Point", "coordinates": [ 126.820969, 37.562092 ] } },
{ "type": "Feature", "properties": { "stationID": "ST-2410", "lat": 37.494209, "long": 127.104927 }, "geometry": { "type": "Point", "coordinates": [ 127.104927, 37.494209 ] } },
{ "type": "Feature", "properties": { "stationID": "ST-241", "lat": 37.558052, "long": 127.040352 }, "geometry": { "type": "Point", "coordinates": [ 127.040352, 37.558052 ] } },
{ "type": "Feature", "properties": { "stationID": "ST-2409", "lat": 37.495358, "long": 127.115692 }, "geometry": { "type": "Point", "coordinates": [ 127.115692, 37.495358 ] } },
{ "type": "Feature", "properties": { "stationID": "ST-2408", "lat": 37.552372, "long": 127.07354 }, "geometry": { "type": "Point", "coordinates": [ 127.07354, 37.552372 ] } },
{ "type": "Feature", "properties": { "stationID": "ST-2407", "lat": 37.542465, "long": 127.094231 }, "geometry": { "type": "Point", "coordinates": [ 127.094231, 37.542465 ] } },
{ "type": "Feature", "properties": { "stationID": "ST-2406", "lat": 37.608665, "long": 127.03627 }, "geometry": { "type": "Point", "coordinates": [ 127.03627, 37.608665 ] } },
{ "type": "Feature", "properties": { "stationID": "ST-2405", "lat": 37.616699, "long": 127.030495 }, "geometry": { "type": "Point", "coordinates": [ 127.030495, 37.616699 ] } },
{ "type": "Feature", "properties": { "stationID": "ST-2404", "lat": 37.465408, "long": 127.043777 }, "geometry": { "type": "Point", "coordinates": [ 127.043777, 37.465408 ] } },
{ "type": "Feature", "properties": { "stationID": "ST-2403", "lat": 37.616665, "long": 127.02211 }, "geometry": { "type": "Point", "coordinates": [ 127.02211, 37.616665 ] } },
{ "type": "Feature", "properties": { "stationID": "ST-2402", "lat": 37.664463, "long": 127.011841 }, "geometry": { "type": "Point", "coordinates": [ 127.011841, 37.664463 ] } },
{ "type": "Feature", "properties": { "stationID": "ST-2401", "lat": 37.626572, "long": 127.038643 }, "geometry": { "type": "Point", "coordinates": [ 127.038643, 37.626572 ] } },
{ "type": "Feature", "properties": { "stationID": "ST-2400", "lat": 37.622704, "long": 127.027367 }, "geometry": { "type": "Point", "coordinates": [ 127.027367, 37.622704 ] } },
{ "type": "Feature", "properties": { "stationID": "ST-240", "lat": 37.5522, "long": 127.025055 }, "geometry": { "type": "Point", "coordinates": [ 127.025055, 37.5522 ] } },
{ "type": "Feature", "properties": { "stationID": "ST-24", "lat": 37.547459, "long": 126.938377 }, "geometry": { "type": "Point", "coordinates": [ 126.938377, 37.547459 ] } },
{ "type": "Feature", "properties": { "stationID": "ST-2399", "lat": 37.572044, "long": 126.844002 }, "geometry": { "type": "Point", "coordinates": [ 126.844002, 37.572044 ] } },
{ "type": "Feature", "properties": { "stationID": "ST-2398", "lat": 37.515156, "long": 126.87249 }, "geometry": { "type": "Point", "coordinates": [ 126.87249, 37.515156 ] } },
{ "type": "Feature", "properties": { "stationID": "ST-2397", "lat": 37.514664, "long": 126.871941 }, "geometry": { "type": "Point", "coordinates": [ 126.871941, 37.514664 ] } },
{ "type": "Feature", "properties": { "stationID": "ST-2396", "lat": 37.515842, "long": 126.864113 }, "geometry": { "type": "Point", "coordinates": [ 126.864113, 37.515842 ] } },
{ "type": "Feature", "properties": { "stationID": "ST-2395", "lat": 37.516865, "long": 126.862961 }, "geometry": { "type": "Point", "coordinates": [ 126.862961, 37.516865 ] } },
{ "type": "Feature", "properties": { "stationID": "ST-2394", "lat": 37.48122, "long": 126.951576 }, "geometry": { "type": "Point", "coordinates": [ 126.951576, 37.48122 ] } },
{ "type": "Feature", "properties": { "stationID": "ST-2393", "lat": 37.476627, "long": 126.943642 }, "geometry": { "type": "Point", "coordinates": [ 126.943642, 37.476627 ] } },
{ "type": "Feature", "properties": { "stationID": "ST-2392", "lat": 37.470459, "long": 126.93866 }, "geometry": { "type": "Point", "coordinates": [ 126.93866, 37.470459 ] } },
{ "type": "Feature", "properties": { "stationID": "ST-2391", "lat": 37.491226, "long": 126.956078 }, "geometry": { "type": "Point", "coordinates": [ 126.956078, 37.491226 ] } },
{ "type": "Feature", "properties": { "stationID": "ST-2390", "lat": 37.462147, "long": 126.931778 }, "geometry": { "type": "Point", "coordinates": [ 126.931778, 37.462147 ] } },
{ "type": "Feature", "properties": { "stationID": "ST-239", "lat": 37.543663, "long": 127.014061 }, "geometry": { "type": "Point", "coordinates": [ 127.014061, 37.543663 ] } },
{ "type": "Feature", "properties": { "stationID": "ST-2389", "lat": 37.476776, "long": 126.964867 }, "geometry": { "type": "Point", "coordinates": [ 126.964867, 37.476776 ] } },
{ "type": "Feature", "properties": { "stationID": "ST-2388", "lat": 37.477753, "long": 126.962364 }, "geometry": { "type": "Point", "coordinates": [ 126.962364, 37.477753 ] } },
{ "type": "Feature", "properties": { "stationID": "ST-2387", "lat": 37.476006, "long": 126.958908 }, "geometry": { "type": "Point", "coordinates": [ 126.958908, 37.476006 ] } },
{ "type": "Feature", "properties": { "stationID": "ST-2386", "lat": 37.473835, "long": 126.933784 }, "geometry": { "type": "Point", "coordinates": [ 126.933784, 37.473835 ] } },
{ "type": "Feature", "properties": { "stationID": "ST-2385", "lat": 37.476967, "long": 126.936905 }, "geometry": { "type": "Point", "coordinates": [ 126.936905, 37.476967 ] } },
{ "type": "Feature", "properties": { "stationID": "ST-2384", "lat": 37.468567, "long": 126.946754 }, "geometry": { "type": "Point", "coordinates": [ 126.946754, 37.468567 ] } },
{ "type": "Feature", "properties": { "stationID": "ST-2383", "lat": 37.478771, "long": 126.958694 }, "geometry": { "type": "Point", "coordinates": [ 126.958694, 37.478771 ] } },
{ "type": "Feature", "properties": { "stationID": "ST-2382", "lat": 37.479465, "long": 126.956932 }, "geometry": { "type": "Point", "coordinates": [ 126.956932, 37.479465 ] } },
{ "type": "Feature", "properties": { "stationID": "ST-2381", "lat": 37.484177, "long": 126.937111 }, "geometry": { "type": "Point", "coordinates": [ 126.937111, 37.484177 ] } },
{ "type": "Feature", "properties": { "stationID": "ST-2380", "lat": 37.483311, "long": 126.939026 }, "geometry": { "type": "Point", "coordinates": [ 126.939026, 37.483311 ] } },
{ "type": "Feature", "properties": { "stationID": "ST-238", "lat": 37.548641, "long": 127.016426 }, "geometry": { "type": "Point", "coordinates": [ 127.016426, 37.548641 ] } },
{ "type": "Feature", "properties": { "stationID": "ST-2379", "lat": 37.484646, "long": 126.934509 }, "geometry": { "type": "Point", "coordinates": [ 126.934509, 37.484646 ] } },
{ "type": "Feature", "properties": { "stationID": "ST-2378", "lat": 37.48365, "long": 126.926498 }, "geometry": { "type": "Point", "coordinates": [ 126.926498, 37.48365 ] } },
{ "type": "Feature", "properties": { "stationID": "ST-2377", "lat": 37.482906, "long": 126.921455 }, "geometry": { "type": "Point", "coordinates": [ 126.921455, 37.482906 ] } },
{ "type": "Feature", "properties": { "stationID": "ST-2376", "lat": 37.48019, "long": 126.904449 }, "geometry": { "type": "Point", "coordinates": [ 126.904449, 37.48019 ] } },
{ "type": "Feature", "properties": { "stationID": "ST-2375", "lat": 37.470688, "long": 126.936485 }, "geometry": { "type": "Point", "coordinates": [ 126.936485, 37.470688 ] } },
{ "type": "Feature", "properties": { "stationID": "ST-2374", "lat": 37.483688, "long": 126.939156 }, "geometry": { "type": "Point", "coordinates": [ 126.939156, 37.483688 ] } },
{ "type": "Feature", "properties": { "stationID": "ST-2373", "lat": 37.482754, "long": 126.941406 }, "geometry": { "type": "Point", "coordinates": [ 126.941406, 37.482754 ] } },
{ "type": "Feature", "properties": { "stationID": "ST-2372", "lat": 37.482533, "long": 126.953323 }, "geometry": { "type": "Point", "coordinates": [ 126.953323, 37.482533 ] } },
{ "type": "Feature", "properties": { "stationID": "ST-2371", "lat": 37.486736, "long": 126.947517 }, "geometry": { "type": "Point", "coordinates": [ 126.947517, 37.486736 ] } },
{ "type": "Feature", "properties": { "stationID": "ST-2370", "lat": 37.478821, "long": 126.95961 }, "geometry": { "type": "Point", "coordinates": [ 126.95961, 37.478821 ] } },
{ "type": "Feature", "properties": { "stationID": "ST-237", "lat": 37.561447, "long": 127.03492 }, "geometry": { "type": "Point", "coordinates": [ 127.03492, 37.561447 ] } },
{ "type": "Feature", "properties": { "stationID": "ST-2369", "lat": 37.502514, "long": 126.940651 }, "geometry": { "type": "Point", "coordinates": [ 126.940651, 37.502514 ] } },
{ "type": "Feature", "properties": { "stationID": "ST-2368", "lat": 37.491501, "long": 126.982407 }, "geometry": { "type": "Point", "coordinates": [ 126.982407, 37.491501 ] } },
{ "type": "Feature", "properties": { "stationID": "ST-2367", "lat": 37.495506, "long": 126.956375 }, "geometry": { "type": "Point", "coordinates": [ 126.956375, 37.495506 ] } },
{ "type": "Feature", "properties": { "stationID": "ST-2366", "lat": 37.503212, "long": 126.954597 }, "geometry": { "type": "Point", "coordinates": [ 126.954597, 37.503212 ] } },
{ "type": "Feature", "properties": { "stationID": "ST-2365", "lat": 37.503113, "long": 126.964714 }, "geometry": { "type": "Point", "coordinates": [ 126.964714, 37.503113 ] } },
{ "type": "Feature", "properties": { "stationID": "ST-2364", "lat": 37.484703, "long": 126.980591 }, "geometry": { "type": "Point", "coordinates": [ 126.980591, 37.484703 ] } },
{ "type": "Feature", "properties": { "stationID": "ST-2363", "lat": 37.48378, "long": 126.977921 }, "geometry": { "type": "Point", "coordinates": [ 126.977921, 37.48378 ] } },
{ "type": "Feature", "properties": { "stationID": "ST-2362", "lat": 37.479107, "long": 126.981506 }, "geometry": { "type": "Point", "coordinates": [ 126.981506, 37.479107 ] } },
{ "type": "Feature", "properties": { "stationID": "ST-2361", "lat": 37.500248, "long": 126.94973 }, "geometry": { "type": "Point", "coordinates": [ 126.94973, 37.500248 ] } },
{ "type": "Feature", "properties": { "stationID": "ST-2360", "lat": 37.50761, "long": 126.929695 }, "geometry": { "type": "Point", "coordinates": [ 126.929695, 37.50761 ] } },
{ "type": "Feature", "properties": { "stationID": "ST-236", "lat": 37.563858, "long": 127.030319 }, "geometry": { "type": "Point", "coordinates": [ 127.030319, 37.563858 ] } },
{ "type": "Feature", "properties": { "stationID": "ST-2359", "lat": 37.487122, "long": 126.974358 }, "geometry": { "type": "Point", "coordinates": [ 126.974358, 37.487122 ] } },
{ "type": "Feature", "properties": { "stationID": "ST-2358", "lat": 37.502743, "long": 126.921577 }, "geometry": { "type": "Point", "coordinates": [ 126.921577, 37.502743 ] } },
{ "type": "Feature", "properties": { "stationID": "ST-2357", "lat": 37.504688, "long": 126.946648 }, "geometry": { "type": "Point", "coordinates": [ 126.946648, 37.504688 ] } },
{ "type": "Feature", "properties": { "stationID": "ST-2356", "lat": 37.504704, "long": 126.960732 }, "geometry": { "type": "Point", "coordinates": [ 126.960732, 37.504704 ] } },
{ "type": "Feature", "properties": { "stationID": "ST-2355", "lat": 37.484608, "long": 126.981796 }, "geometry": { "type": "Point", "coordinates": [ 126.981796, 37.484608 ] } },
{ "type": "Feature", "properties": { "stationID": "ST-2354", "lat": 37.513062, "long": 126.929512 }, "geometry": { "type": "Point", "coordinates": [ 126.929512, 37.513062 ] } },
{ "type": "Feature", "properties": { "stationID": "ST-2353", "lat": 37.512135, "long": 126.925438 }, "geometry": { "type": "Point", "coordinates": [ 126.925438, 37.512135 ] } },
{ "type": "Feature", "properties": { "stationID": "ST-2352", "lat": 37.506672, "long": 126.957779 }, "geometry": { "type": "Point", "coordinates": [ 126.957779, 37.506672 ] } },
{ "type": "Feature", "properties": { "stationID": "ST-2351", "lat": 37.510838, "long": 126.961632 }, "geometry": { "type": "Point", "coordinates": [ 126.961632, 37.510838 ] } },
{ "type": "Feature", "properties": { "stationID": "ST-2350", "lat": 37.511936, "long": 126.954163 }, "geometry": { "type": "Point", "coordinates": [ 126.954163, 37.511936 ] } },
{ "type": "Feature", "properties": { "stationID": "ST-235", "lat": 37.566994, "long": 127.029915 }, "geometry": { "type": "Point", "coordinates": [ 127.029915, 37.566994 ] } },
{ "type": "Feature", "properties": { "stationID": "ST-2349", "lat": 37.513577, "long": 126.955551 }, "geometry": { "type": "Point", "coordinates": [ 126.955551, 37.513577 ] } },
{ "type": "Feature", "properties": { "stationID": "ST-2348", "lat": 37.510567, "long": 126.92485 }, "geometry": { "type": "Point", "coordinates": [ 126.92485, 37.510567 ] } },
{ "type": "Feature", "properties": { "stationID": "ST-2347", "lat": 37.513165, "long": 126.937058 }, "geometry": { "type": "Point", "coordinates": [ 126.937058, 37.513165 ] } },
{ "type": "Feature", "properties": { "stationID": "ST-2346", "lat": 37.486935, "long": 126.907562 }, "geometry": { "type": "Point", "coordinates": [ 126.907562, 37.486935 ] } },
{ "type": "Feature", "properties": { "stationID": "ST-2345", "lat": 37.492287, "long": 126.909546 }, "geometry": { "type": "Point", "coordinates": [ 126.909546, 37.492287 ] } },
{ "type": "Feature", "properties": { "stationID": "ST-2344", "lat": 37.553799, "long": 127.042137 }, "geometry": { "type": "Point", "coordinates": [ 127.042137, 37.553799 ] } },
{ "type": "Feature", "properties": { "stationID": "ST-2343", "lat": 37.559269, "long": 127.038399 }, "geometry": { "type": "Point", "coordinates": [ 127.038399, 37.559269 ] } },
{ "type": "Feature", "properties": { "stationID": "ST-2342", "lat": 37.563709, "long": 127.05645 }, "geometry": { "type": "Point", "coordinates": [ 127.05645, 37.563709 ] } },
{ "type": "Feature", "properties": { "stationID": "ST-2341", "lat": 37.545097, "long": 127.044266 }, "geometry": { "type": "Point", "coordinates": [ 127.044266, 37.545097 ] } },
{ "type": "Feature", "properties": { "stationID": "ST-2340", "lat": 37.563396, "long": 127.04187 }, "geometry": { "type": "Point", "coordinates": [ 127.04187, 37.563396 ] } },
{ "type": "Feature", "properties": { "stationID": "ST-234", "lat": 37.571526, "long": 127.035355 }, "geometry": { "type": "Point", "coordinates": [ 127.035355, 37.571526 ] } },
{ "type": "Feature", "properties": { "stationID": "ST-2339", "lat": 37.55653, "long": 127.039131 }, "geometry": { "type": "Point", "coordinates": [ 127.039131, 37.55653 ] } },
{ "type": "Feature", "properties": { "stationID": "ST-2338", "lat": 37.556107, "long": 127.019783 }, "geometry": { "type": "Point", "coordinates": [ 127.019783, 37.556107 ] } },
{ "type": "Feature", "properties": { "stationID": "ST-2337", "lat": 37.566818, "long": 127.029152 }, "geometry": { "type": "Point", "coordinates": [ 127.029152, 37.566818 ] } },
{ "type": "Feature", "properties": { "stationID": "ST-2336", "lat": 37.546951, "long": 127.047562 }, "geometry": { "type": "Point", "coordinates": [ 127.047562, 37.546951 ] } },
{ "type": "Feature", "properties": { "stationID": "ST-2335", "lat": 37.565979, "long": 127.043114 }, "geometry": { "type": "Point", "coordinates": [ 127.043114, 37.565979 ] } },
{ "type": "Feature", "properties": { "stationID": "ST-2334", "lat": 37.541958, "long": 127.04277 }, "geometry": { "type": "Point", "coordinates": [ 127.04277, 37.541958 ] } },
{ "type": "Feature", "properties": { "stationID": "ST-2333", "lat": 37.559799, "long": 127.056328 }, "geometry": { "type": "Point", "coordinates": [ 127.056328, 37.559799 ] } },
{ "type": "Feature", "properties": { "stationID": "ST-2332", "lat": 37.544041, "long": 127.023201 }, "geometry": { "type": "Point", "coordinates": [ 127.023201, 37.544041 ] } },
{ "type": "Feature", "properties": { "stationID": "ST-2331", "lat": 37.555141, "long": 127.071106 }, "geometry": { "type": "Point", "coordinates": [ 127.071106, 37.555141 ] } },
{ "type": "Feature", "properties": { "stationID": "ST-2330", "lat": 37.546959, "long": 127.047668 }, "geometry": { "type": "Point", "coordinates": [ 127.047668, 37.546959 ] } },
{ "type": "Feature", "properties": { "stationID": "ST-233", "lat": 37.559967, "long": 126.962463 }, "geometry": { "type": "Point", "coordinates": [ 126.962463, 37.559967 ] } },
{ "type": "Feature", "properties": { "stationID": "ST-2329", "lat": 37.564262, "long": 127.029327 }, "geometry": { "type": "Point", "coordinates": [ 127.029327, 37.564262 ] } },
{ "type": "Feature", "properties": { "stationID": "ST-2328", "lat": 37.555611, "long": 127.043274 }, "geometry": { "type": "Point", "coordinates": [ 127.043274, 37.555611 ] } },
{ "type": "Feature", "properties": { "stationID": "ST-2327", "lat": 37.55658, "long": 127.043358 }, "geometry": { "type": "Point", "coordinates": [ 127.043358, 37.55658 ] } },
{ "type": "Feature", "properties": { "stationID": "ST-2326", "lat": 37.554539, "long": 127.043777 }, "geometry": { "type": "Point", "coordinates": [ 127.043777, 37.554539 ] } },
{ "type": "Feature", "properties": { "stationID": "ST-2325", "lat": 37.557713, "long": 127.077271 }, "geometry": { "type": "Point", "coordinates": [ 127.077271, 37.557713 ] } },
{ "type": "Feature", "properties": { "stationID": "ST-2324", "lat": 37.544769, "long": 127.103691 }, "geometry": { "type": "Point", "coordinates": [ 127.103691, 37.544769 ] } },
{ "type": "Feature", "properties": { "stationID": "ST-2323", "lat": 37.553551, "long": 127.088852 }, "geometry": { "type": "Point", "coordinates": [ 127.088852, 37.553551 ] } },
{ "type": "Feature", "properties": { "stationID": "ST-2322", "lat": 37.549774, "long": 127.090775 }, "geometry": { "type": "Point", "coordinates": [ 127.090775, 37.549774 ] } },
{ "type": "Feature", "properties": { "stationID": "ST-2321", "lat": 37.547989, "long": 127.069504 }, "geometry": { "type": "Point", "coordinates": [ 127.069504, 37.547989 ] } },
{ "type": "Feature", "properties": { "stationID": "ST-2320", "lat": 37.54747, "long": 127.073967 }, "geometry": { "type": "Point", "coordinates": [ 127.073967, 37.54747 ] } },
{ "type": "Feature", "properties": { "stationID": "ST-232", "lat": 37.568775, "long": 126.915298 }, "geometry": { "type": "Point", "coordinates": [ 126.915298, 37.568775 ] } },
{ "type": "Feature", "properties": { "stationID": "ST-2319", "lat": 37.550426, "long": 127.075836 }, "geometry": { "type": "Point", "coordinates": [ 127.075836, 37.550426 ] } },
{ "type": "Feature", "properties": { "stationID": "ST-2318", "lat": 37.54789, "long": 127.067451 }, "geometry": { "type": "Point", "coordinates": [ 127.067451, 37.54789 ] } },
{ "type": "Feature", "properties": { "stationID": "ST-2317", "lat": 37.555008, "long": 127.085815 }, "geometry": { "type": "Point", "coordinates": [ 127.085815, 37.555008 ] } },
{ "type": "Feature", "properties": { "stationID": "ST-2316", "lat": 37.533386, "long": 127.075569 }, "geometry": { "type": "Point", "coordinates": [ 127.075569, 37.533386 ] } },
{ "type": "Feature", "properties": { "stationID": "ST-2315", "lat": 37.538177, "long": 127.090904 }, "geometry": { "type": "Point", "coordinates": [ 127.090904, 37.538177 ] } },
{ "type": "Feature", "properties": { "stationID": "ST-2314", "lat": 37.536575, "long": 127.082581 }, "geometry": { "type": "Point", "coordinates": [ 127.082581, 37.536575 ] } },
{ "type": "Feature", "properties": { "stationID": "ST-2313", "lat": 37.541554, "long": 127.095108 }, "geometry": { "type": "Point", "coordinates": [ 127.095108, 37.541554 ] } },
{ "type": "Feature", "properties": { "stationID": "ST-2312", "lat": 37.551338, "long": 127.076714 }, "geometry": { "type": "Point", "coordinates": [ 127.076714, 37.551338 ] } },
{ "type": "Feature", "properties": { "stationID": "ST-2311", "lat": 37.563145, "long": 127.082619 }, "geometry": { "type": "Point", "coordinates": [ 127.082619, 37.563145 ] } },
{ "type": "Feature", "properties": { "stationID": "ST-2310", "lat": 37.54435, "long": 127.065407 }, "geometry": { "type": "Point", "coordinates": [ 127.065407, 37.54435 ] } },
{ "type": "Feature", "properties": { "stationID": "ST-231", "lat": 37.578068, "long": 126.930885 }, "geometry": { "type": "Point", "coordinates": [ 126.930885, 37.578068 ] } },
{ "type": "Feature", "properties": { "stationID": "ST-2309", "lat": 37.537807, "long": 127.089767 }, "geometry": { "type": "Point", "coordinates": [ 127.089767, 37.537807 ] } },
{ "type": "Feature", "properties": { "stationID": "ST-2308", "lat": 37.539566, "long": 127.072441 }, "geometry": { "type": "Point", "coordinates": [ 127.072441, 37.539566 ] } },
{ "type": "Feature", "properties": { "stationID": "ST-2307", "lat": 37.536903, "long": 127.094009 }, "geometry": { "type": "Point", "coordinates": [ 127.094009, 37.536903 ] } },
{ "type": "Feature", "properties": { "stationID": "ST-2306", "lat": 37.531631, "long": 127.069771 }, "geometry": { "type": "Point", "coordinates": [ 127.069771, 37.531631 ] } },
{ "type": "Feature", "properties": { "stationID": "ST-2305", "lat": 37.535072, "long": 127.076111 }, "geometry": { "type": "Point", "coordinates": [ 127.076111, 37.535072 ] } },
{ "type": "Feature", "properties": { "stationID": "ST-2304", "lat": 37.536911, "long": 127.094055 }, "geometry": { "type": "Point", "coordinates": [ 127.094055, 37.536911 ] } },
{ "type": "Feature", "properties": { "stationID": "ST-2303", "lat": 37.547073, "long": 127.098289 }, "geometry": { "type": "Point", "coordinates": [ 127.098289, 37.547073 ] } },
{ "type": "Feature", "properties": { "stationID": "ST-2302", "lat": 37.5368, "long": 127.090836 }, "geometry": { "type": "Point", "coordinates": [ 127.090836, 37.5368 ] } },
{ "type": "Feature", "properties": { "stationID": "ST-2301", "lat": 37.581112, "long": 127.080101 }, "geometry": { "type": "Point", "coordinates": [ 127.080101, 37.581112 ] } },
{ "type": "Feature", "properties": { "stationID": "ST-2300", "lat": 37.581055, "long": 127.082092 }, "geometry": { "type": "Point", "coordinates": [ 127.082092, 37.581055 ] } },
{ "type": "Feature", "properties": { "stationID": "ST-230", "lat": 37.564777, "long": 126.966148 }, "geometry": { "type": "Point", "coordinates": [ 126.966148, 37.564777 ] } },
{ "type": "Feature", "properties": { "stationID": "ST-23", "lat": 37.549767, "long": 126.933174 }, "geometry": { "type": "Point", "coordinates": [ 126.933174, 37.549767 ] } },
{ "type": "Feature", "properties": { "stationID": "ST-2299", "lat": 37.598328, "long": 127.09227 }, "geometry": { "type": "Point", "coordinates": [ 127.09227, 37.598328 ] } },
{ "type": "Feature", "properties": { "stationID": "ST-2298", "lat": 37.575985, "long": 127.079605 }, "geometry": { "type": "Point", "coordinates": [ 127.079605, 37.575985 ] } },
{ "type": "Feature", "properties": { "stationID": "ST-2297", "lat": 37.589794, "long": 127.079857 }, "geometry": { "type": "Point", "coordinates": [ 127.079857, 37.589794 ] } },
{ "type": "Feature", "properties": { "stationID": "ST-2296", "lat": 37.5928, "long": 127.080025 }, "geometry": { "type": "Point", "coordinates": [ 127.080025, 37.5928 ] } },
{ "type": "Feature", "properties": { "stationID": "ST-2295", "lat": 37.595814, "long": 127.08284 }, "geometry": { "type": "Point", "coordinates": [ 127.08284, 37.595814 ] } },
{ "type": "Feature", "properties": { "stationID": "ST-2294", "lat": 37.594891, "long": 127.074951 }, "geometry": { "type": "Point", "coordinates": [ 127.074951, 37.594891 ] } },
{ "type": "Feature", "properties": { "stationID": "ST-2293", "lat": 37.604084, "long": 127.079231 }, "geometry": { "type": "Point", "coordinates": [ 127.079231, 37.604084 ] } },
{ "type": "Feature", "properties": { "stationID": "ST-2292", "lat": 37.615353, "long": 127.078491 }, "geometry": { "type": "Point", "coordinates": [ 127.078491, 37.615353 ] } },
{ "type": "Feature", "properties": { "stationID": "ST-2291", "lat": 37.605202, "long": 127.078583 }, "geometry": { "type": "Point", "coordinates": [ 127.078583, 37.605202 ] } },
{ "type": "Feature", "properties": { "stationID": "ST-2290", "lat": 37.609821, "long": 127.078133 }, "geometry": { "type": "Point", "coordinates": [ 127.078133, 37.609821 ] } },
{ "type": "Feature", "properties": { "stationID": "ST-229", "lat": 37.519951, "long": 126.902451 }, "geometry": { "type": "Point", "coordinates": [ 126.902451, 37.519951 ] } },
{ "type": "Feature", "properties": { "stationID": "ST-2289", "lat": 37.611477, "long": 127.077393 }, "geometry": { "type": "Point", "coordinates": [ 127.077393, 37.611477 ] } },
{ "type": "Feature", "properties": { "stationID": "ST-2288", "lat": 37.613621, "long": 127.101151 }, "geometry": { "type": "Point", "coordinates": [ 127.101151, 37.613621 ] } },
{ "type": "Feature", "properties": { "stationID": "ST-2287", "lat": 37.618824, "long": 127.08757 }, "geometry": { "type": "Point", "coordinates": [ 127.08757, 37.618824 ] } },
{ "type": "Feature", "properties": { "stationID": "ST-2286", "lat": 37.613148, "long": 127.105148 }, "geometry": { "type": "Point", "coordinates": [ 127.105148, 37.613148 ] } },
{ "type": "Feature", "properties": { "stationID": "ST-2285", "lat": 37.603054, "long": 127.079002 }, "geometry": { "type": "Point", "coordinates": [ 127.079002, 37.603054 ] } },
{ "type": "Feature", "properties": { "stationID": "ST-2284", "lat": 37.574078, "long": 127.085007 }, "geometry": { "type": "Point", "coordinates": [ 127.085007, 37.574078 ] } },
{ "type": "Feature", "properties": { "stationID": "ST-2283", "lat": 37.593868, "long": 127.076523 }, "geometry": { "type": "Point", "coordinates": [ 127.076523, 37.593868 ] } },
{ "type": "Feature", "properties": { "stationID": "ST-2282", "lat": 37.593853, "long": 127.075073 }, "geometry": { "type": "Point", "coordinates": [ 127.075073, 37.593853 ] } },
{ "type": "Feature", "properties": { "stationID": "ST-2281", "lat": 37.579838, "long": 127.056374 }, "geometry": { "type": "Point", "coordinates": [ 127.056374, 37.579838 ] } },
{ "type": "Feature", "properties": { "stationID": "ST-2280", "lat": 37.592384, "long": 127.057411 }, "geometry": { "type": "Point", "coordinates": [ 127.057411, 37.592384 ] } },
{ "type": "Feature", "properties": { "stationID": "ST-228", "lat": 37.564724, "long": 126.967278 }, "geometry": { "type": "Point", "coordinates": [ 126.967278, 37.564724 ] } },
{ "type": "Feature", "properties": { "stationID": "ST-2279", "lat": 37.577877, "long": 127.061684 }, "geometry": { "type": "Point", "coordinates": [ 127.061684, 37.577877 ] } },
{ "type": "Feature", "properties": { "stationID": "ST-2278", "lat": 37.576557, "long": 127.07431 }, "geometry": { "type": "Point", "coordinates": [ 127.07431, 37.576557 ] } },
{ "type": "Feature", "properties": { "stationID": "ST-2277", "lat": 37.580151, "long": 127.045799 }, "geometry": { "type": "Point", "coordinates": [ 127.045799, 37.580151 ] } },
{ "type": "Feature", "properties": { "stationID": "ST-2276", "lat": 37.581432, "long": 127.035477 }, "geometry": { "type": "Point", "coordinates": [ 127.035477, 37.581432 ] } },
{ "type": "Feature", "properties": { "stationID": "ST-2275", "lat": 37.572025, "long": 127.077003 }, "geometry": { "type": "Point", "coordinates": [ 127.077003, 37.572025 ] } },
{ "type": "Feature", "properties": { "stationID": "ST-2274", "lat": 37.586552, "long": 127.033142 }, "geometry": { "type": "Point", "coordinates": [ 127.033142, 37.586552 ] } },
{ "type": "Feature", "properties": { "stationID": "ST-2273", "lat": 37.58408, "long": 127.031036 }, "geometry": { "type": "Point", "coordinates": [ 127.031036, 37.58408 ] } },
{ "type": "Feature", "properties": { "stationID": "ST-2272", "lat": 37.578751, "long": 127.024025 }, "geometry": { "type": "Point", "coordinates": [ 127.024025, 37.578751 ] } },
{ "type": "Feature", "properties": { "stationID": "ST-2271", "lat": 37.577343, "long": 127.023376 }, "geometry": { "type": "Point", "coordinates": [ 127.023376, 37.577343 ] } },
{ "type": "Feature", "properties": { "stationID": "ST-2270", "lat": 37.589676, "long": 127.061516 }, "geometry": { "type": "Point", "coordinates": [ 127.061516, 37.589676 ] } },
{ "type": "Feature", "properties": { "stationID": "ST-227", "lat": 37.573112, "long": 126.922447 }, "geometry": { "type": "Point", "coordinates": [ 126.922447, 37.573112 ] } },
{ "type": "Feature", "properties": { "stationID": "ST-2269", "lat": 37.572147, "long": 127.044609 }, "geometry": { "type": "Point", "coordinates": [ 127.044609, 37.572147 ] } },
{ "type": "Feature", "properties": { "stationID": "ST-2268", "lat": 37.567871, "long": 127.068718 }, "geometry": { "type": "Point", "coordinates": [ 127.068718, 37.567871 ] } },
{ "type": "Feature", "properties": { "stationID": "ST-2267", "lat": 37.586708, "long": 127.046883 }, "geometry": { "type": "Point", "coordinates": [ 127.046883, 37.586708 ] } },
{ "type": "Feature", "properties": { "stationID": "ST-2266", "lat": 37.603622, "long": 127.070831 }, "geometry": { "type": "Point", "coordinates": [ 127.070831, 37.603622 ] } },
{ "type": "Feature", "properties": { "stationID": "ST-2265", "lat": 37.599606, "long": 127.068642 }, "geometry": { "type": "Point", "coordinates": [ 127.068642, 37.599606 ] } },
{ "type": "Feature", "properties": { "stationID": "ST-2264", "lat": 37.599968, "long": 126.915726 }, "geometry": { "type": "Point", "coordinates": [ 126.915726, 37.599968 ] } },
{ "type": "Feature", "properties": { "stationID": "ST-2263", "lat": 37.631409, "long": 126.925407 }, "geometry": { "type": "Point", "coordinates": [ 126.925407, 37.631409 ] } },
{ "type": "Feature", "properties": { "stationID": "ST-2262", "lat": 37.610508, "long": 126.938538 }, "geometry": { "type": "Point", "coordinates": [ 126.938538, 37.610508 ] } },
{ "type": "Feature", "properties": { "stationID": "ST-2261", "lat": 37.630287, "long": 126.919563 }, "geometry": { "type": "Point", "coordinates": [ 126.919563, 37.630287 ] } },
{ "type": "Feature", "properties": { "stationID": "ST-2260", "lat": 37.658287, "long": 126.945297 }, "geometry": { "type": "Point", "coordinates": [ 126.945297, 37.658287 ] } },
{ "type": "Feature", "properties": { "stationID": "ST-226", "lat": 37.573002, "long": 126.907799 }, "geometry": { "type": "Point", "coordinates": [ 126.907799, 37.573002 ] } },
{ "type": "Feature", "properties": { "stationID": "ST-2259", "lat": 37.656769, "long": 126.942009 }, "geometry": { "type": "Point", "coordinates": [ 126.942009, 37.656769 ] } },
{ "type": "Feature", "properties": { "stationID": "ST-2258", "lat": 37.620831, "long": 126.920265 }, "geometry": { "type": "Point", "coordinates": [ 126.920265, 37.620831 ] } },
{ "type": "Feature", "properties": { "stationID": "ST-2257", "lat": 37.591812, "long": 126.914833 }, "geometry": { "type": "Point", "coordinates": [ 126.914833, 37.591812 ] } },
{ "type": "Feature", "properties": { "stationID": "ST-2256", "lat": 37.634254, "long": 126.927193 }, "geometry": { "type": "Point", "coordinates": [ 126.927193, 37.634254 ] } },
{ "type": "Feature", "properties": { "stationID": "ST-2255", "lat": 37.62204, "long": 126.92701 }, "geometry": { "type": "Point", "coordinates": [ 126.92701, 37.62204 ] } },
{ "type": "Feature", "properties": { "stationID": "ST-2254", "lat": 37.614403, "long": 126.926796 }, "geometry": { "type": "Point", "coordinates": [ 126.926796, 37.614403 ] } },
{ "type": "Feature", "properties": { "stationID": "ST-2253", "lat": 37.601192, "long": 126.926384 }, "geometry": { "type": "Point", "coordinates": [ 126.926384, 37.601192 ] } },
{ "type": "Feature", "properties": { "stationID": "ST-2252", "lat": 37.59581, "long": 126.910263 }, "geometry": { "type": "Point", "coordinates": [ 126.910263, 37.59581 ] } },
{ "type": "Feature", "properties": { "stationID": "ST-2251", "lat": 37.630039, "long": 126.919037 }, "geometry": { "type": "Point", "coordinates": [ 126.919037, 37.630039 ] } },
{ "type": "Feature", "properties": { "stationID": "ST-2250", "lat": 37.604126, "long": 126.925087 }, "geometry": { "type": "Point", "coordinates": [ 126.925087, 37.604126 ] } },
{ "type": "Feature", "properties": { "stationID": "ST-225", "lat": 37.566212, "long": 126.896179 }, "geometry": { "type": "Point", "coordinates": [ 126.896179, 37.566212 ] } },
{ "type": "Feature", "properties": { "stationID": "ST-2249", "lat": 37.635151, "long": 126.920479 }, "geometry": { "type": "Point", "coordinates": [ 126.920479, 37.635151 ] } },
{ "type": "Feature", "properties": { "stationID": "ST-2248", "lat": 37.583332, "long": 126.893761 }, "geometry": { "type": "Point", "coordinates": [ 126.893761, 37.583332 ] } },
{ "type": "Feature", "properties": { "stationID": "ST-2247", "lat": 37.591862, "long": 126.906082 }, "geometry": { "type": "Point", "coordinates": [ 126.906082, 37.591862 ] } },
{ "type": "Feature", "properties": { "stationID": "ST-2246", "lat": 37.601009, "long": 126.935928 }, "geometry": { "type": "Point", "coordinates": [ 126.935928, 37.601009 ] } },
{ "type": "Feature", "properties": { "stationID": "ST-2245", "lat": 37.633102, "long": 126.931503 }, "geometry": { "type": "Point", "coordinates": [ 126.931503, 37.633102 ] } },
{ "type": "Feature", "properties": { "stationID": "ST-2244", "lat": 37.643509, "long": 126.924103 }, "geometry": { "type": "Point", "coordinates": [ 126.924103, 37.643509 ] } },
{ "type": "Feature", "properties": { "stationID": "ST-2243", "lat": 37.590363, "long": 126.923012 }, "geometry": { "type": "Point", "coordinates": [ 126.923012, 37.590363 ] } },
{ "type": "Feature", "properties": { "stationID": "ST-2242", "lat": 37.62672, "long": 126.929016 }, "geometry": { "type": "Point", "coordinates": [ 126.929016, 37.62672 ] } },
{ "type": "Feature", "properties": { "stationID": "ST-2241", "lat": 37.637348, "long": 126.935844 }, "geometry": { "type": "Point", "coordinates": [ 126.935844, 37.637348 ] } },
{ "type": "Feature", "properties": { "stationID": "ST-2240", "lat": 37.517319, "long": 126.958298 }, "geometry": { "type": "Point", "coordinates": [ 126.958298, 37.517319 ] } },
{ "type": "Feature", "properties": { "stationID": "ST-224", "lat": 37.57946, "long": 126.91713 }, "geometry": { "type": "Point", "coordinates": [ 126.91713, 37.57946 ] } },
{ "type": "Feature", "properties": { "stationID": "ST-2239", "lat": 37.517296, "long": 126.959145 }, "geometry": { "type": "Point", "coordinates": [ 126.959145, 37.517296 ] } },
{ "type": "Feature", "properties": { "stationID": "ST-2238", "lat": 37.612103, "long": 127.036591 }, "geometry": { "type": "Point", "coordinates": [ 127.036591, 37.612103 ] } },
{ "type": "Feature", "properties": { "stationID": "ST-2237", "lat": 37.618443, "long": 127.051453 }, "geometry": { "type": "Point", "coordinates": [ 127.051453, 37.618443 ] } },
{ "type": "Feature", "properties": { "stationID": "ST-2236", "lat": 37.618179, "long": 127.051834 }, "geometry": { "type": "Point", "coordinates": [ 127.051834, 37.618179 ] } },
{ "type": "Feature", "properties": { "stationID": "ST-2235", "lat": 37.602425, "long": 127.019981 }, "geometry": { "type": "Point", "coordinates": [ 127.019981, 37.602425 ] } },
{ "type": "Feature", "properties": { "stationID": "ST-2234", "lat": 37.598183, "long": 127.021179 }, "geometry": { "type": "Point", "coordinates": [ 127.021179, 37.598183 ] } },
{ "type": "Feature", "properties": { "stationID": "ST-2233", "lat": 37.597099, "long": 127.022629 }, "geometry": { "type": "Point", "coordinates": [ 127.022629, 37.597099 ] } },
{ "type": "Feature", "properties": { "stationID": "ST-2232", "lat": 37.616882, "long": 127.056068 }, "geometry": { "type": "Point", "coordinates": [ 127.056068, 37.616882 ] } },
{ "type": "Feature", "properties": { "stationID": "ST-2231", "lat": 37.606461, "long": 127.061623 }, "geometry": { "type": "Point", "coordinates": [ 127.061623, 37.606461 ] } },
{ "type": "Feature", "properties": { "stationID": "ST-2230", "lat": 37.586121, "long": 127.027611 }, "geometry": { "type": "Point", "coordinates": [ 127.027611, 37.586121 ] } },
{ "type": "Feature", "properties": { "stationID": "ST-223", "lat": 37.573818, "long": 126.919235 }, "geometry": { "type": "Point", "coordinates": [ 126.919235, 37.573818 ] } },
{ "type": "Feature", "properties": { "stationID": "ST-2229", "lat": 37.590881, "long": 127.011703 }, "geometry": { "type": "Point", "coordinates": [ 127.011703, 37.590881 ] } },
{ "type": "Feature", "properties": { "stationID": "ST-2228", "lat": 37.603909, "long": 127.025017 }, "geometry": { "type": "Point", "coordinates": [ 127.025017, 37.603909 ] } },
{ "type": "Feature", "properties": { "stationID": "ST-2227", "lat": 37.594158, "long": 127.018967 }, "geometry": { "type": "Point", "coordinates": [ 127.018967, 37.594158 ] } },
{ "type": "Feature", "properties": { "stationID": "ST-2226", "lat": 37.592365, "long": 127.016289 }, "geometry": { "type": "Point", "coordinates": [ 127.016289, 37.592365 ] } },
{ "type": "Feature", "properties": { "stationID": "ST-2225", "lat": 37.592827, "long": 127.016289 }, "geometry": { "type": "Point", "coordinates": [ 127.016289, 37.592827 ] } },
{ "type": "Feature", "properties": { "stationID": "ST-2224", "lat": 37.591095, "long": 127.003777 }, "geometry": { "type": "Point", "coordinates": [ 127.003777, 37.591095 ] } },
{ "type": "Feature", "properties": { "stationID": "ST-2223", "lat": 37.614784, "long": 127.067001 }, "geometry": { "type": "Point", "coordinates": [ 127.067001, 37.614784 ] } },
{ "type": "Feature", "properties": { "stationID": "ST-2222", "lat": 37.601086, "long": 127.041237 }, "geometry": { "type": "Point", "coordinates": [ 127.041237, 37.601086 ] } },
{ "type": "Feature", "properties": { "stationID": "ST-2221", "lat": 37.609295, "long": 127.018478 }, "geometry": { "type": "Point", "coordinates": [ 127.018478, 37.609295 ] } },
{ "type": "Feature", "properties": { "stationID": "ST-2220", "lat": 37.61219, "long": 127.01622 }, "geometry": { "type": "Point", "coordinates": [ 127.01622, 37.61219 ] } },
{ "type": "Feature", "properties": { "stationID": "ST-222", "lat": 37.575138, "long": 126.91394 }, "geometry": { "type": "Point", "coordinates": [ 126.91394, 37.575138 ] } },
{ "type": "Feature", "properties": { "stationID": "ST-2219", "lat": 37.561317, "long": 126.966583 }, "geometry": { "type": "Point", "coordinates": [ 126.966583, 37.561317 ] } },
{ "type": "Feature", "properties": { "stationID": "ST-2218", "lat": 37.557114, "long": 126.948814 }, "geometry": { "type": "Point", "coordinates": [ 126.948814, 37.557114 ] } },
{ "type": "Feature", "properties": { "stationID": "ST-2217", "lat": 37.591862, "long": 126.944214 }, "geometry": { "type": "Point", "coordinates": [ 126.944214, 37.591862 ] } },
{ "type": "Feature", "properties": { "stationID": "ST-2216", "lat": 37.572159, "long": 126.921188 }, "geometry": { "type": "Point", "coordinates": [ 126.921188, 37.572159 ] } },
{ "type": "Feature", "properties": { "stationID": "ST-2215", "lat": 37.574551, "long": 126.918266 }, "geometry": { "type": "Point", "coordinates": [ 126.918266, 37.574551 ] } },
{ "type": "Feature", "properties": { "stationID": "ST-2214", "lat": 37.576263, "long": 126.911324 }, "geometry": { "type": "Point", "coordinates": [ 126.911324, 37.576263 ] } },
{ "type": "Feature", "properties": { "stationID": "ST-2213", "lat": 37.581318, "long": 126.935997 }, "geometry": { "type": "Point", "coordinates": [ 126.935997, 37.581318 ] } },
{ "type": "Feature", "properties": { "stationID": "ST-2212", "lat": 37.583336, "long": 126.936287 }, "geometry": { "type": "Point", "coordinates": [ 126.936287, 37.583336 ] } },
{ "type": "Feature", "properties": { "stationID": "ST-2211", "lat": 37.583344, "long": 126.922745 }, "geometry": { "type": "Point", "coordinates": [ 126.922745, 37.583344 ] } },
{ "type": "Feature", "properties": { "stationID": "ST-2210", "lat": 37.575642, "long": 126.927826 }, "geometry": { "type": "Point", "coordinates": [ 126.927826, 37.575642 ] } },
{ "type": "Feature", "properties": { "stationID": "ST-221", "lat": 37.574478, "long": 126.910049 }, "geometry": { "type": "Point", "coordinates": [ 126.910049, 37.574478 ] } },
{ "type": "Feature", "properties": { "stationID": "ST-2209", "lat": 37.578121, "long": 126.921753 }, "geometry": { "type": "Point", "coordinates": [ 126.921753, 37.578121 ] } },
{ "type": "Feature", "properties": { "stationID": "ST-2208", "lat": 37.572254, "long": 126.9151 }, "geometry": { "type": "Point", "coordinates": [ 126.9151, 37.572254 ] } },
{ "type": "Feature", "properties": { "stationID": "ST-2207", "lat": 37.574284, "long": 126.906464 }, "geometry": { "type": "Point", "coordinates": [ 126.906464, 37.574284 ] } },
{ "type": "Feature", "properties": { "stationID": "ST-2206", "lat": 37.570652, "long": 126.912987 }, "geometry": { "type": "Point", "coordinates": [ 126.912987, 37.570652 ] } },
{ "type": "Feature", "properties": { "stationID": "ST-2205", "lat": 37.569836, "long": 126.918091 }, "geometry": { "type": "Point", "coordinates": [ 126.918091, 37.569836 ] } },
{ "type": "Feature", "properties": { "stationID": "ST-2204", "lat": 37.565197, "long": 126.929855 }, "geometry": { "type": "Point", "coordinates": [ 126.929855, 37.565197 ] } },
{ "type": "Feature", "properties": { "stationID": "ST-2203", "lat": 37.560265, "long": 126.936455 }, "geometry": { "type": "Point", "coordinates": [ 126.936455, 37.560265 ] } },
{ "type": "Feature", "properties": { "stationID": "ST-2202", "lat": 37.564068, "long": 126.945328 }, "geometry": { "type": "Point", "coordinates": [ 126.945328, 37.564068 ] } },
{ "type": "Feature", "properties": { "stationID": "ST-2201", "lat": 37.555504, "long": 126.937202 }, "geometry": { "type": "Point", "coordinates": [ 126.937202, 37.555504 ] } },
{ "type": "Feature", "properties": { "stationID": "ST-2200", "lat": 37.561455, "long": 126.95575 }, "geometry": { "type": "Point", "coordinates": [ 126.95575, 37.561455 ] } },
{ "type": "Feature", "properties": { "stationID": "ST-220", "lat": 37.583698, "long": 126.924965 }, "geometry": { "type": "Point", "coordinates": [ 126.924965, 37.583698 ] } },
{ "type": "Feature", "properties": { "stationID": "ST-22", "lat": 37.545242, "long": 126.934113 }, "geometry": { "type": "Point", "coordinates": [ 126.934113, 37.545242 ] } },
{ "type": "Feature", "properties": { "stationID": "ST-2199", "lat": 37.572205, "long": 126.959747 }, "geometry": { "type": "Point", "coordinates": [ 126.959747, 37.572205 ] } },
{ "type": "Feature", "properties": { "stationID": "ST-2198", "lat": 37.560463, "long": 126.965523 }, "geometry": { "type": "Point", "coordinates": [ 126.965523, 37.560463 ] } },
{ "type": "Feature", "properties": { "stationID": "ST-2197", "lat": 37.57386, "long": 126.958298 }, "geometry": { "type": "Point", "coordinates": [ 126.958298, 37.57386 ] } },
{ "type": "Feature", "properties": { "stationID": "ST-2196", "lat": 37.582211, "long": 126.950165 }, "geometry": { "type": "Point", "coordinates": [ 126.950165, 37.582211 ] } },
{ "type": "Feature", "properties": { "stationID": "ST-2195", "lat": 37.589283, "long": 126.936943 }, "geometry": { "type": "Point", "coordinates": [ 126.936943, 37.589283 ] } },
{ "type": "Feature", "properties": { "stationID": "ST-2194", "lat": 37.592934, "long": 126.941292 }, "geometry": { "type": "Point", "coordinates": [ 126.941292, 37.592934 ] } },
{ "type": "Feature", "properties": { "stationID": "ST-2193", "lat": 37.598057, "long": 126.949249 }, "geometry": { "type": "Point", "coordinates": [ 126.949249, 37.598057 ] } },
{ "type": "Feature", "properties": { "stationID": "ST-2192", "lat": 37.53722, "long": 126.965019 }, "geometry": { "type": "Point", "coordinates": [ 126.965019, 37.53722 ] } },
{ "type": "Feature", "properties": { "stationID": "ST-2191", "lat": 37.519909, "long": 126.989235 }, "geometry": { "type": "Point", "coordinates": [ 126.989235, 37.519909 ] } },
{ "type": "Feature", "properties": { "stationID": "ST-2190", "lat": 37.551548, "long": 126.97686 }, "geometry": { "type": "Point", "coordinates": [ 126.97686, 37.551548 ] } },
{ "type": "Feature", "properties": { "stationID": "ST-219", "lat": 37.566261, "long": 126.946671 }, "geometry": { "type": "Point", "coordinates": [ 126.946671, 37.566261 ] } },
{ "type": "Feature", "properties": { "stationID": "ST-2189", "lat": 37.540794, "long": 126.997849 }, "geometry": { "type": "Point", "coordinates": [ 126.997849, 37.540794 ] } },
{ "type": "Feature", "properties": { "stationID": "ST-2188", "lat": 37.535141, "long": 127.006004 }, "geometry": { "type": "Point", "coordinates": [ 127.006004, 37.535141 ] } },
{ "type": "Feature", "properties": { "stationID": "ST-2187", "lat": 37.52177, "long": 126.977005 }, "geometry": { "type": "Point", "coordinates": [ 126.977005, 37.52177 ] } },
{ "type": "Feature", "properties": { "stationID": "ST-2186", "lat": 37.535122, "long": 126.961563 }, "geometry": { "type": "Point", "coordinates": [ 126.961563, 37.535122 ] } },
{ "type": "Feature", "properties": { "stationID": "ST-2185", "lat": 37.519165, "long": 126.975899 }, "geometry": { "type": "Point", "coordinates": [ 126.975899, 37.519165 ] } },
{ "type": "Feature", "properties": { "stationID": "ST-2184", "lat": 37.520748, "long": 126.970825 }, "geometry": { "type": "Point", "coordinates": [ 126.970825, 37.520748 ] } },
{ "type": "Feature", "properties": { "stationID": "ST-2183", "lat": 37.541885, "long": 126.995865 }, "geometry": { "type": "Point", "coordinates": [ 126.995865, 37.541885 ] } },
{ "type": "Feature", "properties": { "stationID": "ST-2182", "lat": 37.534409, "long": 126.986893 }, "geometry": { "type": "Point", "coordinates": [ 126.986893, 37.534409 ] } },
{ "type": "Feature", "properties": { "stationID": "ST-2181", "lat": 37.535088, "long": 126.997971 }, "geometry": { "type": "Point", "coordinates": [ 126.997971, 37.535088 ] } },
{ "type": "Feature", "properties": { "stationID": "ST-2180", "lat": 37.539688, "long": 127.001991 }, "geometry": { "type": "Point", "coordinates": [ 127.001991, 37.539688 ] } },
{ "type": "Feature", "properties": { "stationID": "ST-218", "lat": 37.582245, "long": 126.950645 }, "geometry": { "type": "Point", "coordinates": [ 126.950645, 37.582245 ] } },
{ "type": "Feature", "properties": { "stationID": "ST-2179", "lat": 37.522724, "long": 126.972771 }, "geometry": { "type": "Point", "coordinates": [ 126.972771, 37.522724 ] } },
{ "type": "Feature", "properties": { "stationID": "ST-2178", "lat": 37.538509, "long": 127.00148 }, "geometry": { "type": "Point", "coordinates": [ 127.00148, 37.538509 ] } },
{ "type": "Feature", "properties": { "stationID": "ST-2177", "lat": 37.528416, "long": 126.96595 }, "geometry": { "type": "Point", "coordinates": [ 126.96595, 37.528416 ] } },
{ "type": "Feature", "properties": { "stationID": "ST-2176", "lat": 37.534527, "long": 126.947182 }, "geometry": { "type": "Point", "coordinates": [ 126.947182, 37.534527 ] } },
{ "type": "Feature", "properties": { "stationID": "ST-2175", "lat": 37.540478, "long": 126.958115 }, "geometry": { "type": "Point", "coordinates": [ 126.958115, 37.540478 ] } },
{ "type": "Feature", "properties": { "stationID": "ST-2174", "lat": 37.537399, "long": 126.968925 }, "geometry": { "type": "Point", "coordinates": [ 126.968925, 37.537399 ] } },
{ "type": "Feature", "properties": { "stationID": "ST-2173", "lat": 37.536079, "long": 126.973419 }, "geometry": { "type": "Point", "coordinates": [ 126.973419, 37.536079 ] } },
{ "type": "Feature", "properties": { "stationID": "ST-2172", "lat": 37.534889, "long": 126.975624 }, "geometry": { "type": "Point", "coordinates": [ 126.975624, 37.534889 ] } },
{ "type": "Feature", "properties": { "stationID": "ST-2171", "lat": 37.534523, "long": 126.977501 }, "geometry": { "type": "Point", "coordinates": [ 126.977501, 37.534523 ] } },
{ "type": "Feature", "properties": { "stationID": "ST-2170", "lat": 37.54604, "long": 126.926727 }, "geometry": { "type": "Point", "coordinates": [ 126.926727, 37.54604 ] } },
{ "type": "Feature", "properties": { "stationID": "ST-217", "lat": 37.557549, "long": 126.959381 }, "geometry": { "type": "Point", "coordinates": [ 126.959381, 37.557549 ] } },
{ "type": "Feature", "properties": { "stationID": "ST-2169", "lat": 37.553429, "long": 126.933792 }, "geometry": { "type": "Point", "coordinates": [ 126.933792, 37.553429 ] } },
{ "type": "Feature", "properties": { "stationID": "ST-2168", "lat": 37.558296, "long": 126.925385 }, "geometry": { "type": "Point", "coordinates": [ 126.925385, 37.558296 ] } },
{ "type": "Feature", "properties": { "stationID": "ST-2167", "lat": 37.554501, "long": 126.920235 }, "geometry": { "type": "Point", "coordinates": [ 126.920235, 37.554501 ] } },
{ "type": "Feature", "properties": { "stationID": "ST-2166", "lat": 37.577114, "long": 126.898361 }, "geometry": { "type": "Point", "coordinates": [ 126.898361, 37.577114 ] } },
{ "type": "Feature", "properties": { "stationID": "ST-2165", "lat": 37.581982, "long": 126.89045 }, "geometry": { "type": "Point", "coordinates": [ 126.89045, 37.581982 ] } },
{ "type": "Feature", "properties": { "stationID": "ST-2164", "lat": 37.5793, "long": 126.887314 }, "geometry": { "type": "Point", "coordinates": [ 126.887314, 37.5793 ] } },
{ "type": "Feature", "properties": { "stationID": "ST-2163", "lat": 37.566246, "long": 126.902184 }, "geometry": { "type": "Point", "coordinates": [ 126.902184, 37.566246 ] } },
{ "type": "Feature", "properties": { "stationID": "ST-2162", "lat": 37.550762, "long": 126.949356 }, "geometry": { "type": "Point", "coordinates": [ 126.949356, 37.550762 ] } },
{ "type": "Feature", "properties": { "stationID": "ST-2161", "lat": 37.545547, "long": 126.956795 }, "geometry": { "type": "Point", "coordinates": [ 126.956795, 37.545547 ] } },
{ "type": "Feature", "properties": { "stationID": "ST-2160", "lat": 37.565044, "long": 126.903603 }, "geometry": { "type": "Point", "coordinates": [ 126.903603, 37.565044 ] } },
{ "type": "Feature", "properties": { "stationID": "ST-216", "lat": 37.556953, "long": 126.946342 }, "geometry": { "type": "Point", "coordinates": [ 126.946342, 37.556953 ] } },
{ "type": "Feature", "properties": { "stationID": "ST-2159", "lat": 37.563004, "long": 126.904694 }, "geometry": { "type": "Point", "coordinates": [ 126.904694, 37.563004 ] } },
{ "type": "Feature", "properties": { "stationID": "ST-2158", "lat": 37.561832, "long": 126.923119 }, "geometry": { "type": "Point", "coordinates": [ 126.923119, 37.561832 ] } },
{ "type": "Feature", "properties": { "stationID": "ST-2157", "lat": 37.564651, "long": 126.922127 }, "geometry": { "type": "Point", "coordinates": [ 126.922127, 37.564651 ] } },
{ "type": "Feature", "properties": { "stationID": "ST-2156", "lat": 37.551754, "long": 126.9123 }, "geometry": { "type": "Point", "coordinates": [ 126.9123, 37.551754 ] } },
{ "type": "Feature", "properties": { "stationID": "ST-2155", "lat": 37.550308, "long": 126.94619 }, "geometry": { "type": "Point", "coordinates": [ 126.94619, 37.550308 ] } },
{ "type": "Feature", "properties": { "stationID": "ST-2154", "lat": 37.542431, "long": 126.946999 }, "geometry": { "type": "Point", "coordinates": [ 126.946999, 37.542431 ] } },
{ "type": "Feature", "properties": { "stationID": "ST-2153", "lat": 37.547245, "long": 126.935028 }, "geometry": { "type": "Point", "coordinates": [ 126.935028, 37.547245 ] } },
{ "type": "Feature", "properties": { "stationID": "ST-2152", "lat": 37.556576, "long": 126.928856 }, "geometry": { "type": "Point", "coordinates": [ 126.928856, 37.556576 ] } },
{ "type": "Feature", "properties": { "stationID": "ST-2151", "lat": 37.573135, "long": 126.901848 }, "geometry": { "type": "Point", "coordinates": [ 126.901848, 37.573135 ] } },
{ "type": "Feature", "properties": { "stationID": "ST-2150", "lat": 37.575977, "long": 126.888069 }, "geometry": { "type": "Point", "coordinates": [ 126.888069, 37.575977 ] } },
{ "type": "Feature", "properties": { "stationID": "ST-215", "lat": 37.571259, "long": 126.96048 }, "geometry": { "type": "Point", "coordinates": [ 126.96048, 37.571259 ] } },
{ "type": "Feature", "properties": { "stationID": "ST-2149", "lat": 37.582077, "long": 126.887665 }, "geometry": { "type": "Point", "coordinates": [ 126.887665, 37.582077 ] } },
{ "type": "Feature", "properties": { "stationID": "ST-2148", "lat": 37.583202, "long": 126.882767 }, "geometry": { "type": "Point", "coordinates": [ 126.882767, 37.583202 ] } },
{ "type": "Feature", "properties": { "stationID": "ST-2147", "lat": 37.584568, "long": 126.880211 }, "geometry": { "type": "Point", "coordinates": [ 126.880211, 37.584568 ] } },
{ "type": "Feature", "properties": { "stationID": "ST-2146", "lat": 37.54364, "long": 126.938309 }, "geometry": { "type": "Point", "coordinates": [ 126.938309, 37.54364 ] } },
{ "type": "Feature", "properties": { "stationID": "ST-2145", "lat": 37.487206, "long": 126.839233 }, "geometry": { "type": "Point", "coordinates": [ 126.839233, 37.487206 ] } },
{ "type": "Feature", "properties": { "stationID": "ST-2144", "lat": 37.519142, "long": 126.922058 }, "geometry": { "type": "Point", "coordinates": [ 126.922058, 37.519142 ] } },
{ "type": "Feature", "properties": { "stationID": "ST-2143", "lat": 37.475441, "long": 126.983284 }, "geometry": { "type": "Point", "coordinates": [ 126.983284, 37.475441 ] } },
{ "type": "Feature", "properties": { "stationID": "ST-2142", "lat": 37.539345, "long": 127.123314 }, "geometry": { "type": "Point", "coordinates": [ 127.123314, 37.539345 ] } },
{ "type": "Feature", "properties": { "stationID": "ST-2141", "lat": 37.571384, "long": 126.995453 }, "geometry": { "type": "Point", "coordinates": [ 126.995453, 37.571384 ] } },
{ "type": "Feature", "properties": { "stationID": "ST-2140", "lat": 37.689762, "long": 127.044891 }, "geometry": { "type": "Point", "coordinates": [ 127.044891, 37.689762 ] } },
{ "type": "Feature", "properties": { "stationID": "ST-214", "lat": 37.553001, "long": 126.956688 }, "geometry": { "type": "Point", "coordinates": [ 126.956688, 37.553001 ] } },
{ "type": "Feature", "properties": { "stationID": "ST-2139", "lat": 37.567524, "long": 127.003822 }, "geometry": { "type": "Point", "coordinates": [ 127.003822, 37.567524 ] } },
{ "type": "Feature", "properties": { "stationID": "ST-2138", "lat": 37.567478, "long": 126.985321 }, "geometry": { "type": "Point", "coordinates": [ 126.985321, 37.567478 ] } },
{ "type": "Feature", "properties": { "stationID": "ST-2137", "lat": 37.63797, "long": 127.025902 }, "geometry": { "type": "Point", "coordinates": [ 127.025902, 37.63797 ] } },
{ "type": "Feature", "properties": { "stationID": "ST-2136", "lat": 37.647934, "long": 127.014572 }, "geometry": { "type": "Point", "coordinates": [ 127.014572, 37.647934 ] } },
{ "type": "Feature", "properties": { "stationID": "ST-2135", "lat": 37.616516, "long": 127.018372 }, "geometry": { "type": "Point", "coordinates": [ 127.018372, 37.616516 ] } },
{ "type": "Feature", "properties": { "stationID": "ST-2134", "lat": 37.635612, "long": 127.022995 }, "geometry": { "type": "Point", "coordinates": [ 127.022995, 37.635612 ] } },
{ "type": "Feature", "properties": { "stationID": "ST-2133", "lat": 37.649597, "long": 127.013847 }, "geometry": { "type": "Point", "coordinates": [ 127.013847, 37.649597 ] } },
{ "type": "Feature", "properties": { "stationID": "ST-2132", "lat": 37.619808, "long": 127.028526 }, "geometry": { "type": "Point", "coordinates": [ 127.028526, 37.619808 ] } },
{ "type": "Feature", "properties": { "stationID": "ST-2131", "lat": 37.616611, "long": 127.030266 }, "geometry": { "type": "Point", "coordinates": [ 127.030266, 37.616611 ] } },
{ "type": "Feature", "properties": { "stationID": "ST-2130", "lat": 37.625526, "long": 127.037323 }, "geometry": { "type": "Point", "coordinates": [ 127.037323, 37.625526 ] } },
{ "type": "Feature", "properties": { "stationID": "ST-213", "lat": 37.549332, "long": 126.954918 }, "geometry": { "type": "Point", "coordinates": [ 126.954918, 37.549332 ] } },
{ "type": "Feature", "properties": { "stationID": "ST-2129", "lat": 37.632381, "long": 127.039307 }, "geometry": { "type": "Point", "coordinates": [ 127.039307, 37.632381 ] } },
{ "type": "Feature", "properties": { "stationID": "ST-2128", "lat": 37.640438, "long": 127.028519 }, "geometry": { "type": "Point", "coordinates": [ 127.028519, 37.640438 ] } },
{ "type": "Feature", "properties": { "stationID": "ST-2127", "lat": 37.635391, "long": 127.034554 }, "geometry": { "type": "Point", "coordinates": [ 127.034554, 37.635391 ] } },
{ "type": "Feature", "properties": { "stationID": "ST-2126", "lat": 37.635204, "long": 127.033966 }, "geometry": { "type": "Point", "coordinates": [ 127.033966, 37.635204 ] } },
{ "type": "Feature", "properties": { "stationID": "ST-2125", "lat": 37.639202, "long": 127.027237 }, "geometry": { "type": "Point", "coordinates": [ 127.027237, 37.639202 ] } },
{ "type": "Feature", "properties": { "stationID": "ST-2124", "lat": 37.646862, "long": 127.008812 }, "geometry": { "type": "Point", "coordinates": [ 127.008812, 37.646862 ] } },
{ "type": "Feature", "properties": { "stationID": "ST-2123", "lat": 37.615223, "long": 127.018509 }, "geometry": { "type": "Point", "coordinates": [ 127.018509, 37.615223 ] } },
{ "type": "Feature", "properties": { "stationID": "ST-2122", "lat": 37.626541, "long": 127.045197 }, "geometry": { "type": "Point", "coordinates": [ 127.045197, 37.626541 ] } },
{ "type": "Feature", "properties": { "stationID": "ST-2121", "lat": 37.658619, "long": 127.02636 }, "geometry": { "type": "Point", "coordinates": [ 127.02636, 37.658619 ] } },
{ "type": "Feature", "properties": { "stationID": "ST-2120", "lat": 37.651287, "long": 127.045547 }, "geometry": { "type": "Point", "coordinates": [ 127.045547, 37.651287 ] } },
{ "type": "Feature", "properties": { "stationID": "ST-212", "lat": 37.568295, "long": 126.915047 }, "geometry": { "type": "Point", "coordinates": [ 126.915047, 37.568295 ] } },
{ "type": "Feature", "properties": { "stationID": "ST-2119", "lat": 37.651348, "long": 127.034729 }, "geometry": { "type": "Point", "coordinates": [ 127.034729, 37.651348 ] } },
{ "type": "Feature", "properties": { "stationID": "ST-2118", "lat": 37.655045, "long": 127.0383 }, "geometry": { "type": "Point", "coordinates": [ 127.0383, 37.655045 ] } },
{ "type": "Feature", "properties": { "stationID": "ST-2117", "lat": 37.658051, "long": 127.035759 }, "geometry": { "type": "Point", "coordinates": [ 127.035759, 37.658051 ] } },
{ "type": "Feature", "properties": { "stationID": "ST-2116", "lat": 37.657967, "long": 127.03009 }, "geometry": { "type": "Point", "coordinates": [ 127.03009, 37.657967 ] } },
{ "type": "Feature", "properties": { "stationID": "ST-2115", "lat": 37.684738, "long": 127.050041 }, "geometry": { "type": "Point", "coordinates": [ 127.050041, 37.684738 ] } },
{ "type": "Feature", "properties": { "stationID": "ST-2114", "lat": 37.662003, "long": 127.028069 }, "geometry": { "type": "Point", "coordinates": [ 127.028069, 37.662003 ] } },
{ "type": "Feature", "properties": { "stationID": "ST-2113", "lat": 37.662083, "long": 127.028748 }, "geometry": { "type": "Point", "coordinates": [ 127.028748, 37.662083 ] } },
{ "type": "Feature", "properties": { "stationID": "ST-2112", "lat": 37.66251, "long": 127.033279 }, "geometry": { "type": "Point", "coordinates": [ 127.033279, 37.66251 ] } },
{ "type": "Feature", "properties": { "stationID": "ST-2111", "lat": 37.651077, "long": 127.035912 }, "geometry": { "type": "Point", "coordinates": [ 127.035912, 37.651077 ] } },
{ "type": "Feature", "properties": { "stationID": "ST-2110", "lat": 37.64967, "long": 127.035614 }, "geometry": { "type": "Point", "coordinates": [ 127.035614, 37.64967 ] } },
{ "type": "Feature", "properties": { "stationID": "ST-211", "lat": 37.560909, "long": 126.905495 }, "geometry": { "type": "Point", "coordinates": [ 126.905495, 37.560909 ] } },
{ "type": "Feature", "properties": { "stationID": "ST-2109", "lat": 37.649296, "long": 127.0354 }, "geometry": { "type": "Point", "coordinates": [ 127.0354, 37.649296 ] } },
{ "type": "Feature", "properties": { "stationID": "ST-2108", "lat": 37.646847, "long": 127.033417 }, "geometry": { "type": "Point", "coordinates": [ 127.033417, 37.646847 ] } },
{ "type": "Feature", "properties": { "stationID": "ST-2107", "lat": 37.655338, "long": 127.042419 }, "geometry": { "type": "Point", "coordinates": [ 127.042419, 37.655338 ] } },
{ "type": "Feature", "properties": { "stationID": "ST-2106", "lat": 37.665623, "long": 127.03109 }, "geometry": { "type": "Point", "coordinates": [ 127.03109, 37.665623 ] } },
{ "type": "Feature", "properties": { "stationID": "ST-2105", "lat": 37.692322, "long": 127.048393 }, "geometry": { "type": "Point", "coordinates": [ 127.048393, 37.692322 ] } },
{ "type": "Feature", "properties": { "stationID": "ST-2104", "lat": 37.677219, "long": 127.048637 }, "geometry": { "type": "Point", "coordinates": [ 127.048637, 37.677219 ] } },
{ "type": "Feature", "properties": { "stationID": "ST-2103", "lat": 37.65728, "long": 127.013756 }, "geometry": { "type": "Point", "coordinates": [ 127.013756, 37.65728 ] } },
{ "type": "Feature", "properties": { "stationID": "ST-2102", "lat": 37.655685, "long": 127.013382 }, "geometry": { "type": "Point", "coordinates": [ 127.013382, 37.655685 ] } },
{ "type": "Feature", "properties": { "stationID": "ST-2101", "lat": 37.651485, "long": 127.044319 }, "geometry": { "type": "Point", "coordinates": [ 127.044319, 37.651485 ] } },
{ "type": "Feature", "properties": { "stationID": "ST-2100", "lat": 37.643703, "long": 127.032043 }, "geometry": { "type": "Point", "coordinates": [ 127.032043, 37.643703 ] } },
{ "type": "Feature", "properties": { "stationID": "ST-210", "lat": 37.564697, "long": 126.912613 }, "geometry": { "type": "Point", "coordinates": [ 126.912613, 37.564697 ] } },
{ "type": "Feature", "properties": { "stationID": "ST-21", "lat": 37.545208, "long": 126.931465 }, "geometry": { "type": "Point", "coordinates": [ 126.931465, 37.545208 ] } },
{ "type": "Feature", "properties": { "stationID": "ST-2099", "lat": 37.646896, "long": 127.033432 }, "geometry": { "type": "Point", "coordinates": [ 127.033432, 37.646896 ] } },
{ "type": "Feature", "properties": { "stationID": "ST-2098", "lat": 37.66156, "long": 127.047226 }, "geometry": { "type": "Point", "coordinates": [ 127.047226, 37.66156 ] } },
{ "type": "Feature", "properties": { "stationID": "ST-2097", "lat": 37.645481, "long": 127.048576 }, "geometry": { "type": "Point", "coordinates": [ 127.048576, 37.645481 ] } },
{ "type": "Feature", "properties": { "stationID": "ST-2096", "lat": 37.652123, "long": 127.041702 }, "geometry": { "type": "Point", "coordinates": [ 127.041702, 37.652123 ] } },
{ "type": "Feature", "properties": { "stationID": "ST-2095", "lat": 37.688267, "long": 127.048897 }, "geometry": { "type": "Point", "coordinates": [ 127.048897, 37.688267 ] } },
{ "type": "Feature", "properties": { "stationID": "ST-2094", "lat": 37.666271, "long": 127.04599 }, "geometry": { "type": "Point", "coordinates": [ 127.04599, 37.666271 ] } },
{ "type": "Feature", "properties": { "stationID": "ST-2093", "lat": 37.668983, "long": 127.043762 }, "geometry": { "type": "Point", "coordinates": [ 127.043762, 37.668983 ] } },
{ "type": "Feature", "properties": { "stationID": "ST-2092", "lat": 37.650406, "long": 127.0522 }, "geometry": { "type": "Point", "coordinates": [ 127.0522, 37.650406 ] } },
{ "type": "Feature", "properties": { "stationID": "ST-2091", "lat": 37.666595, "long": 127.043365 }, "geometry": { "type": "Point", "coordinates": [ 127.043365, 37.666595 ] } },
{ "type": "Feature", "properties": { "stationID": "ST-2090", "lat": 37.660294, "long": 127.041924 }, "geometry": { "type": "Point", "coordinates": [ 127.041924, 37.660294 ] } },
{ "type": "Feature", "properties": { "stationID": "ST-209", "lat": 37.556324, "long": 126.897095 }, "geometry": { "type": "Point", "coordinates": [ 126.897095, 37.556324 ] } },
{ "type": "Feature", "properties": { "stationID": "ST-2089", "lat": 37.664803, "long": 127.04303 }, "geometry": { "type": "Point", "coordinates": [ 127.04303, 37.664803 ] } },
{ "type": "Feature", "properties": { "stationID": "ST-2088", "lat": 37.650391, "long": 127.052193 }, "geometry": { "type": "Point", "coordinates": [ 127.052193, 37.650391 ] } },
{ "type": "Feature", "properties": { "stationID": "ST-2087", "lat": 37.64587, "long": 127.06562 }, "geometry": { "type": "Point", "coordinates": [ 127.06562, 37.64587 ] } },
{ "type": "Feature", "properties": { "stationID": "ST-2086", "lat": 37.651035, "long": 127.06871 }, "geometry": { "type": "Point", "coordinates": [ 127.06871, 37.651035 ] } },
{ "type": "Feature", "properties": { "stationID": "ST-2085", "lat": 37.640205, "long": 127.067619 }, "geometry": { "type": "Point", "coordinates": [ 127.067619, 37.640205 ] } },
{ "type": "Feature", "properties": { "stationID": "ST-2084", "lat": 37.638931, "long": 127.073784 }, "geometry": { "type": "Point", "coordinates": [ 127.073784, 37.638931 ] } },
{ "type": "Feature", "properties": { "stationID": "ST-2083", "lat": 37.628071, "long": 127.046921 }, "geometry": { "type": "Point", "coordinates": [ 127.046921, 37.628071 ] } },
{ "type": "Feature", "properties": { "stationID": "ST-2082", "lat": 37.633549, "long": 127.079117 }, "geometry": { "type": "Point", "coordinates": [ 127.079117, 37.633549 ] } },
{ "type": "Feature", "properties": { "stationID": "ST-2081", "lat": 37.634899, "long": 127.077675 }, "geometry": { "type": "Point", "coordinates": [ 127.077675, 37.634899 ] } },
{ "type": "Feature", "properties": { "stationID": "ST-2080", "lat": 37.629509, "long": 127.081039 }, "geometry": { "type": "Point", "coordinates": [ 127.081039, 37.629509 ] } },
{ "type": "Feature", "properties": { "stationID": "ST-208", "lat": 37.555687, "long": 126.905548 }, "geometry": { "type": "Point", "coordinates": [ 126.905548, 37.555687 ] } },
{ "type": "Feature", "properties": { "stationID": "ST-2079", "lat": 37.66713, "long": 127.051765 }, "geometry": { "type": "Point", "coordinates": [ 127.051765, 37.66713 ] } },
{ "type": "Feature", "properties": { "stationID": "ST-2078", "lat": 37.638157, "long": 127.073265 }, "geometry": { "type": "Point", "coordinates": [ 127.073265, 37.638157 ] } },
{ "type": "Feature", "properties": { "stationID": "ST-2077", "lat": 37.658871, "long": 127.071915 }, "geometry": { "type": "Point", "coordinates": [ 127.071915, 37.658871 ] } },
{ "type": "Feature", "properties": { "stationID": "ST-2076", "lat": 37.62289, "long": 127.073654 }, "geometry": { "type": "Point", "coordinates": [ 127.073654, 37.62289 ] } },
{ "type": "Feature", "properties": { "stationID": "ST-2075", "lat": 37.615459, "long": 127.067451 }, "geometry": { "type": "Point", "coordinates": [ 127.067451, 37.615459 ] } },
{ "type": "Feature", "properties": { "stationID": "ST-2074", "lat": 37.620003, "long": 127.058563 }, "geometry": { "type": "Point", "coordinates": [ 127.058563, 37.620003 ] } },
{ "type": "Feature", "properties": { "stationID": "ST-2073", "lat": 37.630749, "long": 127.053108 }, "geometry": { "type": "Point", "coordinates": [ 127.053108, 37.630749 ] } },
{ "type": "Feature", "properties": { "stationID": "ST-2072", "lat": 37.63475, "long": 127.069916 }, "geometry": { "type": "Point", "coordinates": [ 127.069916, 37.63475 ] } },
{ "type": "Feature", "properties": { "stationID": "ST-2071", "lat": 37.648163, "long": 127.078987 }, "geometry": { "type": "Point", "coordinates": [ 127.078987, 37.648163 ] } },
{ "type": "Feature", "properties": { "stationID": "ST-2070", "lat": 37.650505, "long": 127.073982 }, "geometry": { "type": "Point", "coordinates": [ 127.073982, 37.650505 ] } },
{ "type": "Feature", "properties": { "stationID": "ST-207", "lat": 37.552956, "long": 126.934341 }, "geometry": { "type": "Point", "coordinates": [ 126.934341, 37.552956 ] } },
{ "type": "Feature", "properties": { "stationID": "ST-2069", "lat": 37.633728, "long": 127.044365 }, "geometry": { "type": "Point", "coordinates": [ 127.044365, 37.633728 ] } },
{ "type": "Feature", "properties": { "stationID": "ST-2068", "lat": 37.62862, "long": 127.06691 }, "geometry": { "type": "Point", "coordinates": [ 127.06691, 37.62862 ] } },
{ "type": "Feature", "properties": { "stationID": "ST-2067", "lat": 37.629814, "long": 127.066505 }, "geometry": { "type": "Point", "coordinates": [ 127.066505, 37.629814 ] } },
{ "type": "Feature", "properties": { "stationID": "ST-2066", "lat": 37.665215, "long": 127.066139 }, "geometry": { "type": "Point", "coordinates": [ 127.066139, 37.665215 ] } },
{ "type": "Feature", "properties": { "stationID": "ST-2065", "lat": 37.664207, "long": 127.064606 }, "geometry": { "type": "Point", "coordinates": [ 127.064606, 37.664207 ] } },
{ "type": "Feature", "properties": { "stationID": "ST-2064", "lat": 37.646717, "long": 127.060219 }, "geometry": { "type": "Point", "coordinates": [ 127.060219, 37.646717 ] } },
{ "type": "Feature", "properties": { "stationID": "ST-2063", "lat": 37.650249, "long": 127.057152 }, "geometry": { "type": "Point", "coordinates": [ 127.057152, 37.650249 ] } },
{ "type": "Feature", "properties": { "stationID": "ST-2062", "lat": 37.686451, "long": 127.052834 }, "geometry": { "type": "Point", "coordinates": [ 127.052834, 37.686451 ] } },
{ "type": "Feature", "properties": { "stationID": "ST-2061", "lat": 37.623222, "long": 127.067024 }, "geometry": { "type": "Point", "coordinates": [ 127.067024, 37.623222 ] } },
{ "type": "Feature", "properties": { "stationID": "ST-2060", "lat": 37.620708, "long": 127.061203 }, "geometry": { "type": "Point", "coordinates": [ 127.061203, 37.620708 ] } },
{ "type": "Feature", "properties": { "stationID": "ST-206", "lat": 37.542347, "long": 126.943024 }, "geometry": { "type": "Point", "coordinates": [ 126.943024, 37.542347 ] } },
{ "type": "Feature", "properties": { "stationID": "ST-2059", "lat": 37.559906, "long": 126.850426 }, "geometry": { "type": "Point", "coordinates": [ 126.850426, 37.559906 ] } },
{ "type": "Feature", "properties": { "stationID": "ST-2058", "lat": 37.550617, "long": 126.826881 }, "geometry": { "type": "Point", "coordinates": [ 126.826881, 37.550617 ] } },
{ "type": "Feature", "properties": { "stationID": "ST-2057", "lat": 37.572975, "long": 126.832443 }, "geometry": { "type": "Point", "coordinates": [ 126.832443, 37.572975 ] } },
{ "type": "Feature", "properties": { "stationID": "ST-2056", "lat": 37.553631, "long": 126.828613 }, "geometry": { "type": "Point", "coordinates": [ 126.828613, 37.553631 ] } },
{ "type": "Feature", "properties": { "stationID": "ST-2055", "lat": 37.531395, "long": 126.847191 }, "geometry": { "type": "Point", "coordinates": [ 126.847191, 37.531395 ] } },
{ "type": "Feature", "properties": { "stationID": "ST-2054", "lat": 37.53159, "long": 126.846642 }, "geometry": { "type": "Point", "coordinates": [ 126.846642, 37.53159 ] } },
{ "type": "Feature", "properties": { "stationID": "ST-2053", "lat": 37.566689, "long": 126.824699 }, "geometry": { "type": "Point", "coordinates": [ 126.824699, 37.566689 ] } },
{ "type": "Feature", "properties": { "stationID": "ST-2052", "lat": 37.562294, "long": 126.823952 }, "geometry": { "type": "Point", "coordinates": [ 126.823952, 37.562294 ] } },
{ "type": "Feature", "properties": { "stationID": "ST-2051", "lat": 37.564938, "long": 126.819359 }, "geometry": { "type": "Point", "coordinates": [ 126.819359, 37.564938 ] } },
{ "type": "Feature", "properties": { "stationID": "ST-2050", "lat": 37.558632, "long": 126.819916 }, "geometry": { "type": "Point", "coordinates": [ 126.819916, 37.558632 ] } },
{ "type": "Feature", "properties": { "stationID": "ST-205", "lat": 37.539272, "long": 126.945915 }, "geometry": { "type": "Point", "coordinates": [ 126.945915, 37.539272 ] } },
{ "type": "Feature", "properties": { "stationID": "ST-2049", "lat": 37.555309, "long": 126.829857 }, "geometry": { "type": "Point", "coordinates": [ 126.829857, 37.555309 ] } },
{ "type": "Feature", "properties": { "stationID": "ST-2048", "lat": 37.555241, "long": 126.834717 }, "geometry": { "type": "Point", "coordinates": [ 126.834717, 37.555241 ] } },
{ "type": "Feature", "properties": { "stationID": "ST-2047", "lat": 37.559128, "long": 126.834953 }, "geometry": { "type": "Point", "coordinates": [ 126.834953, 37.559128 ] } },
{ "type": "Feature", "properties": { "stationID": "ST-2046", "lat": 37.569485, "long": 126.828094 }, "geometry": { "type": "Point", "coordinates": [ 126.828094, 37.569485 ] } },
{ "type": "Feature", "properties": { "stationID": "ST-2045", "lat": 37.565804, "long": 126.828079 }, "geometry": { "type": "Point", "coordinates": [ 126.828079, 37.565804 ] } },
{ "type": "Feature", "properties": { "stationID": "ST-2044", "lat": 37.563927, "long": 126.830643 }, "geometry": { "type": "Point", "coordinates": [ 126.830643, 37.563927 ] } },
{ "type": "Feature", "properties": { "stationID": "ST-2043", "lat": 37.567223, "long": 126.834389 }, "geometry": { "type": "Point", "coordinates": [ 126.834389, 37.567223 ] } },
{ "type": "Feature", "properties": { "stationID": "ST-2042", "lat": 37.568836, "long": 126.835632 }, "geometry": { "type": "Point", "coordinates": [ 126.835632, 37.568836 ] } },
{ "type": "Feature", "properties": { "stationID": "ST-2041", "lat": 37.568485, "long": 126.83857 }, "geometry": { "type": "Point", "coordinates": [ 126.83857, 37.568485 ] } },
{ "type": "Feature", "properties": { "stationID": "ST-2040", "lat": 37.560894, "long": 126.836693 }, "geometry": { "type": "Point", "coordinates": [ 126.836693, 37.560894 ] } },
{ "type": "Feature", "properties": { "stationID": "ST-204", "lat": 37.539936, "long": 126.945824 }, "geometry": { "type": "Point", "coordinates": [ 126.945824, 37.539936 ] } },
{ "type": "Feature", "properties": { "stationID": "ST-2039", "lat": 37.53302, "long": 126.877899 }, "geometry": { "type": "Point", "coordinates": [ 126.877899, 37.53302 ] } },
{ "type": "Feature", "properties": { "stationID": "ST-2038", "lat": 37.561882, "long": 126.839157 }, "geometry": { "type": "Point", "coordinates": [ 126.839157, 37.561882 ] } },
{ "type": "Feature", "properties": { "stationID": "ST-2037", "lat": 37.563206, "long": 126.839363 }, "geometry": { "type": "Point", "coordinates": [ 126.839363, 37.563206 ] } },
{ "type": "Feature", "properties": { "stationID": "ST-2036", "lat": 37.559658, "long": 126.829605 }, "geometry": { "type": "Point", "coordinates": [ 126.829605, 37.559658 ] } },
{ "type": "Feature", "properties": { "stationID": "ST-2035", "lat": 37.561211, "long": 126.830345 }, "geometry": { "type": "Point", "coordinates": [ 126.830345, 37.561211 ] } },
{ "type": "Feature", "properties": { "stationID": "ST-2034", "lat": 37.555191, "long": 126.831467 }, "geometry": { "type": "Point", "coordinates": [ 126.831467, 37.555191 ] } },
{ "type": "Feature", "properties": { "stationID": "ST-2033", "lat": 37.561337, "long": 126.8339 }, "geometry": { "type": "Point", "coordinates": [ 126.8339, 37.561337 ] } },
{ "type": "Feature", "properties": { "stationID": "ST-2032", "lat": 37.570942, "long": 126.828316 }, "geometry": { "type": "Point", "coordinates": [ 126.828316, 37.570942 ] } },
{ "type": "Feature", "properties": { "stationID": "ST-2031", "lat": 37.566925, "long": 126.827438 }, "geometry": { "type": "Point", "coordinates": [ 126.827438, 37.566925 ] } },
{ "type": "Feature", "properties": { "stationID": "ST-2030", "lat": 37.553352, "long": 126.831047 }, "geometry": { "type": "Point", "coordinates": [ 126.831047, 37.553352 ] } },
{ "type": "Feature", "properties": { "stationID": "ST-203", "lat": 37.54425, "long": 126.951637 }, "geometry": { "type": "Point", "coordinates": [ 126.951637, 37.54425 ] } },
{ "type": "Feature", "properties": { "stationID": "ST-2029", "lat": 37.548534, "long": 126.846672 }, "geometry": { "type": "Point", "coordinates": [ 126.846672, 37.548534 ] } },
{ "type": "Feature", "properties": { "stationID": "ST-2028", "lat": 37.538357, "long": 126.842361 }, "geometry": { "type": "Point", "coordinates": [ 126.842361, 37.538357 ] } },
{ "type": "Feature", "properties": { "stationID": "ST-2027", "lat": 37.537361, "long": 126.837448 }, "geometry": { "type": "Point", "coordinates": [ 126.837448, 37.537361 ] } },
{ "type": "Feature", "properties": { "stationID": "ST-2026", "lat": 37.57132, "long": 126.841667 }, "geometry": { "type": "Point", "coordinates": [ 126.841667, 37.57132 ] } },
{ "type": "Feature", "properties": { "stationID": "ST-2025", "lat": 37.564587, "long": 126.856918 }, "geometry": { "type": "Point", "coordinates": [ 126.856918, 37.564587 ] } },
{ "type": "Feature", "properties": { "stationID": "ST-2024", "lat": 37.564682, "long": 126.848907 }, "geometry": { "type": "Point", "coordinates": [ 126.848907, 37.564682 ] } },
{ "type": "Feature", "properties": { "stationID": "ST-2023", "lat": 37.57037, "long": 126.844414 }, "geometry": { "type": "Point", "coordinates": [ 126.844414, 37.57037 ] } },
{ "type": "Feature", "properties": { "stationID": "ST-2022", "lat": 37.576317, "long": 126.816498 }, "geometry": { "type": "Point", "coordinates": [ 126.816498, 37.576317 ] } },
{ "type": "Feature", "properties": { "stationID": "ST-2021", "lat": 37.564404, "long": 126.84922 }, "geometry": { "type": "Point", "coordinates": [ 126.84922, 37.564404 ] } },
{ "type": "Feature", "properties": { "stationID": "ST-2020", "lat": 37.558521, "long": 126.854012 }, "geometry": { "type": "Point", "coordinates": [ 126.854012, 37.558521 ] } },
{ "type": "Feature", "properties": { "stationID": "ST-202", "lat": 37.543579, "long": 126.951324 }, "geometry": { "type": "Point", "coordinates": [ 126.951324, 37.543579 ] } },
{ "type": "Feature", "properties": { "stationID": "ST-2019", "lat": 37.606274, "long": 126.968323 }, "geometry": { "type": "Point", "coordinates": [ 126.968323, 37.606274 ] } },
{ "type": "Feature", "properties": { "stationID": "ST-2018", "lat": 37.547485, "long": 126.872025 }, "geometry": { "type": "Point", "coordinates": [ 126.872025, 37.547485 ] } },
{ "type": "Feature", "properties": { "stationID": "ST-2017", "lat": 37.525372, "long": 126.870926 }, "geometry": { "type": "Point", "coordinates": [ 126.870926, 37.525372 ] } },
{ "type": "Feature", "properties": { "stationID": "ST-2016", "lat": 37.524902, "long": 126.869804 }, "geometry": { "type": "Point", "coordinates": [ 126.869804, 37.524902 ] } },
{ "type": "Feature", "properties": { "stationID": "ST-2015", "lat": 37.527607, "long": 126.848755 }, "geometry": { "type": "Point", "coordinates": [ 126.848755, 37.527607 ] } },
{ "type": "Feature", "properties": { "stationID": "ST-2014", "lat": 37.512287, "long": 126.86528 }, "geometry": { "type": "Point", "coordinates": [ 126.86528, 37.512287 ] } },
{ "type": "Feature", "properties": { "stationID": "ST-2013", "lat": 37.507904, "long": 126.862648 }, "geometry": { "type": "Point", "coordinates": [ 126.862648, 37.507904 ] } },
{ "type": "Feature", "properties": { "stationID": "ST-2012", "lat": 37.520069, "long": 126.868317 }, "geometry": { "type": "Point", "coordinates": [ 126.868317, 37.520069 ] } },
{ "type": "Feature", "properties": { "stationID": "ST-2011", "lat": 37.517475, "long": 126.866325 }, "geometry": { "type": "Point", "coordinates": [ 126.866325, 37.517475 ] } },
{ "type": "Feature", "properties": { "stationID": "ST-2010", "lat": 37.515018, "long": 126.872238 }, "geometry": { "type": "Point", "coordinates": [ 126.872238, 37.515018 ] } },
{ "type": "Feature", "properties": { "stationID": "ST-201", "lat": 37.544647, "long": 126.950089 }, "geometry": { "type": "Point", "coordinates": [ 126.950089, 37.544647 ] } },
{ "type": "Feature", "properties": { "stationID": "ST-2009", "lat": 37.52224, "long": 126.861763 }, "geometry": { "type": "Point", "coordinates": [ 126.861763, 37.52224 ] } },
{ "type": "Feature", "properties": { "stationID": "ST-2008", "lat": 37.511673, "long": 126.832741 }, "geometry": { "type": "Point", "coordinates": [ 126.832741, 37.511673 ] } },
{ "type": "Feature", "properties": { "stationID": "ST-2007", "lat": 37.517593, "long": 126.876556 }, "geometry": { "type": "Point", "coordinates": [ 126.876556, 37.517593 ] } },
{ "type": "Feature", "properties": { "stationID": "ST-2006", "lat": 37.517338, "long": 126.877647 }, "geometry": { "type": "Point", "coordinates": [ 126.877647, 37.517338 ] } },
{ "type": "Feature", "properties": { "stationID": "ST-2005", "lat": 37.518543, "long": 126.853882 }, "geometry": { "type": "Point", "coordinates": [ 126.853882, 37.518543 ] } },
{ "type": "Feature", "properties": { "stationID": "ST-2004", "lat": 37.517971, "long": 126.841537 }, "geometry": { "type": "Point", "coordinates": [ 126.841537, 37.517971 ] } },
{ "type": "Feature", "properties": { "stationID": "ST-2003", "lat": 37.529888, "long": 126.835007 }, "geometry": { "type": "Point", "coordinates": [ 126.835007, 37.529888 ] } },
{ "type": "Feature", "properties": { "stationID": "ST-2002", "lat": 37.538742, "long": 126.885681 }, "geometry": { "type": "Point", "coordinates": [ 126.885681, 37.538742 ] } },
{ "type": "Feature", "properties": { "stationID": "ST-2001", "lat": 37.538376, "long": 126.863831 }, "geometry": { "type": "Point", "coordinates": [ 126.863831, 37.538376 ] } },
{ "type": "Feature", "properties": { "stationID": "ST-2000", "lat": 37.549507, "long": 126.867218 }, "geometry": { "type": "Point", "coordinates": [ 126.867218, 37.549507 ] } },
{ "type": "Feature", "properties": { "stationID": "ST-200", "lat": 37.557201, "long": 126.955666 }, "geometry": { "type": "Point", "coordinates": [ 126.955666, 37.557201 ] } },
{ "type": "Feature", "properties": { "stationID": "ST-20", "lat": 37.55706, "long": 126.924423 }, "geometry": { "type": "Point", "coordinates": [ 126.924423, 37.55706 ] } },
{ "type": "Feature", "properties": { "stationID": "ST-1999", "lat": 37.546707, "long": 126.874573 }, "geometry": { "type": "Point", "coordinates": [ 126.874573, 37.546707 ] } },
{ "type": "Feature", "properties": { "stationID": "ST-1998", "lat": 37.528259, "long": 126.864265 }, "geometry": { "type": "Point", "coordinates": [ 126.864265, 37.528259 ] } },
{ "type": "Feature", "properties": { "stationID": "ST-1997", "lat": 37.528206, "long": 126.870163 }, "geometry": { "type": "Point", "coordinates": [ 126.870163, 37.528206 ] } },
{ "type": "Feature", "properties": { "stationID": "ST-1996", "lat": 37.525715, "long": 126.864868 }, "geometry": { "type": "Point", "coordinates": [ 126.864868, 37.525715 ] } },
{ "type": "Feature", "properties": { "stationID": "ST-1995", "lat": 37.527855, "long": 126.874672 }, "geometry": { "type": "Point", "coordinates": [ 126.874672, 37.527855 ] } },
{ "type": "Feature", "properties": { "stationID": "ST-1994", "lat": 37.535667, "long": 126.881584 }, "geometry": { "type": "Point", "coordinates": [ 126.881584, 37.535667 ] } },
{ "type": "Feature", "properties": { "stationID": "ST-1993", "lat": 37.505745, "long": 126.836311 }, "geometry": { "type": "Point", "coordinates": [ 126.836311, 37.505745 ] } },
{ "type": "Feature", "properties": { "stationID": "ST-1992", "lat": 37.519333, "long": 126.895302 }, "geometry": { "type": "Point", "coordinates": [ 126.895302, 37.519333 ] } },
{ "type": "Feature", "properties": { "stationID": "ST-1991", "lat": 37.500137, "long": 126.913979 }, "geometry": { "type": "Point", "coordinates": [ 126.913979, 37.500137 ] } },
{ "type": "Feature", "properties": { "stationID": "ST-1990", "lat": 37.514847, "long": 126.90773 }, "geometry": { "type": "Point", "coordinates": [ 126.90773, 37.514847 ] } },
{ "type": "Feature", "properties": { "stationID": "ST-199", "lat": 37.55978, "long": 126.968506 }, "geometry": { "type": "Point", "coordinates": [ 126.968506, 37.55978 ] } },
{ "type": "Feature", "properties": { "stationID": "ST-1989", "lat": 37.521664, "long": 126.930878 }, "geometry": { "type": "Point", "coordinates": [ 126.930878, 37.521664 ] } },
{ "type": "Feature", "properties": { "stationID": "ST-1988", "lat": 37.519875, "long": 126.93882 }, "geometry": { "type": "Point", "coordinates": [ 126.93882, 37.519875 ] } },
{ "type": "Feature", "properties": { "stationID": "ST-1987", "lat": 37.532665, "long": 126.913765 }, "geometry": { "type": "Point", "coordinates": [ 126.913765, 37.532665 ] } },
{ "type": "Feature", "properties": { "stationID": "ST-1986", "lat": 37.529743, "long": 126.907829 }, "geometry": { "type": "Point", "coordinates": [ 126.907829, 37.529743 ] } },
{ "type": "Feature", "properties": { "stationID": "ST-1985", "lat": 37.512024, "long": 126.901054 }, "geometry": { "type": "Point", "coordinates": [ 126.901054, 37.512024 ] } },
{ "type": "Feature", "properties": { "stationID": "ST-1984", "lat": 37.496365, "long": 126.908249 }, "geometry": { "type": "Point", "coordinates": [ 126.908249, 37.496365 ] } },
{ "type": "Feature", "properties": { "stationID": "ST-1983", "lat": 37.500256, "long": 126.912155 }, "geometry": { "type": "Point", "coordinates": [ 126.912155, 37.500256 ] } },
{ "type": "Feature", "properties": { "stationID": "ST-1982", "lat": 37.504383, "long": 126.908089 }, "geometry": { "type": "Point", "coordinates": [ 126.908089, 37.504383 ] } },
{ "type": "Feature", "properties": { "stationID": "ST-1981", "lat": 37.503136, "long": 126.91008 }, "geometry": { "type": "Point", "coordinates": [ 126.91008, 37.503136 ] } },
{ "type": "Feature", "properties": { "stationID": "ST-1980", "lat": 37.541851, "long": 126.893806 }, "geometry": { "type": "Point", "coordinates": [ 126.893806, 37.541851 ] } },
{ "type": "Feature", "properties": { "stationID": "ST-198", "lat": 37.565918, "long": 127.016426 }, "geometry": { "type": "Point", "coordinates": [ 127.016426, 37.565918 ] } },
{ "type": "Feature", "properties": { "stationID": "ST-1979", "lat": 37.525555, "long": 126.885872 }, "geometry": { "type": "Point", "coordinates": [ 126.885872, 37.525555 ] } },
{ "type": "Feature", "properties": { "stationID": "ST-1978", "lat": 37.521828, "long": 126.889725 }, "geometry": { "type": "Point", "coordinates": [ 126.889725, 37.521828 ] } },
{ "type": "Feature", "properties": { "stationID": "ST-1977", "lat": 37.517071, "long": 126.899086 }, "geometry": { "type": "Point", "coordinates": [ 126.899086, 37.517071 ] } },
{ "type": "Feature", "properties": { "stationID": "ST-1976", "lat": 37.520218, "long": 126.882164 }, "geometry": { "type": "Point", "coordinates": [ 126.882164, 37.520218 ] } },
{ "type": "Feature", "properties": { "stationID": "ST-1975", "lat": 37.511242, "long": 126.898186 }, "geometry": { "type": "Point", "coordinates": [ 126.898186, 37.511242 ] } },
{ "type": "Feature", "properties": { "stationID": "ST-1974", "lat": 37.506115, "long": 126.89859 }, "geometry": { "type": "Point", "coordinates": [ 126.89859, 37.506115 ] } },
{ "type": "Feature", "properties": { "stationID": "ST-1973", "lat": 37.52869, "long": 126.903862 }, "geometry": { "type": "Point", "coordinates": [ 126.903862, 37.52869 ] } },
{ "type": "Feature", "properties": { "stationID": "ST-1972", "lat": 37.530735, "long": 126.89917 }, "geometry": { "type": "Point", "coordinates": [ 126.89917, 37.530735 ] } },
{ "type": "Feature", "properties": { "stationID": "ST-1971", "lat": 37.531792, "long": 126.922455 }, "geometry": { "type": "Point", "coordinates": [ 126.922455, 37.531792 ] } },
{ "type": "Feature", "properties": { "stationID": "ST-1970", "lat": 37.527248, "long": 126.913742 }, "geometry": { "type": "Point", "coordinates": [ 126.913742, 37.527248 ] } },
{ "type": "Feature", "properties": { "stationID": "ST-197", "lat": 37.555199, "long": 127.010048 }, "geometry": { "type": "Point", "coordinates": [ 127.010048, 37.555199 ] } },
{ "type": "Feature", "properties": { "stationID": "ST-1969", "lat": 37.528637, "long": 126.912674 }, "geometry": { "type": "Point", "coordinates": [ 126.912674, 37.528637 ] } },
{ "type": "Feature", "properties": { "stationID": "ST-1968", "lat": 37.526302, "long": 126.90538 }, "geometry": { "type": "Point", "coordinates": [ 126.90538, 37.526302 ] } },
{ "type": "Feature", "properties": { "stationID": "ST-1967", "lat": 37.514812, "long": 126.911705 }, "geometry": { "type": "Point", "coordinates": [ 126.911705, 37.514812 ] } },
{ "type": "Feature", "properties": { "stationID": "ST-1966", "lat": 37.488647, "long": 126.88047 }, "geometry": { "type": "Point", "coordinates": [ 126.88047, 37.488647 ] } },
{ "type": "Feature", "properties": { "stationID": "ST-1965", "lat": 37.495453, "long": 126.880394 }, "geometry": { "type": "Point", "coordinates": [ 126.880394, 37.495453 ] } },
{ "type": "Feature", "properties": { "stationID": "ST-1964", "lat": 37.510063, "long": 126.889565 }, "geometry": { "type": "Point", "coordinates": [ 126.889565, 37.510063 ] } },
{ "type": "Feature", "properties": { "stationID": "ST-1963", "lat": 37.499813, "long": 126.874313 }, "geometry": { "type": "Point", "coordinates": [ 126.874313, 37.499813 ] } },
{ "type": "Feature", "properties": { "stationID": "ST-1962", "lat": 37.50452, "long": 126.870552 }, "geometry": { "type": "Point", "coordinates": [ 126.870552, 37.50452 ] } },
{ "type": "Feature", "properties": { "stationID": "ST-1961", "lat": 37.50119, "long": 126.863533 }, "geometry": { "type": "Point", "coordinates": [ 126.863533, 37.50119 ] } },
{ "type": "Feature", "properties": { "stationID": "ST-1960", "lat": 37.493965, "long": 126.853043 }, "geometry": { "type": "Point", "coordinates": [ 126.853043, 37.493965 ] } },
{ "type": "Feature", "properties": { "stationID": "ST-196", "lat": 37.558533, "long": 127.006989 }, "geometry": { "type": "Point", "coordinates": [ 127.006989, 37.558533 ] } },
{ "type": "Feature", "properties": { "stationID": "ST-1959", "lat": 37.483665, "long": 126.841614 }, "geometry": { "type": "Point", "coordinates": [ 126.841614, 37.483665 ] } },
{ "type": "Feature", "properties": { "stationID": "ST-1958", "lat": 37.482239, "long": 126.838531 }, "geometry": { "type": "Point", "coordinates": [ 126.838531, 37.482239 ] } },
{ "type": "Feature", "properties": { "stationID": "ST-1957", "lat": 37.479897, "long": 126.84037 }, "geometry": { "type": "Point", "coordinates": [ 126.84037, 37.479897 ] } },
{ "type": "Feature", "properties": { "stationID": "ST-1956", "lat": 37.474731, "long": 126.817009 }, "geometry": { "type": "Point", "coordinates": [ 126.817009, 37.474731 ] } },
{ "type": "Feature", "properties": { "stationID": "ST-1955", "lat": 37.476036, "long": 126.816589 }, "geometry": { "type": "Point", "coordinates": [ 126.816589, 37.476036 ] } },
{ "type": "Feature", "properties": { "stationID": "ST-1954", "lat": 37.479343, "long": 126.825638 }, "geometry": { "type": "Point", "coordinates": [ 126.825638, 37.479343 ] } },
{ "type": "Feature", "properties": { "stationID": "ST-1953", "lat": 37.47937, "long": 126.82547 }, "geometry": { "type": "Point", "coordinates": [ 126.82547, 37.47937 ] } },
{ "type": "Feature", "properties": { "stationID": "ST-1952", "lat": 37.479832, "long": 126.822754 }, "geometry": { "type": "Point", "coordinates": [ 126.822754, 37.479832 ] } },
{ "type": "Feature", "properties": { "stationID": "ST-1951", "lat": 37.480095, "long": 126.822487 }, "geometry": { "type": "Point", "coordinates": [ 126.822487, 37.480095 ] } },
{ "type": "Feature", "properties": { "stationID": "ST-1950", "lat": 37.47794, "long": 126.823273 }, "geometry": { "type": "Point", "coordinates": [ 126.823273, 37.47794 ] } },
{ "type": "Feature", "properties": { "stationID": "ST-195", "lat": 37.563866, "long": 127.002747 }, "geometry": { "type": "Point", "coordinates": [ 127.002747, 37.563866 ] } },
{ "type": "Feature", "properties": { "stationID": "ST-1949", "lat": 37.477905, "long": 126.823112 }, "geometry": { "type": "Point", "coordinates": [ 126.823112, 37.477905 ] } },
{ "type": "Feature", "properties": { "stationID": "ST-1948", "lat": 37.480808, "long": 126.821907 }, "geometry": { "type": "Point", "coordinates": [ 126.821907, 37.480808 ] } },
{ "type": "Feature", "properties": { "stationID": "ST-1947", "lat": 37.480629, "long": 126.821815 }, "geometry": { "type": "Point", "coordinates": [ 126.821815, 37.480629 ] } },
{ "type": "Feature", "properties": { "stationID": "ST-1946", "lat": 37.482597, "long": 126.826454 }, "geometry": { "type": "Point", "coordinates": [ 126.826454, 37.482597 ] } },
{ "type": "Feature", "properties": { "stationID": "ST-1945", "lat": 37.48251, "long": 126.82576 }, "geometry": { "type": "Point", "coordinates": [ 126.82576, 37.48251 ] } },
{ "type": "Feature", "properties": { "stationID": "ST-1944", "lat": 37.477375, "long": 126.820015 }, "geometry": { "type": "Point", "coordinates": [ 126.820015, 37.477375 ] } },
{ "type": "Feature", "properties": { "stationID": "ST-1943", "lat": 37.477562, "long": 126.819763 }, "geometry": { "type": "Point", "coordinates": [ 126.819763, 37.477562 ] } },
{ "type": "Feature", "properties": { "stationID": "ST-1942", "lat": 37.499084, "long": 126.863274 }, "geometry": { "type": "Point", "coordinates": [ 126.863274, 37.499084 ] } },
{ "type": "Feature", "properties": { "stationID": "ST-1941", "lat": 37.475071, "long": 126.903358 }, "geometry": { "type": "Point", "coordinates": [ 126.903358, 37.475071 ] } },
{ "type": "Feature", "properties": { "stationID": "ST-1940", "lat": 37.459049, "long": 126.897102 }, "geometry": { "type": "Point", "coordinates": [ 126.897102, 37.459049 ] } },
{ "type": "Feature", "properties": { "stationID": "ST-194", "lat": 37.556, "long": 126.973358 }, "geometry": { "type": "Point", "coordinates": [ 126.973358, 37.556 ] } },
{ "type": "Feature", "properties": { "stationID": "ST-1939", "lat": 37.447853, "long": 126.902885 }, "geometry": { "type": "Point", "coordinates": [ 126.902885, 37.447853 ] } },
{ "type": "Feature", "properties": { "stationID": "ST-1938", "lat": 37.48101, "long": 126.884163 }, "geometry": { "type": "Point", "coordinates": [ 126.884163, 37.48101 ] } },
{ "type": "Feature", "properties": { "stationID": "ST-1937", "lat": 37.457779, "long": 126.889427 }, "geometry": { "type": "Point", "coordinates": [ 126.889427, 37.457779 ] } },
{ "type": "Feature", "properties": { "stationID": "ST-1936", "lat": 37.456333, "long": 126.896454 }, "geometry": { "type": "Point", "coordinates": [ 126.896454, 37.456333 ] } },
{ "type": "Feature", "properties": { "stationID": "ST-1935", "lat": 37.45652, "long": 126.899551 }, "geometry": { "type": "Point", "coordinates": [ 126.899551, 37.45652 ] } },
{ "type": "Feature", "properties": { "stationID": "ST-1934", "lat": 37.460537, "long": 126.898605 }, "geometry": { "type": "Point", "coordinates": [ 126.898605, 37.460537 ] } },
{ "type": "Feature", "properties": { "stationID": "ST-1933", "lat": 37.461346, "long": 126.897583 }, "geometry": { "type": "Point", "coordinates": [ 126.897583, 37.461346 ] } },
{ "type": "Feature", "properties": { "stationID": "ST-1932", "lat": 37.436981, "long": 126.903297 }, "geometry": { "type": "Point", "coordinates": [ 126.903297, 37.436981 ] } },
{ "type": "Feature", "properties": { "stationID": "ST-1931", "lat": 37.446526, "long": 126.900238 }, "geometry": { "type": "Point", "coordinates": [ 126.900238, 37.446526 ] } },
{ "type": "Feature", "properties": { "stationID": "ST-1930", "lat": 37.519592, "long": 127.013191 }, "geometry": { "type": "Point", "coordinates": [ 127.013191, 37.519592 ] } },
{ "type": "Feature", "properties": { "stationID": "ST-193", "lat": 37.569805, "long": 127.016953 }, "geometry": { "type": "Point", "coordinates": [ 127.016953, 37.569805 ] } },
{ "type": "Feature", "properties": { "stationID": "ST-1929", "lat": 37.497211, "long": 127.004272 }, "geometry": { "type": "Point", "coordinates": [ 127.004272, 37.497211 ] } },
{ "type": "Feature", "properties": { "stationID": "ST-1928", "lat": 37.516541, "long": 127.01915 }, "geometry": { "type": "Point", "coordinates": [ 127.01915, 37.516541 ] } },
{ "type": "Feature", "properties": { "stationID": "ST-1927", "lat": 37.491222, "long": 126.982956 }, "geometry": { "type": "Point", "coordinates": [ 126.982956, 37.491222 ] } },
{ "type": "Feature", "properties": { "stationID": "ST-1926", "lat": 37.505089, "long": 127.023911 }, "geometry": { "type": "Point", "coordinates": [ 127.023911, 37.505089 ] } },
{ "type": "Feature", "properties": { "stationID": "ST-1925", "lat": 37.430977, "long": 127.070335 }, "geometry": { "type": "Point", "coordinates": [ 127.070335, 37.430977 ] } },
{ "type": "Feature", "properties": { "stationID": "ST-1924", "lat": 37.49905, "long": 126.996254 }, "geometry": { "type": "Point", "coordinates": [ 126.996254, 37.49905 ] } },
{ "type": "Feature", "properties": { "stationID": "ST-1923", "lat": 37.520267, "long": 127.015251 }, "geometry": { "type": "Point", "coordinates": [ 127.015251, 37.520267 ] } },
{ "type": "Feature", "properties": { "stationID": "ST-1922", "lat": 37.482571, "long": 127.036438 }, "geometry": { "type": "Point", "coordinates": [ 127.036438, 37.482571 ] } },
{ "type": "Feature", "properties": { "stationID": "ST-1921", "lat": 37.458996, "long": 127.041321 }, "geometry": { "type": "Point", "coordinates": [ 127.041321, 37.458996 ] } },
{ "type": "Feature", "properties": { "stationID": "ST-1920", "lat": 37.503624, "long": 126.997322 }, "geometry": { "type": "Point", "coordinates": [ 126.997322, 37.503624 ] } },
{ "type": "Feature", "properties": { "stationID": "ST-192", "lat": 37.557217, "long": 126.973007 }, "geometry": { "type": "Point", "coordinates": [ 126.973007, 37.557217 ] } },
{ "type": "Feature", "properties": { "stationID": "ST-1919", "lat": 37.455631, "long": 127.080978 }, "geometry": { "type": "Point", "coordinates": [ 127.080978, 37.455631 ] } },
{ "type": "Feature", "properties": { "stationID": "ST-1918", "lat": 37.480877, "long": 127.014526 }, "geometry": { "type": "Point", "coordinates": [ 127.014526, 37.480877 ] } },
{ "type": "Feature", "properties": { "stationID": "ST-1917", "lat": 37.478203, "long": 127.008781 }, "geometry": { "type": "Point", "coordinates": [ 127.008781, 37.478203 ] } },
{ "type": "Feature", "properties": { "stationID": "ST-1916", "lat": 37.494205, "long": 126.989357 }, "geometry": { "type": "Point", "coordinates": [ 126.989357, 37.494205 ] } },
{ "type": "Feature", "properties": { "stationID": "ST-1915", "lat": 37.497795, "long": 126.987068 }, "geometry": { "type": "Point", "coordinates": [ 126.987068, 37.497795 ] } },
{ "type": "Feature", "properties": { "stationID": "ST-1914", "lat": 37.489918, "long": 126.992081 }, "geometry": { "type": "Point", "coordinates": [ 126.992081, 37.489918 ] } },
{ "type": "Feature", "properties": { "stationID": "ST-1913", "lat": 37.493771, "long": 126.990067 }, "geometry": { "type": "Point", "coordinates": [ 126.990067, 37.493771 ] } },
{ "type": "Feature", "properties": { "stationID": "ST-1912", "lat": 37.50296, "long": 126.993599 }, "geometry": { "type": "Point", "coordinates": [ 126.993599, 37.50296 ] } },
{ "type": "Feature", "properties": { "stationID": "ST-1911", "lat": 37.504787, "long": 126.999924 }, "geometry": { "type": "Point", "coordinates": [ 126.999924, 37.504787 ] } },
{ "type": "Feature", "properties": { "stationID": "ST-1910", "lat": 37.505608, "long": 127.002159 }, "geometry": { "type": "Point", "coordinates": [ 127.002159, 37.505608 ] } },
{ "type": "Feature", "properties": { "stationID": "ST-191", "lat": 37.568264, "long": 126.998116 }, "geometry": { "type": "Point", "coordinates": [ 126.998116, 37.568264 ] } },
{ "type": "Feature", "properties": { "stationID": "ST-1909", "lat": 37.507351, "long": 127.008018 }, "geometry": { "type": "Point", "coordinates": [ 127.008018, 37.507351 ] } },
{ "type": "Feature", "properties": { "stationID": "ST-1908", "lat": 37.510193, "long": 127.007256 }, "geometry": { "type": "Point", "coordinates": [ 127.007256, 37.510193 ] } },
{ "type": "Feature", "properties": { "stationID": "ST-1907", "lat": 37.506378, "long": 127.010391 }, "geometry": { "type": "Point", "coordinates": [ 127.010391, 37.506378 ] } },
{ "type": "Feature", "properties": { "stationID": "ST-1906", "lat": 37.495564, "long": 127.01918 }, "geometry": { "type": "Point", "coordinates": [ 127.01918, 37.495564 ] } },
{ "type": "Feature", "properties": { "stationID": "ST-1905", "lat": 37.495934, "long": 127.021774 }, "geometry": { "type": "Point", "coordinates": [ 127.021774, 37.495934 ] } },
{ "type": "Feature", "properties": { "stationID": "ST-1904", "lat": 37.491009, "long": 127.023521 }, "geometry": { "type": "Point", "coordinates": [ 127.023521, 37.491009 ] } },
{ "type": "Feature", "properties": { "stationID": "ST-1903", "lat": 37.487316, "long": 127.024895 }, "geometry": { "type": "Point", "coordinates": [ 127.024895, 37.487316 ] } },
{ "type": "Feature", "properties": { "stationID": "ST-1902", "lat": 37.487682, "long": 127.024788 }, "geometry": { "type": "Point", "coordinates": [ 127.024788, 37.487682 ] } },
{ "type": "Feature", "properties": { "stationID": "ST-1901", "lat": 37.454418, "long": 127.052742 }, "geometry": { "type": "Point", "coordinates": [ 127.052742, 37.454418 ] } },
{ "type": "Feature", "properties": { "stationID": "ST-1900", "lat": 37.498928, "long": 127.024727 }, "geometry": { "type": "Point", "coordinates": [ 127.024727, 37.498928 ] } },
{ "type": "Feature", "properties": { "stationID": "ST-190", "lat": 37.563717, "long": 127.018425 }, "geometry": { "type": "Point", "coordinates": [ 127.018425, 37.563717 ] } },
{ "type": "Feature", "properties": { "stationID": "ST-19", "lat": 37.547733, "long": 126.931763 }, "geometry": { "type": "Point", "coordinates": [ 126.931763, 37.547733 ] } },
{ "type": "Feature", "properties": { "stationID": "ST-1899", "lat": 37.503643, "long": 127.016022 }, "geometry": { "type": "Point", "coordinates": [ 127.016022, 37.503643 ] } },
{ "type": "Feature", "properties": { "stationID": "ST-1898", "lat": 37.488865, "long": 127.051575 }, "geometry": { "type": "Point", "coordinates": [ 127.051575, 37.488865 ] } },
{ "type": "Feature", "properties": { "stationID": "ST-1897", "lat": 37.494118, "long": 127.062904 }, "geometry": { "type": "Point", "coordinates": [ 127.062904, 37.494118 ] } },
{ "type": "Feature", "properties": { "stationID": "ST-1896", "lat": 37.500244, "long": 127.036057 }, "geometry": { "type": "Point", "coordinates": [ 127.036057, 37.500244 ] } },
{ "type": "Feature", "properties": { "stationID": "ST-1895", "lat": 37.527454, "long": 127.040428 }, "geometry": { "type": "Point", "coordinates": [ 127.040428, 37.527454 ] } },
{ "type": "Feature", "properties": { "stationID": "ST-1894", "lat": 37.482368, "long": 127.061188 }, "geometry": { "type": "Point", "coordinates": [ 127.061188, 37.482368 ] } },
{ "type": "Feature", "properties": { "stationID": "ST-1893", "lat": 37.484852, "long": 127.058373 }, "geometry": { "type": "Point", "coordinates": [ 127.058373, 37.484852 ] } },
{ "type": "Feature", "properties": { "stationID": "ST-1892", "lat": 37.468296, "long": 127.104698 }, "geometry": { "type": "Point", "coordinates": [ 127.104698, 37.468296 ] } },
{ "type": "Feature", "properties": { "stationID": "ST-1891", "lat": 37.464619, "long": 127.10685 }, "geometry": { "type": "Point", "coordinates": [ 127.10685, 37.464619 ] } },
{ "type": "Feature", "properties": { "stationID": "ST-1890", "lat": 37.463413, "long": 127.102264 }, "geometry": { "type": "Point", "coordinates": [ 127.102264, 37.463413 ] } },
{ "type": "Feature", "properties": { "stationID": "ST-189", "lat": 37.562092, "long": 127.014671 }, "geometry": { "type": "Point", "coordinates": [ 127.014671, 37.562092 ] } },
{ "type": "Feature", "properties": { "stationID": "ST-1889", "lat": 37.490837, "long": 127.08065 }, "geometry": { "type": "Point", "coordinates": [ 127.08065, 37.490837 ] } },
{ "type": "Feature", "properties": { "stationID": "ST-1888", "lat": 37.484169, "long": 127.094849 }, "geometry": { "type": "Point", "coordinates": [ 127.094849, 37.484169 ] } },
{ "type": "Feature", "properties": { "stationID": "ST-1887", "lat": 37.504673, "long": 127.025795 }, "geometry": { "type": "Point", "coordinates": [ 127.025795, 37.504673 ] } },
{ "type": "Feature", "properties": { "stationID": "ST-1886", "lat": 37.496895, "long": 127.070137 }, "geometry": { "type": "Point", "coordinates": [ 127.070137, 37.496895 ] } },
{ "type": "Feature", "properties": { "stationID": "ST-1885", "lat": 37.514309, "long": 127.0597 }, "geometry": { "type": "Point", "coordinates": [ 127.0597, 37.514309 ] } },
{ "type": "Feature", "properties": { "stationID": "ST-1884", "lat": 37.513935, "long": 127.059822 }, "geometry": { "type": "Point", "coordinates": [ 127.059822, 37.513935 ] } },
{ "type": "Feature", "properties": { "stationID": "ST-1883", "lat": 37.507999, "long": 127.04525 }, "geometry": { "type": "Point", "coordinates": [ 127.04525, 37.507999 ] } },
{ "type": "Feature", "properties": { "stationID": "ST-1882", "lat": 37.495899, "long": 127.052193 }, "geometry": { "type": "Point", "coordinates": [ 127.052193, 37.495899 ] } },
{ "type": "Feature", "properties": { "stationID": "ST-1881", "lat": 37.496674, "long": 127.053429 }, "geometry": { "type": "Point", "coordinates": [ 127.053429, 37.496674 ] } },
{ "type": "Feature", "properties": { "stationID": "ST-1880", "lat": 37.488972, "long": 127.051826 }, "geometry": { "type": "Point", "coordinates": [ 127.051826, 37.488972 ] } },
{ "type": "Feature", "properties": { "stationID": "ST-188", "lat": 37.555859, "long": 127.013855 }, "geometry": { "type": "Point", "coordinates": [ 127.013855, 37.555859 ] } },
{ "type": "Feature", "properties": { "stationID": "ST-1879", "lat": 37.490959, "long": 127.054985 }, "geometry": { "type": "Point", "coordinates": [ 127.054985, 37.490959 ] } },
{ "type": "Feature", "properties": { "stationID": "ST-1878", "lat": 37.524803, "long": 127.114639 }, "geometry": { "type": "Point", "coordinates": [ 127.114639, 37.524803 ] } },
{ "type": "Feature", "properties": { "stationID": "ST-1877", "lat": 37.47916, "long": 127.132195 }, "geometry": { "type": "Point", "coordinates": [ 127.132195, 37.47916 ] } },
{ "type": "Feature", "properties": { "stationID": "ST-1876", "lat": 37.50058, "long": 127.118843 }, "geometry": { "type": "Point", "coordinates": [ 127.118843, 37.50058 ] } },
{ "type": "Feature", "properties": { "stationID": "ST-1875", "lat": 37.509975, "long": 127.133698 }, "geometry": { "type": "Point", "coordinates": [ 127.133698, 37.509975 ] } },
{ "type": "Feature", "properties": { "stationID": "ST-1874", "lat": 37.51202, "long": 127.128647 }, "geometry": { "type": "Point", "coordinates": [ 127.128647, 37.51202 ] } },
{ "type": "Feature", "properties": { "stationID": "ST-1873", "lat": 37.508831, "long": 127.134262 }, "geometry": { "type": "Point", "coordinates": [ 127.134262, 37.508831 ] } },
{ "type": "Feature", "properties": { "stationID": "ST-1872", "lat": 37.496124, "long": 127.124802 }, "geometry": { "type": "Point", "coordinates": [ 127.124802, 37.496124 ] } },
{ "type": "Feature", "properties": { "stationID": "ST-1871", "lat": 37.47855, "long": 127.138138 }, "geometry": { "type": "Point", "coordinates": [ 127.138138, 37.47855 ] } },
{ "type": "Feature", "properties": { "stationID": "ST-1870", "lat": 37.505444, "long": 127.132332 }, "geometry": { "type": "Point", "coordinates": [ 127.132332, 37.505444 ] } },
{ "type": "Feature", "properties": { "stationID": "ST-187", "lat": 37.554295, "long": 127.0112 }, "geometry": { "type": "Point", "coordinates": [ 127.0112, 37.554295 ] } },
{ "type": "Feature", "properties": { "stationID": "ST-1869", "lat": 37.494698, "long": 127.104645 }, "geometry": { "type": "Point", "coordinates": [ 127.104645, 37.494698 ] } },
{ "type": "Feature", "properties": { "stationID": "ST-1868", "lat": 37.511009, "long": 127.101143 }, "geometry": { "type": "Point", "coordinates": [ 127.101143, 37.511009 ] } },
{ "type": "Feature", "properties": { "stationID": "ST-1867", "lat": 37.507759, "long": 127.091293 }, "geometry": { "type": "Point", "coordinates": [ 127.091293, 37.507759 ] } },
{ "type": "Feature", "properties": { "stationID": "ST-1866", "lat": 37.505505, "long": 127.106575 }, "geometry": { "type": "Point", "coordinates": [ 127.106575, 37.505505 ] } },
{ "type": "Feature", "properties": { "stationID": "ST-1865", "lat": 37.526814, "long": 127.118149 }, "geometry": { "type": "Point", "coordinates": [ 127.118149, 37.526814 ] } },
{ "type": "Feature", "properties": { "stationID": "ST-1864", "lat": 37.511463, "long": 127.078812 }, "geometry": { "type": "Point", "coordinates": [ 127.078812, 37.511463 ] } },
{ "type": "Feature", "properties": { "stationID": "ST-1863", "lat": 37.486027, "long": 127.133698 }, "geometry": { "type": "Point", "coordinates": [ 127.133698, 37.486027 ] } },
{ "type": "Feature", "properties": { "stationID": "ST-1862", "lat": 37.511295, "long": 127.086739 }, "geometry": { "type": "Point", "coordinates": [ 127.086739, 37.511295 ] } },
{ "type": "Feature", "properties": { "stationID": "ST-1861", "lat": 37.477161, "long": 127.137138 }, "geometry": { "type": "Point", "coordinates": [ 127.137138, 37.477161 ] } },
{ "type": "Feature", "properties": { "stationID": "ST-1860", "lat": 37.47818, "long": 127.147102 }, "geometry": { "type": "Point", "coordinates": [ 127.147102, 37.47818 ] } },
{ "type": "Feature", "properties": { "stationID": "ST-186", "lat": 37.558872, "long": 127.005539 }, "geometry": { "type": "Point", "coordinates": [ 127.005539, 37.558872 ] } },
{ "type": "Feature", "properties": { "stationID": "ST-1859", "lat": 37.502644, "long": 127.097397 }, "geometry": { "type": "Point", "coordinates": [ 127.097397, 37.502644 ] } },
{ "type": "Feature", "properties": { "stationID": "ST-1858", "lat": 37.497414, "long": 127.096306 }, "geometry": { "type": "Point", "coordinates": [ 127.096306, 37.497414 ] } },
{ "type": "Feature", "properties": { "stationID": "ST-1857", "lat": 37.507866, "long": 127.116989 }, "geometry": { "type": "Point", "coordinates": [ 127.116989, 37.507866 ] } },
{ "type": "Feature", "properties": { "stationID": "ST-1856", "lat": 37.485218, "long": 127.115402 }, "geometry": { "type": "Point", "coordinates": [ 127.115402, 37.485218 ] } },
{ "type": "Feature", "properties": { "stationID": "ST-1855", "lat": 37.486698, "long": 127.122444 }, "geometry": { "type": "Point", "coordinates": [ 127.122444, 37.486698 ] } },
{ "type": "Feature", "properties": { "stationID": "ST-1854", "lat": 37.491123, "long": 127.135109 }, "geometry": { "type": "Point", "coordinates": [ 127.135109, 37.491123 ] } },
{ "type": "Feature", "properties": { "stationID": "ST-1853", "lat": 37.495693, "long": 127.123856 }, "geometry": { "type": "Point", "coordinates": [ 127.123856, 37.495693 ] } },
{ "type": "Feature", "properties": { "stationID": "ST-1852", "lat": 37.495537, "long": 127.107201 }, "geometry": { "type": "Point", "coordinates": [ 127.107201, 37.495537 ] } },
{ "type": "Feature", "properties": { "stationID": "ST-1851", "lat": 37.503624, "long": 127.103554 }, "geometry": { "type": "Point", "coordinates": [ 127.103554, 37.503624 ] } },
{ "type": "Feature", "properties": { "stationID": "ST-1850", "lat": 37.556789, "long": 127.166145 }, "geometry": { "type": "Point", "coordinates": [ 127.166145, 37.556789 ] } },
{ "type": "Feature", "properties": { "stationID": "ST-185", "lat": 37.563229, "long": 126.974838 }, "geometry": { "type": "Point", "coordinates": [ 126.974838, 37.563229 ] } },
{ "type": "Feature", "properties": { "stationID": "ST-1849", "lat": 37.5606, "long": 127.146698 }, "geometry": { "type": "Point", "coordinates": [ 127.146698, 37.5606 ] } },
{ "type": "Feature", "properties": { "stationID": "ST-1848", "lat": 37.528122, "long": 127.119522 }, "geometry": { "type": "Point", "coordinates": [ 127.119522, 37.528122 ] } },
{ "type": "Feature", "properties": { "stationID": "ST-1847", "lat": 37.552174, "long": 127.144295 }, "geometry": { "type": "Point", "coordinates": [ 127.144295, 37.552174 ] } },
{ "type": "Feature", "properties": { "stationID": "ST-1846", "lat": 37.550598, "long": 127.145454 }, "geometry": { "type": "Point", "coordinates": [ 127.145454, 37.550598 ] } },
{ "type": "Feature", "properties": { "stationID": "ST-1845", "lat": 37.554569, "long": 127.145874 }, "geometry": { "type": "Point", "coordinates": [ 127.145874, 37.554569 ] } },
{ "type": "Feature", "properties": { "stationID": "ST-1844", "lat": 37.560368, "long": 127.156593 }, "geometry": { "type": "Point", "coordinates": [ 127.156593, 37.560368 ] } },
{ "type": "Feature", "properties": { "stationID": "ST-1843", "lat": 37.529087, "long": 127.148834 }, "geometry": { "type": "Point", "coordinates": [ 127.148834, 37.529087 ] } },
{ "type": "Feature", "properties": { "stationID": "ST-1842", "lat": 37.536999, "long": 127.129532 }, "geometry": { "type": "Point", "coordinates": [ 127.129532, 37.536999 ] } },
{ "type": "Feature", "properties": { "stationID": "ST-1841", "lat": 37.536831, "long": 127.128418 }, "geometry": { "type": "Point", "coordinates": [ 127.128418, 37.536831 ] } },
{ "type": "Feature", "properties": { "stationID": "ST-1840", "lat": 37.561844, "long": 127.170845 }, "geometry": { "type": "Point", "coordinates": [ 127.170845, 37.561844 ] } },
{ "type": "Feature", "properties": { "stationID": "ST-184", "lat": 37.484215, "long": 126.996292 }, "geometry": { "type": "Point", "coordinates": [ 126.996292, 37.484215 ] } },
{ "type": "Feature", "properties": { "stationID": "ST-1839", "lat": 37.521976, "long": 127.133621 }, "geometry": { "type": "Point", "coordinates": [ 127.133621, 37.521976 ] } },
{ "type": "Feature", "properties": { "stationID": "ST-1838", "lat": 37.53627, "long": 127.132469 }, "geometry": { "type": "Point", "coordinates": [ 127.132469, 37.53627 ] } },
{ "type": "Feature", "properties": { "stationID": "ST-1837", "lat": 37.539894, "long": 127.141037 }, "geometry": { "type": "Point", "coordinates": [ 127.141037, 37.539894 ] } },
{ "type": "Feature", "properties": { "stationID": "ST-1836", "lat": 37.541363, "long": 127.137184 }, "geometry": { "type": "Point", "coordinates": [ 127.137184, 37.541363 ] } },
{ "type": "Feature", "properties": { "stationID": "ST-1835", "lat": 37.546837, "long": 127.149162 }, "geometry": { "type": "Point", "coordinates": [ 127.149162, 37.546837 ] } },
{ "type": "Feature", "properties": { "stationID": "ST-1834", "lat": 37.541145, "long": 127.141052 }, "geometry": { "type": "Point", "coordinates": [ 127.141052, 37.541145 ] } },
{ "type": "Feature", "properties": { "stationID": "ST-1833", "lat": 37.554863, "long": 127.153725 }, "geometry": { "type": "Point", "coordinates": [ 127.153725, 37.554863 ] } },
{ "type": "Feature", "properties": { "stationID": "ST-1832", "lat": 37.555687, "long": 127.159912 }, "geometry": { "type": "Point", "coordinates": [ 127.159912, 37.555687 ] } },
{ "type": "Feature", "properties": { "stationID": "ST-1831", "lat": 37.555702, "long": 127.157921 }, "geometry": { "type": "Point", "coordinates": [ 127.157921, 37.555702 ] } },
{ "type": "Feature", "properties": { "stationID": "ST-1830", "lat": 37.553055, "long": 127.156883 }, "geometry": { "type": "Point", "coordinates": [ 127.156883, 37.553055 ] } },
{ "type": "Feature", "properties": { "stationID": "ST-183", "lat": 37.572105, "long": 126.960953 }, "geometry": { "type": "Point", "coordinates": [ 126.960953, 37.572105 ] } },
{ "type": "Feature", "properties": { "stationID": "ST-1829", "lat": 37.570019, "long": 126.988808 }, "geometry": { "type": "Point", "coordinates": [ 126.988808, 37.570019 ] } },
{ "type": "Feature", "properties": { "stationID": "ST-1828", "lat": 37.607601, "long": 126.957687 }, "geometry": { "type": "Point", "coordinates": [ 126.957687, 37.607601 ] } },
{ "type": "Feature", "properties": { "stationID": "ST-1827", "lat": 37.609501, "long": 126.95668 }, "geometry": { "type": "Point", "coordinates": [ 126.95668, 37.609501 ] } },
{ "type": "Feature", "properties": { "stationID": "ST-1826", "lat": 37.59726, "long": 126.963089 }, "geometry": { "type": "Point", "coordinates": [ 126.963089, 37.59726 ] } },
{ "type": "Feature", "properties": { "stationID": "ST-1825", "lat": 37.595127, "long": 126.963493 }, "geometry": { "type": "Point", "coordinates": [ 126.963493, 37.595127 ] } },
{ "type": "Feature", "properties": { "stationID": "ST-1824", "lat": 37.576668, "long": 126.955849 }, "geometry": { "type": "Point", "coordinates": [ 126.955849, 37.576668 ] } },
{ "type": "Feature", "properties": { "stationID": "ST-1823", "lat": 37.575016, "long": 126.95755 }, "geometry": { "type": "Point", "coordinates": [ 126.95755, 37.575016 ] } },
{ "type": "Feature", "properties": { "stationID": "ST-1822", "lat": 37.575291, "long": 126.968956 }, "geometry": { "type": "Point", "coordinates": [ 126.968956, 37.575291 ] } },
{ "type": "Feature", "properties": { "stationID": "ST-1821", "lat": 37.588318, "long": 126.969215 }, "geometry": { "type": "Point", "coordinates": [ 126.969215, 37.588318 ] } },
{ "type": "Feature", "properties": { "stationID": "ST-1820", "lat": 37.575836, "long": 127.000694 }, "geometry": { "type": "Point", "coordinates": [ 127.000694, 37.575836 ] } },
{ "type": "Feature", "properties": { "stationID": "ST-182", "lat": 37.575493, "long": 126.9785 }, "geometry": { "type": "Point", "coordinates": [ 126.9785, 37.575493 ] } },
{ "type": "Feature", "properties": { "stationID": "ST-1819", "lat": 37.584797, "long": 126.997131 }, "geometry": { "type": "Point", "coordinates": [ 126.997131, 37.584797 ] } },
{ "type": "Feature", "properties": { "stationID": "ST-1818", "lat": 37.583855, "long": 127.001854 }, "geometry": { "type": "Point", "coordinates": [ 127.001854, 37.583855 ] } },
{ "type": "Feature", "properties": { "stationID": "ST-1817", "lat": 37.583275, "long": 126.998856 }, "geometry": { "type": "Point", "coordinates": [ 126.998856, 37.583275 ] } },
{ "type": "Feature", "properties": { "stationID": "ST-1816", "lat": 37.581947, "long": 126.997368 }, "geometry": { "type": "Point", "coordinates": [ 126.997368, 37.581947 ] } },
{ "type": "Feature", "properties": { "stationID": "ST-1815", "lat": 37.579987, "long": 127.01506 }, "geometry": { "type": "Point", "coordinates": [ 127.01506, 37.579987 ] } },
{ "type": "Feature", "properties": { "stationID": "ST-1814", "lat": 37.577724, "long": 127.015251 }, "geometry": { "type": "Point", "coordinates": [ 127.015251, 37.577724 ] } },
{ "type": "Feature", "properties": { "stationID": "ST-1813", "lat": 37.571533, "long": 127.015617 }, "geometry": { "type": "Point", "coordinates": [ 127.015617, 37.571533 ] } },
{ "type": "Feature", "properties": { "stationID": "ST-1812", "lat": 37.571472, "long": 127.010719 }, "geometry": { "type": "Point", "coordinates": [ 127.010719, 37.571472 ] } },
{ "type": "Feature", "properties": { "stationID": "ST-1811", "lat": 37.571175, "long": 127.002228 }, "geometry": { "type": "Point", "coordinates": [ 127.002228, 37.571175 ] } },
{ "type": "Feature", "properties": { "stationID": "ST-1810", "lat": 37.5732, "long": 126.997963 }, "geometry": { "type": "Point", "coordinates": [ 126.997963, 37.5732 ] } },
{ "type": "Feature", "properties": { "stationID": "ST-181", "lat": 37.569248, "long": 126.980537 }, "geometry": { "type": "Point", "coordinates": [ 126.980537, 37.569248 ] } },
{ "type": "Feature", "properties": { "stationID": "ST-1809", "lat": 37.570313, "long": 126.994545 }, "geometry": { "type": "Point", "coordinates": [ 126.994545, 37.570313 ] } },
{ "type": "Feature", "properties": { "stationID": "ST-1808", "lat": 37.570721, "long": 126.994377 }, "geometry": { "type": "Point", "coordinates": [ 126.994377, 37.570721 ] } },
{ "type": "Feature", "properties": { "stationID": "ST-1807", "lat": 37.572468, "long": 126.99189 }, "geometry": { "type": "Point", "coordinates": [ 126.99189, 37.572468 ] } },
{ "type": "Feature", "properties": { "stationID": "ST-1806", "lat": 37.57748, "long": 126.988922 }, "geometry": { "type": "Point", "coordinates": [ 126.988922, 37.57748 ] } },
{ "type": "Feature", "properties": { "stationID": "ST-1805", "lat": 37.570705, "long": 126.983238 }, "geometry": { "type": "Point", "coordinates": [ 126.983238, 37.570705 ] } },
{ "type": "Feature", "properties": { "stationID": "ST-1804", "lat": 37.575806, "long": 126.983391 }, "geometry": { "type": "Point", "coordinates": [ 126.983391, 37.575806 ] } },
{ "type": "Feature", "properties": { "stationID": "ST-1803", "lat": 37.574078, "long": 126.975906 }, "geometry": { "type": "Point", "coordinates": [ 126.975906, 37.574078 ] } },
{ "type": "Feature", "properties": { "stationID": "ST-1802", "lat": 37.574551, "long": 126.970551 }, "geometry": { "type": "Point", "coordinates": [ 126.970551, 37.574551 ] } },
{ "type": "Feature", "properties": { "stationID": "ST-1801", "lat": 37.571854, "long": 127.002357 }, "geometry": { "type": "Point", "coordinates": [ 127.002357, 37.571854 ] } },
{ "type": "Feature", "properties": { "stationID": "ST-1800", "lat": 37.569508, "long": 126.967011 }, "geometry": { "type": "Point", "coordinates": [ 126.967011, 37.569508 ] } },
{ "type": "Feature", "properties": { "stationID": "ST-180", "lat": 37.574158, "long": 126.958519 }, "geometry": { "type": "Point", "coordinates": [ 126.958519, 37.574158 ] } },
{ "type": "Feature", "properties": { "stationID": "ST-18", "lat": 37.557438, "long": 126.923821 }, "geometry": { "type": "Point", "coordinates": [ 126.923821, 37.557438 ] } },
{ "type": "Feature", "properties": { "stationID": "ST-1799", "lat": 37.576607, "long": 127.005569 }, "geometry": { "type": "Point", "coordinates": [ 127.005569, 37.576607 ] } },
{ "type": "Feature", "properties": { "stationID": "ST-1798", "lat": 37.573761, "long": 127.013939 }, "geometry": { "type": "Point", "coordinates": [ 127.013939, 37.573761 ] } },
{ "type": "Feature", "properties": { "stationID": "ST-1797", "lat": 37.516212, "long": 127.084343 }, "geometry": { "type": "Point", "coordinates": [ 127.084343, 37.516212 ] } },
{ "type": "Feature", "properties": { "stationID": "ST-1796", "lat": 37.501667, "long": 127.137741 }, "geometry": { "type": "Point", "coordinates": [ 127.137741, 37.501667 ] } },
{ "type": "Feature", "properties": { "stationID": "ST-1795", "lat": 37.525158, "long": 127.116943 }, "geometry": { "type": "Point", "coordinates": [ 127.116943, 37.525158 ] } },
{ "type": "Feature", "properties": { "stationID": "ST-1794", "lat": 37.501495, "long": 127.147781 }, "geometry": { "type": "Point", "coordinates": [ 127.147781, 37.501495 ] } },
{ "type": "Feature", "properties": { "stationID": "ST-1793", "lat": 37.50005, "long": 127.111511 }, "geometry": { "type": "Point", "coordinates": [ 127.111511, 37.50005 ] } },
{ "type": "Feature", "properties": { "stationID": "ST-1792", "lat": 37.526299, "long": 127.109497 }, "geometry": { "type": "Point", "coordinates": [ 127.109497, 37.526299 ] } },
{ "type": "Feature", "properties": { "stationID": "ST-1791", "lat": 37.55677, "long": 126.973198 }, "geometry": { "type": "Point", "coordinates": [ 126.973198, 37.55677 ] } },
{ "type": "Feature", "properties": { "stationID": "ST-1790", "lat": 37.556149, "long": 126.977425 }, "geometry": { "type": "Point", "coordinates": [ 126.977425, 37.556149 ] } },
{ "type": "Feature", "properties": { "stationID": "ST-179", "lat": 37.566471, "long": 126.966827 }, "geometry": { "type": "Point", "coordinates": [ 126.966827, 37.566471 ] } },
{ "type": "Feature", "properties": { "stationID": "ST-1789", "lat": 37.547585, "long": 127.006439 }, "geometry": { "type": "Point", "coordinates": [ 127.006439, 37.547585 ] } },
{ "type": "Feature", "properties": { "stationID": "ST-1788", "lat": 37.55994, "long": 127.018478 }, "geometry": { "type": "Point", "coordinates": [ 127.018478, 37.55994 ] } },
{ "type": "Feature", "properties": { "stationID": "ST-1787", "lat": 37.567032, "long": 127.015793 }, "geometry": { "type": "Point", "coordinates": [ 127.015793, 37.567032 ] } },
{ "type": "Feature", "properties": { "stationID": "ST-1786", "lat": 37.554321, "long": 127.010704 }, "geometry": { "type": "Point", "coordinates": [ 127.010704, 37.554321 ] } },
{ "type": "Feature", "properties": { "stationID": "ST-1785", "lat": 37.559376, "long": 127.006027 }, "geometry": { "type": "Point", "coordinates": [ 127.006027, 37.559376 ] } },
{ "type": "Feature", "properties": { "stationID": "ST-1784", "lat": 37.556557, "long": 127.003059 }, "geometry": { "type": "Point", "coordinates": [ 127.003059, 37.556557 ] } },
{ "type": "Feature", "properties": { "stationID": "ST-1783", "lat": 37.559288, "long": 127.002686 }, "geometry": { "type": "Point", "coordinates": [ 127.002686, 37.559288 ] } },
{ "type": "Feature", "properties": { "stationID": "ST-1782", "lat": 37.56443, "long": 127.009956 }, "geometry": { "type": "Point", "coordinates": [ 127.009956, 37.56443 ] } },
{ "type": "Feature", "properties": { "stationID": "ST-1781", "lat": 37.56765, "long": 127.01181 }, "geometry": { "type": "Point", "coordinates": [ 127.01181, 37.56765 ] } },
{ "type": "Feature", "properties": { "stationID": "ST-1780", "lat": 37.566299, "long": 127.008492 }, "geometry": { "type": "Point", "coordinates": [ 127.008492, 37.566299 ] } },
{ "type": "Feature", "properties": { "stationID": "ST-178", "lat": 37.579334, "long": 127.015083 }, "geometry": { "type": "Point", "coordinates": [ 127.015083, 37.579334 ] } },
{ "type": "Feature", "properties": { "stationID": "ST-1779", "lat": 37.566051, "long": 126.997986 }, "geometry": { "type": "Point", "coordinates": [ 126.997986, 37.566051 ] } },
{ "type": "Feature", "properties": { "stationID": "ST-1778", "lat": 37.567871, "long": 126.988403 }, "geometry": { "type": "Point", "coordinates": [ 126.988403, 37.567871 ] } },
{ "type": "Feature", "properties": { "stationID": "ST-1777", "lat": 37.56036, "long": 126.982651 }, "geometry": { "type": "Point", "coordinates": [ 126.982651, 37.56036 ] } },
{ "type": "Feature", "properties": { "stationID": "ST-1776", "lat": 37.559746, "long": 126.980003 }, "geometry": { "type": "Point", "coordinates": [ 126.980003, 37.559746 ] } },
{ "type": "Feature", "properties": { "stationID": "ST-1775", "lat": 37.559231, "long": 126.980141 }, "geometry": { "type": "Point", "coordinates": [ 126.980141, 37.559231 ] } },
{ "type": "Feature", "properties": { "stationID": "ST-1774", "lat": 37.564159, "long": 126.979485 }, "geometry": { "type": "Point", "coordinates": [ 126.979485, 37.564159 ] } },
{ "type": "Feature", "properties": { "stationID": "ST-1773", "lat": 37.562214, "long": 126.980865 }, "geometry": { "type": "Point", "coordinates": [ 126.980865, 37.562214 ] } },
{ "type": "Feature", "properties": { "stationID": "ST-1772", "lat": 37.565842, "long": 126.979813 }, "geometry": { "type": "Point", "coordinates": [ 126.979813, 37.565842 ] } },
{ "type": "Feature", "properties": { "stationID": "ST-1771", "lat": 37.560154, "long": 126.974106 }, "geometry": { "type": "Point", "coordinates": [ 126.974106, 37.560154 ] } },
{ "type": "Feature", "properties": { "stationID": "ST-1770", "lat": 37.557602, "long": 126.97258 }, "geometry": { "type": "Point", "coordinates": [ 126.97258, 37.557602 ] } },
{ "type": "Feature", "properties": { "stationID": "ST-177", "lat": 37.575592, "long": 127.02285 }, "geometry": { "type": "Point", "coordinates": [ 127.02285, 37.575592 ] } },
{ "type": "Feature", "properties": { "stationID": "ST-1769", "lat": 37.562111, "long": 126.970718 }, "geometry": { "type": "Point", "coordinates": [ 126.970718, 37.562111 ] } },
{ "type": "Feature", "properties": { "stationID": "ST-1768", "lat": 37.556416, "long": 126.969193 }, "geometry": { "type": "Point", "coordinates": [ 126.969193, 37.556416 ] } },
{ "type": "Feature", "properties": { "stationID": "ST-1767", "lat": 37.55365, "long": 127.156227 }, "geometry": { "type": "Point", "coordinates": [ 127.156227, 37.55365 ] } },
{ "type": "Feature", "properties": { "stationID": "ST-1766", "lat": 37.549034, "long": 127.156052 }, "geometry": { "type": "Point", "coordinates": [ 127.156052, 37.549034 ] } },
{ "type": "Feature", "properties": { "stationID": "ST-1765", "lat": 37.537766, "long": 127.152016 }, "geometry": { "type": "Point", "coordinates": [ 127.152016, 37.537766 ] } },
{ "type": "Feature", "properties": { "stationID": "ST-1764", "lat": 37.531208, "long": 127.149269 }, "geometry": { "type": "Point", "coordinates": [ 127.149269, 37.531208 ] } },
{ "type": "Feature", "properties": { "stationID": "ST-1763", "lat": 37.527794, "long": 127.147644 }, "geometry": { "type": "Point", "coordinates": [ 127.147644, 37.527794 ] } },
{ "type": "Feature", "properties": { "stationID": "ST-1762", "lat": 37.556664, "long": 127.142738 }, "geometry": { "type": "Point", "coordinates": [ 127.142738, 37.556664 ] } },
{ "type": "Feature", "properties": { "stationID": "ST-1761", "lat": 37.559891, "long": 126.971497 }, "geometry": { "type": "Point", "coordinates": [ 126.971497, 37.559891 ] } },
{ "type": "Feature", "properties": { "stationID": "ST-1760", "lat": 37.551373, "long": 127.07444 }, "geometry": { "type": "Point", "coordinates": [ 127.07444, 37.551373 ] } },
{ "type": "Feature", "properties": { "stationID": "ST-176", "lat": 37.572235, "long": 127.023178 }, "geometry": { "type": "Point", "coordinates": [ 127.023178, 37.572235 ] } },
{ "type": "Feature", "properties": { "stationID": "ST-1759", "lat": 37.587605, "long": 126.983597 }, "geometry": { "type": "Point", "coordinates": [ 126.983597, 37.587605 ] } },
{ "type": "Feature", "properties": { "stationID": "ST-1758", "lat": 37.584129, "long": 127.057938 }, "geometry": { "type": "Point", "coordinates": [ 127.057938, 37.584129 ] } },
{ "type": "Feature", "properties": { "stationID": "ST-1757", "lat": 37.470467, "long": 126.938652 }, "geometry": { "type": "Point", "coordinates": [ 126.938652, 37.470467 ] } },
{ "type": "Feature", "properties": { "stationID": "ST-1756", "lat": 37.58419, "long": 126.981697 }, "geometry": { "type": "Point", "coordinates": [ 126.981697, 37.58419 ] } },
{ "type": "Feature", "properties": { "stationID": "ST-1755", "lat": 37.58456, "long": 126.982193 }, "geometry": { "type": "Point", "coordinates": [ 126.982193, 37.58456 ] } },
{ "type": "Feature", "properties": { "stationID": "ST-1754", "lat": 37.570122, "long": 126.881348 }, "geometry": { "type": "Point", "coordinates": [ 126.881348, 37.570122 ] } },
{ "type": "Feature", "properties": { "stationID": "ST-1753", "lat": 37.484371, "long": 126.895424 }, "geometry": { "type": "Point", "coordinates": [ 126.895424, 37.484371 ] } },
{ "type": "Feature", "properties": { "stationID": "ST-1752", "lat": 37.603512, "long": 126.962067 }, "geometry": { "type": "Point", "coordinates": [ 126.962067, 37.603512 ] } },
{ "type": "Feature", "properties": { "stationID": "ST-1751", "lat": 37.582161, "long": 126.894928 }, "geometry": { "type": "Point", "coordinates": [ 126.894928, 37.582161 ] } },
{ "type": "Feature", "properties": { "stationID": "ST-1750", "lat": 37.577908, "long": 126.798042 }, "geometry": { "type": "Point", "coordinates": [ 126.798042, 37.577908 ] } },
{ "type": "Feature", "properties": { "stationID": "ST-175", "lat": 37.573242, "long": 127.015907 }, "geometry": { "type": "Point", "coordinates": [ 127.015907, 37.573242 ] } },
{ "type": "Feature", "properties": { "stationID": "ST-1749", "lat": 37.570896, "long": 127.024956 }, "geometry": { "type": "Point", "coordinates": [ 127.024956, 37.570896 ] } },
{ "type": "Feature", "properties": { "stationID": "ST-1748", "lat": 37.5373, "long": 126.933296 }, "geometry": { "type": "Point", "coordinates": [ 126.933296, 37.5373 ] } },
{ "type": "Feature", "properties": { "stationID": "ST-1747", "lat": 37.57164, "long": 127.03566 }, "geometry": { "type": "Point", "coordinates": [ 127.03566, 37.57164 ] } },
{ "type": "Feature", "properties": { "stationID": "ST-1746", "lat": 37.604187, "long": 127.045494 }, "geometry": { "type": "Point", "coordinates": [ 127.045494, 37.604187 ] } },
{ "type": "Feature", "properties": { "stationID": "ST-1745", "lat": 37.597309, "long": 127.043785 }, "geometry": { "type": "Point", "coordinates": [ 127.043785, 37.597309 ] } },
{ "type": "Feature", "properties": { "stationID": "ST-1744", "lat": 37.46032, "long": 127.036301 }, "geometry": { "type": "Point", "coordinates": [ 127.036301, 37.46032 ] } },
{ "type": "Feature", "properties": { "stationID": "ST-1743", "lat": 37.453701, "long": 127.043182 }, "geometry": { "type": "Point", "coordinates": [ 127.043182, 37.453701 ] } },
{ "type": "Feature", "properties": { "stationID": "ST-1742", "lat": 37.488869, "long": 126.971909 }, "geometry": { "type": "Point", "coordinates": [ 126.971909, 37.488869 ] } },
{ "type": "Feature", "properties": { "stationID": "ST-1741", "lat": 37.532291, "long": 126.914009 }, "geometry": { "type": "Point", "coordinates": [ 126.914009, 37.532291 ] } },
{ "type": "Feature", "properties": { "stationID": "ST-1740", "lat": 37.628189, "long": 127.082108 }, "geometry": { "type": "Point", "coordinates": [ 127.082108, 37.628189 ] } },
{ "type": "Feature", "properties": { "stationID": "ST-174", "lat": 37.576061, "long": 126.997681 }, "geometry": { "type": "Point", "coordinates": [ 126.997681, 37.576061 ] } },
{ "type": "Feature", "properties": { "stationID": "ST-1739", "lat": 37.48399, "long": 126.982346 }, "geometry": { "type": "Point", "coordinates": [ 126.982346, 37.48399 ] } },
{ "type": "Feature", "properties": { "stationID": "ST-1736", "lat": 37.543949, "long": 126.883461 }, "geometry": { "type": "Point", "coordinates": [ 126.883461, 37.543949 ] } },
{ "type": "Feature", "properties": { "stationID": "ST-1735", "lat": 37.48304, "long": 127.021461 }, "geometry": { "type": "Point", "coordinates": [ 127.021461, 37.48304 ] } },
{ "type": "Feature", "properties": { "stationID": "ST-1734", "lat": 37.467999, "long": 126.886841 }, "geometry": { "type": "Point", "coordinates": [ 126.886841, 37.467999 ] } },
{ "type": "Feature", "properties": { "stationID": "ST-1733", "lat": 37.512329, "long": 126.886833 }, "geometry": { "type": "Point", "coordinates": [ 126.886833, 37.512329 ] } },
{ "type": "Feature", "properties": { "stationID": "ST-1732", "lat": 37.495258, "long": 126.830658 }, "geometry": { "type": "Point", "coordinates": [ 126.830658, 37.495258 ] } },
{ "type": "Feature", "properties": { "stationID": "ST-1731", "lat": 37.524776, "long": 126.875481 }, "geometry": { "type": "Point", "coordinates": [ 126.875481, 37.524776 ] } },
{ "type": "Feature", "properties": { "stationID": "ST-1730", "lat": 37.509979, "long": 127.112312 }, "geometry": { "type": "Point", "coordinates": [ 127.112312, 37.509979 ] } },
{ "type": "Feature", "properties": { "stationID": "ST-173", "lat": 37.5825, "long": 126.998535 }, "geometry": { "type": "Point", "coordinates": [ 126.998535, 37.5825 ] } },
{ "type": "Feature", "properties": { "stationID": "ST-1729", "lat": 37.502338, "long": 127.096443 }, "geometry": { "type": "Point", "coordinates": [ 127.096443, 37.502338 ] } },
{ "type": "Feature", "properties": { "stationID": "ST-1728", "lat": 37.504711, "long": 127.087563 }, "geometry": { "type": "Point", "coordinates": [ 127.087563, 37.504711 ] } },
{ "type": "Feature", "properties": { "stationID": "ST-1727", "lat": 37.56918, "long": 126.819443 }, "geometry": { "type": "Point", "coordinates": [ 126.819443, 37.56918 ] } },
{ "type": "Feature", "properties": { "stationID": "ST-1726", "lat": 37.648891, "long": 127.023018 }, "geometry": { "type": "Point", "coordinates": [ 127.023018, 37.648891 ] } },
{ "type": "Feature", "properties": { "stationID": "ST-1725", "lat": 37.622688, "long": 127.037811 }, "geometry": { "type": "Point", "coordinates": [ 127.037811, 37.622688 ] } },
{ "type": "Feature", "properties": { "stationID": "ST-1724", "lat": 37.617752, "long": 127.035706 }, "geometry": { "type": "Point", "coordinates": [ 127.035706, 37.617752 ] } },
{ "type": "Feature", "properties": { "stationID": "ST-1723", "lat": 37.603909, "long": 127.037376 }, "geometry": { "type": "Point", "coordinates": [ 127.037376, 37.603909 ] } },
{ "type": "Feature", "properties": { "stationID": "ST-1722", "lat": 37.544987, "long": 127.089806 }, "geometry": { "type": "Point", "coordinates": [ 127.089806, 37.544987 ] } },
{ "type": "Feature", "properties": { "stationID": "ST-1721", "lat": 37.546501, "long": 126.980949 }, "geometry": { "type": "Point", "coordinates": [ 126.980949, 37.546501 ] } },
{ "type": "Feature", "properties": { "stationID": "ST-1720", "lat": 37.516258, "long": 127.130592 }, "geometry": { "type": "Point", "coordinates": [ 127.130592, 37.516258 ] } },
{ "type": "Feature", "properties": { "stationID": "ST-172", "lat": 37.577145, "long": 127.00206 }, "geometry": { "type": "Point", "coordinates": [ 127.00206, 37.577145 ] } },
{ "type": "Feature", "properties": { "stationID": "ST-1719", "lat": 37.516659, "long": 127.116257 }, "geometry": { "type": "Point", "coordinates": [ 127.116257, 37.516659 ] } },
{ "type": "Feature", "properties": { "stationID": "ST-1718", "lat": 37.565201, "long": 126.827316 }, "geometry": { "type": "Point", "coordinates": [ 126.827316, 37.565201 ] } },
{ "type": "Feature", "properties": { "stationID": "ST-1717", "lat": 37.496181, "long": 127.138031 }, "geometry": { "type": "Point", "coordinates": [ 127.138031, 37.496181 ] } },
{ "type": "Feature", "properties": { "stationID": "ST-1716", "lat": 37.497047, "long": 127.14035 }, "geometry": { "type": "Point", "coordinates": [ 127.14035, 37.497047 ] } },
{ "type": "Feature", "properties": { "stationID": "ST-1715", "lat": 37.56255, "long": 126.827438 }, "geometry": { "type": "Point", "coordinates": [ 126.827438, 37.56255 ] } },
{ "type": "Feature", "properties": { "stationID": "ST-1714", "lat": 37.560261, "long": 126.835464 }, "geometry": { "type": "Point", "coordinates": [ 126.835464, 37.560261 ] } },
{ "type": "Feature", "properties": { "stationID": "ST-1713", "lat": 37.568241, "long": 126.835831 }, "geometry": { "type": "Point", "coordinates": [ 126.835831, 37.568241 ] } },
{ "type": "Feature", "properties": { "stationID": "ST-1712", "lat": 37.564129, "long": 126.834312 }, "geometry": { "type": "Point", "coordinates": [ 126.834312, 37.564129 ] } },
{ "type": "Feature", "properties": { "stationID": "ST-1711", "lat": 37.563301, "long": 126.836823 }, "geometry": { "type": "Point", "coordinates": [ 126.836823, 37.563301 ] } },
{ "type": "Feature", "properties": { "stationID": "ST-1710", "lat": 37.55545, "long": 126.826897 }, "geometry": { "type": "Point", "coordinates": [ 126.826897, 37.55545 ] } },
{ "type": "Feature", "properties": { "stationID": "ST-171", "lat": 37.576508, "long": 127.002457 }, "geometry": { "type": "Point", "coordinates": [ 127.002457, 37.576508 ] } },
{ "type": "Feature", "properties": { "stationID": "ST-1709", "lat": 37.560501, "long": 126.826653 }, "geometry": { "type": "Point", "coordinates": [ 126.826653, 37.560501 ] } },
{ "type": "Feature", "properties": { "stationID": "ST-1708", "lat": 37.571381, "long": 126.828339 }, "geometry": { "type": "Point", "coordinates": [ 126.828339, 37.571381 ] } },
{ "type": "Feature", "properties": { "stationID": "ST-1707", "lat": 37.48835, "long": 127.120781 }, "geometry": { "type": "Point", "coordinates": [ 127.120781, 37.48835 ] } },
{ "type": "Feature", "properties": { "stationID": "ST-1706", "lat": 37.501862, "long": 127.117233 }, "geometry": { "type": "Point", "coordinates": [ 127.117233, 37.501862 ] } },
{ "type": "Feature", "properties": { "stationID": "ST-1705", "lat": 37.516781, "long": 127.090492 }, "geometry": { "type": "Point", "coordinates": [ 127.090492, 37.516781 ] } },
{ "type": "Feature", "properties": { "stationID": "ST-1704", "lat": 37.491703, "long": 127.088226 }, "geometry": { "type": "Point", "coordinates": [ 127.088226, 37.491703 ] } },
{ "type": "Feature", "properties": { "stationID": "ST-1703", "lat": 37.472969, "long": 127.112228 }, "geometry": { "type": "Point", "coordinates": [ 127.112228, 37.472969 ] } },
{ "type": "Feature", "properties": { "stationID": "ST-1702", "lat": 37.489628, "long": 126.94593 }, "geometry": { "type": "Point", "coordinates": [ 126.94593, 37.489628 ] } },
{ "type": "Feature", "properties": { "stationID": "ST-1701", "lat": 37.529171, "long": 126.907578 }, "geometry": { "type": "Point", "coordinates": [ 126.907578, 37.529171 ] } },
{ "type": "Feature", "properties": { "stationID": "ST-1700", "lat": 37.51012, "long": 126.904068 }, "geometry": { "type": "Point", "coordinates": [ 126.904068, 37.51012 ] } },
{ "type": "Feature", "properties": { "stationID": "ST-170", "lat": 37.579155, "long": 126.98896 }, "geometry": { "type": "Point", "coordinates": [ 126.98896, 37.579155 ] } },
{ "type": "Feature", "properties": { "stationID": "ST-17", "lat": 37.59116, "long": 126.94133 }, "geometry": { "type": "Point", "coordinates": [ 126.94133, 37.59116 ] } },
{ "type": "Feature", "properties": { "stationID": "ST-1699", "lat": 37.51413, "long": 126.899391 }, "geometry": { "type": "Point", "coordinates": [ 126.899391, 37.51413 ] } },
{ "type": "Feature", "properties": { "stationID": "ST-1698", "lat": 37.531509, "long": 126.897827 }, "geometry": { "type": "Point", "coordinates": [ 126.897827, 37.531509 ] } },
{ "type": "Feature", "properties": { "stationID": "ST-1697", "lat": 37.499809, "long": 126.898003 }, "geometry": { "type": "Point", "coordinates": [ 126.898003, 37.499809 ] } },
{ "type": "Feature", "properties": { "stationID": "ST-1696", "lat": 37.498569, "long": 126.871521 }, "geometry": { "type": "Point", "coordinates": [ 126.871521, 37.498569 ] } },
{ "type": "Feature", "properties": { "stationID": "ST-1695", "lat": 37.578449, "long": 126.798973 }, "geometry": { "type": "Point", "coordinates": [ 126.798973, 37.578449 ] } },
{ "type": "Feature", "properties": { "stationID": "ST-1694", "lat": 37.547821, "long": 126.836128 }, "geometry": { "type": "Point", "coordinates": [ 126.836128, 37.547821 ] } },
{ "type": "Feature", "properties": { "stationID": "ST-1693", "lat": 37.535522, "long": 126.943909 }, "geometry": { "type": "Point", "coordinates": [ 126.943909, 37.535522 ] } },
{ "type": "Feature", "properties": { "stationID": "ST-1692", "lat": 37.56472, "long": 126.906769 }, "geometry": { "type": "Point", "coordinates": [ 126.906769, 37.56472 ] } },
{ "type": "Feature", "properties": { "stationID": "ST-1691", "lat": 37.54847, "long": 126.940926 }, "geometry": { "type": "Point", "coordinates": [ 126.940926, 37.54847 ] } },
{ "type": "Feature", "properties": { "stationID": "ST-1690", "lat": 37.541248, "long": 127.06604 }, "geometry": { "type": "Point", "coordinates": [ 127.06604, 37.541248 ] } },
{ "type": "Feature", "properties": { "stationID": "ST-169", "lat": 37.579388, "long": 126.984947 }, "geometry": { "type": "Point", "coordinates": [ 126.984947, 37.579388 ] } },
{ "type": "Feature", "properties": { "stationID": "ST-1689", "lat": 37.560242, "long": 126.827164 }, "geometry": { "type": "Point", "coordinates": [ 126.827164, 37.560242 ] } },
{ "type": "Feature", "properties": { "stationID": "ST-1688", "lat": 37.559471, "long": 126.832077 }, "geometry": { "type": "Point", "coordinates": [ 126.832077, 37.559471 ] } },
{ "type": "Feature", "properties": { "stationID": "ST-1687", "lat": 37.52393, "long": 127.129128 }, "geometry": { "type": "Point", "coordinates": [ 127.129128, 37.52393 ] } },
{ "type": "Feature", "properties": { "stationID": "ST-1686", "lat": 37.563793, "long": 127.132835 }, "geometry": { "type": "Point", "coordinates": [ 127.132835, 37.563793 ] } },
{ "type": "Feature", "properties": { "stationID": "ST-1685", "lat": 37.48872, "long": 127.109825 }, "geometry": { "type": "Point", "coordinates": [ 127.109825, 37.48872 ] } },
{ "type": "Feature", "properties": { "stationID": "ST-1684", "lat": 37.536419, "long": 127.116165 }, "geometry": { "type": "Point", "coordinates": [ 127.116165, 37.536419 ] } },
{ "type": "Feature", "properties": { "stationID": "ST-1683", "lat": 37.510452, "long": 127.106407 }, "geometry": { "type": "Point", "coordinates": [ 127.106407, 37.510452 ] } },
{ "type": "Feature", "properties": { "stationID": "ST-1682", "lat": 37.520489, "long": 127.135201 }, "geometry": { "type": "Point", "coordinates": [ 127.135201, 37.520489 ] } },
{ "type": "Feature", "properties": { "stationID": "ST-1681", "lat": 37.514992, "long": 127.106117 }, "geometry": { "type": "Point", "coordinates": [ 127.106117, 37.514992 ] } },
{ "type": "Feature", "properties": { "stationID": "ST-1680", "lat": 37.499599, "long": 127.033752 }, "geometry": { "type": "Point", "coordinates": [ 127.033752, 37.499599 ] } },
{ "type": "Feature", "properties": { "stationID": "ST-168", "lat": 37.583416, "long": 126.985237 }, "geometry": { "type": "Point", "coordinates": [ 126.985237, 37.583416 ] } },
{ "type": "Feature", "properties": { "stationID": "ST-1679", "lat": 37.492062, "long": 127.030746 }, "geometry": { "type": "Point", "coordinates": [ 127.030746, 37.492062 ] } },
{ "type": "Feature", "properties": { "stationID": "ST-1678", "lat": 37.471828, "long": 126.933922 }, "geometry": { "type": "Point", "coordinates": [ 126.933922, 37.471828 ] } },
{ "type": "Feature", "properties": { "stationID": "ST-1677", "lat": 37.528099, "long": 126.893387 }, "geometry": { "type": "Point", "coordinates": [ 126.893387, 37.528099 ] } },
{ "type": "Feature", "properties": { "stationID": "ST-1676", "lat": 37.55302, "long": 126.818367 }, "geometry": { "type": "Point", "coordinates": [ 126.818367, 37.55302 ] } },
{ "type": "Feature", "properties": { "stationID": "ST-1675", "lat": 37.556591, "long": 126.94619 }, "geometry": { "type": "Point", "coordinates": [ 126.94619, 37.556591 ] } },
{ "type": "Feature", "properties": { "stationID": "ST-1674", "lat": 37.602329, "long": 126.906548 }, "geometry": { "type": "Point", "coordinates": [ 126.906548, 37.602329 ] } },
{ "type": "Feature", "properties": { "stationID": "ST-1673", "lat": 37.633659, "long": 126.911697 }, "geometry": { "type": "Point", "coordinates": [ 126.911697, 37.633659 ] } },
{ "type": "Feature", "properties": { "stationID": "ST-1672", "lat": 37.664188, "long": 127.06601 }, "geometry": { "type": "Point", "coordinates": [ 127.06601, 37.664188 ] } },
{ "type": "Feature", "properties": { "stationID": "ST-1671", "lat": 37.594891, "long": 127.063026 }, "geometry": { "type": "Point", "coordinates": [ 127.063026, 37.594891 ] } },
{ "type": "Feature", "properties": { "stationID": "ST-1670", "lat": 37.556862, "long": 126.975616 }, "geometry": { "type": "Point", "coordinates": [ 126.975616, 37.556862 ] } },
{ "type": "Feature", "properties": { "stationID": "ST-167", "lat": 37.584969, "long": 126.970413 }, "geometry": { "type": "Point", "coordinates": [ 126.970413, 37.584969 ] } },
{ "type": "Feature", "properties": { "stationID": "ST-1669", "lat": 37.561489, "long": 127.023933 }, "geometry": { "type": "Point", "coordinates": [ 127.023933, 37.561489 ] } },
{ "type": "Feature", "properties": { "stationID": "ST-1668", "lat": 37.566345, "long": 126.982292 }, "geometry": { "type": "Point", "coordinates": [ 126.982292, 37.566345 ] } },
{ "type": "Feature", "properties": { "stationID": "ST-1667", "lat": 37.496601, "long": 126.953682 }, "geometry": { "type": "Point", "coordinates": [ 126.953682, 37.496601 ] } },
{ "type": "Feature", "properties": { "stationID": "ST-1665", "lat": 37.615459, "long": 127.029701 }, "geometry": { "type": "Point", "coordinates": [ 127.029701, 37.615459 ] } },
{ "type": "Feature", "properties": { "stationID": "ST-1664", "lat": 37.548489, "long": 127.093758 }, "geometry": { "type": "Point", "coordinates": [ 127.093758, 37.548489 ] } },
{ "type": "Feature", "properties": { "stationID": "ST-1663", "lat": 37.531811, "long": 127.080742 }, "geometry": { "type": "Point", "coordinates": [ 127.080742, 37.531811 ] } },
{ "type": "Feature", "properties": { "stationID": "ST-1662", "lat": 37.559158, "long": 127.087517 }, "geometry": { "type": "Point", "coordinates": [ 127.087517, 37.559158 ] } },
{ "type": "Feature", "properties": { "stationID": "ST-1661", "lat": 37.540081, "long": 127.069565 }, "geometry": { "type": "Point", "coordinates": [ 127.069565, 37.540081 ] } },
{ "type": "Feature", "properties": { "stationID": "ST-1660", "lat": 37.539295, "long": 127.070786 }, "geometry": { "type": "Point", "coordinates": [ 127.070786, 37.539295 ] } },
{ "type": "Feature", "properties": { "stationID": "ST-166", "lat": 37.574245, "long": 126.973213 }, "geometry": { "type": "Point", "coordinates": [ 126.973213, 37.574245 ] } },
{ "type": "Feature", "properties": { "stationID": "ST-1659", "lat": 37.550892, "long": 127.044762 }, "geometry": { "type": "Point", "coordinates": [ 127.044762, 37.550892 ] } },
{ "type": "Feature", "properties": { "stationID": "ST-1658", "lat": 37.47065, "long": 127.127113 }, "geometry": { "type": "Point", "coordinates": [ 127.127113, 37.47065 ] } },
{ "type": "Feature", "properties": { "stationID": "ST-1657", "lat": 37.481174, "long": 127.143616 }, "geometry": { "type": "Point", "coordinates": [ 127.143616, 37.481174 ] } },
{ "type": "Feature", "properties": { "stationID": "ST-1656", "lat": 37.471954, "long": 127.127098 }, "geometry": { "type": "Point", "coordinates": [ 127.127098, 37.471954 ] } },
{ "type": "Feature", "properties": { "stationID": "ST-1655", "lat": 37.498363, "long": 126.99115 }, "geometry": { "type": "Point", "coordinates": [ 126.99115, 37.498363 ] } },
{ "type": "Feature", "properties": { "stationID": "ST-1654", "lat": 37.482826, "long": 127.042732 }, "geometry": { "type": "Point", "coordinates": [ 127.042732, 37.482826 ] } },
{ "type": "Feature", "properties": { "stationID": "ST-1653", "lat": 37.525768, "long": 126.905739 }, "geometry": { "type": "Point", "coordinates": [ 126.905739, 37.525768 ] } },
{ "type": "Feature", "properties": { "stationID": "ST-1652", "lat": 37.494572, "long": 126.89975 }, "geometry": { "type": "Point", "coordinates": [ 126.89975, 37.494572 ] } },
{ "type": "Feature", "properties": { "stationID": "ST-1651", "lat": 37.499859, "long": 126.89724 }, "geometry": { "type": "Point", "coordinates": [ 126.89724, 37.499859 ] } },
{ "type": "Feature", "properties": { "stationID": "ST-1650", "lat": 37.518211, "long": 126.902229 }, "geometry": { "type": "Point", "coordinates": [ 126.902229, 37.518211 ] } },
{ "type": "Feature", "properties": { "stationID": "ST-165", "lat": 37.576332, "long": 126.96859 }, "geometry": { "type": "Point", "coordinates": [ 126.96859, 37.576332 ] } },
{ "type": "Feature", "properties": { "stationID": "ST-1649", "lat": 37.522518, "long": 126.907219 }, "geometry": { "type": "Point", "coordinates": [ 126.907219, 37.522518 ] } },
{ "type": "Feature", "properties": { "stationID": "ST-1648", "lat": 37.437271, "long": 126.902687 }, "geometry": { "type": "Point", "coordinates": [ 126.902687, 37.437271 ] } },
{ "type": "Feature", "properties": { "stationID": "ST-1647", "lat": 37.554729, "long": 126.816093 }, "geometry": { "type": "Point", "coordinates": [ 126.816093, 37.554729 ] } },
{ "type": "Feature", "properties": { "stationID": "ST-1646", "lat": 37.562901, "long": 126.849472 }, "geometry": { "type": "Point", "coordinates": [ 126.849472, 37.562901 ] } },
{ "type": "Feature", "properties": { "stationID": "ST-1645", "lat": 37.55645, "long": 126.815979 }, "geometry": { "type": "Point", "coordinates": [ 126.815979, 37.55645 ] } },
{ "type": "Feature", "properties": { "stationID": "ST-1644", "lat": 37.56963, "long": 126.933311 }, "geometry": { "type": "Point", "coordinates": [ 126.933311, 37.56963 ] } },
{ "type": "Feature", "properties": { "stationID": "ST-1643", "lat": 37.574909, "long": 126.926147 }, "geometry": { "type": "Point", "coordinates": [ 126.926147, 37.574909 ] } },
{ "type": "Feature", "properties": { "stationID": "ST-1642", "lat": 37.660728, "long": 127.065132 }, "geometry": { "type": "Point", "coordinates": [ 127.065132, 37.660728 ] } },
{ "type": "Feature", "properties": { "stationID": "ST-1641", "lat": 37.65773, "long": 127.059311 }, "geometry": { "type": "Point", "coordinates": [ 127.059311, 37.65773 ] } },
{ "type": "Feature", "properties": { "stationID": "ST-1640", "lat": 37.665249, "long": 127.057892 }, "geometry": { "type": "Point", "coordinates": [ 127.057892, 37.665249 ] } },
{ "type": "Feature", "properties": { "stationID": "ST-164", "lat": 37.484215, "long": 126.996292 }, "geometry": { "type": "Point", "coordinates": [ 126.996292, 37.484215 ] } },
{ "type": "Feature", "properties": { "stationID": "ST-1639", "lat": 37.665661, "long": 127.057297 }, "geometry": { "type": "Point", "coordinates": [ 127.057297, 37.665661 ] } },
{ "type": "Feature", "properties": { "stationID": "ST-1638", "lat": 37.645199, "long": 127.032982 }, "geometry": { "type": "Point", "coordinates": [ 127.032982, 37.645199 ] } },
{ "type": "Feature", "properties": { "stationID": "ST-1637", "lat": 37.602356, "long": 127.039078 }, "geometry": { "type": "Point", "coordinates": [ 127.039078, 37.602356 ] } },
{ "type": "Feature", "properties": { "stationID": "ST-1636", "lat": 37.586445, "long": 127.031601 }, "geometry": { "type": "Point", "coordinates": [ 127.031601, 37.586445 ] } },
{ "type": "Feature", "properties": { "stationID": "ST-1635", "lat": 37.58839, "long": 127.005608 }, "geometry": { "type": "Point", "coordinates": [ 127.005608, 37.58839 ] } },
{ "type": "Feature", "properties": { "stationID": "ST-1634", "lat": 37.59454, "long": 126.995209 }, "geometry": { "type": "Point", "coordinates": [ 126.995209, 37.59454 ] } },
{ "type": "Feature", "properties": { "stationID": "ST-1633", "lat": 37.609131, "long": 127.030029 }, "geometry": { "type": "Point", "coordinates": [ 127.030029, 37.609131 ] } },
{ "type": "Feature", "properties": { "stationID": "ST-1632", "lat": 37.577999, "long": 127.037628 }, "geometry": { "type": "Point", "coordinates": [ 127.037628, 37.577999 ] } },
{ "type": "Feature", "properties": { "stationID": "ST-1631", "lat": 37.57835, "long": 127.033386 }, "geometry": { "type": "Point", "coordinates": [ 127.033386, 37.57835 ] } },
{ "type": "Feature", "properties": { "stationID": "ST-1630", "lat": 37.572884, "long": 127.066048 }, "geometry": { "type": "Point", "coordinates": [ 127.066048, 37.572884 ] } },
{ "type": "Feature", "properties": { "stationID": "ST-163", "lat": 37.565331, "long": 127.007843 }, "geometry": { "type": "Point", "coordinates": [ 127.007843, 37.565331 ] } },
{ "type": "Feature", "properties": { "stationID": "ST-1629", "lat": 37.575546, "long": 127.048813 }, "geometry": { "type": "Point", "coordinates": [ 127.048813, 37.575546 ] } },
{ "type": "Feature", "properties": { "stationID": "ST-1628", "lat": 37.587238, "long": 127.043137 }, "geometry": { "type": "Point", "coordinates": [ 127.043137, 37.587238 ] } },
{ "type": "Feature", "properties": { "stationID": "ST-1627", "lat": 37.531311, "long": 127.111282 }, "geometry": { "type": "Point", "coordinates": [ 127.111282, 37.531311 ] } },
{ "type": "Feature", "properties": { "stationID": "ST-1626", "lat": 37.538227, "long": 127.131744 }, "geometry": { "type": "Point", "coordinates": [ 127.131744, 37.538227 ] } },
{ "type": "Feature", "properties": { "stationID": "ST-1625", "lat": 37.594601, "long": 127.051971 }, "geometry": { "type": "Point", "coordinates": [ 127.051971, 37.594601 ] } },
{ "type": "Feature", "properties": { "stationID": "ST-1623", "lat": 37.553482, "long": 127.165054 }, "geometry": { "type": "Point", "coordinates": [ 127.165054, 37.553482 ] } },
{ "type": "Feature", "properties": { "stationID": "ST-1622", "lat": 37.551079, "long": 127.162598 }, "geometry": { "type": "Point", "coordinates": [ 127.162598, 37.551079 ] } },
{ "type": "Feature", "properties": { "stationID": "ST-1621", "lat": 37.546898, "long": 127.134666 }, "geometry": { "type": "Point", "coordinates": [ 127.134666, 37.546898 ] } },
{ "type": "Feature", "properties": { "stationID": "ST-1620", "lat": 37.54467, "long": 127.132675 }, "geometry": { "type": "Point", "coordinates": [ 127.132675, 37.54467 ] } },
{ "type": "Feature", "properties": { "stationID": "ST-162", "lat": 37.568962, "long": 127.010147 }, "geometry": { "type": "Point", "coordinates": [ 127.010147, 37.568962 ] } },
{ "type": "Feature", "properties": { "stationID": "ST-1619", "lat": 37.574364, "long": 126.972366 }, "geometry": { "type": "Point", "coordinates": [ 126.972366, 37.574364 ] } },
{ "type": "Feature", "properties": { "stationID": "ST-1618", "lat": 37.56068, "long": 127.026779 }, "geometry": { "type": "Point", "coordinates": [ 127.026779, 37.56068 ] } },
{ "type": "Feature", "properties": { "stationID": "ST-1617", "lat": 37.554779, "long": 127.024841 }, "geometry": { "type": "Point", "coordinates": [ 127.024841, 37.554779 ] } },
{ "type": "Feature", "properties": { "stationID": "ST-1616", "lat": 37.560146, "long": 127.02636 }, "geometry": { "type": "Point", "coordinates": [ 127.02636, 37.560146 ] } },
{ "type": "Feature", "properties": { "stationID": "ST-1615", "lat": 37.5327, "long": 126.964378 }, "geometry": { "type": "Point", "coordinates": [ 126.964378, 37.5327 ] } },
{ "type": "Feature", "properties": { "stationID": "ST-1614", "lat": 37.62038, "long": 127.01368 }, "geometry": { "type": "Point", "coordinates": [ 127.01368, 37.62038 ] } },
{ "type": "Feature", "properties": { "stationID": "ST-1613", "lat": 37.571259, "long": 126.962563 }, "geometry": { "type": "Point", "coordinates": [ 126.962563, 37.571259 ] } },
{ "type": "Feature", "properties": { "stationID": "ST-1612", "lat": 37.574261, "long": 126.989502 }, "geometry": { "type": "Point", "coordinates": [ 126.989502, 37.574261 ] } },
{ "type": "Feature", "properties": { "stationID": "ST-1611", "lat": 37.569893, "long": 126.97757 }, "geometry": { "type": "Point", "coordinates": [ 126.97757, 37.569893 ] } },
{ "type": "Feature", "properties": { "stationID": "ST-1610", "lat": 37.57132, "long": 127.00721 }, "geometry": { "type": "Point", "coordinates": [ 127.00721, 37.57132 ] } },
{ "type": "Feature", "properties": { "stationID": "ST-161", "lat": 37.573307, "long": 127.00071 }, "geometry": { "type": "Point", "coordinates": [ 127.00071, 37.573307 ] } },
{ "type": "Feature", "properties": { "stationID": "ST-1609", "lat": 37.574471, "long": 127.019829 }, "geometry": { "type": "Point", "coordinates": [ 127.019829, 37.574471 ] } },
{ "type": "Feature", "properties": { "stationID": "ST-1608", "lat": 37.570961, "long": 127.006058 }, "geometry": { "type": "Point", "coordinates": [ 127.006058, 37.570961 ] } },
{ "type": "Feature", "properties": { "stationID": "ST-1607", "lat": 37.570358, "long": 126.986382 }, "geometry": { "type": "Point", "coordinates": [ 126.986382, 37.570358 ] } },
{ "type": "Feature", "properties": { "stationID": "ST-1606", "lat": 37.57114, "long": 127.000671 }, "geometry": { "type": "Point", "coordinates": [ 127.000671, 37.57114 ] } },
{ "type": "Feature", "properties": { "stationID": "ST-1605", "lat": 37.571239, "long": 127.00441 }, "geometry": { "type": "Point", "coordinates": [ 127.00441, 37.571239 ] } },
{ "type": "Feature", "properties": { "stationID": "ST-1604", "lat": 37.64233, "long": 127.00779 }, "geometry": { "type": "Point", "coordinates": [ 127.00779, 37.64233 ] } },
{ "type": "Feature", "properties": { "stationID": "ST-1603", "lat": 37.549789, "long": 127.075928 }, "geometry": { "type": "Point", "coordinates": [ 127.075928, 37.549789 ] } },
{ "type": "Feature", "properties": { "stationID": "ST-1602", "lat": 37.550598, "long": 127.110512 }, "geometry": { "type": "Point", "coordinates": [ 127.110512, 37.550598 ] } },
{ "type": "Feature", "properties": { "stationID": "ST-1601", "lat": 37.56179, "long": 127.024391 }, "geometry": { "type": "Point", "coordinates": [ 127.024391, 37.56179 ] } },
{ "type": "Feature", "properties": { "stationID": "ST-1600", "lat": 37.55093, "long": 127.04834 }, "geometry": { "type": "Point", "coordinates": [ 127.04834, 37.55093 ] } },
{ "type": "Feature", "properties": { "stationID": "ST-160", "lat": 37.5742, "long": 127.006592 }, "geometry": { "type": "Point", "coordinates": [ 127.006592, 37.5742 ] } },
{ "type": "Feature", "properties": { "stationID": "ST-16", "lat": 37.549202, "long": 126.923203 }, "geometry": { "type": "Point", "coordinates": [ 126.923203, 37.549202 ] } },
{ "type": "Feature", "properties": { "stationID": "ST-1599", "lat": 37.546089, "long": 127.02507 }, "geometry": { "type": "Point", "coordinates": [ 127.02507, 37.546089 ] } },
{ "type": "Feature", "properties": { "stationID": "ST-1598", "lat": 37.555809, "long": 127.173744 }, "geometry": { "type": "Point", "coordinates": [ 127.173744, 37.555809 ] } },
{ "type": "Feature", "properties": { "stationID": "ST-1597", "lat": 37.563354, "long": 127.179054 }, "geometry": { "type": "Point", "coordinates": [ 127.179054, 37.563354 ] } },
{ "type": "Feature", "properties": { "stationID": "ST-1596", "lat": 37.540508, "long": 127.137009 }, "geometry": { "type": "Point", "coordinates": [ 127.137009, 37.540508 ] } },
{ "type": "Feature", "properties": { "stationID": "ST-1595", "lat": 37.560028, "long": 127.169678 }, "geometry": { "type": "Point", "coordinates": [ 127.169678, 37.560028 ] } },
{ "type": "Feature", "properties": { "stationID": "ST-1594", "lat": 37.562546, "long": 127.164482 }, "geometry": { "type": "Point", "coordinates": [ 127.164482, 37.562546 ] } },
{ "type": "Feature", "properties": { "stationID": "ST-1593", "lat": 37.55645, "long": 127.156822 }, "geometry": { "type": "Point", "coordinates": [ 127.156822, 37.55645 ] } },
{ "type": "Feature", "properties": { "stationID": "ST-1592", "lat": 37.480953, "long": 127.130104 }, "geometry": { "type": "Point", "coordinates": [ 127.130104, 37.480953 ] } },
{ "type": "Feature", "properties": { "stationID": "ST-1591", "lat": 37.477291, "long": 127.137894 }, "geometry": { "type": "Point", "coordinates": [ 127.137894, 37.477291 ] } },
{ "type": "Feature", "properties": { "stationID": "ST-1590", "lat": 37.506748, "long": 127.098831 }, "geometry": { "type": "Point", "coordinates": [ 127.098831, 37.506748 ] } },
{ "type": "Feature", "properties": { "stationID": "ST-159", "lat": 37.575611, "long": 127.0047 }, "geometry": { "type": "Point", "coordinates": [ 127.0047, 37.575611 ] } },
{ "type": "Feature", "properties": { "stationID": "ST-1589", "lat": 37.506939, "long": 127.139221 }, "geometry": { "type": "Point", "coordinates": [ 127.139221, 37.506939 ] } },
{ "type": "Feature", "properties": { "stationID": "ST-1588", "lat": 37.519878, "long": 127.136711 }, "geometry": { "type": "Point", "coordinates": [ 127.136711, 37.519878 ] } },
{ "type": "Feature", "properties": { "stationID": "ST-1587", "lat": 37.511501, "long": 127.102119 }, "geometry": { "type": "Point", "coordinates": [ 127.102119, 37.511501 ] } },
{ "type": "Feature", "properties": { "stationID": "ST-1586", "lat": 37.509201, "long": 127.104118 }, "geometry": { "type": "Point", "coordinates": [ 127.104118, 37.509201 ] } },
{ "type": "Feature", "properties": { "stationID": "ST-1585", "lat": 37.508678, "long": 127.103432 }, "geometry": { "type": "Point", "coordinates": [ 127.103432, 37.508678 ] } },
{ "type": "Feature", "properties": { "stationID": "ST-1584", "lat": 37.513962, "long": 127.100304 }, "geometry": { "type": "Point", "coordinates": [ 127.100304, 37.513962 ] } },
{ "type": "Feature", "properties": { "stationID": "ST-1583", "lat": 37.509731, "long": 127.097687 }, "geometry": { "type": "Point", "coordinates": [ 127.097687, 37.509731 ] } },
{ "type": "Feature", "properties": { "stationID": "ST-1582", "lat": 37.506561, "long": 127.096558 }, "geometry": { "type": "Point", "coordinates": [ 127.096558, 37.506561 ] } },
{ "type": "Feature", "properties": { "stationID": "ST-1581", "lat": 37.50737, "long": 127.118103 }, "geometry": { "type": "Point", "coordinates": [ 127.118103, 37.50737 ] } },
{ "type": "Feature", "properties": { "stationID": "ST-1580", "lat": 37.521938, "long": 127.131866 }, "geometry": { "type": "Point", "coordinates": [ 127.131866, 37.521938 ] } },
{ "type": "Feature", "properties": { "stationID": "ST-158", "lat": 37.580444, "long": 127.002342 }, "geometry": { "type": "Point", "coordinates": [ 127.002342, 37.580444 ] } },
{ "type": "Feature", "properties": { "stationID": "ST-1579", "lat": 37.474583, "long": 127.137543 }, "geometry": { "type": "Point", "coordinates": [ 127.137543, 37.474583 ] } },
{ "type": "Feature", "properties": { "stationID": "ST-1578", "lat": 37.477341, "long": 127.113274 }, "geometry": { "type": "Point", "coordinates": [ 127.113274, 37.477341 ] } },
{ "type": "Feature", "properties": { "stationID": "ST-1577", "lat": 37.49847, "long": 127.030113 }, "geometry": { "type": "Point", "coordinates": [ 127.030113, 37.49847 ] } },
{ "type": "Feature", "properties": { "stationID": "ST-1576", "lat": 37.517571, "long": 127.023643 }, "geometry": { "type": "Point", "coordinates": [ 127.023643, 37.517571 ] } },
{ "type": "Feature", "properties": { "stationID": "ST-1575", "lat": 37.518711, "long": 127.05085 }, "geometry": { "type": "Point", "coordinates": [ 127.05085, 37.518711 ] } },
{ "type": "Feature", "properties": { "stationID": "ST-1574", "lat": 37.49181, "long": 127.073158 }, "geometry": { "type": "Point", "coordinates": [ 127.073158, 37.49181 ] } },
{ "type": "Feature", "properties": { "stationID": "ST-1573", "lat": 37.48872, "long": 127.074539 }, "geometry": { "type": "Point", "coordinates": [ 127.074539, 37.48872 ] } },
{ "type": "Feature", "properties": { "stationID": "ST-1572", "lat": 37.489792, "long": 127.081223 }, "geometry": { "type": "Point", "coordinates": [ 127.081223, 37.489792 ] } },
{ "type": "Feature", "properties": { "stationID": "ST-1571", "lat": 37.486561, "long": 127.082672 }, "geometry": { "type": "Point", "coordinates": [ 127.082672, 37.486561 ] } },
{ "type": "Feature", "properties": { "stationID": "ST-1570", "lat": 37.48349, "long": 127.083702 }, "geometry": { "type": "Point", "coordinates": [ 127.083702, 37.48349 ] } },
{ "type": "Feature", "properties": { "stationID": "ST-157", "lat": 37.58157, "long": 127.001785 }, "geometry": { "type": "Point", "coordinates": [ 127.001785, 37.58157 ] } },
{ "type": "Feature", "properties": { "stationID": "ST-1569", "lat": 37.482849, "long": 127.080162 }, "geometry": { "type": "Point", "coordinates": [ 127.080162, 37.482849 ] } },
{ "type": "Feature", "properties": { "stationID": "ST-1568", "lat": 37.50811, "long": 127.039452 }, "geometry": { "type": "Point", "coordinates": [ 127.039452, 37.50811 ] } },
{ "type": "Feature", "properties": { "stationID": "ST-1567", "lat": 37.509682, "long": 127.037918 }, "geometry": { "type": "Point", "coordinates": [ 127.037918, 37.509682 ] } },
{ "type": "Feature", "properties": { "stationID": "ST-1566", "lat": 37.485741, "long": 127.051048 }, "geometry": { "type": "Point", "coordinates": [ 127.051048, 37.485741 ] } },
{ "type": "Feature", "properties": { "stationID": "ST-1565", "lat": 37.47929, "long": 127.055733 }, "geometry": { "type": "Point", "coordinates": [ 127.055733, 37.47929 ] } },
{ "type": "Feature", "properties": { "stationID": "ST-1564", "lat": 37.480251, "long": 127.054192 }, "geometry": { "type": "Point", "coordinates": [ 127.054192, 37.480251 ] } },
{ "type": "Feature", "properties": { "stationID": "ST-1563", "lat": 37.472, "long": 127.051338 }, "geometry": { "type": "Point", "coordinates": [ 127.051338, 37.472 ] } },
{ "type": "Feature", "properties": { "stationID": "ST-1562", "lat": 37.474472, "long": 127.05545 }, "geometry": { "type": "Point", "coordinates": [ 127.05545, 37.474472 ] } },
{ "type": "Feature", "properties": { "stationID": "ST-1561", "lat": 37.475986, "long": 127.059624 }, "geometry": { "type": "Point", "coordinates": [ 127.059624, 37.475986 ] } },
{ "type": "Feature", "properties": { "stationID": "ST-1560", "lat": 37.480881, "long": 127.063042 }, "geometry": { "type": "Point", "coordinates": [ 127.063042, 37.480881 ] } },
{ "type": "Feature", "properties": { "stationID": "ST-156", "lat": 37.585629, "long": 127.000679 }, "geometry": { "type": "Point", "coordinates": [ 127.000679, 37.585629 ] } },
{ "type": "Feature", "properties": { "stationID": "ST-1559", "lat": 37.48616, "long": 127.067238 }, "geometry": { "type": "Point", "coordinates": [ 127.067238, 37.48616 ] } },
{ "type": "Feature", "properties": { "stationID": "ST-1558", "lat": 37.455879, "long": 127.058167 }, "geometry": { "type": "Point", "coordinates": [ 127.058167, 37.455879 ] } },
{ "type": "Feature", "properties": { "stationID": "ST-1557", "lat": 37.479092, "long": 126.990677 }, "geometry": { "type": "Point", "coordinates": [ 126.990677, 37.479092 ] } },
{ "type": "Feature", "properties": { "stationID": "ST-1556", "lat": 37.493259, "long": 127.029533 }, "geometry": { "type": "Point", "coordinates": [ 127.029533, 37.493259 ] } },
{ "type": "Feature", "properties": { "stationID": "ST-1555", "lat": 37.515881, "long": 127.019302 }, "geometry": { "type": "Point", "coordinates": [ 127.019302, 37.515881 ] } },
{ "type": "Feature", "properties": { "stationID": "ST-1554", "lat": 37.503601, "long": 127.020782 }, "geometry": { "type": "Point", "coordinates": [ 127.020782, 37.503601 ] } },
{ "type": "Feature", "properties": { "stationID": "ST-1553", "lat": 37.491951, "long": 127.008553 }, "geometry": { "type": "Point", "coordinates": [ 127.008553, 37.491951 ] } },
{ "type": "Feature", "properties": { "stationID": "ST-1552", "lat": 37.450661, "long": 127.05706 }, "geometry": { "type": "Point", "coordinates": [ 127.05706, 37.450661 ] } },
{ "type": "Feature", "properties": { "stationID": "ST-1551", "lat": 37.463379, "long": 126.931969 }, "geometry": { "type": "Point", "coordinates": [ 126.931969, 37.463379 ] } },
{ "type": "Feature", "properties": { "stationID": "ST-1550", "lat": 37.464001, "long": 126.931252 }, "geometry": { "type": "Point", "coordinates": [ 126.931252, 37.464001 ] } },
{ "type": "Feature", "properties": { "stationID": "ST-155", "lat": 37.571068, "long": 126.998192 }, "geometry": { "type": "Point", "coordinates": [ 126.998192, 37.571068 ] } },
{ "type": "Feature", "properties": { "stationID": "ST-1549", "lat": 37.487511, "long": 126.927788 }, "geometry": { "type": "Point", "coordinates": [ 126.927788, 37.487511 ] } },
{ "type": "Feature", "properties": { "stationID": "ST-1548", "lat": 37.482189, "long": 126.946159 }, "geometry": { "type": "Point", "coordinates": [ 126.946159, 37.482189 ] } },
{ "type": "Feature", "properties": { "stationID": "ST-1547", "lat": 37.467094, "long": 126.949326 }, "geometry": { "type": "Point", "coordinates": [ 126.949326, 37.467094 ] } },
{ "type": "Feature", "properties": { "stationID": "ST-1546", "lat": 37.486824, "long": 126.912834 }, "geometry": { "type": "Point", "coordinates": [ 126.912834, 37.486824 ] } },
{ "type": "Feature", "properties": { "stationID": "ST-1545", "lat": 37.51392, "long": 126.943069 }, "geometry": { "type": "Point", "coordinates": [ 126.943069, 37.51392 ] } },
{ "type": "Feature", "properties": { "stationID": "ST-1544", "lat": 37.488159, "long": 126.966476 }, "geometry": { "type": "Point", "coordinates": [ 126.966476, 37.488159 ] } },
{ "type": "Feature", "properties": { "stationID": "ST-1543", "lat": 37.497669, "long": 126.919868 }, "geometry": { "type": "Point", "coordinates": [ 126.919868, 37.497669 ] } },
{ "type": "Feature", "properties": { "stationID": "ST-1542", "lat": 37.489399, "long": 126.907112 }, "geometry": { "type": "Point", "coordinates": [ 126.907112, 37.489399 ] } },
{ "type": "Feature", "properties": { "stationID": "ST-1541", "lat": 37.48753, "long": 126.904877 }, "geometry": { "type": "Point", "coordinates": [ 126.904877, 37.48753 ] } },
{ "type": "Feature", "properties": { "stationID": "ST-1540", "lat": 37.498241, "long": 126.893982 }, "geometry": { "type": "Point", "coordinates": [ 126.893982, 37.498241 ] } },
{ "type": "Feature", "properties": { "stationID": "ST-154", "lat": 37.570957, "long": 126.997124 }, "geometry": { "type": "Point", "coordinates": [ 126.997124, 37.570957 ] } },
{ "type": "Feature", "properties": { "stationID": "ST-1539", "lat": 37.532101, "long": 126.89444 }, "geometry": { "type": "Point", "coordinates": [ 126.89444, 37.532101 ] } },
{ "type": "Feature", "properties": { "stationID": "ST-1538", "lat": 37.46056, "long": 126.887093 }, "geometry": { "type": "Point", "coordinates": [ 126.887093, 37.46056 ] } },
{ "type": "Feature", "properties": { "stationID": "ST-1537", "lat": 37.478409, "long": 126.907372 }, "geometry": { "type": "Point", "coordinates": [ 126.907372, 37.478409 ] } },
{ "type": "Feature", "properties": { "stationID": "ST-1536", "lat": 37.451321, "long": 126.897621 }, "geometry": { "type": "Point", "coordinates": [ 126.897621, 37.451321 ] } },
{ "type": "Feature", "properties": { "stationID": "ST-1535", "lat": 37.47818, "long": 126.897408 }, "geometry": { "type": "Point", "coordinates": [ 126.897408, 37.47818 ] } },
{ "type": "Feature", "properties": { "stationID": "ST-1534", "lat": 37.472481, "long": 126.895866 }, "geometry": { "type": "Point", "coordinates": [ 126.895866, 37.472481 ] } },
{ "type": "Feature", "properties": { "stationID": "ST-1533", "lat": 37.451771, "long": 126.913399 }, "geometry": { "type": "Point", "coordinates": [ 126.913399, 37.451771 ] } },
{ "type": "Feature", "properties": { "stationID": "ST-1532", "lat": 37.492649, "long": 126.876183 }, "geometry": { "type": "Point", "coordinates": [ 126.876183, 37.492649 ] } },
{ "type": "Feature", "properties": { "stationID": "ST-1531", "lat": 37.495399, "long": 126.87101 }, "geometry": { "type": "Point", "coordinates": [ 126.87101, 37.495399 ] } },
{ "type": "Feature", "properties": { "stationID": "ST-1530", "lat": 37.49596, "long": 126.874039 }, "geometry": { "type": "Point", "coordinates": [ 126.874039, 37.49596 ] } },
{ "type": "Feature", "properties": { "stationID": "ST-153", "lat": 37.578979, "long": 126.996475 }, "geometry": { "type": "Point", "coordinates": [ 126.996475, 37.578979 ] } },
{ "type": "Feature", "properties": { "stationID": "ST-1529", "lat": 37.496998, "long": 126.87178 }, "geometry": { "type": "Point", "coordinates": [ 126.87178, 37.496998 ] } },
{ "type": "Feature", "properties": { "stationID": "ST-1528", "lat": 37.48938, "long": 126.834198 }, "geometry": { "type": "Point", "coordinates": [ 126.834198, 37.48938 ] } },
{ "type": "Feature", "properties": { "stationID": "ST-1527", "lat": 37.491798, "long": 126.83242 }, "geometry": { "type": "Point", "coordinates": [ 126.83242, 37.491798 ] } },
{ "type": "Feature", "properties": { "stationID": "ST-1526", "lat": 37.496761, "long": 126.844963 }, "geometry": { "type": "Point", "coordinates": [ 126.844963, 37.496761 ] } },
{ "type": "Feature", "properties": { "stationID": "ST-1525", "lat": 37.495941, "long": 126.844002 }, "geometry": { "type": "Point", "coordinates": [ 126.844002, 37.495941 ] } },
{ "type": "Feature", "properties": { "stationID": "ST-1524", "lat": 37.506168, "long": 126.860229 }, "geometry": { "type": "Point", "coordinates": [ 126.860229, 37.506168 ] } },
{ "type": "Feature", "properties": { "stationID": "ST-1523", "lat": 37.50605, "long": 126.860786 }, "geometry": { "type": "Point", "coordinates": [ 126.860786, 37.50605 ] } },
{ "type": "Feature", "properties": { "stationID": "ST-1522", "lat": 37.490341, "long": 126.860931 }, "geometry": { "type": "Point", "coordinates": [ 126.860931, 37.490341 ] } },
{ "type": "Feature", "properties": { "stationID": "ST-1521", "lat": 37.484859, "long": 126.895187 }, "geometry": { "type": "Point", "coordinates": [ 126.895187, 37.484859 ] } },
{ "type": "Feature", "properties": { "stationID": "ST-1520", "lat": 37.548286, "long": 126.853569 }, "geometry": { "type": "Point", "coordinates": [ 126.853569, 37.548286 ] } },
{ "type": "Feature", "properties": { "stationID": "ST-152", "lat": 37.561447, "long": 126.993111 }, "geometry": { "type": "Point", "coordinates": [ 126.993111, 37.561447 ] } },
{ "type": "Feature", "properties": { "stationID": "ST-1519", "lat": 37.556877, "long": 126.848808 }, "geometry": { "type": "Point", "coordinates": [ 126.848808, 37.556877 ] } },
{ "type": "Feature", "properties": { "stationID": "ST-1518", "lat": 37.551044, "long": 126.818497 }, "geometry": { "type": "Point", "coordinates": [ 126.818497, 37.551044 ] } },
{ "type": "Feature", "properties": { "stationID": "ST-1517", "lat": 37.557468, "long": 126.82972 }, "geometry": { "type": "Point", "coordinates": [ 126.82972, 37.557468 ] } },
{ "type": "Feature", "properties": { "stationID": "ST-1516", "lat": 37.562099, "long": 126.839256 }, "geometry": { "type": "Point", "coordinates": [ 126.839256, 37.562099 ] } },
{ "type": "Feature", "properties": { "stationID": "ST-1515", "lat": 37.572472, "long": 126.806168 }, "geometry": { "type": "Point", "coordinates": [ 126.806168, 37.572472 ] } },
{ "type": "Feature", "properties": { "stationID": "ST-1514", "lat": 37.55011, "long": 126.823677 }, "geometry": { "type": "Point", "coordinates": [ 126.823677, 37.55011 ] } },
{ "type": "Feature", "properties": { "stationID": "ST-1513", "lat": 37.567921, "long": 126.805473 }, "geometry": { "type": "Point", "coordinates": [ 126.805473, 37.567921 ] } },
{ "type": "Feature", "properties": { "stationID": "ST-1512", "lat": 37.554379, "long": 126.857536 }, "geometry": { "type": "Point", "coordinates": [ 126.857536, 37.554379 ] } },
{ "type": "Feature", "properties": { "stationID": "ST-1511", "lat": 37.556614, "long": 126.851166 }, "geometry": { "type": "Point", "coordinates": [ 126.851166, 37.556614 ] } },
{ "type": "Feature", "properties": { "stationID": "ST-1510", "lat": 37.556736, "long": 126.853073 }, "geometry": { "type": "Point", "coordinates": [ 126.853073, 37.556736 ] } },
{ "type": "Feature", "properties": { "stationID": "ST-151", "lat": 37.570194, "long": 126.991653 }, "geometry": { "type": "Point", "coordinates": [ 126.991653, 37.570194 ] } },
{ "type": "Feature", "properties": { "stationID": "ST-1509", "lat": 37.561249, "long": 126.86058 }, "geometry": { "type": "Point", "coordinates": [ 126.86058, 37.561249 ] } },
{ "type": "Feature", "properties": { "stationID": "ST-1508", "lat": 37.550049, "long": 126.873161 }, "geometry": { "type": "Point", "coordinates": [ 126.873161, 37.550049 ] } },
{ "type": "Feature", "properties": { "stationID": "ST-1507", "lat": 37.549179, "long": 126.868797 }, "geometry": { "type": "Point", "coordinates": [ 126.868797, 37.549179 ] } },
{ "type": "Feature", "properties": { "stationID": "ST-1506", "lat": 37.547199, "long": 126.874489 }, "geometry": { "type": "Point", "coordinates": [ 126.874489, 37.547199 ] } },
{ "type": "Feature", "properties": { "stationID": "ST-1505", "lat": 37.531029, "long": 126.875893 }, "geometry": { "type": "Point", "coordinates": [ 126.875893, 37.531029 ] } },
{ "type": "Feature", "properties": { "stationID": "ST-1504", "lat": 37.510658, "long": 126.859161 }, "geometry": { "type": "Point", "coordinates": [ 126.859161, 37.510658 ] } },
{ "type": "Feature", "properties": { "stationID": "ST-1503", "lat": 37.524742, "long": 126.877663 }, "geometry": { "type": "Point", "coordinates": [ 126.877663, 37.524742 ] } },
{ "type": "Feature", "properties": { "stationID": "ST-1502", "lat": 37.53582, "long": 126.863632 }, "geometry": { "type": "Point", "coordinates": [ 126.863632, 37.53582 ] } },
{ "type": "Feature", "properties": { "stationID": "ST-1501", "lat": 37.506821, "long": 126.844299 }, "geometry": { "type": "Point", "coordinates": [ 126.844299, 37.506821 ] } },
{ "type": "Feature", "properties": { "stationID": "ST-1500", "lat": 37.524071, "long": 126.8386 }, "geometry": { "type": "Point", "coordinates": [ 126.8386, 37.524071 ] } },
{ "type": "Feature", "properties": { "stationID": "ST-150", "lat": 37.570599, "long": 126.991791 }, "geometry": { "type": "Point", "coordinates": [ 126.991791, 37.570599 ] } },
{ "type": "Feature", "properties": { "stationID": "ST-15", "lat": 37.547871, "long": 126.923531 }, "geometry": { "type": "Point", "coordinates": [ 126.923531, 37.547871 ] } },
{ "type": "Feature", "properties": { "stationID": "ST-1499", "lat": 37.514721, "long": 126.8592 }, "geometry": { "type": "Point", "coordinates": [ 126.8592, 37.514721 ] } },
{ "type": "Feature", "properties": { "stationID": "ST-1498", "lat": 37.514278, "long": 126.828743 }, "geometry": { "type": "Point", "coordinates": [ 126.828743, 37.514278 ] } },
{ "type": "Feature", "properties": { "stationID": "ST-1497", "lat": 37.52668, "long": 126.876167 }, "geometry": { "type": "Point", "coordinates": [ 126.876167, 37.52668 ] } },
{ "type": "Feature", "properties": { "stationID": "ST-1496", "lat": 37.537869, "long": 126.881409 }, "geometry": { "type": "Point", "coordinates": [ 126.881409, 37.537869 ] } },
{ "type": "Feature", "properties": { "stationID": "ST-1495", "lat": 37.541142, "long": 126.876678 }, "geometry": { "type": "Point", "coordinates": [ 126.876678, 37.541142 ] } },
{ "type": "Feature", "properties": { "stationID": "ST-1494", "lat": 37.563339, "long": 126.908203 }, "geometry": { "type": "Point", "coordinates": [ 126.908203, 37.563339 ] } },
{ "type": "Feature", "properties": { "stationID": "ST-1493", "lat": 37.597149, "long": 126.93853 }, "geometry": { "type": "Point", "coordinates": [ 126.93853, 37.597149 ] } },
{ "type": "Feature", "properties": { "stationID": "ST-1492", "lat": 37.558128, "long": 126.956207 }, "geometry": { "type": "Point", "coordinates": [ 126.956207, 37.558128 ] } },
{ "type": "Feature", "properties": { "stationID": "ST-1491", "lat": 37.5867, "long": 126.94677 }, "geometry": { "type": "Point", "coordinates": [ 126.94677, 37.5867 ] } },
{ "type": "Feature", "properties": { "stationID": "ST-1490", "lat": 37.643394, "long": 126.932137 }, "geometry": { "type": "Point", "coordinates": [ 126.932137, 37.643394 ] } },
{ "type": "Feature", "properties": { "stationID": "ST-149", "lat": 37.577705, "long": 126.991783 }, "geometry": { "type": "Point", "coordinates": [ 126.991783, 37.577705 ] } },
{ "type": "Feature", "properties": { "stationID": "ST-1489", "lat": 37.64209, "long": 126.929413 }, "geometry": { "type": "Point", "coordinates": [ 126.929413, 37.64209 ] } },
{ "type": "Feature", "properties": { "stationID": "ST-1488", "lat": 37.608498, "long": 126.931999 }, "geometry": { "type": "Point", "coordinates": [ 126.931999, 37.608498 ] } },
{ "type": "Feature", "properties": { "stationID": "ST-1487", "lat": 37.609447, "long": 126.934677 }, "geometry": { "type": "Point", "coordinates": [ 126.934677, 37.609447 ] } },
{ "type": "Feature", "properties": { "stationID": "ST-1486", "lat": 37.593479, "long": 126.923187 }, "geometry": { "type": "Point", "coordinates": [ 126.923187, 37.593479 ] } },
{ "type": "Feature", "properties": { "stationID": "ST-1485", "lat": 37.616543, "long": 126.925125 }, "geometry": { "type": "Point", "coordinates": [ 126.925125, 37.616543 ] } },
{ "type": "Feature", "properties": { "stationID": "ST-1484", "lat": 37.612801, "long": 126.932175 }, "geometry": { "type": "Point", "coordinates": [ 126.932175, 37.612801 ] } },
{ "type": "Feature", "properties": { "stationID": "ST-1483", "lat": 37.639259, "long": 126.918907 }, "geometry": { "type": "Point", "coordinates": [ 126.918907, 37.639259 ] } },
{ "type": "Feature", "properties": { "stationID": "ST-1482", "lat": 37.61097, "long": 126.92981 }, "geometry": { "type": "Point", "coordinates": [ 126.92981, 37.61097 ] } },
{ "type": "Feature", "properties": { "stationID": "ST-1481", "lat": 37.638252, "long": 126.919456 }, "geometry": { "type": "Point", "coordinates": [ 126.919456, 37.638252 ] } },
{ "type": "Feature", "properties": { "stationID": "ST-1480", "lat": 37.643185, "long": 126.915092 }, "geometry": { "type": "Point", "coordinates": [ 126.915092, 37.643185 ] } },
{ "type": "Feature", "properties": { "stationID": "ST-148", "lat": 37.56599, "long": 126.987793 }, "geometry": { "type": "Point", "coordinates": [ 126.987793, 37.56599 ] } },
{ "type": "Feature", "properties": { "stationID": "ST-1479", "lat": 37.600361, "long": 126.922813 }, "geometry": { "type": "Point", "coordinates": [ 126.922813, 37.600361 ] } },
{ "type": "Feature", "properties": { "stationID": "ST-1478", "lat": 37.597439, "long": 126.920036 }, "geometry": { "type": "Point", "coordinates": [ 126.920036, 37.597439 ] } },
{ "type": "Feature", "properties": { "stationID": "ST-1477", "lat": 37.668846, "long": 127.053329 }, "geometry": { "type": "Point", "coordinates": [ 127.053329, 37.668846 ] } },
{ "type": "Feature", "properties": { "stationID": "ST-1476", "lat": 37.66114, "long": 127.058052 }, "geometry": { "type": "Point", "coordinates": [ 127.058052, 37.66114 ] } },
{ "type": "Feature", "properties": { "stationID": "ST-1475", "lat": 37.64819, "long": 127.080482 }, "geometry": { "type": "Point", "coordinates": [ 127.080482, 37.64819 ] } },
{ "type": "Feature", "properties": { "stationID": "ST-1474", "lat": 37.61832, "long": 127.07563 }, "geometry": { "type": "Point", "coordinates": [ 127.07563, 37.61832 ] } },
{ "type": "Feature", "properties": { "stationID": "ST-1473", "lat": 37.650459, "long": 127.080887 }, "geometry": { "type": "Point", "coordinates": [ 127.080887, 37.650459 ] } },
{ "type": "Feature", "properties": { "stationID": "ST-1472", "lat": 37.66687, "long": 127.035873 }, "geometry": { "type": "Point", "coordinates": [ 127.035873, 37.66687 ] } },
{ "type": "Feature", "properties": { "stationID": "ST-1471", "lat": 37.638859, "long": 127.041176 }, "geometry": { "type": "Point", "coordinates": [ 127.041176, 37.638859 ] } },
{ "type": "Feature", "properties": { "stationID": "ST-1470", "lat": 37.646309, "long": 127.052742 }, "geometry": { "type": "Point", "coordinates": [ 127.052742, 37.646309 ] } },
{ "type": "Feature", "properties": { "stationID": "ST-147", "lat": 37.566383, "long": 126.987206 }, "geometry": { "type": "Point", "coordinates": [ 126.987206, 37.566383 ] } },
{ "type": "Feature", "properties": { "stationID": "ST-1469", "lat": 37.639702, "long": 127.038834 }, "geometry": { "type": "Point", "coordinates": [ 127.038834, 37.639702 ] } },
{ "type": "Feature", "properties": { "stationID": "ST-1468", "lat": 37.652241, "long": 127.037064 }, "geometry": { "type": "Point", "coordinates": [ 127.037064, 37.652241 ] } },
{ "type": "Feature", "properties": { "stationID": "ST-1467", "lat": 37.679119, "long": 127.044983 }, "geometry": { "type": "Point", "coordinates": [ 127.044983, 37.679119 ] } },
{ "type": "Feature", "properties": { "stationID": "ST-1466", "lat": 37.65815, "long": 127.032669 }, "geometry": { "type": "Point", "coordinates": [ 127.032669, 37.65815 ] } },
{ "type": "Feature", "properties": { "stationID": "ST-1465", "lat": 37.662979, "long": 127.041939 }, "geometry": { "type": "Point", "coordinates": [ 127.041939, 37.662979 ] } },
{ "type": "Feature", "properties": { "stationID": "ST-1464", "lat": 37.667599, "long": 127.042999 }, "geometry": { "type": "Point", "coordinates": [ 127.042999, 37.667599 ] } },
{ "type": "Feature", "properties": { "stationID": "ST-1463", "lat": 37.68763, "long": 127.042213 }, "geometry": { "type": "Point", "coordinates": [ 127.042213, 37.68763 ] } },
{ "type": "Feature", "properties": { "stationID": "ST-1462", "lat": 37.687592, "long": 127.045502 }, "geometry": { "type": "Point", "coordinates": [ 127.045502, 37.687592 ] } },
{ "type": "Feature", "properties": { "stationID": "ST-1461", "lat": 37.68401, "long": 127.045792 }, "geometry": { "type": "Point", "coordinates": [ 127.045792, 37.68401 ] } },
{ "type": "Feature", "properties": { "stationID": "ST-1460", "lat": 37.591396, "long": 127.020157 }, "geometry": { "type": "Point", "coordinates": [ 127.020157, 37.591396 ] } },
{ "type": "Feature", "properties": { "stationID": "ST-146", "lat": 37.568165, "long": 126.984978 }, "geometry": { "type": "Point", "coordinates": [ 126.984978, 37.568165 ] } },
{ "type": "Feature", "properties": { "stationID": "ST-1459", "lat": 37.604298, "long": 127.022614 }, "geometry": { "type": "Point", "coordinates": [ 127.022614, 37.604298 ] } },
{ "type": "Feature", "properties": { "stationID": "ST-1458", "lat": 37.59972, "long": 127.040382 }, "geometry": { "type": "Point", "coordinates": [ 127.040382, 37.59972 ] } },
{ "type": "Feature", "properties": { "stationID": "ST-1457", "lat": 37.593361, "long": 126.999092 }, "geometry": { "type": "Point", "coordinates": [ 126.999092, 37.593361 ] } },
{ "type": "Feature", "properties": { "stationID": "ST-1456", "lat": 37.590172, "long": 127.004089 }, "geometry": { "type": "Point", "coordinates": [ 127.004089, 37.590172 ] } },
{ "type": "Feature", "properties": { "stationID": "ST-1455", "lat": 37.583752, "long": 127.02195 }, "geometry": { "type": "Point", "coordinates": [ 127.02195, 37.583752 ] } },
{ "type": "Feature", "properties": { "stationID": "ST-1454", "lat": 37.585197, "long": 127.019669 }, "geometry": { "type": "Point", "coordinates": [ 127.019669, 37.585197 ] } },
{ "type": "Feature", "properties": { "stationID": "ST-1453", "lat": 37.6036, "long": 127.089561 }, "geometry": { "type": "Point", "coordinates": [ 127.089561, 37.6036 ] } },
{ "type": "Feature", "properties": { "stationID": "ST-1452", "lat": 37.579845, "long": 127.092766 }, "geometry": { "type": "Point", "coordinates": [ 127.092766, 37.579845 ] } },
{ "type": "Feature", "properties": { "stationID": "ST-1451", "lat": 37.59734, "long": 127.093086 }, "geometry": { "type": "Point", "coordinates": [ 127.093086, 37.59734 ] } },
{ "type": "Feature", "properties": { "stationID": "ST-1450", "lat": 37.586769, "long": 127.04776 }, "geometry": { "type": "Point", "coordinates": [ 127.04776, 37.586769 ] } },
{ "type": "Feature", "properties": { "stationID": "ST-145", "lat": 37.568485, "long": 126.987885 }, "geometry": { "type": "Point", "coordinates": [ 126.987885, 37.568485 ] } },
{ "type": "Feature", "properties": { "stationID": "ST-1449", "lat": 37.577621, "long": 127.052109 }, "geometry": { "type": "Point", "coordinates": [ 127.052109, 37.577621 ] } },
{ "type": "Feature", "properties": { "stationID": "ST-1448", "lat": 37.603088, "long": 127.062202 }, "geometry": { "type": "Point", "coordinates": [ 127.062202, 37.603088 ] } },
{ "type": "Feature", "properties": { "stationID": "ST-1447", "lat": 37.57653, "long": 127.065941 }, "geometry": { "type": "Point", "coordinates": [ 127.065941, 37.57653 ] } },
{ "type": "Feature", "properties": { "stationID": "ST-1446", "lat": 37.527149, "long": 126.955162 }, "geometry": { "type": "Point", "coordinates": [ 126.955162, 37.527149 ] } },
{ "type": "Feature", "properties": { "stationID": "ST-1445", "lat": 37.533798, "long": 126.98867 }, "geometry": { "type": "Point", "coordinates": [ 126.98867, 37.533798 ] } },
{ "type": "Feature", "properties": { "stationID": "ST-1444", "lat": 37.522781, "long": 126.961029 }, "geometry": { "type": "Point", "coordinates": [ 126.961029, 37.522781 ] } },
{ "type": "Feature", "properties": { "stationID": "ST-1443", "lat": 37.52961, "long": 126.968872 }, "geometry": { "type": "Point", "coordinates": [ 126.968872, 37.52961 ] } },
{ "type": "Feature", "properties": { "stationID": "ST-1442", "lat": 37.523651, "long": 126.970268 }, "geometry": { "type": "Point", "coordinates": [ 126.970268, 37.523651 ] } },
{ "type": "Feature", "properties": { "stationID": "ST-1441", "lat": 37.52401, "long": 127.00145 }, "geometry": { "type": "Point", "coordinates": [ 127.00145, 37.52401 ] } },
{ "type": "Feature", "properties": { "stationID": "ST-1440", "lat": 37.571014, "long": 127.019745 }, "geometry": { "type": "Point", "coordinates": [ 127.019745, 37.571014 ] } },
{ "type": "Feature", "properties": { "stationID": "ST-144", "lat": 37.570396, "long": 126.98819 }, "geometry": { "type": "Point", "coordinates": [ 126.98819, 37.570396 ] } },
{ "type": "Feature", "properties": { "stationID": "ST-1439", "lat": 37.562126, "long": 127.006256 }, "geometry": { "type": "Point", "coordinates": [ 127.006256, 37.562126 ] } },
{ "type": "Feature", "properties": { "stationID": "ST-1438", "lat": 37.549889, "long": 127.007347 }, "geometry": { "type": "Point", "coordinates": [ 127.007347, 37.549889 ] } },
{ "type": "Feature", "properties": { "stationID": "ST-1437", "lat": 37.5644, "long": 126.991432 }, "geometry": { "type": "Point", "coordinates": [ 126.991432, 37.5644 ] } },
{ "type": "Feature", "properties": { "stationID": "ST-1436", "lat": 37.554108, "long": 126.965408 }, "geometry": { "type": "Point", "coordinates": [ 126.965408, 37.554108 ] } },
{ "type": "Feature", "properties": { "stationID": "ST-1435", "lat": 37.566605, "long": 126.992493 }, "geometry": { "type": "Point", "coordinates": [ 126.992493, 37.566605 ] } },
{ "type": "Feature", "properties": { "stationID": "ST-1434", "lat": 37.677719, "long": 127.046814 }, "geometry": { "type": "Point", "coordinates": [ 127.046814, 37.677719 ] } },
{ "type": "Feature", "properties": { "stationID": "ST-1433", "lat": 37.516785, "long": 127.051613 }, "geometry": { "type": "Point", "coordinates": [ 127.051613, 37.516785 ] } },
{ "type": "Feature", "properties": { "stationID": "ST-1432", "lat": 37.57048, "long": 126.996635 }, "geometry": { "type": "Point", "coordinates": [ 126.996635, 37.57048 ] } },
{ "type": "Feature", "properties": { "stationID": "ST-143", "lat": 37.573357, "long": 126.987465 }, "geometry": { "type": "Point", "coordinates": [ 126.987465, 37.573357 ] } },
{ "type": "Feature", "properties": { "stationID": "ST-1429", "lat": 37.541718, "long": 127.08017 }, "geometry": { "type": "Point", "coordinates": [ 127.08017, 37.541718 ] } },
{ "type": "Feature", "properties": { "stationID": "ST-1428", "lat": 37.550236, "long": 127.073822 }, "geometry": { "type": "Point", "coordinates": [ 127.073822, 37.550236 ] } },
{ "type": "Feature", "properties": { "stationID": "ST-1427", "lat": 37.568649, "long": 127.08625 }, "geometry": { "type": "Point", "coordinates": [ 127.08625, 37.568649 ] } },
{ "type": "Feature", "properties": { "stationID": "ST-1426", "lat": 37.657455, "long": 127.075546 }, "geometry": { "type": "Point", "coordinates": [ 127.075546, 37.657455 ] } },
{ "type": "Feature", "properties": { "stationID": "ST-1425", "lat": 37.645802, "long": 127.08226 }, "geometry": { "type": "Point", "coordinates": [ 127.08226, 37.645802 ] } },
{ "type": "Feature", "properties": { "stationID": "ST-1424", "lat": 37.592968, "long": 127.002235 }, "geometry": { "type": "Point", "coordinates": [ 127.002235, 37.592968 ] } },
{ "type": "Feature", "properties": { "stationID": "ST-1423", "lat": 37.630188, "long": 127.017738 }, "geometry": { "type": "Point", "coordinates": [ 127.017738, 37.630188 ] } },
{ "type": "Feature", "properties": { "stationID": "ST-1422", "lat": 37.531471, "long": 127.111092 }, "geometry": { "type": "Point", "coordinates": [ 127.111092, 37.531471 ] } },
{ "type": "Feature", "properties": { "stationID": "ST-1421", "lat": 37.554836, "long": 127.137321 }, "geometry": { "type": "Point", "coordinates": [ 127.137321, 37.554836 ] } },
{ "type": "Feature", "properties": { "stationID": "ST-1420", "lat": 37.526783, "long": 127.135574 }, "geometry": { "type": "Point", "coordinates": [ 127.135574, 37.526783 ] } },
{ "type": "Feature", "properties": { "stationID": "ST-142", "lat": 37.576241, "long": 126.98616 }, "geometry": { "type": "Point", "coordinates": [ 126.98616, 37.576241 ] } },
{ "type": "Feature", "properties": { "stationID": "ST-1419", "lat": 37.487999, "long": 127.131088 }, "geometry": { "type": "Point", "coordinates": [ 127.131088, 37.487999 ] } },
{ "type": "Feature", "properties": { "stationID": "ST-1418", "lat": 37.477467, "long": 127.14151 }, "geometry": { "type": "Point", "coordinates": [ 127.14151, 37.477467 ] } },
{ "type": "Feature", "properties": { "stationID": "ST-1417", "lat": 37.474377, "long": 127.140671 }, "geometry": { "type": "Point", "coordinates": [ 127.140671, 37.474377 ] } },
{ "type": "Feature", "properties": { "stationID": "ST-1416", "lat": 37.47747, "long": 127.144592 }, "geometry": { "type": "Point", "coordinates": [ 127.144592, 37.47747 ] } },
{ "type": "Feature", "properties": { "stationID": "ST-1414", "lat": 37.505413, "long": 127.131691 }, "geometry": { "type": "Point", "coordinates": [ 127.131691, 37.505413 ] } },
{ "type": "Feature", "properties": { "stationID": "ST-1413", "lat": 37.499874, "long": 127.141479 }, "geometry": { "type": "Point", "coordinates": [ 127.141479, 37.499874 ] } },
{ "type": "Feature", "properties": { "stationID": "ST-1411", "lat": 37.495659, "long": 127.157173 }, "geometry": { "type": "Point", "coordinates": [ 127.157173, 37.495659 ] } },
{ "type": "Feature", "properties": { "stationID": "ST-1410", "lat": 37.497517, "long": 127.154678 }, "geometry": { "type": "Point", "coordinates": [ 127.154678, 37.497517 ] } },
{ "type": "Feature", "properties": { "stationID": "ST-1409", "lat": 37.515862, "long": 127.107048 }, "geometry": { "type": "Point", "coordinates": [ 127.107048, 37.515862 ] } },
{ "type": "Feature", "properties": { "stationID": "ST-1408", "lat": 37.505627, "long": 127.136421 }, "geometry": { "type": "Point", "coordinates": [ 127.136421, 37.505627 ] } },
{ "type": "Feature", "properties": { "stationID": "ST-1407", "lat": 37.472454, "long": 127.096077 }, "geometry": { "type": "Point", "coordinates": [ 127.096077, 37.472454 ] } },
{ "type": "Feature", "properties": { "stationID": "ST-1406", "lat": 37.486469, "long": 127.028061 }, "geometry": { "type": "Point", "coordinates": [ 127.028061, 37.486469 ] } },
{ "type": "Feature", "properties": { "stationID": "ST-1405", "lat": 37.502411, "long": 127.021606 }, "geometry": { "type": "Point", "coordinates": [ 127.021606, 37.502411 ] } },
{ "type": "Feature", "properties": { "stationID": "ST-1404", "lat": 37.485672, "long": 127.015923 }, "geometry": { "type": "Point", "coordinates": [ 127.015923, 37.485672 ] } },
{ "type": "Feature", "properties": { "stationID": "ST-1403", "lat": 37.481232, "long": 126.881485 }, "geometry": { "type": "Point", "coordinates": [ 126.881485, 37.481232 ] } },
{ "type": "Feature", "properties": { "stationID": "ST-1402", "lat": 37.560291, "long": 126.818756 }, "geometry": { "type": "Point", "coordinates": [ 126.818756, 37.560291 ] } },
{ "type": "Feature", "properties": { "stationID": "ST-1400", "lat": 37.542183, "long": 126.863304 }, "geometry": { "type": "Point", "coordinates": [ 126.863304, 37.542183 ] } },
{ "type": "Feature", "properties": { "stationID": "ST-140", "lat": 37.561344, "long": 126.980507 }, "geometry": { "type": "Point", "coordinates": [ 126.980507, 37.561344 ] } },
{ "type": "Feature", "properties": { "stationID": "ST-14", "lat": 37.564541, "long": 126.927071 }, "geometry": { "type": "Point", "coordinates": [ 126.927071, 37.564541 ] } },
{ "type": "Feature", "properties": { "stationID": "ST-1398", "lat": 37.51223, "long": 126.835785 }, "geometry": { "type": "Point", "coordinates": [ 126.835785, 37.51223 ] } },
{ "type": "Feature", "properties": { "stationID": "ST-1397", "lat": 37.569378, "long": 126.90403 }, "geometry": { "type": "Point", "coordinates": [ 126.90403, 37.569378 ] } },
{ "type": "Feature", "properties": { "stationID": "ST-1396", "lat": 37.642654, "long": 127.108383 }, "geometry": { "type": "Point", "coordinates": [ 127.108383, 37.642654 ] } },
{ "type": "Feature", "properties": { "stationID": "ST-1395", "lat": 37.64283, "long": 127.106667 }, "geometry": { "type": "Point", "coordinates": [ 127.106667, 37.64283 ] } },
{ "type": "Feature", "properties": { "stationID": "ST-1394", "lat": 37.648438, "long": 127.064446 }, "geometry": { "type": "Point", "coordinates": [ 127.064446, 37.648438 ] } },
{ "type": "Feature", "properties": { "stationID": "ST-1392", "lat": 37.621552, "long": 127.02037 }, "geometry": { "type": "Point", "coordinates": [ 127.02037, 37.621552 ] } },
{ "type": "Feature", "properties": { "stationID": "ST-1391", "lat": 37.62653, "long": 127.018059 }, "geometry": { "type": "Point", "coordinates": [ 127.018059, 37.62653 ] } },
{ "type": "Feature", "properties": { "stationID": "ST-1390", "lat": 37.64167, "long": 127.016884 }, "geometry": { "type": "Point", "coordinates": [ 127.016884, 37.64167 ] } },
{ "type": "Feature", "properties": { "stationID": "ST-139", "lat": 37.561794, "long": 126.981583 }, "geometry": { "type": "Point", "coordinates": [ 126.981583, 37.561794 ] } },
{ "type": "Feature", "properties": { "stationID": "ST-1389", "lat": 37.649673, "long": 127.013451 }, "geometry": { "type": "Point", "coordinates": [ 127.013451, 37.649673 ] } },
{ "type": "Feature", "properties": { "stationID": "ST-1388", "lat": 37.656158, "long": 127.013138 }, "geometry": { "type": "Point", "coordinates": [ 127.013138, 37.656158 ] } },
{ "type": "Feature", "properties": { "stationID": "ST-1387", "lat": 37.663666, "long": 127.012428 }, "geometry": { "type": "Point", "coordinates": [ 127.012428, 37.663666 ] } },
{ "type": "Feature", "properties": { "stationID": "ST-1386", "lat": 37.603096, "long": 127.013504 }, "geometry": { "type": "Point", "coordinates": [ 127.013504, 37.603096 ] } },
{ "type": "Feature", "properties": { "stationID": "ST-1385", "lat": 37.619801, "long": 127.045097 }, "geometry": { "type": "Point", "coordinates": [ 127.045097, 37.619801 ] } },
{ "type": "Feature", "properties": { "stationID": "ST-1384", "lat": 37.60479, "long": 127.010582 }, "geometry": { "type": "Point", "coordinates": [ 127.010582, 37.60479 ] } },
{ "type": "Feature", "properties": { "stationID": "ST-1383", "lat": 37.612072, "long": 127.008133 }, "geometry": { "type": "Point", "coordinates": [ 127.008133, 37.612072 ] } },
{ "type": "Feature", "properties": { "stationID": "ST-1381", "lat": 37.58976, "long": 127.093239 }, "geometry": { "type": "Point", "coordinates": [ 127.093239, 37.58976 ] } },
{ "type": "Feature", "properties": { "stationID": "ST-1380", "lat": 37.595112, "long": 127.100327 }, "geometry": { "type": "Point", "coordinates": [ 127.100327, 37.595112 ] } },
{ "type": "Feature", "properties": { "stationID": "ST-138", "lat": 37.564476, "long": 126.986969 }, "geometry": { "type": "Point", "coordinates": [ 126.986969, 37.564476 ] } },
{ "type": "Feature", "properties": { "stationID": "ST-1379", "lat": 37.543427, "long": 127.096619 }, "geometry": { "type": "Point", "coordinates": [ 127.096619, 37.543427 ] } },
{ "type": "Feature", "properties": { "stationID": "ST-1378", "lat": 37.542519, "long": 127.084084 }, "geometry": { "type": "Point", "coordinates": [ 127.084084, 37.542519 ] } },
{ "type": "Feature", "properties": { "stationID": "ST-1377", "lat": 37.561028, "long": 127.049522 }, "geometry": { "type": "Point", "coordinates": [ 127.049522, 37.561028 ] } },
{ "type": "Feature", "properties": { "stationID": "ST-1376", "lat": 37.544647, "long": 126.972343 }, "geometry": { "type": "Point", "coordinates": [ 126.972343, 37.544647 ] } },
{ "type": "Feature", "properties": { "stationID": "ST-1375", "lat": 37.596329, "long": 127.085899 }, "geometry": { "type": "Point", "coordinates": [ 127.085899, 37.596329 ] } },
{ "type": "Feature", "properties": { "stationID": "ST-1374", "lat": 37.568855, "long": 126.964561 }, "geometry": { "type": "Point", "coordinates": [ 126.964561, 37.568855 ] } },
{ "type": "Feature", "properties": { "stationID": "ST-1373", "lat": 37.56749, "long": 126.965919 }, "geometry": { "type": "Point", "coordinates": [ 126.965919, 37.56749 ] } },
{ "type": "Feature", "properties": { "stationID": "ST-1372", "lat": 37.570141, "long": 127.009377 }, "geometry": { "type": "Point", "coordinates": [ 127.009377, 37.570141 ] } },
{ "type": "Feature", "properties": { "stationID": "ST-1371", "lat": 37.561203, "long": 127.180267 }, "geometry": { "type": "Point", "coordinates": [ 127.180267, 37.561203 ] } },
{ "type": "Feature", "properties": { "stationID": "ST-1370", "lat": 37.530994, "long": 127.142372 }, "geometry": { "type": "Point", "coordinates": [ 127.142372, 37.530994 ] } },
{ "type": "Feature", "properties": { "stationID": "ST-137", "lat": 37.565464, "long": 126.984138 }, "geometry": { "type": "Point", "coordinates": [ 126.984138, 37.565464 ] } },
{ "type": "Feature", "properties": { "stationID": "ST-1369", "lat": 37.536472, "long": 127.137154 }, "geometry": { "type": "Point", "coordinates": [ 127.137154, 37.536472 ] } },
{ "type": "Feature", "properties": { "stationID": "ST-1367", "lat": 37.504589, "long": 127.139366 }, "geometry": { "type": "Point", "coordinates": [ 127.139366, 37.504589 ] } },
{ "type": "Feature", "properties": { "stationID": "ST-1366", "lat": 37.509586, "long": 127.040909 }, "geometry": { "type": "Point", "coordinates": [ 127.040909, 37.509586 ] } },
{ "type": "Feature", "properties": { "stationID": "ST-1365", "lat": 37.51395, "long": 127.030151 }, "geometry": { "type": "Point", "coordinates": [ 127.030151, 37.51395 ] } },
{ "type": "Feature", "properties": { "stationID": "ST-1364", "lat": 37.476028, "long": 127.105942 }, "geometry": { "type": "Point", "coordinates": [ 127.105942, 37.476028 ] } },
{ "type": "Feature", "properties": { "stationID": "ST-1361", "lat": 37.475906, "long": 127.046242 }, "geometry": { "type": "Point", "coordinates": [ 127.046242, 37.475906 ] } },
{ "type": "Feature", "properties": { "stationID": "ST-1360", "lat": 37.484798, "long": 127.036995 }, "geometry": { "type": "Point", "coordinates": [ 127.036995, 37.484798 ] } },
{ "type": "Feature", "properties": { "stationID": "ST-136", "lat": 37.566223, "long": 126.983589 }, "geometry": { "type": "Point", "coordinates": [ 126.983589, 37.566223 ] } },
{ "type": "Feature", "properties": { "stationID": "ST-1359", "lat": 37.488243, "long": 127.027016 }, "geometry": { "type": "Point", "coordinates": [ 127.027016, 37.488243 ] } },
{ "type": "Feature", "properties": { "stationID": "ST-1357", "lat": 37.488991, "long": 126.916382 }, "geometry": { "type": "Point", "coordinates": [ 126.916382, 37.488991 ] } },
{ "type": "Feature", "properties": { "stationID": "ST-1356", "lat": 37.51199, "long": 126.927086 }, "geometry": { "type": "Point", "coordinates": [ 126.927086, 37.51199 ] } },
{ "type": "Feature", "properties": { "stationID": "ST-1355", "lat": 37.505356, "long": 126.966179 }, "geometry": { "type": "Point", "coordinates": [ 126.966179, 37.505356 ] } },
{ "type": "Feature", "properties": { "stationID": "ST-1354", "lat": 37.512901, "long": 126.926613 }, "geometry": { "type": "Point", "coordinates": [ 126.926613, 37.512901 ] } },
{ "type": "Feature", "properties": { "stationID": "ST-1353", "lat": 37.513229, "long": 126.904465 }, "geometry": { "type": "Point", "coordinates": [ 126.904465, 37.513229 ] } },
{ "type": "Feature", "properties": { "stationID": "ST-1352", "lat": 37.553509, "long": 126.825867 }, "geometry": { "type": "Point", "coordinates": [ 126.825867, 37.553509 ] } },
{ "type": "Feature", "properties": { "stationID": "ST-1351", "lat": 37.562744, "long": 126.842674 }, "geometry": { "type": "Point", "coordinates": [ 126.842674, 37.562744 ] } },
{ "type": "Feature", "properties": { "stationID": "ST-1350", "lat": 37.537228, "long": 126.886612 }, "geometry": { "type": "Point", "coordinates": [ 126.886612, 37.537228 ] } },
{ "type": "Feature", "properties": { "stationID": "ST-1349", "lat": 37.623165, "long": 127.0905 }, "geometry": { "type": "Point", "coordinates": [ 127.0905, 37.623165 ] } },
{ "type": "Feature", "properties": { "stationID": "ST-1348", "lat": 37.626942, "long": 127.05513 }, "geometry": { "type": "Point", "coordinates": [ 127.05513, 37.626942 ] } },
{ "type": "Feature", "properties": { "stationID": "ST-1347", "lat": 37.588699, "long": 127.018913 }, "geometry": { "type": "Point", "coordinates": [ 127.018913, 37.588699 ] } },
{ "type": "Feature", "properties": { "stationID": "ST-1346", "lat": 37.607349, "long": 127.07859 }, "geometry": { "type": "Point", "coordinates": [ 127.07859, 37.607349 ] } },
{ "type": "Feature", "properties": { "stationID": "ST-1345", "lat": 37.604603, "long": 127.109253 }, "geometry": { "type": "Point", "coordinates": [ 127.109253, 37.604603 ] } },
{ "type": "Feature", "properties": { "stationID": "ST-1344", "lat": 37.528988, "long": 127.006622 }, "geometry": { "type": "Point", "coordinates": [ 127.006622, 37.528988 ] } },
{ "type": "Feature", "properties": { "stationID": "ST-1343", "lat": 37.531422, "long": 126.9515 }, "geometry": { "type": "Point", "coordinates": [ 126.9515, 37.531422 ] } },
{ "type": "Feature", "properties": { "stationID": "ST-1342", "lat": 37.541981, "long": 126.971542 }, "geometry": { "type": "Point", "coordinates": [ 126.971542, 37.541981 ] } },
{ "type": "Feature", "properties": { "stationID": "ST-1341", "lat": 37.539001, "long": 126.961815 }, "geometry": { "type": "Point", "coordinates": [ 126.961815, 37.539001 ] } },
{ "type": "Feature", "properties": { "stationID": "ST-134", "lat": 37.568634, "long": 126.982315 }, "geometry": { "type": "Point", "coordinates": [ 126.982315, 37.568634 ] } },
{ "type": "Feature", "properties": { "stationID": "ST-1339", "lat": 37.521282, "long": 126.973465 }, "geometry": { "type": "Point", "coordinates": [ 126.973465, 37.521282 ] } },
{ "type": "Feature", "properties": { "stationID": "ST-1338", "lat": 37.568447, "long": 126.821648 }, "geometry": { "type": "Point", "coordinates": [ 126.821648, 37.568447 ] } },
{ "type": "Feature", "properties": { "stationID": "ST-1337", "lat": 37.481548, "long": 126.952003 }, "geometry": { "type": "Point", "coordinates": [ 126.952003, 37.481548 ] } },
{ "type": "Feature", "properties": { "stationID": "ST-1336", "lat": 37.562607, "long": 127.051308 }, "geometry": { "type": "Point", "coordinates": [ 127.051308, 37.562607 ] } },
{ "type": "Feature", "properties": { "stationID": "ST-1335", "lat": 37.585655, "long": 127.07505 }, "geometry": { "type": "Point", "coordinates": [ 127.07505, 37.585655 ] } },
{ "type": "Feature", "properties": { "stationID": "ST-1334", "lat": 37.592758, "long": 127.07267 }, "geometry": { "type": "Point", "coordinates": [ 127.07267, 37.592758 ] } },
{ "type": "Feature", "properties": { "stationID": "ST-1333", "lat": 37.619637, "long": 127.085045 }, "geometry": { "type": "Point", "coordinates": [ 127.085045, 37.619637 ] } },
{ "type": "Feature", "properties": { "stationID": "ST-1332", "lat": 37.596558, "long": 127.085838 }, "geometry": { "type": "Point", "coordinates": [ 127.085838, 37.596558 ] } },
{ "type": "Feature", "properties": { "stationID": "ST-1331", "lat": 37.594414, "long": 126.918015 }, "geometry": { "type": "Point", "coordinates": [ 126.918015, 37.594414 ] } },
{ "type": "Feature", "properties": { "stationID": "ST-1329", "lat": 37.642609, "long": 126.921478 }, "geometry": { "type": "Point", "coordinates": [ 126.921478, 37.642609 ] } },
{ "type": "Feature", "properties": { "stationID": "ST-1328", "lat": 37.534279, "long": 126.988564 }, "geometry": { "type": "Point", "coordinates": [ 126.988564, 37.534279 ] } },
{ "type": "Feature", "properties": { "stationID": "ST-1327", "lat": 37.534424, "long": 126.94857 }, "geometry": { "type": "Point", "coordinates": [ 126.94857, 37.534424 ] } },
{ "type": "Feature", "properties": { "stationID": "ST-1326", "lat": 37.52293, "long": 126.961693 }, "geometry": { "type": "Point", "coordinates": [ 126.961693, 37.52293 ] } },
{ "type": "Feature", "properties": { "stationID": "ST-1325", "lat": 37.544079, "long": 126.972 }, "geometry": { "type": "Point", "coordinates": [ 126.972, 37.544079 ] } },
{ "type": "Feature", "properties": { "stationID": "ST-1324", "lat": 37.541515, "long": 126.979515 }, "geometry": { "type": "Point", "coordinates": [ 126.979515, 37.541515 ] } },
{ "type": "Feature", "properties": { "stationID": "ST-1323", "lat": 37.507931, "long": 126.895233 }, "geometry": { "type": "Point", "coordinates": [ 126.895233, 37.507931 ] } },
{ "type": "Feature", "properties": { "stationID": "ST-1322", "lat": 37.520119, "long": 126.905167 }, "geometry": { "type": "Point", "coordinates": [ 126.905167, 37.520119 ] } },
{ "type": "Feature", "properties": { "stationID": "ST-1321", "lat": 37.518284, "long": 126.912636 }, "geometry": { "type": "Point", "coordinates": [ 126.912636, 37.518284 ] } },
{ "type": "Feature", "properties": { "stationID": "ST-1320", "lat": 37.522697, "long": 126.885681 }, "geometry": { "type": "Point", "coordinates": [ 126.885681, 37.522697 ] } },
{ "type": "Feature", "properties": { "stationID": "ST-132", "lat": 37.570396, "long": 126.981789 }, "geometry": { "type": "Point", "coordinates": [ 126.981789, 37.570396 ] } },
{ "type": "Feature", "properties": { "stationID": "ST-1319", "lat": 37.51627, "long": 126.90686 }, "geometry": { "type": "Point", "coordinates": [ 126.90686, 37.51627 ] } },
{ "type": "Feature", "properties": { "stationID": "ST-1317", "lat": 37.590714, "long": 127.036194 }, "geometry": { "type": "Point", "coordinates": [ 127.036194, 37.590714 ] } },
{ "type": "Feature", "properties": { "stationID": "ST-1316", "lat": 37.499413, "long": 126.999413 }, "geometry": { "type": "Point", "coordinates": [ 126.999413, 37.499413 ] } },
{ "type": "Feature", "properties": { "stationID": "ST-1315", "lat": 37.464298, "long": 126.988525 }, "geometry": { "type": "Point", "coordinates": [ 126.988525, 37.464298 ] } },
{ "type": "Feature", "properties": { "stationID": "ST-1314", "lat": 37.455688, "long": 127.064003 }, "geometry": { "type": "Point", "coordinates": [ 127.064003, 37.455688 ] } },
{ "type": "Feature", "properties": { "stationID": "ST-1313", "lat": 37.45562, "long": 127.067101 }, "geometry": { "type": "Point", "coordinates": [ 127.067101, 37.45562 ] } },
{ "type": "Feature", "properties": { "stationID": "ST-1312", "lat": 37.45855, "long": 127.055885 }, "geometry": { "type": "Point", "coordinates": [ 127.055885, 37.45855 ] } },
{ "type": "Feature", "properties": { "stationID": "ST-1311", "lat": 37.457424, "long": 127.022652 }, "geometry": { "type": "Point", "coordinates": [ 127.022652, 37.457424 ] } },
{ "type": "Feature", "properties": { "stationID": "ST-1310", "lat": 37.468102, "long": 126.986801 }, "geometry": { "type": "Point", "coordinates": [ 126.986801, 37.468102 ] } },
{ "type": "Feature", "properties": { "stationID": "ST-131", "lat": 37.57597, "long": 126.983063 }, "geometry": { "type": "Point", "coordinates": [ 126.983063, 37.57597 ] } },
{ "type": "Feature", "properties": { "stationID": "ST-1309", "lat": 37.486526, "long": 126.989166 }, "geometry": { "type": "Point", "coordinates": [ 126.989166, 37.486526 ] } },
{ "type": "Feature", "properties": { "stationID": "ST-1308", "lat": 37.477203, "long": 127.005836 }, "geometry": { "type": "Point", "coordinates": [ 127.005836, 37.477203 ] } },
{ "type": "Feature", "properties": { "stationID": "ST-1307", "lat": 37.475979, "long": 126.986282 }, "geometry": { "type": "Point", "coordinates": [ 126.986282, 37.475979 ] } },
{ "type": "Feature", "properties": { "stationID": "ST-1306", "lat": 37.484161, "long": 127.010971 }, "geometry": { "type": "Point", "coordinates": [ 127.010971, 37.484161 ] } },
{ "type": "Feature", "properties": { "stationID": "ST-1305", "lat": 37.493618, "long": 127.014183 }, "geometry": { "type": "Point", "coordinates": [ 127.014183, 37.493618 ] } },
{ "type": "Feature", "properties": { "stationID": "ST-1303", "lat": 37.582748, "long": 127.048279 }, "geometry": { "type": "Point", "coordinates": [ 127.048279, 37.582748 ] } },
{ "type": "Feature", "properties": { "stationID": "ST-1302", "lat": 37.591534, "long": 127.067741 }, "geometry": { "type": "Point", "coordinates": [ 127.067741, 37.591534 ] } },
{ "type": "Feature", "properties": { "stationID": "ST-1300", "lat": 37.5667, "long": 127.062424 }, "geometry": { "type": "Point", "coordinates": [ 127.062424, 37.5667 ] } },
{ "type": "Feature", "properties": { "stationID": "ST-130", "lat": 37.579708, "long": 126.980858 }, "geometry": { "type": "Point", "coordinates": [ 126.980858, 37.579708 ] } },
{ "type": "Feature", "properties": { "stationID": "ST-13", "lat": 37.568199, "long": 126.917847 }, "geometry": { "type": "Point", "coordinates": [ 126.917847, 37.568199 ] } },
{ "type": "Feature", "properties": { "stationID": "ST-1299", "lat": 37.602798, "long": 127.067268 }, "geometry": { "type": "Point", "coordinates": [ 127.067268, 37.602798 ] } },
{ "type": "Feature", "properties": { "stationID": "ST-1298", "lat": 37.561829, "long": 127.065277 }, "geometry": { "type": "Point", "coordinates": [ 127.065277, 37.561829 ] } },
{ "type": "Feature", "properties": { "stationID": "ST-1297", "lat": 37.678677, "long": 127.040764 }, "geometry": { "type": "Point", "coordinates": [ 127.040764, 37.678677 ] } },
{ "type": "Feature", "properties": { "stationID": "ST-1296", "lat": 37.658588, "long": 127.03521 }, "geometry": { "type": "Point", "coordinates": [ 127.03521, 37.658588 ] } },
{ "type": "Feature", "properties": { "stationID": "ST-1295", "lat": 37.647503, "long": 127.043312 }, "geometry": { "type": "Point", "coordinates": [ 127.043312, 37.647503 ] } },
{ "type": "Feature", "properties": { "stationID": "ST-1293", "lat": 37.662079, "long": 127.027718 }, "geometry": { "type": "Point", "coordinates": [ 127.027718, 37.662079 ] } },
{ "type": "Feature", "properties": { "stationID": "ST-1292", "lat": 37.657799, "long": 127.050049 }, "geometry": { "type": "Point", "coordinates": [ 127.050049, 37.657799 ] } },
{ "type": "Feature", "properties": { "stationID": "ST-1291", "lat": 37.653549, "long": 127.058083 }, "geometry": { "type": "Point", "coordinates": [ 127.058083, 37.653549 ] } },
{ "type": "Feature", "properties": { "stationID": "ST-1290", "lat": 37.653976, "long": 127.060974 }, "geometry": { "type": "Point", "coordinates": [ 127.060974, 37.653976 ] } },
{ "type": "Feature", "properties": { "stationID": "ST-129", "lat": 37.556961, "long": 126.971771 }, "geometry": { "type": "Point", "coordinates": [ 126.971771, 37.556961 ] } },
{ "type": "Feature", "properties": { "stationID": "ST-1289", "lat": 37.688599, "long": 127.053406 }, "geometry": { "type": "Point", "coordinates": [ 127.053406, 37.688599 ] } },
{ "type": "Feature", "properties": { "stationID": "ST-1288", "lat": 37.629349, "long": 127.054825 }, "geometry": { "type": "Point", "coordinates": [ 127.054825, 37.629349 ] } },
{ "type": "Feature", "properties": { "stationID": "ST-1287", "lat": 37.64341, "long": 127.071838 }, "geometry": { "type": "Point", "coordinates": [ 127.071838, 37.64341 ] } },
{ "type": "Feature", "properties": { "stationID": "ST-1286", "lat": 37.643528, "long": 127.065224 }, "geometry": { "type": "Point", "coordinates": [ 127.065224, 37.643528 ] } },
{ "type": "Feature", "properties": { "stationID": "ST-1285", "lat": 37.645565, "long": 127.063347 }, "geometry": { "type": "Point", "coordinates": [ 127.063347, 37.645565 ] } },
{ "type": "Feature", "properties": { "stationID": "ST-1284", "lat": 37.654499, "long": 127.074387 }, "geometry": { "type": "Point", "coordinates": [ 127.074387, 37.654499 ] } },
{ "type": "Feature", "properties": { "stationID": "ST-1283", "lat": 37.655781, "long": 127.071777 }, "geometry": { "type": "Point", "coordinates": [ 127.071777, 37.655781 ] } },
{ "type": "Feature", "properties": { "stationID": "ST-1282", "lat": 37.646996, "long": 127.076401 }, "geometry": { "type": "Point", "coordinates": [ 127.076401, 37.646996 ] } },
{ "type": "Feature", "properties": { "stationID": "ST-1281", "lat": 37.649361, "long": 127.070442 }, "geometry": { "type": "Point", "coordinates": [ 127.070442, 37.649361 ] } },
{ "type": "Feature", "properties": { "stationID": "ST-1280", "lat": 37.619381, "long": 127.057854 }, "geometry": { "type": "Point", "coordinates": [ 127.057854, 37.619381 ] } },
{ "type": "Feature", "properties": { "stationID": "ST-128", "lat": 37.564674, "long": 126.976738 }, "geometry": { "type": "Point", "coordinates": [ 126.976738, 37.564674 ] } },
{ "type": "Feature", "properties": { "stationID": "ST-1279", "lat": 37.654217, "long": 127.059212 }, "geometry": { "type": "Point", "coordinates": [ 127.059212, 37.654217 ] } },
{ "type": "Feature", "properties": { "stationID": "ST-1278", "lat": 37.649639, "long": 127.065605 }, "geometry": { "type": "Point", "coordinates": [ 127.065605, 37.649639 ] } },
{ "type": "Feature", "properties": { "stationID": "ST-1277", "lat": 37.48016, "long": 126.886368 }, "geometry": { "type": "Point", "coordinates": [ 126.886368, 37.48016 ] } },
{ "type": "Feature", "properties": { "stationID": "ST-1276", "lat": 37.481354, "long": 126.88694 }, "geometry": { "type": "Point", "coordinates": [ 126.88694, 37.481354 ] } },
{ "type": "Feature", "properties": { "stationID": "ST-1275", "lat": 37.498516, "long": 126.891991 }, "geometry": { "type": "Point", "coordinates": [ 126.891991, 37.498516 ] } },
{ "type": "Feature", "properties": { "stationID": "ST-1274", "lat": 37.495266, "long": 126.888474 }, "geometry": { "type": "Point", "coordinates": [ 126.888474, 37.495266 ] } },
{ "type": "Feature", "properties": { "stationID": "ST-1273", "lat": 37.502548, "long": 126.883881 }, "geometry": { "type": "Point", "coordinates": [ 126.883881, 37.502548 ] } },
{ "type": "Feature", "properties": { "stationID": "ST-1271", "lat": 37.543842, "long": 127.0933 }, "geometry": { "type": "Point", "coordinates": [ 127.0933, 37.543842 ] } },
{ "type": "Feature", "properties": { "stationID": "ST-1270", "lat": 37.487301, "long": 126.928703 }, "geometry": { "type": "Point", "coordinates": [ 126.928703, 37.487301 ] } },
{ "type": "Feature", "properties": { "stationID": "ST-127", "lat": 37.689762, "long": 127.044891 }, "geometry": { "type": "Point", "coordinates": [ 127.044891, 37.689762 ] } },
{ "type": "Feature", "properties": { "stationID": "ST-1269", "lat": 37.488564, "long": 126.928482 }, "geometry": { "type": "Point", "coordinates": [ 126.928482, 37.488564 ] } },
{ "type": "Feature", "properties": { "stationID": "ST-1268", "lat": 37.48975, "long": 126.927467 }, "geometry": { "type": "Point", "coordinates": [ 126.927467, 37.48975 ] } },
{ "type": "Feature", "properties": { "stationID": "ST-1267", "lat": 37.469406, "long": 126.944511 }, "geometry": { "type": "Point", "coordinates": [ 126.944511, 37.469406 ] } },
{ "type": "Feature", "properties": { "stationID": "ST-1266", "lat": 37.562527, "long": 127.082275 }, "geometry": { "type": "Point", "coordinates": [ 127.082275, 37.562527 ] } },
{ "type": "Feature", "properties": { "stationID": "ST-1265", "lat": 37.481529, "long": 126.912033 }, "geometry": { "type": "Point", "coordinates": [ 126.912033, 37.481529 ] } },
{ "type": "Feature", "properties": { "stationID": "ST-1264", "lat": 37.482189, "long": 126.942131 }, "geometry": { "type": "Point", "coordinates": [ 126.942131, 37.482189 ] } },
{ "type": "Feature", "properties": { "stationID": "ST-1263", "lat": 37.556862, "long": 127.07914 }, "geometry": { "type": "Point", "coordinates": [ 127.07914, 37.556862 ] } },
{ "type": "Feature", "properties": { "stationID": "ST-1262", "lat": 37.476295, "long": 126.964958 }, "geometry": { "type": "Point", "coordinates": [ 126.964958, 37.476295 ] } },
{ "type": "Feature", "properties": { "stationID": "ST-1260", "lat": 37.476482, "long": 126.965363 }, "geometry": { "type": "Point", "coordinates": [ 126.965363, 37.476482 ] } },
{ "type": "Feature", "properties": { "stationID": "ST-126", "lat": 37.568878, "long": 126.97747 }, "geometry": { "type": "Point", "coordinates": [ 126.97747, 37.568878 ] } },
{ "type": "Feature", "properties": { "stationID": "ST-1259", "lat": 37.484768, "long": 126.932877 }, "geometry": { "type": "Point", "coordinates": [ 126.932877, 37.484768 ] } },
{ "type": "Feature", "properties": { "stationID": "ST-1254", "lat": 37.570499, "long": 126.820084 }, "geometry": { "type": "Point", "coordinates": [ 126.820084, 37.570499 ] } },
{ "type": "Feature", "properties": { "stationID": "ST-1253", "lat": 37.562679, "long": 126.820473 }, "geometry": { "type": "Point", "coordinates": [ 126.820473, 37.562679 ] } },
{ "type": "Feature", "properties": { "stationID": "ST-1252", "lat": 37.549694, "long": 126.819664 }, "geometry": { "type": "Point", "coordinates": [ 126.819664, 37.549694 ] } },
{ "type": "Feature", "properties": { "stationID": "ST-1251", "lat": 37.56768, "long": 126.840897 }, "geometry": { "type": "Point", "coordinates": [ 126.840897, 37.56768 ] } },
{ "type": "Feature", "properties": { "stationID": "ST-1250", "lat": 37.565853, "long": 126.846596 }, "geometry": { "type": "Point", "coordinates": [ 126.846596, 37.565853 ] } },
{ "type": "Feature", "properties": { "stationID": "ST-125", "lat": 37.569962, "long": 126.976158 }, "geometry": { "type": "Point", "coordinates": [ 126.976158, 37.569962 ] } },
{ "type": "Feature", "properties": { "stationID": "ST-1249", "lat": 37.561035, "long": 126.854813 }, "geometry": { "type": "Point", "coordinates": [ 126.854813, 37.561035 ] } },
{ "type": "Feature", "properties": { "stationID": "ST-1248", "lat": 37.466328, "long": 127.094887 }, "geometry": { "type": "Point", "coordinates": [ 127.094887, 37.466328 ] } },
{ "type": "Feature", "properties": { "stationID": "ST-1247", "lat": 37.501228, "long": 127.050362 }, "geometry": { "type": "Point", "coordinates": [ 127.050362, 37.501228 ] } },
{ "type": "Feature", "properties": { "stationID": "ST-1246", "lat": 37.507809, "long": 127.034981 }, "geometry": { "type": "Point", "coordinates": [ 127.034981, 37.507809 ] } },
{ "type": "Feature", "properties": { "stationID": "ST-1245", "lat": 37.511696, "long": 127.049347 }, "geometry": { "type": "Point", "coordinates": [ 127.049347, 37.511696 ] } },
{ "type": "Feature", "properties": { "stationID": "ST-1243", "lat": 37.479431, "long": 126.842697 }, "geometry": { "type": "Point", "coordinates": [ 126.842697, 37.479431 ] } },
{ "type": "Feature", "properties": { "stationID": "ST-1241", "lat": 37.492031, "long": 126.873772 }, "geometry": { "type": "Point", "coordinates": [ 126.873772, 37.492031 ] } },
{ "type": "Feature", "properties": { "stationID": "ST-124", "lat": 37.569969, "long": 126.973938 }, "geometry": { "type": "Point", "coordinates": [ 126.973938, 37.569969 ] } },
{ "type": "Feature", "properties": { "stationID": "ST-1239", "lat": 37.48621, "long": 126.838821 }, "geometry": { "type": "Point", "coordinates": [ 126.838821, 37.48621 ] } },
{ "type": "Feature", "properties": { "stationID": "ST-1238", "lat": 37.48568, "long": 126.886703 }, "geometry": { "type": "Point", "coordinates": [ 126.886703, 37.48568 ] } },
{ "type": "Feature", "properties": { "stationID": "ST-1237", "lat": 37.492565, "long": 126.894753 }, "geometry": { "type": "Point", "coordinates": [ 126.894753, 37.492565 ] } },
{ "type": "Feature", "properties": { "stationID": "ST-1236", "lat": 37.50518, "long": 126.882538 }, "geometry": { "type": "Point", "coordinates": [ 126.882538, 37.50518 ] } },
{ "type": "Feature", "properties": { "stationID": "ST-1235", "lat": 37.488598, "long": 126.836494 }, "geometry": { "type": "Point", "coordinates": [ 126.836494, 37.488598 ] } },
{ "type": "Feature", "properties": { "stationID": "ST-1233", "lat": 37.490723, "long": 126.826393 }, "geometry": { "type": "Point", "coordinates": [ 126.826393, 37.490723 ] } },
{ "type": "Feature", "properties": { "stationID": "ST-1231", "lat": 37.501904, "long": 126.828964 }, "geometry": { "type": "Point", "coordinates": [ 126.828964, 37.501904 ] } },
{ "type": "Feature", "properties": { "stationID": "ST-1230", "lat": 37.498482, "long": 126.847504 }, "geometry": { "type": "Point", "coordinates": [ 126.847504, 37.498482 ] } },
{ "type": "Feature", "properties": { "stationID": "ST-123", "lat": 37.57, "long": 126.9711 }, "geometry": { "type": "Point", "coordinates": [ 126.9711, 37.57 ] } },
{ "type": "Feature", "properties": { "stationID": "ST-1229", "lat": 37.505138, "long": 126.844337 }, "geometry": { "type": "Point", "coordinates": [ 126.844337, 37.505138 ] } },
{ "type": "Feature", "properties": { "stationID": "ST-1228", "lat": 37.496498, "long": 126.863098 }, "geometry": { "type": "Point", "coordinates": [ 126.863098, 37.496498 ] } },
{ "type": "Feature", "properties": { "stationID": "ST-1227", "lat": 37.497242, "long": 126.859123 }, "geometry": { "type": "Point", "coordinates": [ 126.859123, 37.497242 ] } },
{ "type": "Feature", "properties": { "stationID": "ST-1226", "lat": 37.49789, "long": 126.864502 }, "geometry": { "type": "Point", "coordinates": [ 126.864502, 37.49789 ] } },
{ "type": "Feature", "properties": { "stationID": "ST-1225", "lat": 37.479317, "long": 126.890121 }, "geometry": { "type": "Point", "coordinates": [ 126.890121, 37.479317 ] } },
{ "type": "Feature", "properties": { "stationID": "ST-1224", "lat": 37.481602, "long": 126.892799 }, "geometry": { "type": "Point", "coordinates": [ 126.892799, 37.481602 ] } },
{ "type": "Feature", "properties": { "stationID": "ST-1223", "lat": 37.508183, "long": 126.891335 }, "geometry": { "type": "Point", "coordinates": [ 126.891335, 37.508183 ] } },
{ "type": "Feature", "properties": { "stationID": "ST-1222", "lat": 37.50285, "long": 126.889481 }, "geometry": { "type": "Point", "coordinates": [ 126.889481, 37.50285 ] } },
{ "type": "Feature", "properties": { "stationID": "ST-1221", "lat": 37.496513, "long": 126.889572 }, "geometry": { "type": "Point", "coordinates": [ 126.889572, 37.496513 ] } },
{ "type": "Feature", "properties": { "stationID": "ST-1220", "lat": 37.495781, "long": 126.890121 }, "geometry": { "type": "Point", "coordinates": [ 126.890121, 37.495781 ] } },
{ "type": "Feature", "properties": { "stationID": "ST-122", "lat": 37.570808, "long": 126.976433 }, "geometry": { "type": "Point", "coordinates": [ 126.976433, 37.570808 ] } },
{ "type": "Feature", "properties": { "stationID": "ST-1219", "lat": 37.493401, "long": 126.874329 }, "geometry": { "type": "Point", "coordinates": [ 126.874329, 37.493401 ] } },
{ "type": "Feature", "properties": { "stationID": "ST-1218", "lat": 37.51001, "long": 126.88205 }, "geometry": { "type": "Point", "coordinates": [ 126.88205, 37.51001 ] } },
{ "type": "Feature", "properties": { "stationID": "ST-1217", "lat": 37.60083, "long": 127.023552 }, "geometry": { "type": "Point", "coordinates": [ 127.023552, 37.60083 ] } },
{ "type": "Feature", "properties": { "stationID": "ST-1216", "lat": 37.583881, "long": 127.017097 }, "geometry": { "type": "Point", "coordinates": [ 127.017097, 37.583881 ] } },
{ "type": "Feature", "properties": { "stationID": "ST-1215", "lat": 37.579365, "long": 127.024361 }, "geometry": { "type": "Point", "coordinates": [ 127.024361, 37.579365 ] } },
{ "type": "Feature", "properties": { "stationID": "ST-1213", "lat": 37.621407, "long": 127.051971 }, "geometry": { "type": "Point", "coordinates": [ 127.051971, 37.621407 ] } },
{ "type": "Feature", "properties": { "stationID": "ST-1212", "lat": 37.604752, "long": 127.022758 }, "geometry": { "type": "Point", "coordinates": [ 127.022758, 37.604752 ] } },
{ "type": "Feature", "properties": { "stationID": "ST-1211", "lat": 37.607105, "long": 127.0215 }, "geometry": { "type": "Point", "coordinates": [ 127.0215, 37.607105 ] } },
{ "type": "Feature", "properties": { "stationID": "ST-1210", "lat": 37.608978, "long": 127.020248 }, "geometry": { "type": "Point", "coordinates": [ 127.020248, 37.608978 ] } },
{ "type": "Feature", "properties": { "stationID": "ST-121", "lat": 37.572559, "long": 126.978333 }, "geometry": { "type": "Point", "coordinates": [ 126.978333, 37.572559 ] } },
{ "type": "Feature", "properties": { "stationID": "ST-1208", "lat": 37.600288, "long": 127.013702 }, "geometry": { "type": "Point", "coordinates": [ 127.013702, 37.600288 ] } },
{ "type": "Feature", "properties": { "stationID": "ST-1207", "lat": 37.589249, "long": 127.007378 }, "geometry": { "type": "Point", "coordinates": [ 127.007378, 37.589249 ] } },
{ "type": "Feature", "properties": { "stationID": "ST-1206", "lat": 37.592617, "long": 126.997932 }, "geometry": { "type": "Point", "coordinates": [ 126.997932, 37.592617 ] } },
{ "type": "Feature", "properties": { "stationID": "ST-1204", "lat": 37.617844, "long": 127.055 }, "geometry": { "type": "Point", "coordinates": [ 127.055, 37.617844 ] } },
{ "type": "Feature", "properties": { "stationID": "ST-1203", "lat": 37.610573, "long": 127.033669 }, "geometry": { "type": "Point", "coordinates": [ 127.033669, 37.610573 ] } },
{ "type": "Feature", "properties": { "stationID": "ST-1202", "lat": 37.586933, "long": 127.020683 }, "geometry": { "type": "Point", "coordinates": [ 127.020683, 37.586933 ] } },
{ "type": "Feature", "properties": { "stationID": "ST-1201", "lat": 37.590393, "long": 127.017166 }, "geometry": { "type": "Point", "coordinates": [ 127.017166, 37.590393 ] } },
{ "type": "Feature", "properties": { "stationID": "ST-1200", "lat": 37.591713, "long": 127.013557 }, "geometry": { "type": "Point", "coordinates": [ 127.013557, 37.591713 ] } },
{ "type": "Feature", "properties": { "stationID": "ST-120", "lat": 37.572113, "long": 126.977577 }, "geometry": { "type": "Point", "coordinates": [ 126.977577, 37.572113 ] } },
{ "type": "Feature", "properties": { "stationID": "ST-12", "lat": 37.558933, "long": 126.927116 }, "geometry": { "type": "Point", "coordinates": [ 126.927116, 37.558933 ] } },
{ "type": "Feature", "properties": { "stationID": "ST-1199", "lat": 37.542816, "long": 127.042084 }, "geometry": { "type": "Point", "coordinates": [ 127.042084, 37.542816 ] } },
{ "type": "Feature", "properties": { "stationID": "ST-1198", "lat": 37.566261, "long": 127.023697 }, "geometry": { "type": "Point", "coordinates": [ 127.023697, 37.566261 ] } },
{ "type": "Feature", "properties": { "stationID": "ST-1197", "lat": 37.56461, "long": 127.029198 }, "geometry": { "type": "Point", "coordinates": [ 127.029198, 37.56461 ] } },
{ "type": "Feature", "properties": { "stationID": "ST-1195", "lat": 37.55125, "long": 127.035103 }, "geometry": { "type": "Point", "coordinates": [ 127.035103, 37.55125 ] } },
{ "type": "Feature", "properties": { "stationID": "ST-1194", "lat": 37.553417, "long": 127.073196 }, "geometry": { "type": "Point", "coordinates": [ 127.073196, 37.553417 ] } },
{ "type": "Feature", "properties": { "stationID": "ST-1193", "lat": 37.548222, "long": 127.067879 }, "geometry": { "type": "Point", "coordinates": [ 127.067879, 37.548222 ] } },
{ "type": "Feature", "properties": { "stationID": "ST-1192", "lat": 37.545952, "long": 127.078003 }, "geometry": { "type": "Point", "coordinates": [ 127.078003, 37.545952 ] } },
{ "type": "Feature", "properties": { "stationID": "ST-1191", "lat": 37.537014, "long": 127.061096 }, "geometry": { "type": "Point", "coordinates": [ 127.061096, 37.537014 ] } },
{ "type": "Feature", "properties": { "stationID": "ST-1190", "lat": 37.567997, "long": 126.931656 }, "geometry": { "type": "Point", "coordinates": [ 126.931656, 37.567997 ] } },
{ "type": "Feature", "properties": { "stationID": "ST-119", "lat": 37.57177, "long": 126.974663 }, "geometry": { "type": "Point", "coordinates": [ 126.974663, 37.57177 ] } },
{ "type": "Feature", "properties": { "stationID": "ST-1189", "lat": 37.578381, "long": 126.936096 }, "geometry": { "type": "Point", "coordinates": [ 126.936096, 37.578381 ] } },
{ "type": "Feature", "properties": { "stationID": "ST-1188", "lat": 37.557396, "long": 126.952164 }, "geometry": { "type": "Point", "coordinates": [ 126.952164, 37.557396 ] } },
{ "type": "Feature", "properties": { "stationID": "ST-1186", "lat": 37.48735, "long": 127.102325 }, "geometry": { "type": "Point", "coordinates": [ 127.102325, 37.48735 ] } },
{ "type": "Feature", "properties": { "stationID": "ST-1185", "lat": 37.486778, "long": 127.100517 }, "geometry": { "type": "Point", "coordinates": [ 127.100517, 37.486778 ] } },
{ "type": "Feature", "properties": { "stationID": "ST-1184", "lat": 37.48735, "long": 127.100998 }, "geometry": { "type": "Point", "coordinates": [ 127.100998, 37.48735 ] } },
{ "type": "Feature", "properties": { "stationID": "ST-1182", "lat": 37.489277, "long": 127.065575 }, "geometry": { "type": "Point", "coordinates": [ 127.065575, 37.489277 ] } },
{ "type": "Feature", "properties": { "stationID": "ST-1181", "lat": 37.494499, "long": 127.063797 }, "geometry": { "type": "Point", "coordinates": [ 127.063797, 37.494499 ] } },
{ "type": "Feature", "properties": { "stationID": "ST-1180", "lat": 37.514748, "long": 127.035133 }, "geometry": { "type": "Point", "coordinates": [ 127.035133, 37.514748 ] } },
{ "type": "Feature", "properties": { "stationID": "ST-118", "lat": 37.575615, "long": 126.972893 }, "geometry": { "type": "Point", "coordinates": [ 126.972893, 37.575615 ] } },
{ "type": "Feature", "properties": { "stationID": "ST-1179", "lat": 37.496552, "long": 127.054298 }, "geometry": { "type": "Point", "coordinates": [ 127.054298, 37.496552 ] } },
{ "type": "Feature", "properties": { "stationID": "ST-1178", "lat": 37.505428, "long": 127.052872 }, "geometry": { "type": "Point", "coordinates": [ 127.052872, 37.505428 ] } },
{ "type": "Feature", "properties": { "stationID": "ST-1177", "lat": 37.489342, "long": 127.041298 }, "geometry": { "type": "Point", "coordinates": [ 127.041298, 37.489342 ] } },
{ "type": "Feature", "properties": { "stationID": "ST-1174", "lat": 37.5233, "long": 127.038475 }, "geometry": { "type": "Point", "coordinates": [ 127.038475, 37.5233 ] } },
{ "type": "Feature", "properties": { "stationID": "ST-1173", "lat": 37.52124, "long": 127.031899 }, "geometry": { "type": "Point", "coordinates": [ 127.031899, 37.52124 ] } },
{ "type": "Feature", "properties": { "stationID": "ST-1172", "lat": 37.519138, "long": 127.027519 }, "geometry": { "type": "Point", "coordinates": [ 127.027519, 37.519138 ] } },
{ "type": "Feature", "properties": { "stationID": "ST-1171", "lat": 37.517635, "long": 127.022453 }, "geometry": { "type": "Point", "coordinates": [ 127.022453, 37.517635 ] } },
{ "type": "Feature", "properties": { "stationID": "ST-1170", "lat": 37.526844, "long": 127.028259 }, "geometry": { "type": "Point", "coordinates": [ 127.028259, 37.526844 ] } },
{ "type": "Feature", "properties": { "stationID": "ST-117", "lat": 37.575794, "long": 126.971451 }, "geometry": { "type": "Point", "coordinates": [ 126.971451, 37.575794 ] } },
{ "type": "Feature", "properties": { "stationID": "ST-1169", "lat": 37.514839, "long": 127.015602 }, "geometry": { "type": "Point", "coordinates": [ 127.015602, 37.514839 ] } },
{ "type": "Feature", "properties": { "stationID": "ST-1168", "lat": 37.473877, "long": 127.039032 }, "geometry": { "type": "Point", "coordinates": [ 127.039032, 37.473877 ] } },
{ "type": "Feature", "properties": { "stationID": "ST-1167", "lat": 37.461494, "long": 127.049072 }, "geometry": { "type": "Point", "coordinates": [ 127.049072, 37.461494 ] } },
{ "type": "Feature", "properties": { "stationID": "ST-1166", "lat": 37.469242, "long": 127.039825 }, "geometry": { "type": "Point", "coordinates": [ 127.039825, 37.469242 ] } },
{ "type": "Feature", "properties": { "stationID": "ST-1165", "lat": 37.477829, "long": 127.038269 }, "geometry": { "type": "Point", "coordinates": [ 127.038269, 37.477829 ] } },
{ "type": "Feature", "properties": { "stationID": "ST-1164", "lat": 37.487309, "long": 127.010582 }, "geometry": { "type": "Point", "coordinates": [ 127.010582, 37.487309 ] } },
{ "type": "Feature", "properties": { "stationID": "ST-1163", "lat": 37.488022, "long": 126.994118 }, "geometry": { "type": "Point", "coordinates": [ 126.994118, 37.488022 ] } },
{ "type": "Feature", "properties": { "stationID": "ST-1162", "lat": 37.448967, "long": 127.057739 }, "geometry": { "type": "Point", "coordinates": [ 127.057739, 37.448967 ] } },
{ "type": "Feature", "properties": { "stationID": "ST-1161", "lat": 37.510349, "long": 127.016052 }, "geometry": { "type": "Point", "coordinates": [ 127.016052, 37.510349 ] } },
{ "type": "Feature", "properties": { "stationID": "ST-1160", "lat": 37.502319, "long": 127.02227 }, "geometry": { "type": "Point", "coordinates": [ 127.02227, 37.502319 ] } },
{ "type": "Feature", "properties": { "stationID": "ST-116", "lat": 37.56805, "long": 126.969231 }, "geometry": { "type": "Point", "coordinates": [ 126.969231, 37.56805 ] } },
{ "type": "Feature", "properties": { "stationID": "ST-1158", "lat": 37.490536, "long": 127.008049 }, "geometry": { "type": "Point", "coordinates": [ 127.008049, 37.490536 ] } },
{ "type": "Feature", "properties": { "stationID": "ST-1157", "lat": 37.478626, "long": 126.951294 }, "geometry": { "type": "Point", "coordinates": [ 126.951294, 37.478626 ] } },
{ "type": "Feature", "properties": { "stationID": "ST-1156", "lat": 37.47509, "long": 126.959229 }, "geometry": { "type": "Point", "coordinates": [ 126.959229, 37.47509 ] } },
{ "type": "Feature", "properties": { "stationID": "ST-1154", "lat": 37.486652, "long": 126.967842 }, "geometry": { "type": "Point", "coordinates": [ 126.967842, 37.486652 ] } },
{ "type": "Feature", "properties": { "stationID": "ST-1153", "lat": 37.505928, "long": 126.969231 }, "geometry": { "type": "Point", "coordinates": [ 126.969231, 37.505928 ] } },
{ "type": "Feature", "properties": { "stationID": "ST-1152", "lat": 37.484631, "long": 126.97155 }, "geometry": { "type": "Point", "coordinates": [ 126.97155, 37.484631 ] } },
{ "type": "Feature", "properties": { "stationID": "ST-1151", "lat": 37.497078, "long": 126.917793 }, "geometry": { "type": "Point", "coordinates": [ 126.917793, 37.497078 ] } },
{ "type": "Feature", "properties": { "stationID": "ST-1150", "lat": 37.513523, "long": 126.943527 }, "geometry": { "type": "Point", "coordinates": [ 126.943527, 37.513523 ] } },
{ "type": "Feature", "properties": { "stationID": "ST-115", "lat": 37.544006, "long": 127.062149 }, "geometry": { "type": "Point", "coordinates": [ 127.062149, 37.544006 ] } },
{ "type": "Feature", "properties": { "stationID": "ST-1149", "lat": 37.476276, "long": 126.885391 }, "geometry": { "type": "Point", "coordinates": [ 126.885391, 37.476276 ] } },
{ "type": "Feature", "properties": { "stationID": "ST-1148", "lat": 37.460934, "long": 126.887169 }, "geometry": { "type": "Point", "coordinates": [ 126.887169, 37.460934 ] } },
{ "type": "Feature", "properties": { "stationID": "ST-1147", "lat": 37.460171, "long": 126.896042 }, "geometry": { "type": "Point", "coordinates": [ 126.896042, 37.460171 ] } },
{ "type": "Feature", "properties": { "stationID": "ST-1146", "lat": 37.460289, "long": 126.892189 }, "geometry": { "type": "Point", "coordinates": [ 126.892189, 37.460289 ] } },
{ "type": "Feature", "properties": { "stationID": "ST-1144", "lat": 37.477097, "long": 126.911133 }, "geometry": { "type": "Point", "coordinates": [ 126.911133, 37.477097 ] } },
{ "type": "Feature", "properties": { "stationID": "ST-1143", "lat": 37.462574, "long": 126.90686 }, "geometry": { "type": "Point", "coordinates": [ 126.90686, 37.462574 ] } },
{ "type": "Feature", "properties": { "stationID": "ST-1142", "lat": 37.476952, "long": 126.891869 }, "geometry": { "type": "Point", "coordinates": [ 126.891869, 37.476952 ] } },
{ "type": "Feature", "properties": { "stationID": "ST-1141", "lat": 37.475552, "long": 126.888458 }, "geometry": { "type": "Point", "coordinates": [ 126.888458, 37.475552 ] } },
{ "type": "Feature", "properties": { "stationID": "ST-1140", "lat": 37.477436, "long": 126.886154 }, "geometry": { "type": "Point", "coordinates": [ 126.886154, 37.477436 ] } },
{ "type": "Feature", "properties": { "stationID": "ST-114", "lat": 37.548405, "long": 127.069366 }, "geometry": { "type": "Point", "coordinates": [ 127.069366, 37.548405 ] } },
{ "type": "Feature", "properties": { "stationID": "ST-1137", "lat": 37.653015, "long": 127.046997 }, "geometry": { "type": "Point", "coordinates": [ 127.046997, 37.653015 ] } },
{ "type": "Feature", "properties": { "stationID": "ST-1136", "lat": 37.668671, "long": 127.047981 }, "geometry": { "type": "Point", "coordinates": [ 127.047981, 37.668671 ] } },
{ "type": "Feature", "properties": { "stationID": "ST-1135", "lat": 37.673283, "long": 127.043991 }, "geometry": { "type": "Point", "coordinates": [ 127.043991, 37.673283 ] } },
{ "type": "Feature", "properties": { "stationID": "ST-1133", "lat": 37.655708, "long": 127.050102 }, "geometry": { "type": "Point", "coordinates": [ 127.050102, 37.655708 ] } },
{ "type": "Feature", "properties": { "stationID": "ST-1132", "lat": 37.654202, "long": 127.050728 }, "geometry": { "type": "Point", "coordinates": [ 127.050728, 37.654202 ] } },
{ "type": "Feature", "properties": { "stationID": "ST-1131", "lat": 37.653179, "long": 127.012787 }, "geometry": { "type": "Point", "coordinates": [ 127.012787, 37.653179 ] } },
{ "type": "Feature", "properties": { "stationID": "ST-1130", "lat": 37.64463, "long": 127.044609 }, "geometry": { "type": "Point", "coordinates": [ 127.044609, 37.64463 ] } },
{ "type": "Feature", "properties": { "stationID": "ST-113", "lat": 37.530235, "long": 127.08683 }, "geometry": { "type": "Point", "coordinates": [ 127.08683, 37.530235 ] } },
{ "type": "Feature", "properties": { "stationID": "ST-1129", "lat": 37.651653, "long": 127.028488 }, "geometry": { "type": "Point", "coordinates": [ 127.028488, 37.651653 ] } },
{ "type": "Feature", "properties": { "stationID": "ST-1128", "lat": 37.642071, "long": 127.076622 }, "geometry": { "type": "Point", "coordinates": [ 127.076622, 37.642071 ] } },
{ "type": "Feature", "properties": { "stationID": "ST-1127", "lat": 37.65033, "long": 127.071602 }, "geometry": { "type": "Point", "coordinates": [ 127.071602, 37.65033 ] } },
{ "type": "Feature", "properties": { "stationID": "ST-1125", "lat": 37.654049, "long": 127.057327 }, "geometry": { "type": "Point", "coordinates": [ 127.057327, 37.654049 ] } },
{ "type": "Feature", "properties": { "stationID": "ST-1124", "lat": 37.655018, "long": 127.067505 }, "geometry": { "type": "Point", "coordinates": [ 127.067505, 37.655018 ] } },
{ "type": "Feature", "properties": { "stationID": "ST-1123", "lat": 37.631111, "long": 127.07016 }, "geometry": { "type": "Point", "coordinates": [ 127.07016, 37.631111 ] } },
{ "type": "Feature", "properties": { "stationID": "ST-1122", "lat": 37.663792, "long": 127.075447 }, "geometry": { "type": "Point", "coordinates": [ 127.075447, 37.663792 ] } },
{ "type": "Feature", "properties": { "stationID": "ST-1121", "lat": 37.6562, "long": 127.063622 }, "geometry": { "type": "Point", "coordinates": [ 127.063622, 37.6562 ] } },
{ "type": "Feature", "properties": { "stationID": "ST-1120", "lat": 37.68, "long": 127.05558 }, "geometry": { "type": "Point", "coordinates": [ 127.05558, 37.68 ] } },
{ "type": "Feature", "properties": { "stationID": "ST-112", "lat": 37.54258, "long": 127.063309 }, "geometry": { "type": "Point", "coordinates": [ 127.063309, 37.54258 ] } },
{ "type": "Feature", "properties": { "stationID": "ST-1119", "lat": 37.672375, "long": 127.055992 }, "geometry": { "type": "Point", "coordinates": [ 127.055992, 37.672375 ] } },
{ "type": "Feature", "properties": { "stationID": "ST-1118", "lat": 37.63958, "long": 127.065102 }, "geometry": { "type": "Point", "coordinates": [ 127.065102, 37.63958 ] } },
{ "type": "Feature", "properties": { "stationID": "ST-1114", "lat": 37.638489, "long": 127.107903 }, "geometry": { "type": "Point", "coordinates": [ 127.107903, 37.638489 ] } },
{ "type": "Feature", "properties": { "stationID": "ST-1111", "lat": 37.617367, "long": 127.075211 }, "geometry": { "type": "Point", "coordinates": [ 127.075211, 37.617367 ] } },
{ "type": "Feature", "properties": { "stationID": "ST-1110", "lat": 37.636261, "long": 127.032173 }, "geometry": { "type": "Point", "coordinates": [ 127.032173, 37.636261 ] } },
{ "type": "Feature", "properties": { "stationID": "ST-111", "lat": 37.546307, "long": 127.049805 }, "geometry": { "type": "Point", "coordinates": [ 127.049805, 37.546307 ] } },
{ "type": "Feature", "properties": { "stationID": "ST-1109", "lat": 37.636292, "long": 127.023376 }, "geometry": { "type": "Point", "coordinates": [ 127.023376, 37.636292 ] } },
{ "type": "Feature", "properties": { "stationID": "ST-1108", "lat": 37.619637, "long": 127.044533 }, "geometry": { "type": "Point", "coordinates": [ 127.044533, 37.619637 ] } },
{ "type": "Feature", "properties": { "stationID": "ST-1107", "lat": 37.629917, "long": 127.040916 }, "geometry": { "type": "Point", "coordinates": [ 127.040916, 37.629917 ] } },
{ "type": "Feature", "properties": { "stationID": "ST-1106", "lat": 37.626354, "long": 127.047447 }, "geometry": { "type": "Point", "coordinates": [ 127.047447, 37.626354 ] } },
{ "type": "Feature", "properties": { "stationID": "ST-1105", "lat": 37.613956, "long": 127.030251 }, "geometry": { "type": "Point", "coordinates": [ 127.030251, 37.613956 ] } },
{ "type": "Feature", "properties": { "stationID": "ST-1104", "lat": 37.643551, "long": 127.022347 }, "geometry": { "type": "Point", "coordinates": [ 127.022347, 37.643551 ] } },
{ "type": "Feature", "properties": { "stationID": "ST-1103", "lat": 37.63018, "long": 127.02491 }, "geometry": { "type": "Point", "coordinates": [ 127.02491, 37.63018 ] } },
{ "type": "Feature", "properties": { "stationID": "ST-1102", "lat": 37.615036, "long": 127.020699 }, "geometry": { "type": "Point", "coordinates": [ 127.020699, 37.615036 ] } },
{ "type": "Feature", "properties": { "stationID": "ST-1101", "lat": 37.627335, "long": 127.026054 }, "geometry": { "type": "Point", "coordinates": [ 127.026054, 37.627335 ] } },
{ "type": "Feature", "properties": { "stationID": "ST-1100", "lat": 37.641739, "long": 127.024628 }, "geometry": { "type": "Point", "coordinates": [ 127.024628, 37.641739 ] } },
{ "type": "Feature", "properties": { "stationID": "ST-110", "lat": 37.587524, "long": 126.883003 }, "geometry": { "type": "Point", "coordinates": [ 126.883003, 37.587524 ] } },
{ "type": "Feature", "properties": { "stationID": "ST-11", "lat": 37.547691, "long": 126.919983 }, "geometry": { "type": "Point", "coordinates": [ 126.919983, 37.547691 ] } },
{ "type": "Feature", "properties": { "stationID": "ST-1099", "lat": 37.597321, "long": 127.089798 }, "geometry": { "type": "Point", "coordinates": [ 127.089798, 37.597321 ] } },
{ "type": "Feature", "properties": { "stationID": "ST-1098", "lat": 37.588902, "long": 127.08728 }, "geometry": { "type": "Point", "coordinates": [ 127.08728, 37.588902 ] } },
{ "type": "Feature", "properties": { "stationID": "ST-1097", "lat": 37.591301, "long": 127.08033 }, "geometry": { "type": "Point", "coordinates": [ 127.08033, 37.591301 ] } },
{ "type": "Feature", "properties": { "stationID": "ST-1096", "lat": 37.579941, "long": 127.079399 }, "geometry": { "type": "Point", "coordinates": [ 127.079399, 37.579941 ] } },
{ "type": "Feature", "properties": { "stationID": "ST-1095", "lat": 37.574028, "long": 127.080544 }, "geometry": { "type": "Point", "coordinates": [ 127.080544, 37.574028 ] } },
{ "type": "Feature", "properties": { "stationID": "ST-1094", "lat": 37.59552, "long": 127.098778 }, "geometry": { "type": "Point", "coordinates": [ 127.098778, 37.59552 ] } },
{ "type": "Feature", "properties": { "stationID": "ST-1093", "lat": 37.598591, "long": 127.079819 }, "geometry": { "type": "Point", "coordinates": [ 127.079819, 37.598591 ] } },
{ "type": "Feature", "properties": { "stationID": "ST-1092", "lat": 37.532848, "long": 127.121048 }, "geometry": { "type": "Point", "coordinates": [ 127.121048, 37.532848 ] } },
{ "type": "Feature", "properties": { "stationID": "ST-109", "lat": 37.548561, "long": 127.045006 }, "geometry": { "type": "Point", "coordinates": [ 127.045006, 37.548561 ] } },
{ "type": "Feature", "properties": { "stationID": "ST-1089", "lat": 37.499985, "long": 127.135391 }, "geometry": { "type": "Point", "coordinates": [ 127.135391, 37.499985 ] } },
{ "type": "Feature", "properties": { "stationID": "ST-1088", "lat": 37.511944, "long": 127.091217 }, "geometry": { "type": "Point", "coordinates": [ 127.091217, 37.511944 ] } },
{ "type": "Feature", "properties": { "stationID": "ST-1087", "lat": 37.517288, "long": 127.114197 }, "geometry": { "type": "Point", "coordinates": [ 127.114197, 37.517288 ] } },
{ "type": "Feature", "properties": { "stationID": "ST-1086", "lat": 37.51424, "long": 127.12307 }, "geometry": { "type": "Point", "coordinates": [ 127.12307, 37.51424 ] } },
{ "type": "Feature", "properties": { "stationID": "ST-1085", "lat": 37.478809, "long": 127.120003 }, "geometry": { "type": "Point", "coordinates": [ 127.120003, 37.478809 ] } },
{ "type": "Feature", "properties": { "stationID": "ST-1084", "lat": 37.485989, "long": 127.124763 }, "geometry": { "type": "Point", "coordinates": [ 127.124763, 37.485989 ] } },
{ "type": "Feature", "properties": { "stationID": "ST-1083", "lat": 37.538582, "long": 127.122803 }, "geometry": { "type": "Point", "coordinates": [ 127.122803, 37.538582 ] } },
{ "type": "Feature", "properties": { "stationID": "ST-1082", "lat": 37.480541, "long": 127.137016 }, "geometry": { "type": "Point", "coordinates": [ 127.137016, 37.480541 ] } },
{ "type": "Feature", "properties": { "stationID": "ST-1081", "lat": 37.505802, "long": 127.109718 }, "geometry": { "type": "Point", "coordinates": [ 127.109718, 37.505802 ] } },
{ "type": "Feature", "properties": { "stationID": "ST-1080", "lat": 37.505829, "long": 127.107056 }, "geometry": { "type": "Point", "coordinates": [ 127.107056, 37.505829 ] } },
{ "type": "Feature", "properties": { "stationID": "ST-108", "lat": 37.544582, "long": 127.044609 }, "geometry": { "type": "Point", "coordinates": [ 127.044609, 37.544582 ] } },
{ "type": "Feature", "properties": { "stationID": "ST-1079", "lat": 37.506302, "long": 127.121399 }, "geometry": { "type": "Point", "coordinates": [ 127.121399, 37.506302 ] } },
{ "type": "Feature", "properties": { "stationID": "ST-1078", "lat": 37.508984, "long": 127.126595 }, "geometry": { "type": "Point", "coordinates": [ 127.126595, 37.508984 ] } },
{ "type": "Feature", "properties": { "stationID": "ST-1077", "lat": 37.493198, "long": 127.128998 }, "geometry": { "type": "Point", "coordinates": [ 127.128998, 37.493198 ] } },
{ "type": "Feature", "properties": { "stationID": "ST-1076", "lat": 37.4921, "long": 127.117752 }, "geometry": { "type": "Point", "coordinates": [ 127.117752, 37.4921 ] } },
{ "type": "Feature", "properties": { "stationID": "ST-1075", "lat": 37.491131, "long": 127.125809 }, "geometry": { "type": "Point", "coordinates": [ 127.125809, 37.491131 ] } },
{ "type": "Feature", "properties": { "stationID": "ST-1072", "lat": 37.501652, "long": 127.128181 }, "geometry": { "type": "Point", "coordinates": [ 127.128181, 37.501652 ] } },
{ "type": "Feature", "properties": { "stationID": "ST-1070", "lat": 37.505932, "long": 127.10775 }, "geometry": { "type": "Point", "coordinates": [ 127.10775, 37.505932 ] } },
{ "type": "Feature", "properties": { "stationID": "ST-107", "lat": 37.541222, "long": 127.0438 }, "geometry": { "type": "Point", "coordinates": [ 127.0438, 37.541222 ] } },
{ "type": "Feature", "properties": { "stationID": "ST-1069", "lat": 37.550659, "long": 126.84977 }, "geometry": { "type": "Point", "coordinates": [ 126.84977, 37.550659 ] } },
{ "type": "Feature", "properties": { "stationID": "ST-1067", "lat": 37.56926, "long": 126.848419 }, "geometry": { "type": "Point", "coordinates": [ 126.848419, 37.56926 ] } },
{ "type": "Feature", "properties": { "stationID": "ST-1065", "lat": 37.558949, "long": 126.837173 }, "geometry": { "type": "Point", "coordinates": [ 126.837173, 37.558949 ] } },
{ "type": "Feature", "properties": { "stationID": "ST-1064", "lat": 37.558311, "long": 126.826523 }, "geometry": { "type": "Point", "coordinates": [ 126.826523, 37.558311 ] } },
{ "type": "Feature", "properties": { "stationID": "ST-1063", "lat": 37.560207, "long": 126.824142 }, "geometry": { "type": "Point", "coordinates": [ 126.824142, 37.560207 ] } },
{ "type": "Feature", "properties": { "stationID": "ST-1062", "lat": 37.561531, "long": 126.810699 }, "geometry": { "type": "Point", "coordinates": [ 126.810699, 37.561531 ] } },
{ "type": "Feature", "properties": { "stationID": "ST-1061", "lat": 37.545406, "long": 127.142677 }, "geometry": { "type": "Point", "coordinates": [ 127.142677, 37.545406 ] } },
{ "type": "Feature", "properties": { "stationID": "ST-106", "lat": 37.539654, "long": 127.052589 }, "geometry": { "type": "Point", "coordinates": [ 127.052589, 37.539654 ] } },
{ "type": "Feature", "properties": { "stationID": "ST-1059", "lat": 37.568546, "long": 127.17701 }, "geometry": { "type": "Point", "coordinates": [ 127.17701, 37.568546 ] } },
{ "type": "Feature", "properties": { "stationID": "ST-1058", "lat": 37.559162, "long": 127.15332 }, "geometry": { "type": "Point", "coordinates": [ 127.15332, 37.559162 ] } },
{ "type": "Feature", "properties": { "stationID": "ST-1057", "lat": 37.5672, "long": 127.16346 }, "geometry": { "type": "Point", "coordinates": [ 127.16346, 37.5672 ] } },
{ "type": "Feature", "properties": { "stationID": "ST-1056", "lat": 37.561298, "long": 127.167847 }, "geometry": { "type": "Point", "coordinates": [ 127.167847, 37.561298 ] } },
{ "type": "Feature", "properties": { "stationID": "ST-1055", "lat": 37.568638, "long": 127.174805 }, "geometry": { "type": "Point", "coordinates": [ 127.174805, 37.568638 ] } },
{ "type": "Feature", "properties": { "stationID": "ST-1054", "lat": 37.562565, "long": 127.177612 }, "geometry": { "type": "Point", "coordinates": [ 127.177612, 37.562565 ] } },
{ "type": "Feature", "properties": { "stationID": "ST-1053", "lat": 37.551991, "long": 127.153313 }, "geometry": { "type": "Point", "coordinates": [ 127.153313, 37.551991 ] } },
{ "type": "Feature", "properties": { "stationID": "ST-1052", "lat": 37.555096, "long": 127.155281 }, "geometry": { "type": "Point", "coordinates": [ 127.155281, 37.555096 ] } },
{ "type": "Feature", "properties": { "stationID": "ST-1051", "lat": 37.561878, "long": 127.150787 }, "geometry": { "type": "Point", "coordinates": [ 127.150787, 37.561878 ] } },
{ "type": "Feature", "properties": { "stationID": "ST-1050", "lat": 37.557934, "long": 127.144768 }, "geometry": { "type": "Point", "coordinates": [ 127.144768, 37.557934 ] } },
{ "type": "Feature", "properties": { "stationID": "ST-105", "lat": 37.54517, "long": 127.057571 }, "geometry": { "type": "Point", "coordinates": [ 127.057571, 37.54517 ] } },
{ "type": "Feature", "properties": { "stationID": "ST-1049", "lat": 37.556728, "long": 127.136261 }, "geometry": { "type": "Point", "coordinates": [ 127.136261, 37.556728 ] } },
{ "type": "Feature", "properties": { "stationID": "ST-1048", "lat": 37.556042, "long": 127.130936 }, "geometry": { "type": "Point", "coordinates": [ 127.130936, 37.556042 ] } },
{ "type": "Feature", "properties": { "stationID": "ST-1047", "lat": 37.527031, "long": 127.122063 }, "geometry": { "type": "Point", "coordinates": [ 127.122063, 37.527031 ] } },
{ "type": "Feature", "properties": { "stationID": "ST-1046", "lat": 37.536556, "long": 127.125534 }, "geometry": { "type": "Point", "coordinates": [ 127.125534, 37.536556 ] } },
{ "type": "Feature", "properties": { "stationID": "ST-1045", "lat": 37.533108, "long": 127.122772 }, "geometry": { "type": "Point", "coordinates": [ 127.122772, 37.533108 ] } },
{ "type": "Feature", "properties": { "stationID": "ST-1044", "lat": 37.535961, "long": 127.14782 }, "geometry": { "type": "Point", "coordinates": [ 127.14782, 37.535961 ] } },
{ "type": "Feature", "properties": { "stationID": "ST-1043", "lat": 37.546535, "long": 127.155838 }, "geometry": { "type": "Point", "coordinates": [ 127.155838, 37.546535 ] } },
{ "type": "Feature", "properties": { "stationID": "ST-1042", "lat": 37.546841, "long": 127.172516 }, "geometry": { "type": "Point", "coordinates": [ 127.172516, 37.546841 ] } },
{ "type": "Feature", "properties": { "stationID": "ST-1041", "lat": 37.529297, "long": 127.123154 }, "geometry": { "type": "Point", "coordinates": [ 127.123154, 37.529297 ] } },
{ "type": "Feature", "properties": { "stationID": "ST-1040", "lat": 37.549984, "long": 127.174706 }, "geometry": { "type": "Point", "coordinates": [ 127.174706, 37.549984 ] } },
{ "type": "Feature", "properties": { "stationID": "ST-104", "lat": 37.548203, "long": 127.057114 }, "geometry": { "type": "Point", "coordinates": [ 127.057114, 37.548203 ] } },
{ "type": "Feature", "properties": { "stationID": "ST-1039", "lat": 37.625778, "long": 126.928818 }, "geometry": { "type": "Point", "coordinates": [ 126.928818, 37.625778 ] } },
{ "type": "Feature", "properties": { "stationID": "ST-1038", "lat": 37.62265, "long": 126.925247 }, "geometry": { "type": "Point", "coordinates": [ 126.925247, 37.62265 ] } },
{ "type": "Feature", "properties": { "stationID": "ST-1037", "lat": 37.619305, "long": 126.920593 }, "geometry": { "type": "Point", "coordinates": [ 126.920593, 37.619305 ] } },
{ "type": "Feature", "properties": { "stationID": "ST-1036", "lat": 37.609802, "long": 126.916794 }, "geometry": { "type": "Point", "coordinates": [ 126.916794, 37.609802 ] } },
{ "type": "Feature", "properties": { "stationID": "ST-1035", "lat": 37.619781, "long": 126.920807 }, "geometry": { "type": "Point", "coordinates": [ 126.920807, 37.619781 ] } },
{ "type": "Feature", "properties": { "stationID": "ST-1034", "lat": 37.577202, "long": 126.902351 }, "geometry": { "type": "Point", "coordinates": [ 126.902351, 37.577202 ] } },
{ "type": "Feature", "properties": { "stationID": "ST-1033", "lat": 37.622669, "long": 126.919991 }, "geometry": { "type": "Point", "coordinates": [ 126.919991, 37.622669 ] } },
{ "type": "Feature", "properties": { "stationID": "ST-1032", "lat": 37.618439, "long": 126.932884 }, "geometry": { "type": "Point", "coordinates": [ 126.932884, 37.618439 ] } },
{ "type": "Feature", "properties": { "stationID": "ST-1031", "lat": 37.63414, "long": 126.932343 }, "geometry": { "type": "Point", "coordinates": [ 126.932343, 37.63414 ] } },
{ "type": "Feature", "properties": { "stationID": "ST-103", "lat": 37.549061, "long": 127.057793 }, "geometry": { "type": "Point", "coordinates": [ 127.057793, 37.549061 ] } },
{ "type": "Feature", "properties": { "stationID": "ST-1029", "lat": 37.602402, "long": 126.92865 }, "geometry": { "type": "Point", "coordinates": [ 126.92865, 37.602402 ] } },
{ "type": "Feature", "properties": { "stationID": "ST-1028", "lat": 37.644081, "long": 126.929283 }, "geometry": { "type": "Point", "coordinates": [ 126.929283, 37.644081 ] } },
{ "type": "Feature", "properties": { "stationID": "ST-1027", "lat": 37.637222, "long": 126.933304 }, "geometry": { "type": "Point", "coordinates": [ 126.933304, 37.637222 ] } },
{ "type": "Feature", "properties": { "stationID": "ST-1025", "lat": 37.6017, "long": 126.927422 }, "geometry": { "type": "Point", "coordinates": [ 126.927422, 37.6017 ] } },
{ "type": "Feature", "properties": { "stationID": "ST-1024", "lat": 37.644684, "long": 126.918457 }, "geometry": { "type": "Point", "coordinates": [ 126.918457, 37.644684 ] } },
{ "type": "Feature", "properties": { "stationID": "ST-1023", "lat": 37.645851, "long": 126.923798 }, "geometry": { "type": "Point", "coordinates": [ 126.923798, 37.645851 ] } },
{ "type": "Feature", "properties": { "stationID": "ST-1021", "lat": 37.605202, "long": 126.922112 }, "geometry": { "type": "Point", "coordinates": [ 126.922112, 37.605202 ] } },
{ "type": "Feature", "properties": { "stationID": "ST-1020", "lat": 37.597141, "long": 126.909599 }, "geometry": { "type": "Point", "coordinates": [ 126.909599, 37.597141 ] } },
{ "type": "Feature", "properties": { "stationID": "ST-102", "lat": 37.53701, "long": 127.082245 }, "geometry": { "type": "Point", "coordinates": [ 127.082245, 37.53701 ] } },
{ "type": "Feature", "properties": { "stationID": "ST-1019", "lat": 37.530251, "long": 126.879303 }, "geometry": { "type": "Point", "coordinates": [ 126.879303, 37.530251 ] } },
{ "type": "Feature", "properties": { "stationID": "ST-1018", "lat": 37.53458, "long": 126.875649 }, "geometry": { "type": "Point", "coordinates": [ 126.875649, 37.53458 ] } },
{ "type": "Feature", "properties": { "stationID": "ST-1017", "lat": 37.536503, "long": 126.877747 }, "geometry": { "type": "Point", "coordinates": [ 126.877747, 37.536503 ] } },
{ "type": "Feature", "properties": { "stationID": "ST-1016", "lat": 37.522282, "long": 126.839699 }, "geometry": { "type": "Point", "coordinates": [ 126.839699, 37.522282 ] } },
{ "type": "Feature", "properties": { "stationID": "ST-1015", "lat": 37.543842, "long": 126.882545 }, "geometry": { "type": "Point", "coordinates": [ 126.882545, 37.543842 ] } },
{ "type": "Feature", "properties": { "stationID": "ST-1014", "lat": 37.5089, "long": 126.842682 }, "geometry": { "type": "Point", "coordinates": [ 126.842682, 37.5089 ] } },
{ "type": "Feature", "properties": { "stationID": "ST-1013", "lat": 37.550732, "long": 126.864578 }, "geometry": { "type": "Point", "coordinates": [ 126.864578, 37.550732 ] } },
{ "type": "Feature", "properties": { "stationID": "ST-1012", "lat": 37.53952, "long": 126.825401 }, "geometry": { "type": "Point", "coordinates": [ 126.825401, 37.53952 ] } },
{ "type": "Feature", "properties": { "stationID": "ST-1011", "lat": 37.536369, "long": 126.831711 }, "geometry": { "type": "Point", "coordinates": [ 126.831711, 37.536369 ] } },
{ "type": "Feature", "properties": { "stationID": "ST-1010", "lat": 37.536995, "long": 126.827286 }, "geometry": { "type": "Point", "coordinates": [ 126.827286, 37.536995 ] } },
{ "type": "Feature", "properties": { "stationID": "ST-101", "lat": 37.53297, "long": 127.075935 }, "geometry": { "type": "Point", "coordinates": [ 127.075935, 37.53297 ] } },
{ "type": "Feature", "properties": { "stationID": "ST-1008", "lat": 37.522312, "long": 126.849045 }, "geometry": { "type": "Point", "coordinates": [ 126.849045, 37.522312 ] } },
{ "type": "Feature", "properties": { "stationID": "ST-1007", "lat": 37.52219, "long": 126.8367 }, "geometry": { "type": "Point", "coordinates": [ 126.8367, 37.52219 ] } },
{ "type": "Feature", "properties": { "stationID": "ST-1006", "lat": 37.536377, "long": 126.871513 }, "geometry": { "type": "Point", "coordinates": [ 126.871513, 37.536377 ] } },
{ "type": "Feature", "properties": { "stationID": "ST-1005", "lat": 37.51395, "long": 126.856056 }, "geometry": { "type": "Point", "coordinates": [ 126.856056, 37.51395 ] } },
{ "type": "Feature", "properties": { "stationID": "ST-1004", "lat": 37.514099, "long": 126.831001 }, "geometry": { "type": "Point", "coordinates": [ 126.831001, 37.514099 ] } },
{ "type": "Feature", "properties": { "stationID": "ST-1003", "lat": 37.539551, "long": 126.8283 }, "geometry": { "type": "Point", "coordinates": [ 126.8283, 37.539551 ] } },
{ "type": "Feature", "properties": { "stationID": "ST-1002", "lat": 37.5299, "long": 126.876541 }, "geometry": { "type": "Point", "coordinates": [ 126.876541, 37.5299 ] } },
{ "type": "Feature", "properties": { "stationID": "ST-1000", "lat": 37.51038, "long": 126.866798 }, "geometry": { "type": "Point", "coordinates": [ 126.866798, 37.51038 ] } },
{ "type": "Feature", "properties": { "stationID": "ST-100", "lat": 37.536667, "long": 127.073593 }, "geometry": { "type": "Point", "coordinates": [ 127.073593, 37.536667 ] } },
{ "type": "Feature", "properties": { "stationID": "ST-10", "lat": 37.552746, "long": 126.918617 }, "geometry": { "type": "Point", "coordinates": [ 126.918617, 37.552746 ] } }
]
}
