{
"type": "FeatureCollection",
"name": "Seoul_stream",
"crs": { "type": "name", "properties": { "name": "urn:ogc:def:crs:EPSG::5179" } },
"features": [
{ "type": "Feature", "properties": { "OBJECTID": 1, "CODE2": 1005380.0, "INDEXPAGE1": ",43,59", "LEVEL1": ",43,", "NAME2": ",Ⱦ3õ", "RIVLEN1": 20.7, "UID1": 22.0, "INDEXPAGE2": null, "LEVEL2": null, "RIVLEN2": 0.0, "RIV_CD_1": 0.0, "RIV_NAM_1": null, "UID2": 0.0, "CODE1": 0.0, "INDEXPAGE": null, "LEVEL": null, "NAME1": null, "RIVLEN": 0.0, "UID": 0.0, "Shape_Leng": 30425.734479300001, "Shape_Area": 867204.80212699994 }, "geometry": { "type": "MultiPolygon", "coordinates": [ [ [ [ 944590.884899999946356, 1942847.721300000324845 ], [ 944614.617300000041723, 1942741.949899999424815 ], [ 944626.058699999935925, 1942704.976500000804663 ], [ 944627.763000000268221, 1942699.574799999594688 ], [ 944653.166299999691546, 1942620.956499999389052 ], [ 944655.477800000458956, 1942616.043299999088049 ], [ 944673.726999999955297, 1942583.592800000682473 ], [ 944685.599000000394881, 1942558.974899999797344 ], [ 944687.077100000344217, 1942555.6776 ], [ 944691.281299999915063, 1942529.628699999302626 ], [ 944692.755400000140071, 1942525.38990000076592 ], [ 944713.979299999773502, 1942474.866599999368191 ], [ 944715.562300000339746, 1942470.602299999445677 ], [ 944725.574799999594688, 1942443.339099999517202 ], [ 944758.412999999709427, 1942362.86119999922812 ], [ 944780.012000000104308, 1942317.079700000584126 ], [ 944802.456000000238419, 1942268.770500000566244 ], [ 944838.315499999560416, 1942206.426100000739098 ], [ 944839.230700000189245, 1942204.626000000163913 ], [ 944871.32880000025034, 1942136.238399999216199 ], [ 944872.955199999734759, 1942132.052300000563264 ], [ 944877.998800000175834, 1942110.554400000721216 ], [ 944878.904799999669194, 1942108.609899999573827 ], [ 944912.363599999807775, 1942038.724999999627471 ], [ 944924.173799999989569, 1942011.745200000703335 ], [ 944925.720700000412762, 1942008.7884 ], [ 944944.536799999885261, 1941980.189500000327826 ], [ 944946.44440000038594, 1941976.055600000545382 ], [ 944960.876299999654293, 1941942.951999999582767 ], [ 944974.760300000198185, 1941917.277799999341369 ], [ 944976.750500000081956, 1941913.526699999347329 ], [ 945005.480600000359118, 1941856.883199999108911 ], [ 945008.2193, 1941851.6897 ], [ 945031.985399999655783, 1941807.679400000721216 ], [ 945115.247700000181794, 1941657.246799999848008 ], [ 945117.464200000278652, 1941653.287499999627471 ], [ 945169.135700000450015, 1941566.568 ], [ 945175.323200000450015, 1941556.955700000748038 ], [ 945242.675599999725819, 1941460.884199999272823 ], [ 945244.074699999764562, 1941458.878599999472499 ], [ 945280.783200000412762, 1941405.774599999189377 ], [ 945372.794700000435114, 1941264.173900000751019 ], [ 945374.713299999944866, 1941261.350600000470877 ], [ 945431.988300000317395, 1941178.595799999311566 ], [ 945433.904400000348687, 1941175.80460000038147 ], [ 945487.385200000368059, 1941091.523499999195337 ], [ 945490.838100000284612, 1941088.402699999511242 ], [ 945507.003999999724329, 1941074.073100000619888 ], [ 945510.154799999669194, 1941070.999600000679493 ], [ 945569.979799999855459, 1940985.802500000223517 ], [ 945649.407300000078976, 1940878.562999999150634 ], [ 945652.714100000448525, 1940874.17710000090301 ], [ 945672.22580000013113, 1940848.427200000733137 ], [ 945777.939399999566376, 1940693.363900000229478 ], [ 945881.519100000150502, 1940537.596000000834465 ], [ 945933.215900000184774, 1940460.154799999669194 ], [ 945990.513700000010431, 1940366.319299999624491 ], [ 945991.752999999560416, 1940364.2577 ], [ 946099.446100000292063, 1940178.71059999987483 ], [ 946100.72759999986738, 1940176.427799999713898 ], [ 946135.981399999931455, 1940112.003599999472499 ], [ 946158.727099999785423, 1940071.802999999374151 ], [ 946161.865199999883771, 1940066.153799999505281 ], [ 946235.284199999645352, 1939930.86089999973774 ], [ 946283.63910000026226, 1939826.93019999936223 ], [ 946284.515300000086427, 1939824.922499999403954 ], [ 946304.077800000086427, 1939774.540100000798702 ], [ 946306.543499999679625, 1939768.553600000217557 ], [ 946332.116399999707937, 1939708.402200000360608 ], [ 946364.31900000013411, 1939634.537599999457598 ], [ 946365.451899999752641, 1939631.855399999767542 ], [ 946424.9534, 1939472.2785 ], [ 946445.439899999648333, 1939414.722999999299645 ], [ 946446.117300000041723, 1939412.820000000298023 ], [ 946481.156899999827147, 1939314.379000000655651 ], [ 946482.44579999987036, 1939310.6985 ], [ 946514.285699999891222, 1939214.927799999713898 ], [ 946550.336500000208616, 1939121.847300000488758 ], [ 946550.917600000277162, 1939120.177999999374151 ], [ 946564.810300000011921, 1939074.727600000798702 ], [ 946616.75829999987036, 1938927.721000000834465 ], [ 946683.606700000353158, 1938735.971699999645352 ], [ 946709.743400000035763, 1938666.674100000411272 ], [ 946750.348899999633431, 1938541.496899999678135 ], [ 946752.58739999961108, 1938535.224099999293685 ], [ 946766.982300000265241, 1938496.305299999192357 ], [ 946811.135400000028312, 1938368.3585 ], [ 946812.000799999572337, 1938366.011600000783801 ], [ 946837.315700000151992, 1938299.956299999728799 ], [ 946838.247800000011921, 1938297.4879 ], [ 946879.151499999687076, 1938176.476299999281764 ], [ 946911.291400000452995, 1938090.456700000911951 ], [ 946912.217299999669194, 1938087.927500000223517 ], [ 946948.427899999544024, 1937984.17879999987781 ], [ 946968.267599999904633, 1937919.808000000193715 ], [ 946969.752799999900162, 1937915.869699999690056 ], [ 946979.862099999561906, 1937890.112800000235438 ], [ 946982.473399999551475, 1937855.0757 ], [ 946982.738900000229478, 1937850.387900000438094 ], [ 946983.990699999965727, 1937790.431199999526143 ], [ 946984.00899999961257, 1937788.448400000110269 ], [ 946980.4057, 1937726.340299999341369 ], [ 946969.813900000415742, 1937741.4419 ], [ 946968.791600000113249, 1937744.884700000286102 ], [ 946967.603000000119209, 1937748.888900000602007 ], [ 946966.434000000357628, 1937752.205900000408292 ], [ 946960.400799999944866, 1937772.199400000274181 ], [ 946951.5148, 1937787.054300000891089 ], [ 946944.947800000198185, 1937792.098999999463558 ], [ 946946.029299999587238, 1937792.4243 ], [ 946940.417700000107288, 1937797.421299999579787 ], [ 946936.04079999960959, 1937799.7555 ], [ 946915.786100000143051, 1937815.295099999755621 ], [ 946911.638700000010431, 1937822.689300000667572 ], [ 946909.230800000019372, 1937824.801000000908971 ], [ 946908.142099999822676, 1937833.385199999436736 ], [ 946907.711099999956787, 1937837.143400000408292 ], [ 946907.022900000214577, 1937864.228800000622869 ], [ 946906.700199999846518, 1937866.965399999171495 ], [ 946902.299599999561906, 1937891.568499999120831 ], [ 946896.454900000244379, 1937914.4869 ], [ 946895.474499999545515, 1937918.278300000354648 ], [ 946880.265300000086427, 1937967.903899999335408 ], [ 946878.228099999949336, 1937973.988199999555945 ], [ 946869.455900000408292, 1937997.758600000292063 ], [ 946914.565700000151992, 1937989.207900000736117 ], [ 946916.426900000311434, 1937989.57289999909699 ], [ 946913.551300000399351, 1937998.115900000557303 ], [ 946912.704900000244379, 1938000.431600000709295 ], [ 946901.53139999974519, 1938034.916300000622869 ], [ 946900.00789999961853, 1938039.265799999237061 ], [ 946889.066999999806285, 1938073.125499999150634 ], [ 946888.064799999818206, 1938075.6919 ], [ 946886.79839999973774, 1938079.663100000470877 ], [ 946878.645600000396371, 1938105.230100000277162 ], [ 946867.096699999645352, 1938133.345100000500679 ], [ 946860.156499999575317, 1938147.219699999317527 ], [ 946855.224600000306964, 1938156.773399999365211 ], [ 946835.566200000233948, 1938170.092700000852346 ], [ 946834.157700000330806, 1938175.347100000828505 ], [ 946833.253100000321865, 1938178.381799999624491 ], [ 946826.467199999839067, 1938203.690600000321865 ], [ 946825.1716, 1938212.724199999123812 ], [ 946824.564500000327826, 1938216.039300000295043 ], [ 946820.345499999821186, 1938245.239099999889731 ], [ 946818.715900000184774, 1938256.181700000539422 ], [ 946816.732699999585748, 1938267.9070999994874 ], [ 946810.129900000058115, 1938286.591199999675155 ], [ 946808.189100000075996, 1938291.755599999800324 ], [ 946796.218500000424683, 1938325.806700000539422 ], [ 946795.03110000025481, 1938328.8739 ], [ 946782.843700000084937, 1938363.456900000572205 ], [ 946771.377000000327826, 1938395.475099999457598 ], [ 946765.557500000111759, 1938411.594100000336766 ], [ 946760.201899999752641, 1938426.584799999371171 ], [ 946755.522900000214577, 1938439.699100000783801 ], [ 946742.613900000229478, 1938476.598099999129772 ], [ 946741.748999999836087, 1938478.664799999445677 ], [ 946729.411500000394881, 1938514.373299999162555 ], [ 946728.441899999976158, 1938516.8454 ], [ 946727.813699999824166, 1938519.410900000482798 ], [ 946727.183699999935925, 1938521.257500000298023 ], [ 946719.325100000016391, 1938544.634600000455976 ], [ 946710.712899999693036, 1938569.8903 ], [ 946697.637400000356138, 1938608.00760000012815 ], [ 946685.579199999570847, 1938643.464700000360608 ], [ 946668.269299999810755, 1938657.5833 ], [ 946661.068799999542534, 1938663.4002 ], [ 946641.098000000230968, 1938673.439300000667572 ], [ 946627.433699999935925, 1938674.430600000545382 ], [ 946616.421500000171363, 1938701.11769999936223 ], [ 946572.820299999788404, 1938823.931199999526143 ], [ 946572.20409999974072, 1938825.789000000804663 ], [ 946557.265599999576807, 1938872.9485 ], [ 946556.620400000363588, 1938874.912200000137091 ], [ 946522.968399999663234, 1938968.213199999183416 ], [ 946524.455599999986589, 1938967.986500000581145 ], [ 946538.292799999937415, 1938965.878100000321865 ], [ 946543.60950000025332, 1938961.288499999791384 ], [ 946562.935499999672174, 1938944.474300000816584 ], [ 946574.720499999821186, 1938934.13370000012219 ], [ 946579.573400000110269, 1938933.29619999974966 ], [ 946574.894899999722838, 1938946.5033 ], [ 946570.122999999672174, 1938956.74379999935627 ], [ 946567.31290000025183, 1938974.721200000494719 ], [ 946563.679100000299513, 1938984.705900000408292 ], [ 946557.382799999788404, 1939002.1699 ], [ 946550.904199999757111, 1939020.2917 ], [ 946547.177400000393391, 1939030.463700000196695 ], [ 946537.696999999694526, 1939057.160199999809265 ], [ 946508.351700000464916, 1939140.504499999806285 ], [ 946492.010499999858439, 1939187.167300000786781 ], [ 946484.733799999579787, 1939208.075300000607967 ], [ 946480.025399999693036, 1939221.4693 ], [ 946472.349100000225008, 1939246.7829 ], [ 946470.56969999987632, 1939249.978000000119209 ], [ 946453.890599999576807, 1939279.835699999704957 ], [ 946445.966599999926984, 1939305.588300000876188 ], [ 946434.293200000189245, 1939342.886700000613928 ], [ 946433.461400000378489, 1939345.046299999579787 ], [ 946422.646999999880791, 1939379.435100000351667 ], [ 946411.622499999590218, 1939415.418500000610948 ], [ 946408.057599999941885, 1939426.495500000193715 ], [ 946400.091699999757111, 1939453.058800000697374 ], [ 946384.652599999681115, 1939460.450999999418855 ], [ 946367.525999999605119, 1939465.039000000804663 ], [ 946346.478000000119209, 1939463.213999999687076 ], [ 946343.802000000141561, 1939462.050200000405312 ], [ 946323.622200000099838, 1939512.353199999779463 ], [ 946265.590300000272691, 1939656.297700000926852 ], [ 946264.077800000086427, 1939659.60249999910593 ], [ 946218.77309999987483, 1939756.124600000679493 ], [ 946217.449900000356138, 1939758.971100000664592 ], [ 946188.576299999840558, 1939826.054199999198318 ], [ 946142.001299999654293, 1939933.670099999755621 ], [ 946141.049599999561906, 1939935.77309999987483 ], [ 946120.308899999596179, 1939975.641100000590086 ], [ 946117.459099999628961, 1939981.0735 ], [ 946085.194099999964237, 1940042.297900000587106 ], [ 946083.919800000265241, 1940044.554300000891089 ], [ 946033.818799999542534, 1940131.650299999862909 ], [ 945949.579599999822676, 1940273.2248 ], [ 945900.109899999573827, 1940354.531500000506639 ], [ 945906.427899999544024, 1940350.880000000819564 ], [ 945932.5, 1940351.523800000548363 ], [ 945944.787100000306964, 1940356.362999999895692 ], [ 945954.272599999792874, 1940368.995200000703335 ], [ 945924.213700000196695, 1940411.9199 ], [ 945887.007000000216067, 1940464.8169 ], [ 945876.604500000365078, 1940479.491699999198318 ], [ 945865.192200000397861, 1940495.296399999409914 ], [ 945800.591799999587238, 1940587.168400000780821 ], [ 945793.656299999915063, 1940586.986099999397993 ], [ 945783.076399999670684, 1940585.886499999091029 ], [ 945758.290500000119209, 1940583.268699999898672 ], [ 945752.604700000025332, 1940582.081000000238419 ], [ 945679.876799999736249, 1940690.550799999386072 ], [ 945677.46239999961108, 1940694.047800000756979 ], [ 945586.153900000266731, 1940822.988800000399351 ], [ 945560.87540000025183, 1940859.273399999365211 ], [ 945553.770200000144541, 1940870.284199999645352 ], [ 945556.85950000025332, 1940872.012399999424815 ], [ 945576.780399999581277, 1940893.7741 ], [ 945577.291299999691546, 1940893.052699999883771 ], [ 945579.167700000107288, 1940910.974300000816584 ], [ 945581.378800000064075, 1940933.422399999573827 ], [ 945570.449199999682605, 1940954.6919 ], [ 945556.100999999791384, 1940982.38289999961853 ], [ 945555.142799999564886, 1940984.325300000607967 ], [ 945555.519999999552965, 1940984.790999999269843 ], [ 945549.227300000376999, 1940991.04109999909997 ], [ 945526.754700000397861, 1941006.592399999499321 ], [ 945497.536000000312924, 1941016.399700000882149 ], [ 945463.359199999831617, 1941027.8574 ], [ 945440.349399999715388, 1941051.065099999308586 ], [ 945432.30379999987781, 1941074.4112 ], [ 945430.888399999588728, 1941078.449200000613928 ], [ 945425.840800000354648, 1941092.68889999948442 ], [ 945419.374400000087917, 1941110.49860000051558 ], [ 945414.974399999715388, 1941123.048499999567866 ], [ 945408.939500000327826, 1941133.795700000599027 ], [ 945405.279299999587238, 1941138.5943 ], [ 945398.15749999973923, 1941147.815600000321865 ], [ 945388.809000000357628, 1941155.019500000402331 ], [ 945375.293899999931455, 1941163.119300000369549 ], [ 945360.424499999731779, 1941171.8509 ], [ 945346.858199999667704, 1941179.201099999248981 ], [ 945333.573300000280142, 1941192.298599999397993 ], [ 945331.274699999950826, 1941194.569499999284744 ], [ 945314.215800000354648, 1941220.016699999570847 ], [ 945308.655199999921024, 1941235.727 ], [ 945304.204300000332296, 1941253.369300000369549 ], [ 945303.162999999709427, 1941266.277100000530481 ], [ 945305.194299999624491, 1941284.071900000795722 ], [ 945310.896300000138581, 1941298.974500000476837 ], [ 945316.3898, 1941312.877299999818206 ], [ 945305.321999999694526, 1941328.743200000375509 ], [ 945293.881099999882281, 1941345.171800000593066 ], [ 945281.542299999855459, 1941362.887900000438094 ], [ 945270.317800000309944, 1941378.878699999302626 ], [ 945256.613800000399351, 1941398.538100000470877 ], [ 945246.986899999901652, 1941412.240299999713898 ], [ 945235.376799999736249, 1941428.98369999974966 ], [ 945228.105999999679625, 1941439.299499999731779 ], [ 945224.850499999709427, 1941443.909 ], [ 945217.642099999822676, 1941454.286499999463558 ], [ 945215.661000000312924, 1941457.764699999243021 ], [ 945212.395600000396371, 1941460.437100000679493 ], [ 945205.288800000213087, 1941466.254699999466538 ], [ 945194.719700000248849, 1941482.116900000721216 ], [ 945185.610299999825656, 1941502.188799999654293 ], [ 945181.332799999974668, 1941511.459300000220537 ], [ 945180.35869999974966, 1941513.244799999520183 ], [ 945170.772699999623001, 1941528.85190000012517 ], [ 945166.170300000347197, 1941536.264399999752641 ], [ 945158.026399999856949, 1941549.381100000813603 ], [ 945138.205599999986589, 1941581.7555 ], [ 945129.658300000242889, 1941595.889699999243021 ], [ 945124.920199999585748, 1941603.599099999293685 ], [ 945086.361299999989569, 1941666.593599999323487 ], [ 945066.446999999694526, 1941699.2193 ], [ 945051.427400000393391, 1941724.101800000295043 ], [ 945041.409099999815226, 1941740.555099999532104 ], [ 945026.003399999812245, 1941766.221400000154972 ], [ 945012.640700000338256, 1941788.221300000324845 ], [ 945002.916600000113249, 1941804.3301 ], [ 945000.135900000110269, 1941810.248700000345707 ], [ 944990.434100000187755, 1941830.417899999767542 ], [ 944985.565700000151992, 1941840.190099999308586 ], [ 944982.228799999691546, 1941847.142300000414252 ], [ 944965.63370000012219, 1941881.155899999663234 ], [ 944956.981599999591708, 1941899.070299999788404 ], [ 944952.283699999563396, 1941908.560799999162555 ], [ 944943.044900000095367, 1941927.790899999439716 ], [ 944935.273000000044703, 1941943.763299999758601 ], [ 944924.643699999898672, 1941965.779699999839067 ], [ 944914.089399999938905, 1941987.296800000593066 ], [ 944900.849399999715388, 1942014.920099999755621 ], [ 944896.41440000012517, 1942023.846300000324845 ], [ 944888.116899999789894, 1942040.9781 ], [ 944877.56319999974221, 1942062.588300000876188 ], [ 944864.988300000317395, 1942088.739399999380112 ], [ 944859.7027000002563, 1942099.419700000435114 ], [ 944849.320700000040233, 1942121.029799999669194 ], [ 944839.972199999727309, 1942140.134700000286102 ], [ 944826.207799999974668, 1942168.978000000119209 ], [ 944821.197300000116229, 1942181.37529999949038 ], [ 944811.868200000375509, 1942204.135500000789762 ], [ 944798.901300000026822, 1942236.0987 ], [ 944795.64850000012666, 1942244.239099999889731 ], [ 944787.971199999563396, 1942263.30379999987781 ], [ 944783.82120000012219, 1942273.072300000116229 ], [ 944771.837199999950826, 1942301.875399999320507 ], [ 944768.320299999788404, 1942310.140100000426173 ], [ 944764.002899999730289, 1942320.754200000315905 ], [ 944751.885099999606609, 1942350.744699999690056 ], [ 944746.581899999640882, 1942363.924100000411272 ], [ 944736.836500000208616, 1942387.936000000685453 ], [ 944727.603699999861419, 1942411.1327 ], [ 944721.773699999786913, 1942425.251499999314547 ], [ 944718.707000000402331, 1942433.07880000025034 ], [ 944701.888399999588728, 1942474.870899999514222 ], [ 944688.752299999818206, 1942507.366900000721216 ], [ 944678.222199999727309, 1942533.475299999117851 ], [ 944676.573400000110269, 1942537.545499999076128 ], [ 944673.884999999776483, 1942540.308800000697374 ], [ 944670.705599999986589, 1942544.542999999597669 ], [ 944668.999099999666214, 1942552.642300000414252 ], [ 944671.591400000266731, 1942558.532400000840425 ], [ 944669.325600000098348, 1942564.106499999761581 ], [ 944665.433899999596179, 1942575.372099999338388 ], [ 944659.154900000430644, 1942593.273800000548363 ], [ 944652.906600000336766, 1942610.738600000739098 ], [ 944648.275100000202656, 1942623.945499999448657 ], [ 944643.118300000205636, 1942638.342700000852346 ], [ 944637.056800000369549, 1942655.586400000378489 ], [ 944632.317499999888241, 1942669.1699 ], [ 944627.113800000399351, 1942683.630200000479817 ], [ 944621.374800000339746, 1942700.060699999332428 ], [ 944616.464999999850988, 1942713.706900000572205 ], [ 944611.61809999961406, 1942727.5395 ], [ 944605.10950000025332, 1942746.068499999120831 ], [ 944599.662999999709427, 1942761.809599999338388 ], [ 944584.119900000281632, 1942746.61629999987781 ], [ 944582.759100000374019, 1942745.285599999129772 ], [ 944582.666199999861419, 1942745.748999999836087 ], [ 944576.465599999763072, 1942779.03319999948144 ], [ 944572.219600000418723, 1942787.927400000393391 ], [ 944569.53139999974519, 1942790.027699999511242 ], [ 944563.771599999628961, 1942792.766100000590086 ], [ 944563.406600000336766, 1942792.960400000214577 ], [ 944546.495299999602139, 1942842.84180000051856 ], [ 944546.279199999757111, 1942850.967399999499321 ], [ 944546.085699999704957, 1942867.462500000372529 ], [ 944548.06900000013411, 1942879.228900000452995 ], [ 944549.339399999938905, 1942883.157600000500679 ], [ 944554.462299999780953, 1942897.812300000339746 ], [ 944555.862499999813735, 1942899.618300000205636 ], [ 944562.43790000025183, 1942908.485300000756979 ], [ 944568.137799999676645, 1942914.141000000759959 ], [ 944573.082999999634922, 1942919.065999999642372 ], [ 944579.758100000210106, 1942893.314799999818206 ], [ 944580.804999999701977, 1942889.139000000432134 ], [ 944590.884899999946356, 1942847.721300000324845 ] ] ], [ [ [ 944538.60120000038296, 1943013.968000000342727 ], [ 944557.956799999810755, 1942973.421700000762939 ], [ 944548.44620000012219, 1942977.035800000652671 ], [ 944545.246000000275671, 1942977.36460000090301 ], [ 944518.380199999548495, 1942980.099899999797344 ], [ 944497.644199999980628, 1942984.364299999549985 ], [ 944494.5455, 1942988.991399999707937 ], [ 944485.125199999660254, 1943027.622899999842048 ], [ 944483.653199999593198, 1943033.378000000491738 ], [ 944471.889999999664724, 1943078.851299999281764 ], [ 944469.328300000168383, 1943093.32179999910295 ], [ 944482.867499999701977, 1943113.92710000090301 ], [ 944500.735799999907613, 1943131.76410000026226 ], [ 944503.963999999687076, 1943138.633400000631809 ], [ 944504.738699999637902, 1943133.544399999082088 ], [ 944526.787299999967217, 1943067.781300000846386 ], [ 944527.183000000193715, 1943066.13990000076592 ], [ 944538.185899999924004, 1943015.612800000235438 ], [ 944538.60120000038296, 1943013.968000000342727 ] ] ], [ [ [ 945648.206699999980628, 1947828.493300000205636 ], [ 945552.908800000324845, 1947775.076199999079108 ], [ 945520.080599999986589, 1947756.675100000575185 ], [ 945519.4375, 1947756.330399999395013 ], [ 945460.045699999667704, 1947726.9112 ], [ 945457.298200000077486, 1947725.550300000235438 ], [ 945449.768799999728799, 1947721.701999999582767 ], [ 945365.973100000061095, 1947677.03830000013113 ], [ 945363.877600000239909, 1947675.769600000232458 ], [ 945321.277700000442564, 1947641.513399999588728 ], [ 945303.999499999918044, 1947627.619300000369549 ], [ 945272.572999999858439, 1947578.755699999630451 ], [ 945271.665400000289083, 1947576.998500000685453 ], [ 945264.94539999961853, 1947562.762900000438094 ], [ 945238.169800000265241, 1947506.042099999263883 ], [ 945235.999800000339746, 1947501.529799999669194 ], [ 945223.071800000034273, 1947475.34569999948144 ], [ 945222.823599999770522, 1947471.772099999710917 ], [ 945221.784199999645352, 1947453.539200000464916 ], [ 945221.60010000038892, 1947449.864099999889731 ], [ 945221.947399999946356, 1947378.470499999821186 ], [ 945222.144399999640882, 1947367.31110000051558 ], [ 945222.478799999691546, 1947354.669700000435114 ], [ 945224.134100000374019, 1947278.457900000736117 ], [ 945227.205599999986589, 1947118.2654 ], [ 945227.33559999987483, 1947106.635199999436736 ], [ 945227.713999999687076, 1947024.3915 ], [ 945229.930900000035763, 1946897.467800000682473 ], [ 945229.934700000099838, 1946893.929300000891089 ], [ 945224.445299999788404, 1946767.074300000444055 ], [ 945222.784400000236928, 1946646.169399999082088 ], [ 945222.724899999797344, 1946643.657600000500679 ], [ 945222.617999999783933, 1946640.667400000616908 ], [ 945220.144399999640882, 1946571.428300000727177 ], [ 945220.036399999633431, 1946568.427799999713898 ], [ 945218.658999999985099, 1946558.252599999308586 ], [ 945217.293399999849498, 1946540.914200000464916 ], [ 945218.592899999581277, 1946539.712799999862909 ], [ 945283.677299999631941, 1946505.082100000232458 ], [ 945305.411999999545515, 1946493.241399999707937 ], [ 945309.06900000013411, 1946491.277699999511242 ], [ 945356.00899999961257, 1946466.230399999767542 ], [ 945367.180200000293553, 1946460.220300000160933 ], [ 945382.822800000198185, 1946451.009099999442697 ], [ 945382.503100000321865, 1946450.137499999254942 ], [ 945371.990100000053644, 1946421.484099999070168 ], [ 945371.737700000405312, 1946420.796299999579787 ], [ 945353.791199999861419, 1946431.482300000265241 ], [ 945341.224999999627471, 1946438.553099999204278 ], [ 945339.244599999859929, 1946439.589700000360608 ], [ 945262.065700000151992, 1946478.255300000309944 ], [ 945215.627999999560416, 1946500.469799999147654 ], [ 945213.37540000025183, 1946501.4846 ], [ 945211.301400000229478, 1946481.112999999895692 ], [ 945210.249800000339746, 1946476.832000000402331 ], [ 945184.670599999837577, 1946397.858899999409914 ], [ 945183.845599999651313, 1946395.525299999862909 ], [ 945145.649299999698997, 1946303.931500000879169 ], [ 945184.458100000396371, 1946258.615499999374151 ], [ 945184.318099999800324, 1946257.572699999436736 ], [ 945150.947700000368059, 1946223.872199999168515 ], [ 945149.565999999642372, 1946222.568099999800324 ], [ 945103.550599999725819, 1946275.167500000447035 ], [ 945101.535199999809265, 1946273.024900000542402 ], [ 945034.823900000192225, 1946185.324500000104308 ], [ 945032.498100000433624, 1946182.121899999678135 ], [ 944917.257699999958277, 1945998.276399999856949 ], [ 944887.810999999754131, 1945950.105200000107288 ], [ 944872.946899999864399, 1945925.78940000012517 ], [ 944804.674800000153482, 1945814.104399999603629 ], [ 944780.2829, 1945774.202199999243021 ], [ 944760.518199999816716, 1945743.403899999335408 ], [ 944701.947399999946356, 1945652.136499999091029 ], [ 944689.008399999700487, 1945631.974199999123812 ], [ 944687.43709999974817, 1945627.434399999678135 ], [ 944687.008500000461936, 1945626.282199999317527 ], [ 944673.658999999985099, 1945591.987500000745058 ], [ 944668.027200000360608, 1945578.757500000298023 ], [ 944582.371299999766052, 1945369.877000000327826 ], [ 944579.855600000359118, 1945362.967499999329448 ], [ 944525.754800000227988, 1945161.840099999681115 ], [ 944485.641800000332296, 1945012.714099999517202 ], [ 944484.444799999706447, 1945007.509800000116229 ], [ 944476.946999999694526, 1944975.243300000205636 ], [ 944466.196399999782443, 1944930.470100000500679 ], [ 944452.632799999788404, 1944871.720799999311566 ], [ 944435.307300000451505, 1944803.338400000706315 ], [ 944422.884600000455976, 1944751.510199999436736 ], [ 944422.58559999987483, 1944750.327199999243021 ], [ 944415.073099999688566, 1944725.980399999767542 ], [ 944414.151200000196695, 1944722.478700000792742 ], [ 944404.097799999639392, 1944679.861400000751019 ], [ 944403.660899999551475, 1944677.783299999311566 ], [ 944383.936300000175834, 1944580.720599999651313 ], [ 944377.344200000166893, 1944556.887399999424815 ], [ 944376.463600000366569, 1944553.924599999561906 ], [ 944365.166500000283122, 1944520.909900000318885 ], [ 944349.845900000073016, 1944459.12529999949038 ], [ 944346.907200000248849, 1944437.799699999392033 ], [ 944346.255699999630451, 1944434.416999999433756 ], [ 944337.358300000429153, 1944393.340800000354648 ], [ 944337.104899999685585, 1944389.6513 ], [ 944335.800400000065565, 1944365.427799999713898 ], [ 944336.180800000205636, 1944291.441600000485778 ], [ 944335.593100000172853, 1944256.408299999311566 ], [ 944336.24239999987185, 1944252.51659999974072 ], [ 944343.037200000137091, 1944220.194700000807643 ], [ 944349.05460000038147, 1944183.97749999910593 ], [ 944349.979799999855459, 1944179.0219 ], [ 944365.525700000114739, 1944126.438500000163913 ], [ 944366.685899999924004, 1944121.256100000813603 ], [ 944374.46100000012666, 1944075.206299999728799 ], [ 944374.56900000013411, 1944073.9057 ], [ 944377.094200000166893, 1944032.515100000426173 ], [ 944377.166100000031292, 1944031.135600000619888 ], [ 944376.651100000366569, 1943988.249800000339746 ], [ 944376.45299999974668, 1943983.128699999302626 ], [ 944372.146499999798834, 1943927.30629999935627 ], [ 944372.070299999788404, 1943925.79700000025332 ], [ 944372.358500000089407, 1943873.77170000039041 ], [ 944387.390599999576807, 1943810.9233 ], [ 944396.818300000391901, 1943771.148399999365211 ], [ 944397.713600000366569, 1943766.847799999639392 ], [ 944405.388700000010431, 1943727.043999999761581 ], [ 944412.847299999557436, 1943672.484400000423193 ], [ 944413.003100000321865, 1943670.93129999935627 ], [ 944408.685700000263751, 1943630.862600000575185 ], [ 944408.286700000055134, 1943626.971999999135733 ], [ 944405.386400000192225, 1943595.681800000369549 ], [ 944403.838999999687076, 1943574.189899999648333 ], [ 944404.925200000405312, 1943569.360500000417233 ], [ 944401.798999999649823, 1943567.475099999457598 ], [ 944389.885700000450015, 1943562.447599999606609 ], [ 944369.739199999719858, 1943555.8871 ], [ 944362.921099999919534, 1943593.192099999636412 ], [ 944357.00800000037998, 1943618.824300000444055 ], [ 944356.29079999960959, 1943622.99349999986589 ], [ 944350.532700000330806, 1943700.614700000733137 ], [ 944349.749400000087917, 1943708.290899999439716 ], [ 944341.901700000278652, 1943775.163100000470877 ], [ 944335.357599999755621, 1943822.953600000590086 ], [ 944335.115699999965727, 1943824.361700000241399 ], [ 944320.96059999987483, 1943875.259099999442697 ], [ 944320.08669999986887, 1943879.065600000321865 ], [ 944319.683600000105798, 1943895.117900000885129 ], [ 944319.732200000435114, 1943895.871300000697374 ], [ 944323.713700000196695, 1943935.594699999317527 ], [ 944324.137600000016391, 1943971.158399999141693 ], [ 944324.006699999794364, 1943976.2577 ], [ 944316.903300000354648, 1944050.5417 ], [ 944316.684899999760091, 1944053.048100000247359 ], [ 944315.954599999822676, 1944128.92850000038743 ], [ 944315.800200000405312, 1944130.681800000369549 ], [ 944311.583700000308454, 1944175.531999999657273 ], [ 944311.470999999903142, 1944176.497500000521541 ], [ 944308.032700000330806, 1944187.737199999392033 ], [ 944307.471800000406802, 1944188.6524 ], [ 944302.039599999785423, 1944193.088999999687076 ], [ 944298.394199999980628, 1944195.898299999535084 ], [ 944291.748499999754131, 1944197.643100000917912 ], [ 944284.474499999545515, 1944197.831599999219179 ], [ 944280.468399999663234, 1944196.943800000473857 ], [ 944272.43059999961406, 1944194.962099999189377 ], [ 944271.934200000017881, 1944195.077600000426173 ], [ 944231.496399999596179, 1944233.30599999986589 ], [ 944231.50040000025183, 1944233.3158 ], [ 944230.502500000409782, 1944236.053600000217557 ], [ 944226.089399999938905, 1944248.401599999517202 ], [ 944225.360799999907613, 1944250.549200000241399 ], [ 944220.559000000357628, 1944273.133600000292063 ], [ 944220.426400000229478, 1944276.7335 ], [ 944222.161000000312924, 1944320.538899999111891 ], [ 944222.365199999883771, 1944322.144600000232458 ], [ 944231.733, 1944383.948400000110269 ], [ 944245.6409, 1944447.319299999624491 ], [ 944245.796099999919534, 1944448.659 ], [ 944249.463700000196695, 1944484.686000000685453 ], [ 944249.675699999555945, 1944486.011800000444055 ], [ 944268.492300000041723, 1944562.361400000751019 ], [ 944280.569099999964237, 1944602.960999999195337 ], [ 944282.613599999807775, 1944609.304999999701977 ], [ 944328.260800000280142, 1944725.884800000116229 ], [ 944349.728799999691546, 1944805.538699999451637 ], [ 944400.175599999725819, 1945013.24239999987185 ], [ 944423.69469999987632, 1945095.642400000244379 ], [ 944458.799899999983609, 1945215.115299999713898 ], [ 944516.96860000025481, 1945413.079700000584126 ], [ 944581.684000000357628, 1945630.915300000458956 ], [ 944582.324099999852479, 1945633.000700000673532 ], [ 944586.059799999929965, 1945638.170800000429153 ], [ 944610.760200000368059, 1945672.057800000533462 ], [ 944630.591199999675155, 1945698.930800000205636 ], [ 944652.677799999713898, 1945729.162599999457598 ], [ 944781.78830000013113, 1945921.4616 ], [ 944818.718700000084937, 1945976.682499999180436 ], [ 944955.744400000199676, 1946181.57289999909699 ], [ 944980.1886, 1946220.058399999514222 ], [ 944999.136400000192225, 1946249.8904 ], [ 945047.549100000411272, 1946326.112600000575185 ], [ 945049.394000000320375, 1946329.154400000348687 ], [ 945104.098399999551475, 1946421.503699999302626 ], [ 945108.095999999903142, 1946429.5702 ], [ 945136.514700000174344, 1946494.515100000426173 ], [ 945137.071299999952316, 1946496.418500000610948 ], [ 945151.807599999941885, 1946549.140699999406934 ], [ 945153.161899999715388, 1946557.213700000196695 ], [ 945157.080500000156462, 1946579.581499999389052 ], [ 945166.524799999780953, 1946630.051200000569224 ], [ 945166.912899999879301, 1946632.291200000792742 ], [ 945167.582399999722838, 1946660.127800000831485 ], [ 945167.890300000086427, 1946672.935000000521541 ], [ 945168.172100000083447, 1946684.653000000864267 ], [ 945173.232599999755621, 1946895.075300000607967 ], [ 945173.266900000162423, 1946896.812999999150634 ], [ 945174.705900000408292, 1947110.75929999910295 ], [ 945174.679100000299513, 1947112.220100000500679 ], [ 945167.0932, 1947329.927699999883771 ], [ 945167.104100000113249, 1947330.82039999961853 ], [ 945167.211199999786913, 1947334.610400000587106 ], [ 945167.364000000059605, 1947363.510700000450015 ], [ 945167.330400000326335, 1947368.099999999627471 ], [ 945166.564799999818206, 1947425.475099999457598 ], [ 945166.3602, 1947473.563699999824166 ], [ 945166.365399999544024, 1947475.31389999948442 ], [ 945173.842400000430644, 1947508.843100000172853 ], [ 945171.17879999987781, 1947509.0877 ], [ 945103.004700000397861, 1947512.528799999505281 ], [ 945082.822100000455976, 1947513.547399999573827 ], [ 945080.730399999767542, 1947513.852399999275804 ], [ 945085.681300000287592, 1947547.321100000292063 ], [ 945089.782399999909103, 1947547.790200000628829 ], [ 945140.484299999661744, 1947553.42339999973774 ], [ 945182.67850000038743, 1947558.11119999922812 ], [ 945184.739500000141561, 1947559.571599999442697 ], [ 945186.383799999952316, 1947562.469399999827147 ], [ 945242.403099999763072, 1947661.195599999278784 ], [ 945242.94579999987036, 1947662.193800000473857 ], [ 945165.77170000039041, 1947672.043199999257922 ], [ 945165.914499999955297, 1947675.387499999254942 ], [ 945169.597299999557436, 1947694.300499999895692 ], [ 945170.63190000038594, 1947697.998999999836087 ], [ 945278.828300000168383, 1947693.442700000479817 ], [ 945279.118999999947846, 1947694.037799999117851 ], [ 945281.475599999539554, 1947710.979499999433756 ], [ 945281.510700000450015, 1947711.232100000604987 ], [ 945280.953900000080466, 1947711.7423 ], [ 945280.912899999879301, 1947711.753399999812245 ], [ 945206.404799999669194, 1947731.940400000661612 ], [ 945215.561200000345707, 1947757.6393 ], [ 945218.201799999922514, 1947760.244200000539422 ], [ 945273.799999999813735, 1947752.191700000315905 ], [ 945316.286299999803305, 1947746.038200000301003 ], [ 945320.272499999962747, 1947745.4945 ], [ 945374.011900000274181, 1947774.053999999538064 ], [ 945374.167299999855459, 1947774.136499999091029 ], [ 945372.201200000010431, 1947776.1842 ], [ 945290.794499999843538, 1947846.954 ], [ 945288.661199999973178, 1947848.971899999305606 ], [ 945305.270600000396371, 1947871.0033 ], [ 945305.996600000187755, 1947870.486999999731779 ], [ 945402.522599999792874, 1947797.621500000357628 ], [ 945408.969600000418723, 1947796.470499999821186 ], [ 945453.256199999712408, 1947796.656099999323487 ], [ 945509.576200000010431, 1947815.793500000610948 ], [ 945517.961799999698997, 1947819.18720000050962 ], [ 945564.144700000062585, 1947844.333499999716878 ], [ 945654.755499999970198, 1947893.670499999076128 ], [ 945703.555100000463426, 1947924.824799999594688 ], [ 945813.799200000241399, 1948000.886600000783801 ], [ 945816.649799999780953, 1948002.963700000196695 ], [ 945878.078200000338256, 1948062.495899999514222 ], [ 945878.730299999937415, 1948063.156400000676513 ], [ 945921.272699999623001, 1948106.250499999150634 ], [ 945922.32120000012219, 1948107.49349999986589 ], [ 945929.256400000303984, 1948117.113600000739098 ], [ 945939.738800000399351, 1948131.79839999973774 ], [ 945949.81900000013411, 1948145.425699999555945 ], [ 945950.2972999997437, 1948146.207399999722838 ], [ 946000.663499999791384, 1948246.27930000051856 ], [ 946016.640399999916553, 1948278.023499999195337 ], [ 946017.885900000110269, 1948281.811899999156594 ], [ 946049.18819999974221, 1948380.1601 ], [ 946049.592199999839067, 1948381.705199999734759 ], [ 946049.875900000333786, 1948382.78969999961555 ], [ 946059.239299999549985, 1948463.185799999162555 ], [ 946059.72719999961555, 1948470.916600000113249 ], [ 946059.345700000412762, 1948536.7972999997437 ], [ 946059.121899999678135, 1948538.558499999344349 ], [ 946046.535000000149012, 1948599.804300000891089 ], [ 946046.010499999858439, 1948602.279899999499321 ], [ 946014.647900000214577, 1948687.138299999758601 ], [ 946014.295099999755621, 1948688.004200000315905 ], [ 946011.584099999628961, 1948694.271600000560284 ], [ 945930.844200000166893, 1948880.934299999848008 ], [ 945930.414599999785423, 1948881.978700000792742 ], [ 945878.200100000016391, 1949013.0855 ], [ 945859.224999999627471, 1949057.486099999397993 ], [ 945850.125, 1949078.046900000423193 ], [ 945849.457000000402331, 1949079.458000000566244 ], [ 945845.470499999821186, 1949086.753200000151992 ], [ 945845.361600000411272, 1949086.993100000545382 ], [ 945750.932000000029802, 1949309.344200000166893 ], [ 945699.580299999564886, 1949428.408299999311566 ], [ 945698.769799999892712, 1949430.287399999797344 ], [ 945675.527300000190735, 1949488.780799999833107 ], [ 945673.177500000223517, 1949493.460799999535084 ], [ 945665.568400000222027, 1949507.55320000089705 ], [ 945654.115100000053644, 1949528.76549999974668 ], [ 945605.534300000406802, 1949589.8202 ], [ 945587.181300000287592, 1949612.885600000619888 ], [ 945585.082700000144541, 1949615.651599999517202 ], [ 945495.020499999634922, 1949737.808800000697374 ], [ 945392.743200000375509, 1949856.970499999821186 ], [ 945390.387000000104308, 1949859.614700000733137 ], [ 945316.205199999734759, 1949941.889399999752641 ], [ 945308.940299999900162, 1949950.101600000634789 ], [ 945307.682400000281632, 1949951.4934 ], [ 945287.191100000403821, 1949973.835100000724196 ], [ 945257.070899999700487, 1950007.465600000694394 ], [ 945249.643600000068545, 1950015.928899999707937 ], [ 945241.914499999955297, 1950025.442500000819564 ], [ 945227.179999999701977, 1950047.836200000718236 ], [ 945136.645800000056624, 1950185.431700000539422 ], [ 945045.7027000002563, 1950328.136800000444055 ], [ 945035.388799999840558, 1950343.803099999204278 ], [ 945008.847500000149012, 1950383.997199999168515 ], [ 944957.811900000087917, 1950472.292199999094009 ], [ 944956.580900000408292, 1950474.5439 ], [ 944915.207000000402331, 1950556.232599999755621 ], [ 944900.863499999977648, 1950593.912599999457598 ], [ 944899.245099999941885, 1950598.393100000917912 ], [ 944889.203700000420213, 1950635.178300000727177 ], [ 944888.850599999539554, 1950637.362999999895692 ], [ 944888.534699999727309, 1950649.991499999538064 ], [ 944883.427299999631941, 1950689.536599999293685 ], [ 944883.22580000013113, 1950690.61600000038743 ], [ 944870.993200000375509, 1950725.014499999582767 ], [ 944869.823400000110269, 1950727.71680000051856 ], [ 944860.110000000335276, 1950742.872500000521541 ], [ 944828.485299999825656, 1950796.7116 ], [ 944822.137400000356138, 1950803.883500000461936 ], [ 945091.918800000101328, 1950677.8136 ], [ 945087.684200000017881, 1950676.957000000402331 ], [ 945068.004099999554455, 1950672.918500000610948 ], [ 945060.200100000016391, 1950669.505300000309944 ], [ 945047.152300000190735, 1950661.806199999526143 ], [ 945045.702600000426173, 1950660.319900000467896 ], [ 945035.553600000217557, 1950642.690999999642372 ], [ 945035.104299999773502, 1950640.122300000861287 ], [ 945012.034599999897182, 1950602.314200000837445 ], [ 945004.348699999973178, 1950582.723999999463558 ], [ 945010.685100000351667, 1950539.941999999806285 ], [ 945053.267799999564886, 1950443.926699999719858 ], [ 945123.454400000162423, 1950314.301400000229478 ], [ 945175.237399999983609, 1950221.134999999776483 ], [ 945255.309700000099838, 1950052.586300000548363 ], [ 945255.890300000086427, 1950051.364199999719858 ], [ 945301.640100000426173, 1950002.650900000706315 ], [ 945368.896399999968708, 1949955.4561 ], [ 945426.267799999564886, 1949915.197799999266863 ], [ 945445.463700000196695, 1949892.640699999406934 ], [ 945540.47649999987334, 1949781.832399999722838 ], [ 945543.534400000236928, 1949778.247700000181794 ], [ 945668.264499999582767, 1949628.637499999254942 ], [ 945669.869400000199676, 1949626.435799999162555 ], [ 945706.993900000117719, 1949575.00870000012219 ], [ 945707.87540000025183, 1949573.6963 ], [ 945732.745699999853969, 1949530.678400000557303 ], [ 945764.77419999986887, 1949463.590199999511242 ], [ 945765.545300000347197, 1949461.829500000923872 ], [ 945884.247700000181794, 1949179.409 ], [ 945915.379900000058115, 1949104.586799999698997 ], [ 945923.740299999713898, 1949083.778000000864267 ], [ 945925.299499999731779, 1949079.933299999684095 ], [ 945948.464399999938905, 1949023.074100000783801 ], [ 945949.343100000172853, 1949021.086400000378489 ], [ 945991.285899999551475, 1948930.613500000908971 ], [ 946032.034900000318885, 1948831.7357 ], [ 946033.424200000241399, 1948828.602800000458956 ], [ 946081.266200000420213, 1948722.430600000545382 ], [ 946082.813500000163913, 1948718.949500000104308 ], [ 946111.089499999769032, 1948641.58699999935925 ], [ 946124.396099999547005, 1948597.926300000399351 ], [ 946124.697999999858439, 1948596.715399999171495 ], [ 946130.78110000025481, 1948552.8169 ], [ 946131.351599999703467, 1948547.431800000369549 ], [ 946136.052699999883771, 1948488.7292 ], [ 946136.055399999953806, 1948487.211300000548363 ], [ 946133.270499999634922, 1948433.522199999541044 ], [ 946123.478600000031292, 1948389.023499999195337 ], [ 946122.153500000014901, 1948383.434800000861287 ], [ 946104.765399999916553, 1948319.779100000858307 ], [ 946104.183899999596179, 1948317.790699999779463 ], [ 946078.199300000444055, 1948251.04869999922812 ], [ 946072.42119999974966, 1948239.319399999454618 ], [ 946044.796299999579787, 1948183.242000000551343 ], [ 946043.892799999564886, 1948181.515100000426173 ], [ 946008.833599999547005, 1948119.781300000846386 ], [ 946003.951299999840558, 1948112.61460000090301 ], [ 945990.208300000056624, 1948094.605599999427795 ], [ 945976.238300000317395, 1948076.74379999935627 ], [ 945968.731499999761581, 1948067.1458 ], [ 945965.737599999643862, 1948063.721699999645352 ], [ 945923.95409999974072, 1948023.037900000810623 ], [ 945870.134999999776483, 1947971.6469 ], [ 945819.542399999685585, 1947932.88370000012219 ], [ 945818.207799999974668, 1947931.927799999713898 ], [ 945767.646999999880791, 1947897.8575 ], [ 945651.957299999892712, 1947830.60869999974966 ], [ 945648.206699999980628, 1947828.493300000205636 ] ] ] ] } },
{ "type": "Feature", "properties": { "OBJECTID": 2, "CODE2": 1500321.0, "INDEXPAGE1": ",41", "LEVEL1": ",41", "NAME2": ",ƶ1õ", "RIVLEN1": 18.8, "UID1": 0.0, "INDEXPAGE2": null, "LEVEL2": null, "RIVLEN2": 0.0, "RIV_CD_1": 0.0, "RIV_NAM_1": null, "UID2": 0.0, "CODE1": 0.0, "INDEXPAGE": null, "LEVEL": null, "NAME1": null, "RIVLEN": 0.0, "UID": 0.0, "Shape_Leng": 513.59986662400001, "Shape_Area": 4745.6632808200002 }, "geometry": { "type": "MultiPolygon", "coordinates": [ [ [ [ 937993.680499999783933, 1955669.517100000753999 ], [ 937991.03000000026077, 1955668.384099999442697 ], [ 937990.793100000359118, 1955673.1886 ], [ 937990.660500000230968, 1955674.781700000166893 ], [ 937990.701000000350177, 1955678.304700000211596 ], [ 937993.986499999649823, 1955669.906300000846386 ], [ 937993.680499999783933, 1955669.517100000753999 ] ] ], [ [ [ 938014.130199999548495, 1955747.741399999707937 ], [ 937996.504900000058115, 1955740.389599999412894 ], [ 937998.610799999907613, 1955757.0855 ], [ 937999.46999999973923, 1955764.532299999147654 ], [ 938006.193599999882281, 1955767.404899999499321 ], [ 938143.441100000403821, 1955824.751199999824166 ], [ 938159.470499999821186, 1955830.937699999660254 ], [ 938178.296000000089407, 1955839.375499999150634 ], [ 938199.026300000026822, 1955848.826899999752641 ], [ 938207.11710000038147, 1955828.285800000652671 ], [ 938168.520200000144541, 1955812.124900000169873 ], [ 938014.130199999548495, 1955747.741399999707937 ] ] ] ] } },
{ "type": "Feature", "properties": { "OBJECTID": 3, "CODE2": 1000010.0, "INDEXPAGE1": ",25,41,43,45,61,63,79,81,97,99", "LEVEL1": ",25,", "NAME2": ",Ѱ5", "RIVLEN1": 265.36, "UID1": 49.0, "INDEXPAGE2": null, "LEVEL2": null, "RIVLEN2": 0.0, "RIV_CD_1": 0.0, "RIV_NAM_1": null, "UID2": 0.0, "CODE1": 0.0, "INDEXPAGE": null, "LEVEL": null, "NAME1": null, "RIVLEN": 0.0, "UID": 0.0, "Shape_Leng": 1610.4534624800001, "Shape_Area": 120537.349722 }, "geometry": { "type": "MultiPolygon", "coordinates": [ [ [ [ 952360.925699999555945, 1946440.221300000324845 ], [ 952355.237399999983609, 1946440.151599999517202 ], [ 952349.489799999631941, 1946440.222100000828505 ], [ 952345.004399999976158, 1946440.785800000652671 ], [ 952338.751799999736249, 1946441.75870000012219 ], [ 952330.177000000141561, 1946444.043400000780821 ], [ 952313.623399999924004, 1946449.769400000572205 ], [ 952293.037499999627471, 1946456.676300000399351 ], [ 952271.684799999929965, 1946464.1272 ], [ 952252.426099999807775, 1946470.607300000265241 ], [ 952226.973000000230968, 1946479.59940000064671 ], [ 952202.486499999649823, 1946488.00650000013411 ], [ 952176.104500000365078, 1946497.133500000461936 ], [ 952156.724000000394881, 1946503.2544 ], [ 952153.28969999961555, 1946504.112299999222159 ], [ 952149.330500000156462, 1946505.862800000235438 ], [ 952123.565899999812245, 1946518.315300000831485 ], [ 952101.521900000050664, 1946529.24860000051558 ], [ 952070.198900000192225, 1946545.3893 ], [ 952031.671000000089407, 1946565.756899999454618 ], [ 951982.973600000143051, 1946591.176699999719858 ], [ 951951.273699999786913, 1946607.879200000315905 ], [ 951922.41509999986738, 1946623.1272 ], [ 951898.217600000090897, 1946635.14159999974072 ], [ 951883.763700000010431, 1946642.83559999987483 ], [ 951871.693599999882281, 1946649.517400000244379 ], [ 951861.605700000189245, 1946656.758500000461936 ], [ 951853.395999999716878, 1946663.799599999561906 ], [ 951844.674499999731779, 1946672.332900000736117 ], [ 951838.767300000414252, 1946679.971599999815226 ], [ 951835.988599999807775, 1946685.684299999848008 ], [ 951832.492499999701977, 1946697.458699999377131 ], [ 951830.074099999852479, 1946707.008099999278784 ], [ 951828.368900000117719, 1946719.082900000736117 ], [ 951827.973600000143051, 1946725.582699999213219 ], [ 951828.105200000107288, 1946731.539799999445677 ], [ 951829.361899999901652, 1946738.510700000450015 ], [ 951831.687800000421703, 1946747.315199999138713 ], [ 951835.339700000360608, 1946755.432800000533462 ], [ 951840.181599999777973, 1946763.644200000911951 ], [ 951846.638100000098348, 1946770.93720000050962 ], [ 951852.824099999852479, 1946776.252399999648333 ], [ 951859.637500000186265, 1946781.114499999210238 ], [ 951865.873499999754131, 1946784.530099999159575 ], [ 951874.341099999845028, 1946788.42369999922812 ], [ 951882.473199999891222, 1946791.239399999380112 ], [ 951893.090400000102818, 1946793.31220000050962 ], [ 951900.844800000078976, 1946794.650499999523163 ], [ 951903.974299999885261, 1946794.773800000548363 ], [ 951907.322900000028312, 1946794.736099999397993 ], [ 951912.6091, 1946794.368100000545382 ], [ 951921.747899999842048, 1946792.880000000819564 ], [ 951938.811499999836087, 1946789.070699999108911 ], [ 951959.420199999585748, 1946784.562699999660254 ], [ 951979.558400000445545, 1946779.937300000339746 ], [ 951995.675800000317395, 1946776.782700000330806 ], [ 952015.484199999831617, 1946772.159099999815226 ], [ 952029.836900000460446, 1946767.994200000539422 ], [ 952041.996399999596179, 1946764.960699999704957 ], [ 952058.639899999834597, 1946759.214199999347329 ], [ 952079.681900000199676, 1946751.595100000500679 ], [ 952113.529900000430644, 1946738.449799999594688 ], [ 952144.077600000426173, 1946726.921499999240041 ], [ 952171.900000000372529, 1946717.94679999910295 ], [ 952203.884899999946356, 1946705.981100000441074 ], [ 952223.801500000059605, 1946697.28830000013113 ], [ 952246.101099999621511, 1946687.4233 ], [ 952266.152700000442564, 1946677.780099999159575 ], [ 952284.086900000460446, 1946668.508099999278784 ], [ 952303.322100000455976, 1946657.6097 ], [ 952324.407599999569356, 1946645.0121 ], [ 952347.900500000454485, 1946630.212500000372529 ], [ 952372.867300000041723, 1946614.365399999544024 ], [ 952396.838299999944866, 1946599.2434 ], [ 952429.105800000019372, 1946578.369300000369549 ], [ 952449.340499999932945, 1946565.586300000548363 ], [ 952457.159599999897182, 1946560.296700000762939 ], [ 952467.371600000187755, 1946551.955399999395013 ], [ 952476.216799999587238, 1946544.131100000813603 ], [ 952483.571000000461936, 1946536.005000000819564 ], [ 952490.790300000458956, 1946526.949799999594688 ], [ 952498.610399999655783, 1946516.222100000828505 ], [ 952503.681900000199676, 1946507.438300000503659 ], [ 952506.098100000061095, 1946501.237700000405312 ], [ 952507.362499999813735, 1946494.633300000801682 ], [ 952507.470800000242889, 1946486.795499999076128 ], [ 952506.864900000393391, 1946479.9912 ], [ 952504.173899999819696, 1946472.108300000429153 ], [ 952499.863199999555945, 1946464.154100000858307 ], [ 952494.447700000368059, 1946457.115399999544024 ], [ 952486.914900000207126, 1946450.447799999266863 ], [ 952478.232900000177324, 1946445.715700000524521 ], [ 952473.042500000447035, 1946443.404100000858307 ], [ 952468.610500000417233, 1946442.727900000289083 ], [ 952450.044599999673665, 1946442.256799999624491 ], [ 952429.738800000399351, 1946441.675000000745058 ], [ 952407.643299999646842, 1946441.032700000330806 ], [ 952386.338800000026822, 1946440.636099999770522 ], [ 952370.293399999849498, 1946440.411399999633431 ], [ 952360.925699999555945, 1946440.221300000324845 ] ] ] ] } },
{ "type": "Feature", "properties": { "OBJECTID": 4, "CODE2": 1000010.0, "INDEXPAGE1": ",25,41,43,45,61,63,79,81,97,99", "LEVEL1": ",25,", "NAME2": ",Ѱ5", "RIVLEN1": 265.36, "UID1": 49.0, "INDEXPAGE2": null, "LEVEL2": null, "RIVLEN2": 0.0, "RIV_CD_1": 0.0, "RIV_NAM_1": null, "UID2": 0.0, "CODE1": 0.0, "INDEXPAGE": null, "LEVEL": null, "NAME1": null, "RIVLEN": 0.0, "UID": 0.0, "Shape_Leng": 1408.8450369, "Shape_Area": 110167.090452 }, "geometry": { "type": "MultiPolygon", "coordinates": [ [ [ [ 949389.43819999974221, 1949261.581599999219179 ], [ 949389.58530000038445, 1949258.221000000834465 ], [ 949389.450199999846518, 1949252.186799999326468 ], [ 949389.398900000378489, 1949251.372400000691414 ], [ 949389.643400000408292, 1949250.362500000745058 ], [ 949390.193599999882281, 1949249.479800000786781 ], [ 949391.214700000360608, 1949248.44679999910295 ], [ 949392.911799999885261, 1949247.262199999764562 ], [ 949395.88300000037998, 1949245.624900000169873 ], [ 949400.572999999858439, 1949243.488800000399351 ], [ 949403.222799999639392, 1949242.317099999636412 ], [ 949407.928199999965727, 1949239.698999999091029 ], [ 949410.483099999837577, 1949238.147900000214577 ], [ 949412.327499999664724, 1949236.850600000470877 ], [ 949413.948599999770522, 1949235.4715 ], [ 949415.310499999672174, 1949234.038699999451637 ], [ 949416.174200000241399, 1949232.904500000178814 ], [ 949417.933500000275671, 1949229.70130000077188 ], [ 949418.692499999888241, 1949228.067800000309944 ], [ 949419.692999999970198, 1949226.5351 ], [ 949421.182300000451505, 1949224.814799999818206 ], [ 949422.784699999727309, 1949223.296800000593066 ], [ 949424.203499999828637, 1949222.224600000306964 ], [ 949425.846199999563396, 1949221.336200000718236 ], [ 949429.134600000455976, 1949220.132099999114871 ], [ 949432.220800000242889, 1949219.254000000655651 ], [ 949437.509300000034273, 1949218.188300000503659 ], [ 949442.466199999675155, 1949217.373199999332428 ], [ 949447.6091, 1949216.761 ], [ 949452.8902000002563, 1949215.9912 ], [ 949458.198099999688566, 1949215.202299999073148 ], [ 949463.006699999794364, 1949214.333000000566244 ], [ 949467.36089999973774, 1949213.346200000494719 ], [ 949471.473299999721348, 1949212.174699999392033 ], [ 949476.027300000190735, 1949210.613099999725819 ], [ 949478.456399999558926, 1949209.655500000342727 ], [ 949482.120500000193715, 1949207.8476 ], [ 949485.553100000135601, 1949205.939999999478459 ], [ 949487.416199999861419, 1949204.763499999418855 ], [ 949488.660600000061095, 1949203.794299999251962 ], [ 949490.077200000174344, 1949202.305299999192357 ], [ 949490.949300000444055, 1949201.078099999576807 ], [ 949491.828499999828637, 1949199.296 ], [ 949492.629399999976158, 1949196.885600000619888 ], [ 949493.812199999578297, 1949191.65819999948144 ], [ 949494.576200000010431, 1949187.581599999219179 ], [ 949495.119199999608099, 1949185.356499999761581 ], [ 949495.66579999960959, 1949183.8081 ], [ 949496.169200000353158, 1949182.796800000593066 ], [ 949497.592799999751151, 1949180.927899999544024 ], [ 949499.691700000315905, 1949178.805500000715256 ], [ 949502.45920000039041, 1949175.513900000602007 ], [ 949504.363900000229478, 1949173.503499999642372 ], [ 949507.635599999688566, 1949169.3476 ], [ 949510.0614, 1949166.2708 ], [ 949512.173600000329316, 1949163.259600000455976 ], [ 949514.117999999783933, 1949160.074400000274181 ], [ 949515.440399999730289, 1949158.177999999374151 ], [ 949516.46059999987483, 1949156.969000000506639 ], [ 949517.248499999754131, 1949156.249099999666214 ], [ 949519.671699999831617, 1949153.443199999630451 ], [ 949521.877000000327826, 1949150.626499999314547 ], [ 949524.871000000275671, 1949148.193399999290705 ], [ 949527.793200000189245, 1949145.9836 ], [ 949529.838000000454485, 1949144.2043999992311 ], [ 949531.354799999855459, 1949142.400000000372529 ], [ 949532.169099999591708, 1949140.627299999818206 ], [ 949532.503299999982119, 1949137.487600000575185 ], [ 949531.826500000432134, 1949132.401000000536442 ], [ 949530.350200000219047, 1949126.79079999960959 ], [ 949530.255199999548495, 1949126.235600000247359 ], [ 949530.807900000363588, 1949124.1414 ], [ 949531.299599999561906, 1949122.79619999974966 ], [ 949531.742300000041723, 1949120.71059999987483 ], [ 949531.958800000138581, 1949118.192299999296665 ], [ 949531.958499999716878, 1949118.117799999192357 ], [ 949531.946999999694526, 1949115.961200000718236 ], [ 949531.627999999560416, 1949113.677699999883771 ], [ 949531.079300000332296, 1949111.449400000274181 ], [ 949530.308500000275671, 1949109.362299999222159 ], [ 949529.090699999593198, 1949106.879599999636412 ], [ 949527.689799999818206, 1949104.5449 ], [ 949526.467199999839067, 1949102.848999999463558 ], [ 949525.181900000199676, 1949101.393400000408292 ], [ 949523.787100000306964, 1949100.2072 ], [ 949520.850999999791384, 1949098.308499999344349 ], [ 949518.787700000219047, 1949096.792999999597669 ], [ 949514.9364, 1949093.287699999287724 ], [ 949513.894000000320375, 1949092.386600000783801 ], [ 949510.522900000214577, 1949090.267300000414252 ], [ 949507.709599999710917, 1949088.709799999371171 ], [ 949505.878899999894202, 1949087.517000000923872 ], [ 949503.833300000056624, 1949085.760500000789762 ], [ 949501.040300000458956, 1949082.934299999848008 ], [ 949499.383799999952316, 1949081.425699999555945 ], [ 949497.590400000102818, 1949080.093699999153614 ], [ 949496.150399999693036, 1949079.24070000089705 ], [ 949495.333100000396371, 1949078.921900000423193 ], [ 949492.524100000038743, 1949077.826400000602007 ], [ 949489.519199999980628, 1949076.880799999460578 ], [ 949488.14670000039041, 1949076.3333 ], [ 949486.883200000040233, 1949075.591199999675155 ], [ 949482.948900000192225, 1949072.058399999514222 ], [ 949480.055399999953806, 1949069.529699999839067 ], [ 949477.508899999782443, 1949067.573000000789762 ], [ 949476.354899999685585, 1949066.560499999672174 ], [ 949475.441399999894202, 1949065.455700000748038 ], [ 949472.890399999916553, 1949061.1568 ], [ 949470.228600000031292, 1949056.867499999701977 ], [ 949468.407100000418723, 1949053.841199999675155 ], [ 949465.954199999570847, 1949048.995999999344349 ], [ 949464.925599999725819, 1949047.113199999555945 ], [ 949463.983900000341237, 1949045.80460000038147 ], [ 949461.684799999929965, 1949043.549699999392033 ], [ 949459.257699999958277, 1949041.490299999713898 ], [ 949457.777400000020862, 1949040.035700000822544 ], [ 949456.481599999591708, 1949038.470100000500679 ], [ 949454.53000000026077, 1949035.416600000113249 ], [ 949452.912299999967217, 1949032.5472 ], [ 949452.752799999900162, 1949032.211799999698997 ], [ 949451.011800000444055, 1949028.550799999386072 ], [ 949449.932300000451505, 1949025.946399999782443 ], [ 949448.679399999789894, 1949022.130400000140071 ], [ 949447.970200000330806, 1949019.413200000301003 ], [ 949447.41509999986738, 1949017.842700000852346 ], [ 949445.525399999693036, 1949014.198000000789762 ], [ 949443.862300000153482, 1949011.448899999260902 ], [ 949442.430100000463426, 1949008.680500000715256 ], [ 949441.389000000432134, 1949006.140900000929832 ], [ 949440.964800000190735, 1949004.763599999248981 ], [ 949437.604000000283122, 1948999.682299999520183 ], [ 949436.036999999545515, 1948996.007999999448657 ], [ 949434.182500000111759, 1948992.029200000688434 ], [ 949431.777900000102818, 1948987.432700000703335 ], [ 949430.130599999800324, 1948984.258600000292063 ], [ 949427.019399999640882, 1948979.128900000825524 ], [ 949424.61600000038743, 1948976.264699999243021 ], [ 949419.72759999986738, 1948972.857899999246001 ], [ 949416.487900000065565, 1948971.191800000146031 ], [ 949411.347500000149012, 1948968.8969 ], [ 949406.269199999980628, 1948967.75029999949038 ], [ 949397.367200000211596, 1948966.578099999576807 ], [ 949393.088899999856949, 1948966.251000000163913 ], [ 949385.638500000350177, 1948966.237600000575185 ], [ 949375.560999999754131, 1948966.793999999761581 ], [ 949367.541000000201166, 1948967.57039999961853 ], [ 949360.751600000075996, 1948968.349199999123812 ], [ 949353.272099999710917, 1948969.834499999880791 ], [ 949341.994599999859929, 1948972.563500000163913 ], [ 949334.943300000391901, 1948974.464299999177456 ], [ 949330.722299999557436, 1948976.0702 ], [ 949325.525100000202656, 1948978.496999999508262 ], [ 949319.342000000178814, 1948981.83669999986887 ], [ 949313.745000000111759, 1948985.589199999347329 ], [ 949307.005900000222027, 1948990.393300000578165 ], [ 949300.273000000044703, 1948994.661599999293685 ], [ 949294.604899999685585, 1948997.08390000090003 ], [ 949288.410500000230968, 1949001.855100000277162 ], [ 949283.814100000075996, 1949004.102800000458956 ], [ 949277.640300000086427, 1949007.497400000691414 ], [ 949269.559200000017881, 1949012.207699999213219 ], [ 949262.14740000013262, 1949015.877900000661612 ], [ 949257.273000000044703, 1949018.301899999380112 ], [ 949238.794599999673665, 1949025.829600000753999 ], [ 949229.874099999666214, 1949029.46169999986887 ], [ 949220.155600000172853, 1949032.858200000599027 ], [ 949214.056099999696016, 1949034.419099999591708 ], [ 949206.963299999944866, 1949035.690400000661612 ], [ 949202.104500000365078, 1949036.526900000870228 ], [ 949201.2955, 1949036.666200000792742 ], [ 949193.289300000295043, 1949038.340199999511242 ], [ 949187.292600000277162, 1949040.253399999812245 ], [ 949176.279900000430644, 1949043.906700000166893 ], [ 949167.478400000371039, 1949047.362299999222159 ], [ 949161.372299999929965, 1949049.552999999374151 ], [ 949151.6716, 1949052.726399999111891 ], [ 949141.408800000324845, 1949056.412699999287724 ], [ 949129.46889999974519, 1949061.27449999935925 ], [ 949119.383100000210106, 1949065.153799999505281 ], [ 949105.92850000038743, 1949070.718399999663234 ], [ 949090.947100000455976, 1949076.412100000306964 ], [ 949077.260599999688566, 1949081.792999999597669 ], [ 949067.674800000153482, 1949085.706599999219179 ], [ 949060.767900000326335, 1949088.651200000196695 ], [ 949050.306200000457466, 1949093.079299999400973 ], [ 949039.463499999605119, 1949097.296499999240041 ], [ 949030.437599999830127, 1949100.475400000810623 ], [ 949012.545599999837577, 1949106.999299999326468 ], [ 948999.333800000138581, 1949112.91440000012517 ], [ 948992.083899999968708, 1949116.219799999147654 ], [ 948972.582399999722838, 1949127.4206000007689 ], [ 948968.637699999846518, 1949130.405500000342727 ], [ 948963.795199999585748, 1949135.060599999502301 ], [ 948960.738199999555945, 1949137.863900000229478 ], [ 948957.885900000110269, 1949140.823000000789762 ], [ 948955.39049999974668, 1949144.909800000488758 ], [ 948954.78940000012517, 1949149.911299999803305 ], [ 948955.322100000455976, 1949157.423800000920892 ], [ 948957.165500000119209, 1949165.892000000923872 ], [ 948960.035299999639392, 1949170.93889999948442 ], [ 948964.205099999904633, 1949174.932299999520183 ], [ 948966.705199999734759, 1949176.816299999132752 ], [ 948973.747000000439584, 1949181.376299999654293 ], [ 948995.177600000053644, 1949193.437000000849366 ], [ 949007.325000000186265, 1949199.980399999767542 ], [ 949025.090699999593198, 1949209.550200000405312 ], [ 949046.2023, 1949219.168400000780821 ], [ 949054.657399999909103, 1949223.313999999314547 ], [ 949061.278099999763072, 1949227.089400000870228 ], [ 949066.294900000095367, 1949230.384600000455976 ], [ 949072.297799999825656, 1949234.534199999645352 ], [ 949076.207600000314415, 1949236.816600000485778 ], [ 949082.357400000095367, 1949239.254000000655651 ], [ 949091.268000000156462, 1949242.026599999517202 ], [ 949102.312300000339746, 1949245.639599999412894 ], [ 949115.231200000271201, 1949250.065300000831485 ], [ 949125.289499999955297, 1949252.858799999579787 ], [ 949134.521999999880791, 1949255.259800000116229 ], [ 949146.671699999831617, 1949258.0702 ], [ 949156.769600000232458, 1949259.678899999707937 ], [ 949172.580900000408292, 1949261.534199999645352 ], [ 949184.79619999974966, 1949262.779699999839067 ], [ 949193.018699999898672, 1949263.418800000101328 ], [ 949203.496500000357628, 1949264.089800000190735 ], [ 949205.314500000327826, 1949264.2061 ], [ 949223.426199999637902, 1949265.3673 ], [ 949231.036899999715388, 1949264.121300000697374 ], [ 949239.222699999809265, 1949263.131100000813603 ], [ 949247.175999999977648, 1949261.836200000718236 ], [ 949261.888500000350177, 1949259.52280000038445 ], [ 949269.937199999578297, 1949258.691299999132752 ], [ 949274.765999999828637, 1949258.219799999147654 ], [ 949279.435200000181794, 1949258.936699999496341 ], [ 949282.633799999952316, 1949258.331900000572205 ], [ 949286.555800000205636, 1949257.847200000658631 ], [ 949291.82039999961853, 1949257.558299999684095 ], [ 949297.076999999582767, 1949257.445299999788404 ], [ 949301.815999999642372, 1949257.391200000420213 ], [ 949305.760300000198185, 1949257.517100000753999 ], [ 949309.547899999655783, 1949257.8849 ], [ 949315.448599999770522, 1949258.795099999755621 ], [ 949320.647499999962747, 1949259.877100000157952 ], [ 949325.957499999552965, 1949260.967499999329448 ], [ 949331.136800000444055, 1949261.937599999830127 ], [ 949334.860600000247359, 1949262.5186 ], [ 949338.565100000239909, 1949262.86769999936223 ], [ 949341.425699999555945, 1949262.981499999761581 ], [ 949344.100200000219047, 1949262.883300000801682 ], [ 949345.978199999779463, 1949262.622400000691414 ], [ 949349.767400000244379, 1949261.601600000634789 ], [ 949351.71750000026077, 1949261.183399999514222 ], [ 949353.161299999803305, 1949261.054700000211596 ], [ 949354.62430000025779, 1949261.1579 ], [ 949356.551900000311434, 1949261.581499999389052 ], [ 949358.461600000038743, 1949262.219100000336766 ], [ 949361.273900000378489, 1949263.600700000301003 ], [ 949365.759600000455976, 1949266.287900000810623 ], [ 949368.684200000017881, 1949267.909700000658631 ], [ 949371.12540000025183, 1949269.052300000563264 ], [ 949372.497499999590218, 1949269.535900000482798 ], [ 949373.832499999552965, 1949269.805700000375509 ], [ 949379.146300000138581, 1949269.942299999296665 ], [ 949382.487099999561906, 1949269.941600000485778 ], [ 949383.727300000376999, 1949269.860999999567866 ], [ 949384.817400000058115, 1949269.586300000548363 ], [ 949386.025899999774992, 1949268.821100000292063 ], [ 949387.084999999962747, 1949267.78690000064671 ], [ 949387.782800000160933, 1949266.839500000700355 ], [ 949388.524500000290573, 1949265.345100000500679 ], [ 949389.078999999910593, 1949263.582800000905991 ], [ 949389.43819999974221, 1949261.581599999219179 ] ] ] ] } },
{ "type": "Feature", "properties": { "OBJECTID": 5, "CODE2": 1000010.0, "INDEXPAGE1": ",25,41,43,45,61,63,79,81,97,99", "LEVEL1": ",25,", "NAME2": ",Ѱ5", "RIVLEN1": 265.36, "UID1": 49.0, "INDEXPAGE2": null, "LEVEL2": null, "RIVLEN2": 0.0, "RIV_CD_1": 0.0, "RIV_NAM_1": null, "UID2": 0.0, "CODE1": 0.0, "INDEXPAGE": null, "LEVEL": null, "NAME1": null, "RIVLEN": 0.0, "UID": 0.0, "Shape_Leng": 1700.4644856899999, "Shape_Area": 116581.9023 }, "geometry": { "type": "MultiPolygon", "coordinates": [ [ [ [ 946847.340400000102818, 1949675.594399999827147 ], [ 946904.88150000013411, 1949653.2862 ], [ 946906.831100000068545, 1949653.335799999535084 ], [ 946916.634999999776483, 1949658.481799999251962 ], [ 946927.00800000037998, 1949659.726199999451637 ], [ 946932.42960000038147, 1949656.628399999812245 ], [ 946939.737999999895692, 1949651.181500000879169 ], [ 946956.976400000043213, 1949646.371500000357628 ], [ 946962.52489999961108, 1949642.703199999406934 ], [ 946979.521999999880791, 1949630.127299999818206 ], [ 946990.899699999950826, 1949619.180600000545382 ], [ 946997.086500000208616, 1949616.344699999317527 ], [ 947004.402099999599159, 1949612.990900000557303 ], [ 947052.692900000140071, 1949593.780799999833107 ], [ 947059.064100000075996, 1949592.567299999296665 ], [ 947069.943699999712408, 1949591.319900000467896 ], [ 947075.089100000448525, 1949600.189400000497699 ], [ 947121.006799999624491, 1949576.49349999986589 ], [ 947114.259899999946356, 1949563.473999999463558 ], [ 947145.615000000223517, 1949544.89670000039041 ], [ 947148.427699999883771, 1949543.516200000420213 ], [ 947154.699599999934435, 1949551.9879 ], [ 947166.130599999800324, 1949543.735999999567866 ], [ 947180.277400000020862, 1949533.720200000330806 ], [ 947188.298100000247359, 1949526.307199999690056 ], [ 947198.404400000348687, 1949516.310000000521541 ], [ 947206.537499999627471, 1949507.470799999311566 ], [ 947215.229799999855459, 1949497.777000000700355 ], [ 947224.118200000375509, 1949486.777599999681115 ], [ 947234.438000000081956, 1949473.520300000905991 ], [ 947245.081600000150502, 1949458.549000000581145 ], [ 947256.737399999983609, 1949442.544600000604987 ], [ 947266.887299999594688, 1949428.723500000312924 ], [ 947282.729299999773502, 1949409.844900000840425 ], [ 947291.66579999960959, 1949400.770600000396371 ], [ 947295.374200000427663, 1949395.251800000667572 ], [ 947297.290400000289083, 1949390.35329999960959 ], [ 947298.018199999816716, 1949386.60080000013113 ], [ 947298.67989999987185, 1949382.4507 ], [ 947298.801699999719858, 1949379.414100000634789 ], [ 947298.949599999934435, 1949374.322100000455976 ], [ 947298.908499999903142, 1949367.167899999767542 ], [ 947298.722799999639392, 1949360.448200000450015 ], [ 947298.035199999809265, 1949353.325400000438094 ], [ 947297.408099999651313, 1949348.747400000691414 ], [ 947296.779900000430644, 1949344.169299999251962 ], [ 947295.967699999921024, 1949341.2577 ], [ 947294.7818, 1949337.80320000089705 ], [ 947290.028900000266731, 1949326.99129999987781 ], [ 947285.415400000289083, 1949316.428600000217557 ], [ 947282.199099999852479, 1949310.716700000688434 ], [ 947278.144000000320375, 1949307.222500000149012 ], [ 947272.283400000073016, 1949303.719900000840425 ], [ 947262.422600000165403, 1949299.915699999779463 ], [ 947252.556200000457466, 1949296.546399999409914 ], [ 947242.7648, 1949295.249900000169873 ], [ 947236.561700000427663, 1949295.006999999284744 ], [ 947233.099600000306964, 1949294.95240000076592 ], [ 947229.286999999545515, 1949294.964700000360608 ], [ 947226.621100000105798, 1949294.988900000229478 ], [ 947222.152300000190735, 1949295.310499999672174 ], [ 947215.734600000083447, 1949296.429300000891089 ], [ 947179.699300000444055, 1949310.904899999499321 ], [ 947158.249400000087917, 1949318.347400000318885 ], [ 947139.766699999570847, 1949325.254200000315905 ], [ 947121.499900000169873, 1949334.233200000599027 ], [ 947101.784099999815226, 1949344.063699999824166 ], [ 947081.489199999719858, 1949356.080399999395013 ], [ 947063.023299999535084, 1949367.661499999463558 ], [ 947039.209699999541044, 1949382.69789999909699 ], [ 947024.475499999709427, 1949391.461200000718236 ], [ 946995.77280000038445, 1949410.484200000762939 ], [ 946938.380400000140071, 1949448.520099999383092 ], [ 946883.090599999763072, 1949484.3816 ], [ 946814.88260000012815, 1949529.10869999974966 ], [ 946749.488199999555945, 1949570.941800000146031 ], [ 946722.109699999913573, 1949588.211400000378489 ], [ 946702.379999999888241, 1949603.890900000929832 ], [ 946690.637299999594688, 1949613.879799999296665 ], [ 946679.812199999578297, 1949625.373299999162555 ], [ 946674.74239999987185, 1949630.698400000110269 ], [ 946672.66469999961555, 1949632.878699999302626 ], [ 946650.598699999973178, 1949662.245799999684095 ], [ 946639.315700000151992, 1949679.739700000733137 ], [ 946638.00870000012219, 1949683.975099999457598 ], [ 946637.866100000217557, 1949689.104100000113249 ], [ 946638.081199999898672, 1949693.841299999505281 ], [ 946639.508899999782443, 1949702.900499999523163 ], [ 946641.709999999962747, 1949712.665300000458956 ], [ 946646.090300000272691, 1949718.649900000542402 ], [ 946656.167600000277162, 1949728.2029 ], [ 946667.381099999882281, 1949733.361500000581145 ], [ 946674.525000000372529, 1949734.562999999150634 ], [ 946674.544999999925494, 1949734.562899999320507 ], [ 946682.072399999946356, 1949734.582900000736117 ], [ 946689.327200000174344, 1949734.074500000104308 ], [ 946696.642099999822676, 1949731.716399999335408 ], [ 946731.91509999986738, 1949719.583000000566244 ], [ 946778.635999999940395, 1949702.160599999129772 ], [ 946847.340400000102818, 1949675.594399999827147 ] ] ] ] } },
{ "type": "Feature", "properties": { "OBJECTID": 6, "CODE2": 1000010.0, "INDEXPAGE1": ",25,41,43,45,61,63,79,81,97,99", "LEVEL1": ",25,", "NAME2": ",Ѱ5", "RIVLEN1": 265.36, "UID1": 49.0, "INDEXPAGE2": null, "LEVEL2": null, "RIVLEN2": 0.0, "RIV_CD_1": 0.0, "RIV_NAM_1": null, "UID2": 0.0, "CODE1": 0.0, "INDEXPAGE": null, "LEVEL": null, "NAME1": null, "RIVLEN": 0.0, "UID": 0.0, "Shape_Leng": 1780.51898056, "Shape_Area": 163619.91099 }, "geometry": { "type": "MultiPolygon", "coordinates": [ [ [ [ 949597.184000000357628, 1949108.096999999135733 ], [ 949600.163599999621511, 1949107.849199999123812 ], [ 949605.161999999545515, 1949107.885600000619888 ], [ 949607.272199999541044, 1949107.874399999156594 ], [ 949608.807699999772012, 1949107.689300000667572 ], [ 949610.313799999654293, 1949107.255400000140071 ], [ 949612.788099999539554, 1949106.148700000718236 ], [ 949617.623200000263751, 1949103.492900000885129 ], [ 949621.259499999694526, 1949101.529200000688434 ], [ 949625.852900000289083, 1949098.707800000905991 ], [ 949628.804399999789894, 1949096.941700000315905 ], [ 949633.835400000214577, 1949094.460899999365211 ], [ 949637.637500000186265, 1949092.467299999669194 ], [ 949640.525399999693036, 1949090.76659999974072 ], [ 949642.645700000226498, 1949089.273800000548363 ], [ 949646.45920000039041, 1949086.040699999779463 ], [ 949649.094700000248849, 1949083.878399999812245 ], [ 949650.458999999798834, 1949082.89949999935925 ], [ 949652.073699999600649, 1949082.010299999266863 ], [ 949654.409799999557436, 1949081.05320000089705 ], [ 949655.620400000363588, 1949080.685900000855327 ], [ 949660.125099999830127, 1949080.179099999368191 ], [ 949662.058899999596179, 1949080.075799999758601 ], [ 949664.453999999910593, 1949079.692199999466538 ], [ 949666.643899999558926, 1949079.059800000861287 ], [ 949668.177000000141561, 1949078.439899999648333 ], [ 949669.034799999557436, 1949077.898499999195337 ], [ 949671.699900000356138, 1949074.523499999195337 ], [ 949672.56290000025183, 1949073.268400000408292 ], [ 949673.704400000162423, 1949072.123700000345707 ], [ 949675.1705, 1949071.107300000265241 ], [ 949680.146599999628961, 1949068.829600000753999 ], [ 949683.581600000150502, 1949067.356899999082088 ], [ 949688.325299999676645, 1949064.997500000521541 ], [ 949690.356300000101328, 1949064.005000000819564 ], [ 949695.629900000058115, 1949062.013699999079108 ], [ 949701.136500000022352, 1949060.232999999076128 ], [ 949706.180200000293553, 1949058.445800000801682 ], [ 949710.984400000423193, 1949056.743899999186397 ], [ 949716.148299999535084, 1949055.012000000104308 ], [ 949721.534599999897182, 1949053.157999999821186 ], [ 949725.949000000022352, 1949051.467199999839067 ], [ 949730.260400000028312, 1949049.56389999948442 ], [ 949733.816800000146031, 1949048.201500000432134 ], [ 949738.085199999623001, 1949046.863199999555945 ], [ 949743.428000000305474, 1949045.49129999987781 ], [ 949749.03760000038892, 1949044.098999999463558 ], [ 949752.198599999770522, 1949043.183499999344349 ], [ 949756.909900000318885, 1949041.481000000610948 ], [ 949761.740299999713898, 1949039.621999999508262 ], [ 949766.568799999542534, 1949037.604000000283122 ], [ 949771.481999999843538, 1949035.521600000560284 ], [ 949776.394799999892712, 1949033.560200000181794 ], [ 949781.159400000236928, 1949031.542600000277162 ], [ 949785.821100000292063, 1949029.35050000064075 ], [ 949790.74100000038743, 1949026.8333 ], [ 949795.631599999964237, 1949024.270199999213219 ], [ 949800.263799999840558, 1949021.614499999210238 ], [ 949804.755300000309944, 1949018.803600000217557 ], [ 949809.200199999846518, 1949015.891000000759959 ], [ 949813.432000000029802, 1949012.942500000819564 ], [ 949817.395399999804795, 1949009.893500000238419 ], [ 949821.780100000090897, 1949006.184499999508262 ], [ 949825.924700000323355, 1949002.634700000286102 ], [ 949828.7352, 1949000.286599999293685 ], [ 949830.458899999968708, 1948999.026900000870228 ], [ 949835.395800000056624, 1948996.3246 ], [ 949840.499800000339746, 1948993.852299999445677 ], [ 949843.5921, 1948992.23340000025928 ], [ 949847.457200000062585, 1948989.869699999690056 ], [ 949851.264999999664724, 1948987.275399999693036 ], [ 949855.793700000271201, 1948984.510299999266863 ], [ 949860.367999999783933, 1948981.494999999180436 ], [ 949864.157599999569356, 1948978.844799999147654 ], [ 949868.510499999858439, 1948976.1086 ], [ 949870.918700000271201, 1948974.7993 ], [ 949873.292200000025332, 1948973.740000000223517 ], [ 949878.113499999977648, 1948972.05599999986589 ], [ 949880.709999999962747, 1948971.189500000327826 ], [ 949884.828200000338256, 1948969.4452 ], [ 949889.932900000363588, 1948966.9079 ], [ 949894.916199999861419, 1948964.2884 ], [ 949898.976599999703467, 1948962.191500000655651 ], [ 949902.447999999858439, 1948960.617599999532104 ], [ 949906.087600000202656, 1948959.273700000718236 ], [ 949911.317599999718368, 1948957.753399999812245 ], [ 949916.317999999970198, 1948956.457299999892712 ], [ 949919.117700000293553, 1948955.645700000226498 ], [ 949922.544400000013411, 1948954.320900000631809 ], [ 949927.474700000137091, 1948952.072499999776483 ], [ 949932.478699999861419, 1948949.776699999347329 ], [ 949935.949900000356138, 1948948.164799999445677 ], [ 949939.105800000019372, 1948946.48960000090301 ], [ 949941.439399999566376, 1948945.060699999332428 ], [ 949943.522699999623001, 1948943.5592 ], [ 949945.364699999801815, 1948941.983999999240041 ], [ 949946.5614, 1948940.699999999254942 ], [ 949948.296699999831617, 1948938.2467 ], [ 949949.212899999693036, 1948936.649399999529123 ], [ 949949.971400000154972, 1948934.91499999910593 ], [ 949951.106800000183284, 1948931.113299999386072 ], [ 949952.262099999934435, 1948925.802999999374151 ], [ 949953.216799999587238, 1948921.104599999263883 ], [ 949953.627500000409782, 1948918.446399999782443 ], [ 949953.841099999845028, 1948915.187400000169873 ], [ 949953.857800000347197, 1948910.059100000187755 ], [ 949953.845099999569356, 1948907.671 ], [ 949954.002100000157952, 1948905.9858 ], [ 949954.535099999979138, 1948903.760800000280142 ], [ 949955.565999999642372, 1948900.997300000861287 ], [ 949956.589599999599159, 1948898.732599999755621 ], [ 949958.285799999721348, 1948895.8816 ], [ 949960.277800000272691, 1948893.001000000163913 ], [ 949962.070299999788404, 1948890.770300000905991 ], [ 949965.585900000296533, 1948887.176899999380112 ], [ 949968.707499999552965, 1948884.290300000458956 ], [ 949971.323900000192225, 1948882.110200000926852 ], [ 949975.886900000274181, 1948878.835100000724196 ], [ 949977.74930000025779, 1948877.538599999621511 ], [ 949979.389200000092387, 1948876.122400000691414 ], [ 949980.428600000217557, 1948874.950300000607967 ], [ 949981.968399999663234, 1948872.192099999636412 ], [ 949982.425099999643862, 1948871.227 ], [ 949985.548499999567866, 1948866.988900000229478 ], [ 949986.844200000166893, 1948865.333599999547005 ], [ 949987.697200000286102, 1948863.885500000789762 ], [ 949988.629300000146031, 1948861.714400000870228 ], [ 949989.44579999987036, 1948858.858999999240041 ], [ 949990.311999999918044, 1948856.5033 ], [ 949991.190200000070035, 1948854.721200000494719 ], [ 949993.053000000305474, 1948851.794399999082088 ], [ 949995.193900000303984, 1948848.91300000064075 ], [ 949998.512799999676645, 1948844.979699999094009 ], [ 950002.072100000455976, 1948840.951199999079108 ], [ 950005.853799999691546, 1948837.0055 ], [ 950009.683100000023842, 1948833.1985 ], [ 950013.613099999725819, 1948829.316999999806285 ], [ 950015.805200000293553, 1948827.222100000828505 ], [ 950018.615100000053644, 1948824.956900000572205 ], [ 950022.856100000441074, 1948822.045399999246001 ], [ 950027.512400000356138, 1948818.834799999371171 ], [ 950030.489400000311434, 1948816.596799999475479 ], [ 950032.691800000146031, 1948814.74269999936223 ], [ 950033.896999999880791, 1948813.550699999555945 ], [ 950037.261099999770522, 1948809.283299999311566 ], [ 950040.587199999950826, 1948805.016200000420213 ], [ 950042.020999999716878, 1948803.1842 ], [ 950043.323900000192225, 1948801.177999999374151 ], [ 950044.394899999722838, 1948799.005999999120831 ], [ 950045.479899999685585, 1948796.066299999132752 ], [ 950046.351300000213087, 1948793.006799999624491 ], [ 950046.729000000283122, 1948791.097400000318885 ], [ 950047.18099999986589, 1948785.855900000780821 ], [ 950047.363800000399351, 1948780.56980000063777 ], [ 950047.334400000050664, 1948775.229900000616908 ], [ 950047.286100000143051, 1948773.295800000429153 ], [ 950047.488099999725819, 1948771.4244 ], [ 950048.038800000213087, 1948768.950400000438094 ], [ 950048.994400000199676, 1948765.936300000175834 ], [ 950050.179700000211596, 1948762.885099999606609 ], [ 950052.594600000418723, 1948757.753100000321865 ], [ 950055.012099999934435, 1948753.119899999350309 ], [ 950057.210900000296533, 1948749.100600000470877 ], [ 950060.017599999904633, 1948744.521299999207258 ], [ 950062.823499999940395, 1948739.813100000843406 ], [ 950065.878800000064075, 1948734.991499999538064 ], [ 950068.91440000012517, 1948730.050200000405312 ], [ 950071.1722999997437, 1948726.603399999439716 ], [ 950073.395600000396371, 1948723.610600000247359 ], [ 950075.547100000083447, 1948721.0351 ], [ 950078.950899999588728, 1948717.452299999073148 ], [ 950080.588299999944866, 1948715.573200000450015 ], [ 950082.544499999843538, 1948712.924699999392033 ], [ 950085.572300000116229, 1948708.205299999564886 ], [ 950088.342400000430644, 1948703.710200000554323 ], [ 950090.324400000274181, 1948700.643699999898672 ], [ 950091.369099999777973, 1948698.777799999341369 ], [ 950092.210699999704957, 1948696.876000000163913 ], [ 950092.926900000311434, 1948694.335100000724196 ], [ 950093.338899999856949, 1948691.907800000160933 ], [ 950093.477800000458956, 1948690.213700000196695 ], [ 950093.379399999976158, 1948689.186599999666214 ], [ 950093.07880000025034, 1948688.299499999731779 ], [ 950092.583899999968708, 1948687.543400000780821 ], [ 950091.914099999703467, 1948686.973099999129772 ], [ 950091.106399999931455, 1948686.598600000143051 ], [ 950088.07799999974668, 1948686.31980000063777 ], [ 950086.43059999961406, 1948686.310499999672174 ], [ 950084.799499999731779, 1948686.004300000146031 ], [ 950083.760800000280142, 1948685.621999999508262 ], [ 950082.376899999566376, 1948684.796599999070168 ], [ 950081.251600000075996, 1948683.720000000670552 ], [ 950080.672199999913573, 1948682.853399999439716 ], [ 950079.016400000080466, 1948678.076899999752641 ], [ 950078.282399999909103, 1948675.9616 ], [ 950077.553000000305474, 1948674.521999999880791 ], [ 950076.629599999636412, 1948673.249299999326468 ], [ 950075.140399999916553, 1948671.795800000429153 ], [ 950073.419999999925494, 1948670.4814 ], [ 950071.181400000117719, 1948669.087799999862909 ], [ 950069.233, 1948668.126499999314547 ], [ 950066.542500000447035, 1948667.114199999719858 ], [ 950063.001600000075996, 1948666.13429999910295 ], [ 950060.443699999712408, 1948665.612099999561906 ], [ 950057.766900000162423, 1948665.284499999135733 ], [ 950055.082299999892712, 1948665.1798 ], [ 950053.092600000090897, 1948665.283299999311566 ], [ 950050.475899999961257, 1948665.7331000007689 ], [ 950045.004200000315905, 1948667.12470000050962 ], [ 950039.818699999712408, 1948668.374800000339746 ], [ 950035.308199999853969, 1948669.48340000025928 ], [ 950031.535500000230968, 1948670.22719999961555 ], [ 950027.965200000442564, 1948670.682099999859929 ], [ 950025.411999999545515, 1948670.85359999909997 ], [ 950023.745400000363588, 1948670.816500000655651 ], [ 950022.263100000098348, 1948670.473500000312924 ], [ 950020.898900000378489, 1948669.9529 ], [ 950019.664599999785423, 1948669.256699999794364 ], [ 950018.64130000025034, 1948668.374500000849366 ], [ 950017.77379999961704, 1948667.296499999240041 ], [ 950017.100499999709427, 1948666.050499999895692 ], [ 950015.500500000081956, 1948661.245699999853969 ], [ 950013.850899999961257, 1948655.961400000378489 ], [ 950013.108099999837577, 1948653.873099999502301 ], [ 950012.4057, 1948652.433299999684095 ], [ 950011.239000000059605, 1948650.718100000172853 ], [ 950009.851400000043213, 1948649.208100000396371 ], [ 950007.990399999544024, 1948647.561499999836087 ], [ 950005.937300000339746, 1948646.102 ], [ 950003.150799999944866, 1948644.507400000467896 ], [ 950000.60840000025928, 1948643.308299999684095 ], [ 949998.419900000095367, 1948642.5152000002563 ], [ 949996.018699999898672, 1948641.93720000050962 ], [ 949993.444099999964237, 1948641.645999999716878 ], [ 949990.778099999763072, 1948641.6612 ], [ 949986.116600000299513, 1948642.195800000801682 ], [ 949981.982800000347197, 1948642.904500000178814 ], [ 949977.758600000292063, 1948643.890599999576807 ], [ 949974.839100000448525, 1948644.739900000393391 ], [ 949969.518500000238419, 1948646.704500000923872 ], [ 949964.291799999773502, 1948648.853499999269843 ], [ 949958.926199999637902, 1948651.022299999371171 ], [ 949953.900999999605119, 1948652.9013 ], [ 949948.774600000120699, 1948654.734899999573827 ], [ 949943.676300000399351, 1948656.605399999767542 ], [ 949938.522199999541044, 1948658.495100000873208 ], [ 949933.144899999722838, 1948660.3301 ], [ 949927.990299999713898, 1948662.136900000274181 ], [ 949922.937400000169873, 1948663.877100000157952 ], [ 949917.901899999938905, 1948665.51630000025034 ], [ 949912.856700000353158, 1948667.01659999974072 ], [ 949907.256000000052154, 1948668.58390000090003 ], [ 949901.821299999952316, 1948669.975299999117851 ], [ 949896.191899999976158, 1948671.210799999535084 ], [ 949892.409900000318885, 1948671.897600000724196 ], [ 949888.747600000351667, 1948672.345000000670552 ], [ 949885.89740000013262, 1948672.4901 ], [ 949883.147900000214577, 1948672.412699999287724 ], [ 949877.849899999797344, 1948671.86009999923408 ], [ 949875.118800000287592, 1948671.671700000762939 ], [ 949873.063699999824166, 1948671.692600000649691 ], [ 949871.0477, 1948671.944199999794364 ], [ 949869.116200000047684, 1948672.464299999177456 ], [ 949867.269199999980628, 1948673.279899999499321 ], [ 949863.708800000138581, 1948675.4101 ], [ 949859.172399999573827, 1948678.600999999791384 ], [ 949855.153199999593198, 1948681.502399999648333 ], [ 949852.681699999608099, 1948683.118000000715256 ], [ 949850.015399999916553, 1948684.58559999987483 ], [ 949845.740199999883771, 1948686.516699999570847 ], [ 949842.14809999987483, 1948687.943299999460578 ], [ 949839.376899999566376, 1948688.838700000196695 ], [ 949836.787899999879301, 1948689.418299999088049 ], [ 949834.383500000461936, 1948689.745899999514222 ], [ 949832.023900000378489, 1948689.861400000751019 ], [ 949829.023900000378489, 1948689.665500000119209 ], [ 949825.716699999757111, 1948689.211200000718236 ], [ 949824.142699999734759, 1948689.1096 ], [ 949822.52379999961704, 1948689.211200000718236 ], [ 949820.156700000166893, 1948689.788599999621511 ], [ 949817.05350000038743, 1948690.861700000241399 ], [ 949813.941599999554455, 1948692.174799999222159 ], [ 949809.179299999959767, 1948694.608300000429153 ], [ 949804.251699999906123, 1948697.375499999150634 ], [ 949800.496799999848008, 1948699.581700000911951 ], [ 949797.50040000025183, 1948701.560900000855327 ], [ 949793.408599999733269, 1948704.702600000426173 ], [ 949789.299200000241399, 1948708.123199999332428 ], [ 949785.319899999536574, 1948711.551100000739098 ], [ 949783.183799999766052, 1948713.460799999535084 ], [ 949779.25719999987632, 1948716.463600000366569 ], [ 949774.572999999858439, 1948719.701400000602007 ], [ 949771.724799999967217, 1948721.72580000013113 ], [ 949769.196999999694526, 1948723.276699999347329 ], [ 949763.697100000455976, 1948726.140000000596046 ], [ 949759.459599999710917, 1948728.1908 ], [ 949754.510599999688566, 1948730.320299999788404 ], [ 949749.552400000393391, 1948732.38399999961257 ], [ 949746.089999999850988, 1948733.967800000682473 ], [ 949743.469399999827147, 1948735.361300000920892 ], [ 949739.945700000040233, 1948737.621200000867248 ], [ 949736.608599999919534, 1948740.019099999219179 ], [ 949734.294400000013411, 1948741.512900000438094 ], [ 949732.448099999688566, 1948742.467399999499321 ], [ 949729.031499999575317, 1948743.810100000351667 ], [ 949725.446000000461936, 1948744.987700000405312 ], [ 949720.252000000327826, 1948746.330900000408292 ], [ 949717.266900000162423, 1948747.060499999672174 ], [ 949714.383799999952316, 1948747.974500000476837 ], [ 949711.678100000135601, 1948749.156500000506639 ], [ 949709.011800000444055, 1948750.624099999666214 ], [ 949704.493200000375509, 1948753.584100000560284 ], [ 949701.431300000287592, 1948755.66469999961555 ], [ 949697.183600000105798, 1948759.003100000321865 ], [ 949695.073200000450015, 1948760.671700000762939 ], [ 949692.759300000034273, 1948762.220499999821186 ], [ 949690.876500000245869, 1948763.268100000917912 ], [ 949686.112200000323355, 1948765.330700000748038 ], [ 949681.133899999782443, 1948767.2105 ], [ 949678.297100000083447, 1948768.179300000891089 ], [ 949674.7023, 1948769.107100000604987 ], [ 949671.632399999536574, 1948769.679199999198318 ], [ 949666.225899999961257, 1948771.098400000482798 ], [ 949660.8295, 1948772.729599999263883 ], [ 949656.893899999558926, 1948774.048000000417233 ], [ 949652.183699999935925, 1948775.944399999454618 ], [ 949647.253399999812245, 1948778.00789999961853 ], [ 949642.090200000442564, 1948780.064600000157952 ], [ 949636.964499999769032, 1948782.04619999974966 ], [ 949631.884800000116229, 1948784.018500000238419 ], [ 949626.907700000330806, 1948786.110200000926852 ], [ 949622.041600000113249, 1948788.211400000378489 ], [ 949617.194099999964237, 1948790.228399999439716 ], [ 949612.290699999779463, 1948792.264799999073148 ], [ 949606.9527000002563, 1948794.553400000557303 ], [ 949601.913099999539554, 1948796.9233 ], [ 949597.518699999898672, 1948798.994000000879169 ], [ 949595.663599999621511, 1948799.97550000064075 ], [ 949592.703200000338256, 1948801.954500000923872 ], [ 949591.73450000025332, 1948802.51549999974668 ], [ 949590.201799999922514, 1948803.033500000834465 ], [ 949584.818900000303984, 1948803.822799999266863 ], [ 949582.340800000354648, 1948804.206900000572205 ], [ 949580.639700000174344, 1948804.632799999788404 ], [ 949576.769999999552965, 1948806.126800000667572 ], [ 949574.378700000233948, 1948807.223099999129772 ], [ 949569.334800000302494, 1948808.972400000318885 ], [ 949566.221300000324845, 1948809.999500000849366 ], [ 949563.783699999563396, 1948811.031099999323487 ], [ 949560.766499999910593, 1948812.667600000277162 ], [ 949558.958200000226498, 1948813.816800000146031 ], [ 949556.691599999554455, 1948815.615199999883771 ], [ 949555.1261, 1948817.115000000223517 ], [ 949551.852699999697506, 1948820.946100000292063 ], [ 949550.0795, 1948823.23369999974966 ], [ 949547.298499999567866, 1948827.386 ], [ 949545.39850000012666, 1948830.257099999114871 ], [ 949542.823300000280142, 1948834.742200000211596 ], [ 949541.897599999792874, 1948836.441500000655651 ], [ 949540.382399999536574, 1948838.559800000861287 ], [ 949539.094499999657273, 1948839.983200000599027 ], [ 949536.652300000190735, 1948841.8575 ], [ 949535.618999999947846, 1948842.492799999192357 ], [ 949533.790599999949336, 1948843.234200000762939 ], [ 949530.90610000025481, 1948843.880400000140071 ], [ 949528.658499999903142, 1948844.18019999936223 ], [ 949523.18059999961406, 1948844.395300000905991 ], [ 949517.747700000181794, 1948844.426200000569224 ], [ 949514.859899999573827, 1948844.470499999821186 ], [ 949512.74199999962002, 1948844.713700000196695 ], [ 949510.615600000135601, 1948845.24379999935627 ], [ 949507.096400000154972, 1948846.48509999923408 ], [ 949505.027900000102818, 1948847.385800000280142 ], [ 949500.672600000165403, 1948849.844100000336766 ], [ 949496.172199999913573, 1948852.66499999910593 ], [ 949492.454800000414252, 1948854.971899999305606 ], [ 949491.007699999958277, 1948855.989299999549985 ], [ 949489.764399999752641, 1948857.171499999240041 ], [ 949488.726300000213087, 1948858.584499999880791 ], [ 949487.33559999987483, 1948861.368899999186397 ], [ 949486.322399999946356, 1948863.901399999856949 ], [ 949484.795699999667704, 1948868.917700000107288 ], [ 949483.276100000366569, 1948873.600199999287724 ], [ 949481.73450000025332, 1948877.699899999424815 ], [ 949479.568799999542534, 1948882.692600000649691 ], [ 949477.357300000265241, 1948887.721599999815226 ], [ 949475.431800000369549, 1948892.573100000619888 ], [ 949473.719600000418723, 1948897.497500000521541 ], [ 949471.971099999733269, 1948902.542999999597669 ], [ 949470.109199999831617, 1948907.338199999183416 ], [ 949467.852699999697506, 1948912.534399999305606 ], [ 949465.731100000441074, 1948917.174000000581145 ], [ 949463.314899999648333, 1948922.056099999696016 ], [ 949460.767699999734759, 1948926.735999999567866 ], [ 949459.118300000205636, 1948929.558800000697374 ], [ 949457.116799999959767, 1948932.523399999365211 ], [ 949455.950299999676645, 1948934.04700000025332 ], [ 949452.094200000166893, 1948938.095100000500679 ], [ 949450.217199999839067, 1948940.031400000676513 ], [ 949448.856599999591708, 1948941.7051 ], [ 949447.976099999621511, 1948943.061300000175834 ], [ 949447.280100000090897, 1948944.518400000408292 ], [ 949446.854399999603629, 1948946.057199999690056 ], [ 949438.827200000174344, 1948955.626499999314547 ], [ 949438.458899999968708, 1948955.925300000235438 ], [ 949438.185899999924004, 1948956.648499999195337 ], [ 949438.236999999731779, 1948957.61089999973774 ], [ 949438.668499999679625, 1948958.691199999302626 ], [ 949440.199699999764562, 1948960.885299999266863 ], [ 949442.808799999766052, 1948964.0833 ], [ 949444.058299999684095, 1948965.778999999165535 ], [ 949445.675300000235438, 1948968.509500000625849 ], [ 949447.098199999891222, 1948971.4079 ], [ 949448.074900000356138, 1948973.864800000563264 ], [ 949448.96169999986887, 1948976.894999999552965 ], [ 949449.446100000292063, 1948979.058700000867248 ], [ 949449.805399999953806, 1948981.9627 ], [ 949449.955400000326335, 1948987.246999999508262 ], [ 949449.900299999862909, 1948990.598099999129772 ], [ 949449.63910000026226, 1948993.561499999836087 ], [ 949448.824699999764562, 1948998.500099999830127 ], [ 949448.709400000050664, 1948999.370400000363588 ], [ 949448.919499999843538, 1949000.535800000652671 ], [ 949449.284199999645352, 1949001.255599999800324 ], [ 949452.690200000070035, 1949004.494400000199676 ], [ 949454.57799999974668, 1949006.084799999371171 ], [ 949455.974000000394881, 1949007.492799999192357 ], [ 949457.19620000012219, 1949009.124800000339746 ], [ 949459.721499999985099, 1949013.849600000306964 ], [ 949461.303199999965727, 1949016.913100000470877 ], [ 949462.900600000284612, 1949019.532700000330806 ], [ 949465.784300000406802, 1949023.626900000497699 ], [ 949468.013600000180304, 1949026.641000000759959 ], [ 949471.396099999547005, 1949030.731599999591708 ], [ 949475.08490000013262, 1949034.875499999150634 ], [ 949476.807599999941885, 1949036.818600000813603 ], [ 949480.483599999919534, 1949040.268799999728799 ], [ 949484.354500000365078, 1949043.893999999389052 ], [ 949487.240100000053644, 1949046.821599999442697 ], [ 949491.510400000028312, 1949050.740499999374151 ], [ 949495.779299999587238, 1949054.38150000013411 ], [ 949500.133100000210106, 1949058.207900000736117 ], [ 949503.993900000117719, 1949061.629200000315905 ], [ 949507.861700000241399, 1949064.865499999374151 ], [ 949512.288599999621511, 1949068.524599999189377 ], [ 949516.474100000225008, 1949072.083100000396371 ], [ 949520.731999999843538, 1949075.5482 ], [ 949524.796099999919534, 1949078.848400000482798 ], [ 949529.129900000058115, 1949082.480100000277162 ], [ 949533.342899999581277, 1949086.1404 ], [ 949537.565100000239909, 1949089.661699999123812 ], [ 949540.048499999567866, 1949091.776699999347329 ], [ 949542.263100000098348, 1949093.92119999974966 ], [ 949544.144899999722838, 1949096.085400000214577 ], [ 949547.933500000275671, 1949099.821900000795722 ], [ 949549.719800000078976, 1949101.505799999460578 ], [ 949550.949699999764562, 1949102.886800000444055 ], [ 949551.696399999782443, 1949104.003399999812245 ], [ 949552.184799999929965, 1949105.240399999544024 ], [ 949552.565299999900162, 1949107.052699999883771 ], [ 949552.668999999761581, 1949109.0793999992311 ], [ 949552.591900000348687, 1949110.180400000885129 ], [ 949551.622299999929965, 1949113.944299999624491 ], [ 949549.92200000025332, 1949119.229399999603629 ], [ 949549.166199999861419, 1949121.4836 ], [ 949548.723299999721348, 1949123.336300000548363 ], [ 949548.653599999845028, 1949124.151399999856949 ], [ 949548.9205, 1949125.658500000834465 ], [ 949549.417999999597669, 1949126.7204 ], [ 949552.388299999758601, 1949129.989499999210238 ], [ 949556.009399999864399, 1949133.625900000333786 ], [ 949558.550599999725819, 1949136.082499999552965 ], [ 949560.364199999719858, 1949137.636299999430776 ], [ 949561.738900000229478, 1949138.619699999690056 ], [ 949563.409900000318885, 1949139.479499999433756 ], [ 949564.208200000226498, 1949139.781099999323487 ], [ 949565.310499999672174, 1949139.895199999213219 ], [ 949565.92960000038147, 1949139.779999999329448 ], [ 949566.713499999605119, 1949139.239 ], [ 949567.668800000101328, 1949138.0493 ], [ 949570.410000000149012, 1949133.387399999424815 ], [ 949571.465400000102818, 1949131.6414 ], [ 949573.551799999549985, 1949129.0472 ], [ 949576.945899999700487, 1949125.343499999493361 ], [ 949580.274600000120699, 1949121.373199999332428 ], [ 949583.674599999561906, 1949117.095599999651313 ], [ 949585.47759999986738, 1949114.947799999266863 ], [ 949587.391800000332296, 1949113.039300000295043 ], [ 949589.400700000114739, 1949111.473200000822544 ], [ 949591.493900000117719, 1949110.137499999254942 ], [ 949593.146599999628961, 1949109.26799999922514 ], [ 949594.854399999603629, 1949108.592199999839067 ], [ 949597.184000000357628, 1949108.096999999135733 ] ] ] ] } },
{ "type": "Feature", "properties": { "OBJECTID": 7, "CODE2": 1000010.0, "INDEXPAGE1": ",25,41,43,45,61,63,79,81,97,99", "LEVEL1": ",25,", "NAME2": ",Ѱ5", "RIVLEN1": 265.36, "UID1": 49.0, "INDEXPAGE2": null, "LEVEL2": null, "RIVLEN2": 0.0, "RIV_CD_1": 0.0, "RIV_NAM_1": null, "UID2": 0.0, "CODE1": 0.0, "INDEXPAGE": null, "LEVEL": null, "NAME1": null, "RIVLEN": 0.0, "UID": 0.0, "Shape_Leng": 1304.0459334100001, "Shape_Area": 31647.016372099999 }, "geometry": { "type": "MultiPolygon", "coordinates": [ [ [ [ 954915.299100000411272, 1945474.612700000405312 ], [ 954911.875900000333786, 1945470.031500000506639 ], [ 954907.286899999715388, 1945464.638900000602007 ], [ 954898.855499999597669, 1945456.6426 ], [ 954890.813500000163913, 1945449.510900000110269 ], [ 954886.114000000059605, 1945445.154500000178814 ], [ 954881.123999999836087, 1945441.610300000756979 ], [ 954877.560399999842048, 1945439.187100000679493 ], [ 954873.366200000047684, 1945437.364 ], [ 954865.497499999590218, 1945434.617799999192357 ], [ 954859.551400000229478, 1945433.079 ], [ 954856.222000000067055, 1945432.782800000160933 ], [ 954853.634499999694526, 1945432.7006 ], [ 954850.727699999697506, 1945432.717000000178814 ], [ 954847.285199999809265, 1945432.768300000578165 ], [ 954842.819199999794364, 1945432.835999999195337 ], [ 954839.575400000438094, 1945432.854299999773502 ], [ 954832.937199999578297, 1945433.2994 ], [ 954830.101800000295043, 1945433.597400000318885 ], [ 954826.934399999678135, 1945434.054999999701977 ], [ 954823.15749999973923, 1945434.756799999624491 ], [ 954819.705699999816716, 1945435.692900000140071 ], [ 954816.543100000359118, 1945437.066199999302626 ], [ 954813.513100000098348, 1945438.921599999070168 ], [ 954810.36849999986589, 1945441.7993 ], [ 954804.386500000022352, 1945448.7336 ], [ 954798.412999999709427, 1945454.626199999824166 ], [ 954793.575199999846518, 1945459.221300000324845 ], [ 954789.248599999584258, 1945463.3278 ], [ 954783.914800000376999, 1945466.967800000682473 ], [ 954779.846300000324845, 1945469.411599999293685 ], [ 954774.866200000047684, 1945471.689200000837445 ], [ 954772.636500000022352, 1945471.970000000670552 ], [ 954771.517599999904633, 1945472.105900000780821 ], [ 954768.638700000010431, 1945472.113199999555945 ], [ 954767.300599999725819, 1945472.00029999949038 ], [ 954764.285799999721348, 1945471.6425 ], [ 954761.941999999806285, 1945471.156099999323487 ], [ 954759.596199999563396, 1945470.465800000354648 ], [ 954757.857599999755621, 1945469.8553 ], [ 954755.353600000031292, 1945468.190199999138713 ], [ 954752.321299999952316, 1945464.902499999850988 ], [ 954749.474700000137091, 1945461.3969 ], [ 954748.860500000417233, 1945459.2489 ], [ 954748.535899999551475, 1945458.376000000163913 ], [ 954748.151499999687076, 1945455.8279 ], [ 954748.028400000184774, 1945452.977600000798702 ], [ 954747.956000000238419, 1945450.830800000578165 ], [ 954747.918899999931455, 1945447.420199999585748 ], [ 954747.892699999734759, 1945442.098300000652671 ], [ 954747.786299999803305, 1945438.831000000238419 ], [ 954747.708200000226498, 1945437.300000000745058 ], [ 954747.461099999956787, 1945434.432299999520183 ], [ 954747.329699999652803, 1945432.479699999094009 ], [ 954746.92200000025332, 1945430.061799999326468 ], [ 954746.51410000026226, 1945428.356499999761581 ], [ 954745.930100000463426, 1945426.425300000235438 ], [ 954745.160400000400841, 1945424.551100000739098 ], [ 954742.478099999949336, 1945421.687400000169873 ], [ 954738.799700000323355, 1945418.538100000470877 ], [ 954735.488900000229478, 1945415.715700000524521 ], [ 954731.811900000087917, 1945413.765000000596046 ], [ 954729.369599999859929, 1945412.427400000393391 ], [ 954724.775700000114739, 1945411.759099999442697 ], [ 954722.35329999960959, 1945411.523 ], [ 954720.202200000174344, 1945411.5395 ], [ 954716.972699999809265, 1945411.780500000342727 ], [ 954713.149600000120699, 1945412.445599999278784 ], [ 954710.010499999858439, 1945413.16609999909997 ], [ 954702.124900000169873, 1945414.775399999693036 ], [ 954689.638000000268221, 1945417.13289999961853 ], [ 954677.462100000120699, 1945420.473400000482798 ], [ 954665.095800000242889, 1945424.472699999809265 ], [ 954654.350599999539554, 1945428.5833 ], [ 954650.436499999836087, 1945431.317199999466538 ], [ 954648.107499999925494, 1945434.348400000482798 ], [ 954647.617200000211596, 1945435.961500000208616 ], [ 954647.133200000040233, 1945437.996300000697374 ], [ 954646.934799999929965, 1945439.787699999287724 ], [ 954646.970300000160933, 1945441.95380000025034 ], [ 954647.122800000011921, 1945443.568399999290705 ], [ 954647.553299999795854, 1945445.194499999284744 ], [ 954648.408200000412762, 1945447.30519999936223 ], [ 954649.937599999830127, 1945449.3553 ], [ 954654.200000000186265, 1945453.496200000867248 ], [ 954658.903800000436604, 1945456.963899999856949 ], [ 954666.528400000184774, 1945460.793999999761581 ], [ 954680.873700000345707, 1945467.090500000864267 ], [ 954695.727300000376999, 1945472.360600000247359 ], [ 954710.848000000230968, 1945478.212099999189377 ], [ 954730.417700000107288, 1945485.315600000321865 ], [ 954749.935499999672174, 1945493.012000000104308 ], [ 954771.892, 1945501.357300000265241 ], [ 954793.894399999640882, 1945510.451099999248981 ], [ 954817.952899999916553, 1945519.140100000426173 ], [ 954840.758100000210106, 1945528.622400000691414 ], [ 954868.515999999828637, 1945540.844499999657273 ], [ 954890.030100000090897, 1945551.158399999141693 ], [ 954910.041500000283122, 1945560.124800000339746 ], [ 954933.626500000245869, 1945570.954500000923872 ], [ 954955.951200000010431, 1945581.435000000521541 ], [ 954976.536299999803305, 1945591.310100000351667 ], [ 954999.033400000073016, 1945602.8443 ], [ 955017.86710000038147, 1945613.081499999389052 ], [ 955038.588299999944866, 1945624.890100000426173 ], [ 955062.15500000026077, 1945638.094100000336766 ], [ 955086.288200000301003, 1945652.5625 ], [ 955113.715300000272691, 1945667.429400000721216 ], [ 955117.351300000213087, 1945669.73619999922812 ], [ 955142.038200000301003, 1945683.063200000673532 ], [ 955160.082100000232458, 1945693.485500000417233 ], [ 955164.080599999986589, 1945695.1656 ], [ 955166.219899999909103, 1945695.371200000867248 ], [ 955166.738699999637902, 1945695.372400000691414 ], [ 955167.724100000225008, 1945695.316199999302626 ], [ 955169.111299999989569, 1945695.080900000408292 ], [ 955170.654699999839067, 1945694.69789999909699 ], [ 955171.411600000225008, 1945694.346000000834465 ], [ 955172.263899999670684, 1945693.707699999213219 ], [ 955173.782599999569356, 1945692.246099999174476 ], [ 955174.859699999913573, 1945690.27309999987483 ], [ 955175.370600000023842, 1945688.982899999246001 ], [ 955175.589700000360608, 1945688.454900000244379 ], [ 955175.976999999955297, 1945686.64750000089407 ], [ 955175.965200000442564, 1945685.365000000223517 ], [ 955175.886699999682605, 1945683.755000000819564 ], [ 955175.532100000418723, 1945682.494300000369549 ], [ 955174.95990000013262, 1945681.108899999409914 ], [ 955174.030100000090897, 1945679.57740000076592 ], [ 955170.9216, 1945675.694299999624491 ], [ 955159.939799999818206, 1945663.5011 ], [ 955146.220099999569356, 1945650.0329 ], [ 955131.249800000339746, 1945635.604699999094009 ], [ 955114.981999999843538, 1945620.795499999076128 ], [ 955111.461199999786913, 1945616.83559999987483 ], [ 955108.025299999862909, 1945611.731699999421835 ], [ 955105.832399999722838, 1945609.3333 ], [ 955103.112300000153482, 1945607.062599999830127 ], [ 955097.685899999924004, 1945603.432700000703335 ], [ 955091.006099999882281, 1945600.754200000315905 ], [ 955080.004399999976158, 1945596.489199999719858 ], [ 955069.762000000104308, 1945593.071900000795722 ], [ 955062.444099999964237, 1945591.090500000864267 ], [ 955056.974799999967217, 1945588.979299999773502 ], [ 955051.304299999959767, 1945586.989199999719858 ], [ 955047.309100000187755, 1945585.1831 ], [ 955043.918999999761581, 1945583.0559 ], [ 955040.279199999757111, 1945580.202199999243021 ], [ 955036.998399999924004, 1945577.004799999296665 ], [ 955032.50829999987036, 1945571.9715 ], [ 955028.075600000098348, 1945565.707299999892712 ], [ 955023.323499999940395, 1945558.417199999094009 ], [ 955020.943500000052154, 1945554.122400000691414 ], [ 955018.80350000038743, 1945550.576099999248981 ], [ 955016.360000000335276, 1945547.313300000503659 ], [ 955014.020499999634922, 1945544.4287 ], [ 955011.659699999727309, 1945541.860200000926852 ], [ 955006.75899999961257, 1945537.824699999764562 ], [ 955000.411000000312924, 1945534.000800000503659 ], [ 954992.713600000366569, 1945529.824300000444055 ], [ 954987.6579, 1945527.853900000452995 ], [ 954984.751799999736249, 1945527.059599999338388 ], [ 954982.638700000010431, 1945526.520999999716878 ], [ 954980.549300000071526, 1945526.121300000697374 ], [ 954978.108599999919534, 1945525.816299999132752 ], [ 954974.950600000098348, 1945525.6162 ], [ 954967.649100000038743, 1945525.028200000524521 ], [ 954956.305399999953806, 1945524.125900000333786 ], [ 954949.28899999987334, 1945523.188500000163913 ], [ 954944.670699999667704, 1945522.442299999296665 ], [ 954940.276899999938905, 1945521.245100000873208 ], [ 954937.009499999694526, 1945520.38880000077188 ], [ 954933.974000000394881, 1945518.953400000929832 ], [ 954931.617899999953806, 1945517.082599999383092 ], [ 954928.63150000013411, 1945513.6107 ], [ 954925.57050000037998, 1945509.263599999248981 ], [ 954924.042999999597669, 1945505.856899999082088 ], [ 954923.513600000180304, 1945503.1107 ], [ 954923.133399999700487, 1945501.350400000810623 ], [ 954922.967000000178814, 1945499.763900000602007 ], [ 954922.879900000058115, 1945497.487099999561906 ], [ 954922.673600000329316, 1945495.349999999627471 ], [ 954922.391099999658763, 1945493.718100000172853 ], [ 954922.112599999643862, 1945491.919199999421835 ], [ 954920.709300000220537, 1945486.8695 ], [ 954918.183500000275671, 1945479.779500000178814 ], [ 954915.299100000411272, 1945474.612700000405312 ] ] ] ] } },
{ "type": "Feature", "properties": { "OBJECTID": 8, "CODE2": 1005090.0, "INDEXPAGE1": ",43", "LEVEL1": ",43", "NAME2": ",߶3õ", "RIVLEN1": 20.47, "UID1": 19.0, "INDEXPAGE2": null, "LEVEL2": null, "RIVLEN2": 0.0, "RIV_CD_1": 0.0, "RIV_NAM_1": null, "UID2": 0.0, "CODE1": 0.0, "INDEXPAGE": null, "LEVEL": null, "NAME1": null, "RIVLEN": 0.0, "UID": 0.0, "Shape_Leng": 43194.274786800001, "Shape_Area": 1290616.7337199999 }, "geometry": { "type": "MultiPolygon", "coordinates": [ [ [ [ 960326.1402000002563, 1964149.568299999460578 ], [ 960329.036399999633431, 1964149.042999999597669 ], [ 960332.080599999986589, 1964151.925699999555945 ], [ 960335.862499999813735, 1964158.153300000354648 ], [ 960339.247000000439584, 1964164.862800000235438 ], [ 960340.697200000286102, 1964165.005000000819564 ], [ 960340.407700000330806, 1964159.448599999770522 ], [ 960338.970900000073016, 1964152.458799999207258 ], [ 960335.651100000366569, 1964141.020700000226498 ], [ 960332.34360000025481, 1964130.012399999424815 ], [ 960328.668899999931455, 1964117.626499999314547 ], [ 960324.354000000283122, 1964105.174100000411272 ], [ 960322.155199999921024, 1964095.869300000369549 ], [ 960319.769700000062585, 1964085.3059 ], [ 960317.578599999658763, 1964079.329700000584126 ], [ 960314.971699999645352, 1964072.236300000920892 ], [ 960313.414099999703467, 1964068.835799999535084 ], [ 960310.523699999786913, 1964059.184800000861287 ], [ 960306.914599999785423, 1964047.858200000599027 ], [ 960303.437800000421703, 1964036.980699999257922 ], [ 960303.407300000078976, 1964036.880899999290705 ], [ 960300.347799999639392, 1964027.390699999406934 ], [ 960297.22690000012517, 1964015.761700000613928 ], [ 960293.9216, 1964005.1732 ], [ 960290.542200000025332, 1963993.815400000661612 ], [ 960286.984000000171363, 1963982.648399999365211 ], [ 960284.023400000296533, 1963971.088500000536442 ], [ 960281.416600000113249, 1963960.276399999856949 ], [ 960279.88300000037998, 1963950.1283 ], [ 960277.870900000445545, 1963938.3333 ], [ 960276.443099999800324, 1963927.414899999275804 ], [ 960275.41370000038296, 1963916.204500000923872 ], [ 960272.973000000230968, 1963904.671800000593066 ], [ 960268.1546, 1963893.3816 ], [ 960265.230200000107288, 1963882.991100000217557 ], [ 960263.927400000393391, 1963873.001700000837445 ], [ 960262.494599999859929, 1963861.143699999898672 ], [ 960261.311099999584258, 1963849.154400000348687 ], [ 960260.587299999780953, 1963839.012000000104308 ], [ 960258.931599999777973, 1963828.474700000137091 ], [ 960257.299700000323355, 1963816.747700000181794 ], [ 960256.177500000223517, 1963805.01799999922514 ], [ 960254.917999999597669, 1963793.778799999505281 ], [ 960253.579900000244379, 1963782.78999999910593 ], [ 960252.176099999807775, 1963770.741900000721216 ], [ 960250.5943, 1963759.044600000604987 ], [ 960249.220900000073016, 1963747.066299999132752 ], [ 960248.215599999763072, 1963734.75620000064373 ], [ 960247.1722999997437, 1963724.695499999448657 ], [ 960246.310200000181794, 1963713.004300000146031 ], [ 960245.337000000290573, 1963701.08390000090003 ], [ 960244.566399999894202, 1963689.6722 ], [ 960244.314000000245869, 1963677.967800000682473 ], [ 960244.197700000368059, 1963665.532999999821186 ], [ 960243.775000000372529, 1963653.759600000455976 ], [ 960243.481499999761581, 1963643.704800000414252 ], [ 960243.497999999672174, 1963633.678400000557303 ], [ 960243.32149999961257, 1963621.2039 ], [ 960243.025700000114739, 1963610.729399999603629 ], [ 960243.312300000339746, 1963598.862199999392033 ], [ 960243.248700000345707, 1963588.806199999526143 ], [ 960243.31900000013411, 1963577.619899999350309 ], [ 960243.494099999777973, 1963565.463500000536442 ], [ 960243.473699999973178, 1963554.147700000554323 ], [ 960243.559000000357628, 1963542.031700000166893 ], [ 960243.744400000199676, 1963531.804500000551343 ], [ 960244.074099999852479, 1963520.526799999177456 ], [ 960244.341400000266731, 1963508.78969999961555 ], [ 960244.917999999597669, 1963496.950999999418855 ], [ 960245.223100000061095, 1963486.673100000247359 ], [ 960245.487599999643862, 1963474.416200000792742 ], [ 960244.202499999664724, 1963464.006899999454618 ], [ 960242.215200000442564, 1963454.990800000727177 ], [ 960242.614000000059605, 1963445.4222 ], [ 960242.192900000140071, 1963443.325200000777841 ], [ 960241.292500000447035, 1963441.300699999555945 ], [ 960240.931099999696016, 1963439.143500000238419 ], [ 960242.374699999578297, 1963432.42820000089705 ], [ 960244.667600000277162, 1963421.869899999350309 ], [ 960243.493400000035763, 1963409.760600000619888 ], [ 960240.276899999938905, 1963398.941700000315905 ], [ 960239.079199999570847, 1963388.05210000090301 ], [ 960238.167600000277162, 1963376.451199999079108 ], [ 960240.227699999697506, 1963365.354299999773502 ], [ 960240.121799999848008, 1963354.878699999302626 ], [ 960239.635999999940395, 1963342.495799999684095 ], [ 960240.298600000329316, 1963333.665500000119209 ], [ 960239.558100000023842, 1963331.6402000002563 ], [ 960238.418100000359118, 1963333.445599999278784 ], [ 960236.503999999724329, 1963334.425499999895692 ], [ 960236.241600000299513, 1963330.198400000110269 ], [ 960235.994800000451505, 1963319.533600000664592 ], [ 960234.731700000353158, 1963307.614800000563264 ], [ 960234.573200000450015, 1963300.388299999758601 ], [ 960236.405899999663234, 1963299.158900000154972 ], [ 960238.82120000012219, 1963307.812899999320507 ], [ 960240.340400000102818, 1963315.252000000327826 ], [ 960242.610299999825656, 1963306.023299999535084 ], [ 960243.800900000147521, 1963298.729599999263883 ], [ 960245.433100000023842, 1963297.371400000527501 ], [ 960245.764600000344217, 1963299.558900000527501 ], [ 960245.606200000271201, 1963301.718900000676513 ], [ 960244.755699999630451, 1963312.809399999678135 ], [ 960244.107300000265241, 1963314.942099999636412 ], [ 960243.11699999962002, 1963316.686699999496341 ], [ 960242.408499999903142, 1963318.78969999961555 ], [ 960243.6568, 1963320.432399999350309 ], [ 960244.157700000330806, 1963322.518999999389052 ], [ 960243.894999999552965, 1963329.4879 ], [ 960245.679100000299513, 1963330.378000000491738 ], [ 960247.200100000016391, 1963328.790500000119209 ], [ 960247.380699999630451, 1963330.788799999281764 ], [ 960245.742999999783933, 1963334.856000000610948 ], [ 960245.640399999916553, 1963345.622600000351667 ], [ 960246.57120000012219, 1963355.1941 ], [ 960247.622299999929965, 1963357.347799999639392 ], [ 960247.927600000053644, 1963350.86849999986589 ], [ 960248.137000000104308, 1963339.521500000730157 ], [ 960249.159599999897182, 1963328.839999999850988 ], [ 960250.396599999628961, 1963317.107699999585748 ], [ 960250.265300000086427, 1963314.9792 ], [ 960249.645600000396371, 1963316.881799999624491 ], [ 960246.542200000025332, 1963325.405200000852346 ], [ 960245.3114, 1963327.031199999153614 ], [ 960245.389600000344217, 1963324.831599999219179 ], [ 960247.209099999628961, 1963313.606000000610948 ], [ 960248.471599999815226, 1963304.802500000223517 ], [ 960251.093000000342727, 1963301.49970000050962 ], [ 960251.922100000083447, 1963299.495999999344349 ], [ 960252.106800000183284, 1963289.148800000548363 ], [ 960255.025899999774992, 1963277.937400000169873 ], [ 960257.625, 1963266.707599999383092 ], [ 960260.563500000163913, 1963255.3761 ], [ 960262.962600000202656, 1963244.11739999987185 ], [ 960265.590300000272691, 1963232.627599999308586 ], [ 960268.889299999922514, 1963221.424100000411272 ], [ 960269.2972999997437, 1963219.192800000309944 ], [ 960267.424100000411272, 1963218.462999999523163 ], [ 960265.793100000359118, 1963220.051200000569224 ], [ 960263.925200000405312, 1963224.059699999168515 ], [ 960262.615199999883771, 1963225.835999999195337 ], [ 960260.682799999602139, 1963225.2665 ], [ 960260.434999999590218, 1963227.527000000700355 ], [ 960261.85259999986738, 1963236.5461 ], [ 960260.256599999964237, 1963242.812400000169873 ], [ 960259.377299999818206, 1963254.122899999842048 ], [ 960256.717299999669194, 1963265.20299999974668 ], [ 960254.792799999937415, 1963273.590199999511242 ], [ 960253.364199999719858, 1963275.627100000157952 ], [ 960254.38219999987632, 1963264.085899999365211 ], [ 960255.208700000308454, 1963254.1151 ], [ 960253.824400000274181, 1963249.454199999570847 ], [ 960255.742700000293553, 1963239.89750000089407 ], [ 960256.852800000458956, 1963238.122199999168515 ], [ 960257.611499999649823, 1963236.048900000751019 ], [ 960257.338499999605119, 1963233.601299999281764 ], [ 960255.801900000311434, 1963232.259999999776483 ], [ 960254.125500000081956, 1963238.426699999719858 ], [ 960249.498200000263751, 1963247.987800000235438 ], [ 960244.244300000369549, 1963254.4035 ], [ 960243.346499999985099, 1963258.496799999848008 ], [ 960241.855200000107288, 1963267.531500000506639 ], [ 960240.456699999980628, 1963269.578199999406934 ], [ 960238.467699999921024, 1963273.387399999424815 ], [ 960237.338299999944866, 1963271.554099999368191 ], [ 960236.806699999608099, 1963269.3377 ], [ 960236.784500000067055, 1963267.04869999922812 ], [ 960236.068599999882281, 1963254.6371 ], [ 960236.138299999758601, 1963243.35080000013113 ], [ 960235.402200000360608, 1963236.527200000360608 ], [ 960237.238400000147521, 1963232.198999999091029 ], [ 960236.857200000435114, 1963230.071900000795722 ], [ 960234.216799999587238, 1963224.188100000843406 ], [ 960234.324699999764562, 1963221.928300000727177 ], [ 960236.551699999719858, 1963215.888699999079108 ], [ 960236.606700000353158, 1963211.210100000724196 ], [ 960237.05599999986589, 1963209.238399999216199 ], [ 960238.536799999885261, 1963207.621099999174476 ], [ 960239.276399999856949, 1963205.7179000005126 ], [ 960238.855600000359118, 1963203.660900000482798 ], [ 960237.4682, 1963202.17879999987781 ], [ 960236.648699999786913, 1963200.343900000676513 ], [ 960238.664499999955297, 1963195.954700000584126 ], [ 960240.636699999682605, 1963194.62470000050962 ], [ 960243.851700000464916, 1963205.143699999898672 ], [ 960245.011699999682605, 1963207.106799999251962 ], [ 960246.526700000278652, 1963200.651100000366569 ], [ 960246.7034, 1963198.171 ], [ 960244.888799999840558, 1963197.181099999696016 ], [ 960243.35149999987334, 1963195.699799999594688 ], [ 960242.958200000226498, 1963193.192800000309944 ], [ 960243.605899999849498, 1963190.93019999936223 ], [ 960244.886099999770522, 1963189.184000000357628 ], [ 960246.842600000090897, 1963188.653799999505281 ], [ 960247.861700000241399, 1963190.427699999883771 ], [ 960252.079199999570847, 1963201.491100000217557 ], [ 960254.902300000190735, 1963209.763000000268221 ], [ 960256.180499999783933, 1963211.395600000396371 ], [ 960258.203300000168383, 1963212.064600000157952 ], [ 960259.775100000202656, 1963210.636700000613928 ], [ 960259.890800000168383, 1963206.087799999862909 ], [ 960259.744099999777973, 1963197.32179999910295 ], [ 960262.155399999581277, 1963188.35219999961555 ], [ 960263.295300000347197, 1963186.536800000816584 ], [ 960267.070899999700487, 1963184.097500000149012 ], [ 960269.500099999830127, 1963180.375900000333786 ], [ 960271.213100000284612, 1963179.177200000733137 ], [ 960272.963000000454485, 1963177.398600000888109 ], [ 960272.509200000204146, 1963174.781899999827147 ], [ 960270.469499999657273, 1963174.7028 ], [ 960268.888600000180304, 1963176.290699999779463 ], [ 960266.881400000303984, 1963176.68129999935627 ], [ 960265.691899999976158, 1963174.818299999460578 ], [ 960261.090499999932945, 1963179.870999999344349 ], [ 960260.271999999880791, 1963181.974600000306964 ], [ 960258.64130000025034, 1963183.592700000852346 ], [ 960258.509800000116229, 1963181.4342 ], [ 960258.808299999684095, 1963179.303400000557303 ], [ 960262.037200000137091, 1963171.808900000527501 ], [ 960269.58530000038445, 1963164.481300000101328 ], [ 960278.032200000248849, 1963156.989 ], [ 960283.728500000201166, 1963152.930099999532104 ], [ 960285.976800000295043, 1963152.758199999108911 ], [ 960287.928199999965727, 1963153.167600000277162 ], [ 960289.973600000143051, 1963152.447000000625849 ], [ 960291.514999999664724, 1963150.929300000891089 ], [ 960295.013100000098348, 1963145.2027000002563 ], [ 960300.302099999971688, 1963139.75650000013411 ], [ 960302.32079999987036, 1963139.6458 ], [ 960303.340400000102818, 1963141.509700000286102 ], [ 960303.09250000026077, 1963143.770199999213219 ], [ 960302.334699999541044, 1963146.003399999812245 ], [ 960300.02419999986887, 1963149.494400000199676 ], [ 960297.047199999913573, 1963155.4781 ], [ 960297.689299999736249, 1963157.793800000101328 ], [ 960299.768699999898672, 1963157.812699999660254 ], [ 960301.682300000451505, 1963156.742900000885129 ], [ 960303.253800000064075, 1963155.275100000202656 ], [ 960310.288499999791384, 1963147.250499999150634 ], [ 960313.078499999828637, 1963141.827600000426173 ], [ 960315.393600000068545, 1963137.326899999752641 ], [ 960318.157100000418723, 1963128.795299999415874 ], [ 960324.228099999949336, 1963120.026100000366569 ], [ 960325.458300000056624, 1963118.280200000852346 ], [ 960327.215800000354648, 1963114.182299999520183 ], [ 960334.503399999812245, 1963106.726199999451637 ], [ 960341.543800000101328, 1963101.660499999299645 ], [ 960345.82050000037998, 1963091.961200000718236 ], [ 960351.520100000314415, 1963082.904100000858307 ], [ 960355.192699999548495, 1963072.408399999141693 ], [ 960357.33669999986887, 1963062.060799999162555 ], [ 960359.490199999883771, 1963057.231000000610948 ], [ 960366.127899999730289, 1963049.768400000408292 ], [ 960369.394600000232458, 1963045.612500000745058 ], [ 960373.879099999554455, 1963035.512199999764562 ], [ 960387.880900000222027, 1963004.948799999430776 ], [ 960398.244599999859929, 1962980.112600000575185 ], [ 960406.41440000012517, 1962961.885700000450015 ], [ 960407.304999999701977, 1962956.4529 ], [ 960407.153900000266731, 1962952.485200000926852 ], [ 960405.340499999932945, 1962949.845799999311566 ], [ 960402.178100000135601, 1962949.183000000193715 ], [ 960400.012299999594688, 1962949.814300000667572 ], [ 960398.897099999710917, 1962950.629899999126792 ], [ 960395.304700000211596, 1962955.557299999520183 ], [ 960393.123499999754131, 1962958.927699999883771 ], [ 960390.325600000098348, 1962959.1425 ], [ 960387.918999999761581, 1962957.73589999973774 ], [ 960387.057099999859929, 1962955.441299999132752 ], [ 960386.527499999850988, 1962953.604800000786781 ], [ 960384.173600000329316, 1962943.351099999621511 ], [ 960384.113699999637902, 1962937.7335 ], [ 960386.029000000096858, 1962931.355599999427795 ], [ 960388.588299999944866, 1962923.91469999961555 ], [ 960391.338299999944866, 1962920.341399999335408 ], [ 960396.086400000378489, 1962916.567399999126792 ], [ 960399.131299999542534, 1962913.942099999636412 ], [ 960401.840200000442564, 1962910.179099999368191 ], [ 960404.705599999986589, 1962905.7654 ], [ 960412.923999999649823, 1962891.027000000700355 ], [ 960418.612499999813735, 1962878.011399999260902 ], [ 960422.643099999986589, 1962867.163899999111891 ], [ 960424.752999999560416, 1962861.664599999785423 ], [ 960425.635099999606609, 1962860.240499999374151 ], [ 960428.9216, 1962854.185100000351667 ], [ 960429.895499999634922, 1962851.24100000038743 ], [ 960431.819899999536574, 1962848.4518 ], [ 960433.273299999535084, 1962849.183800000697374 ], [ 960435.449599999934435, 1962850.52170000039041 ], [ 960440.599700000137091, 1962849.014699999243021 ], [ 960442.464999999850988, 1962846.385800000280142 ], [ 960443.221400000154972, 1962840.143999999389052 ], [ 960442.036600000225008, 1962839.150699999183416 ], [ 960442.221699999645352, 1962836.370699999853969 ], [ 960444.102400000207126, 1962816.018200000748038 ], [ 960444.367999999783933, 1962813.443900000303984 ], [ 960448.379700000397861, 1962774.560599999502301 ], [ 960453.446100000292063, 1962732.998800000175834 ], [ 960457.91399999987334, 1962698.8991 ], [ 960459.64159999974072, 1962685.71309999935329 ], [ 960460.205400000326335, 1962680.831900000572205 ], [ 960459.934100000187755, 1962678.70409999974072 ], [ 960460.243700000457466, 1962674.893799999728799 ], [ 960464.928399999625981, 1962634.853499999269843 ], [ 960472.521800000220537, 1962555.392200000584126 ], [ 960477.973600000143051, 1962505.50139999948442 ], [ 960487.105700000189245, 1962431.519899999722838 ], [ 960486.752399999648333, 1962427.133400000631809 ], [ 960482.540500000119209, 1962426.476099999621511 ], [ 960480.564199999906123, 1962425.167099999263883 ], [ 960475.231700000353158, 1962416.828600000590086 ], [ 960470.284400000236928, 1962405.748999999836087 ], [ 960468.222299999557436, 1962399.592299999669194 ], [ 960467.043499999679625, 1962397.623700000345707 ], [ 960464.540900000371039, 1962393.444199999794364 ], [ 960462.199400000274181, 1962391.137499999254942 ], [ 960461.694299999624491, 1962388.261299999430776 ], [ 960462.667500000447035, 1962385.18720000050962 ], [ 960466.954699999652803, 1962380.906099999323487 ], [ 960468.454599999822676, 1962379.408500000834465 ], [ 960473.734699999913573, 1962368.554300000891089 ], [ 960475.808799999766052, 1962361.955600000917912 ], [ 960478.074099999852479, 1962355.615900000557303 ], [ 960486.955699999816716, 1962341.513699999079108 ], [ 960495.291899999603629, 1962332.002699999138713 ], [ 960499.598299999721348, 1962326.002000000327826 ], [ 960511.432799999602139, 1962310.794399999082088 ], [ 960517.247399999760091, 1962304.555700000375509 ], [ 960524.189000000245869, 1962297.8311 ], [ 960530.862800000235438, 1962291.497899999842048 ], [ 960534.421900000423193, 1962285.960899999365211 ], [ 960549.910000000149012, 1962249.171800000593066 ], [ 960607.207000000402331, 1962111.926599999889731 ], [ 960654.008600000292063, 1961999.2083 ], [ 960676.077399999834597, 1961936.753599999472499 ], [ 960681.918999999761581, 1961916.819700000807643 ], [ 960685.43680000025779, 1961901.656500000506639 ], [ 960688.292999999597669, 1961886.146999999880791 ], [ 960690.43030000012368, 1961868.901900000870228 ], [ 960693.331299999728799, 1961831.790100000798702 ], [ 960696.637600000016391, 1961713.196000000461936 ], [ 960699.105899999849498, 1961647.416999999433756 ], [ 960701.307799999602139, 1961574.801899999380112 ], [ 960699.326500000432134, 1961565.036100000143051 ], [ 960697.038499999791384, 1961552.132999999448657 ], [ 960696.432900000363588, 1961543.5494 ], [ 960696.402599999681115, 1961535.9923 ], [ 960696.697800000198185, 1961521.9759 ], [ 960696.39879999961704, 1961512.770899999886751 ], [ 960694.946999999694526, 1961504.831499999389052 ], [ 960693.330299999564886, 1961497.832699999213219 ], [ 960690.834300000220537, 1961490.908600000664592 ], [ 960690.424300000071526, 1961487.132099999114871 ], [ 960692.099399999715388, 1961478.82630000077188 ], [ 960694.223500000312924, 1961475.995999999344349 ], [ 960698.70380000025034, 1961470.744000000879169 ], [ 960700.411100000143051, 1961464.727099999785423 ], [ 960702.148400000296533, 1961456.830700000748038 ], [ 960702.910400000400841, 1961449.75929999910295 ], [ 960703.164499999955297, 1961433.673800000920892 ], [ 960703.559799999929965, 1961427.184100000187755 ], [ 960705.268500000238419, 1961398.94539999961853 ], [ 960708.4693, 1961343.058800000697374 ], [ 960709.979199999943376, 1961313.141799999400973 ], [ 960710.273199999704957, 1961298.895400000736117 ], [ 960710.147499999962747, 1961292.1985 ], [ 960710.835199999623001, 1961282.438500000163913 ], [ 960708.777700000442564, 1961271.523399999365211 ], [ 960708.613099999725819, 1961261.268100000917912 ], [ 960708.584800000302494, 1961259.708799999207258 ], [ 960709.145399999804795, 1961250.4792 ], [ 960708.393600000068545, 1961248.213999999687076 ], [ 960706.984899999573827, 1961246.482200000435114 ], [ 960706.074199999682605, 1961244.4178 ], [ 960705.801699999719858, 1961242.060100000351667 ], [ 960707.216000000014901, 1961231.706399999558926 ], [ 960711.557699999772012, 1961221.077099999412894 ], [ 960715.765800000168383, 1961209.758899999782443 ], [ 960717.773299999535084, 1961204.07120000012219 ], [ 960719.212500000372529, 1961199.994100000709295 ], [ 960722.526300000026822, 1961193.52449999935925 ], [ 960724.495500000193715, 1961189.679700000211596 ], [ 960729.802500000223517, 1961178.225600000470877 ], [ 960732.587899999693036, 1961171.831299999728799 ], [ 960734.276100000366569, 1961167.95549999922514 ], [ 960738.532800000160933, 1961158.246400000527501 ], [ 960742.673200000077486, 1961151.04839999973774 ], [ 960744.346699999645352, 1961148.13910000026226 ], [ 960747.8454, 1961142.502499999478459 ], [ 960749.84250000026077, 1961142.102 ], [ 960750.023299999535084, 1961144.130300000309944 ], [ 960746.513100000098348, 1961155.115000000223517 ], [ 960744.596900000236928, 1961165.07149999961257 ], [ 960743.763500000350177, 1961171.873500000685453 ], [ 960744.744199999608099, 1961173.9375 ], [ 960746.779000000096858, 1961167.489 ], [ 960750.742700000293553, 1961155.322300000116229 ], [ 960754.618999999947846, 1961143.645999999716878 ], [ 960758.1261, 1961132.101500000804663 ], [ 960761.667000000365078, 1961121.246600000187755 ], [ 960765.0, 1961108.9134 ], [ 960767.914900000207126, 1961097.88289999961853 ], [ 960768.145299999974668, 1961097.010900000110269 ], [ 960771.385999999940395, 1961086.097699999809265 ], [ 960774.830000000074506, 1961075.833100000396371 ], [ 960778.246399999596179, 1961066.0285 ], [ 960782.254099999554455, 1961054.611300000920892 ], [ 960786.306300000287592, 1961044.053600000217557 ], [ 960789.921299999579787, 1961033.987999999895692 ], [ 960792.889700000174344, 1961022.646299999207258 ], [ 960795.630300000309944, 1961011.695699999108911 ], [ 960798.040400000289083, 1961000.616900000721216 ], [ 960800.951999999582767, 1960989.865399999544024 ], [ 960804.232200000435114, 1960978.881899999454618 ], [ 960806.643099999986589, 1960973.530899999663234 ], [ 960807.956699999980628, 1960970.6151 ], [ 960808.468999999575317, 1960966.534800000488758 ], [ 960809.749900000169873, 1960956.330800000578165 ], [ 960812.017300000414252, 1960950.370899999514222 ], [ 960812.864699999801815, 1960948.362299999222159 ], [ 960816.459499999880791, 1960939.841 ], [ 960819.167899999767542, 1960928.470799999311566 ], [ 960821.575600000098348, 1960916.962200000882149 ], [ 960824.933199999853969, 1960907.357799999415874 ], [ 960827.650100000202656, 1960897.586899999529123 ], [ 960829.75690000038594, 1960887.75929999910295 ], [ 960832.036299999803305, 1960876.551200000569224 ], [ 960834.250300000421703, 1960866.203199999406934 ], [ 960837.829900000244379, 1960855.118200000375509 ], [ 960841.778800000436604, 1960845.800599999725819 ], [ 960844.997800000011921, 1960836.456900000572205 ], [ 960845.504200000315905, 1960824.568499999120831 ], [ 960845.512900000438094, 1960813.082699999213219 ], [ 960844.917000000365078, 1960800.670399999246001 ], [ 960844.557500000111759, 1960789.486500000581145 ], [ 960842.699000000022352, 1960778.400399999693036 ], [ 960840.012699999846518, 1960767.648700000718236 ], [ 960836.62540000025183, 1960756.670800000429153 ], [ 960833.541799999773502, 1960746.411000000312924 ], [ 960830.123300000093877, 1960735.203400000929832 ], [ 960827.201500000432134, 1960725.272600000724196 ], [ 960823.690999999642372, 1960715.574899999424815 ], [ 960820.07050000037998, 1960703.978399999439716 ], [ 960816.779000000096858, 1960692.21030000038445 ], [ 960813.117600000463426, 1960680.4441 ], [ 960809.935800000093877, 1960670.514799999073148 ], [ 960806.586400000378489, 1960661.016100000590086 ], [ 960803.067300000227988, 1960649.678999999538064 ], [ 960799.737099999561906, 1960638.171 ], [ 960796.479199999943376, 1960627.092499999329448 ], [ 960793.362900000065565, 1960616.312999999150634 ], [ 960791.64809999987483, 1960605.915999999269843 ], [ 960790.495299999602139, 1960595.935799999162555 ], [ 960788.504200000315905, 1960584.330700000748038 ], [ 960786.781200000084937, 1960572.394300000742078 ], [ 960784.950400000438094, 1960560.8783 ], [ 960783.190700000151992, 1960549.561799999326468 ], [ 960781.508200000040233, 1960539.594399999827147 ], [ 960780.018000000156462, 1960528.206599999219179 ], [ 960778.911600000225008, 1960519.415699999779463 ], [ 960778.071399999782443, 1960517.450899999588728 ], [ 960776.295099999755621, 1960516.150800000876188 ], [ 960774.264600000344217, 1960515.901699999347329 ], [ 960772.933100000023842, 1960517.418299999088049 ], [ 960771.139999999664724, 1960518.57740000076592 ], [ 960771.832899999804795, 1960509.807 ], [ 960772.416899999603629, 1960501.207000000402331 ], [ 960773.908599999733269, 1960499.749600000679493 ], [ 960775.484899999573827, 1960501.050699999555945 ], [ 960774.323800000362098, 1960489.5011 ], [ 960772.736100000329316, 1960478.583599999547005 ], [ 960771.0625, 1960470.285599999129772 ], [ 960769.494599999859929, 1960468.684499999508262 ], [ 960769.336199999786913, 1960470.854599999263883 ], [ 960769.930700000375509, 1960477.379000000655651 ], [ 960770.057400000281632, 1960488.014399999752641 ], [ 960770.477500000037253, 1960499.308000000193715 ], [ 960770.190399999730289, 1960501.708699999377131 ], [ 960767.937800000421703, 1960510.457499999552965 ], [ 960766.376799999736249, 1960512.035199999809265 ], [ 960764.442200000397861, 1960511.035900000482798 ], [ 960762.151899999938905, 1960507.069599999114871 ], [ 960759.462799999862909, 1960495.798100000247359 ], [ 960758.548000000417233, 1960485.456700000911951 ], [ 960758.816700000315905, 1960473.969499999657273 ], [ 960760.126799999736249, 1960462.82660000026226 ], [ 960762.337299999780953, 1960451.818900000303984 ], [ 960764.239900000393391, 1960444.95130000077188 ], [ 960765.800200000405312, 1960443.2336 ], [ 960767.168399999849498, 1960444.86570000089705 ], [ 960768.80489999987185, 1960446.19649999961257 ], [ 960767.600599999539554, 1960437.80599999986589 ], [ 960766.108500000089407, 1960426.058199999853969 ], [ 960765.746399999596179, 1960414.374500000849366 ], [ 960766.192800000309944, 1960402.486400000751019 ], [ 960767.374400000087917, 1960393.48340000025928 ], [ 960765.608799999579787, 1960392.313300000503659 ], [ 960764.308400000445545, 1960394.0296 ], [ 960762.584499999880791, 1960395.058399999514222 ], [ 960761.246899999678135, 1960393.526100000366569 ], [ 960758.245799999684095, 1960387.494300000369549 ], [ 960755.737399999983609, 1960378.2511 ], [ 960750.221900000236928, 1960369.323799999430776 ], [ 960745.708200000226498, 1960358.941600000485778 ], [ 960745.679399999789894, 1960358.844699999317527 ], [ 960743.234699999913573, 1960350.617900000885129 ], [ 960743.411600000225008, 1960346.288499999791384 ], [ 960743.031000000424683, 1960344.281300000846386 ], [ 960742.161600000225008, 1960342.456599999219179 ], [ 960738.829800000414252, 1960336.26659999974072 ], [ 960738.916400000452995, 1960333.767100000753999 ], [ 960740.223500000312924, 1960329.561699999496341 ], [ 960740.012099999934435, 1960327.3936 ], [ 960735.581299999728799, 1960319.440099999308586 ], [ 960735.10080000013113, 1960317.443399999290705 ], [ 960735.25829999987036, 1960315.113500000908971 ], [ 960737.153099999763072, 1960308.635700000450015 ], [ 960736.570700000040233, 1960304.400399999693036 ], [ 960736.858199999667704, 1960302.069700000807643 ], [ 960737.707200000062585, 1960300.065899999812245 ], [ 960743.721699999645352, 1960290.077500000596046 ], [ 960748.802299999631941, 1960279.284399999305606 ], [ 960754.519100000150502, 1960269.6974 ], [ 960760.968399999663234, 1960260.62639999948442 ], [ 960767.027700000442564, 1960253.406700000166893 ], [ 960773.523299999535084, 1960251.162900000810623 ], [ 960783.961199999786913, 1960247.728499999269843 ], [ 960789.622000000439584, 1960246.80629999935627 ], [ 960794.617999999783933, 1960245.99239999987185 ], [ 960798.706399999558926, 1960244.091299999505281 ], [ 960800.807500000111759, 1960244.439899999648333 ], [ 960798.642500000074506, 1960250.859099999070168 ], [ 960795.099499999545515, 1960261.314200000837445 ], [ 960791.871899999678135, 1960269.048499999567866 ], [ 960790.340599999763072, 1960270.566099999472499 ], [ 960788.547799999825656, 1960271.795299999415874 ], [ 960782.229299999773502, 1960273.508300000801682 ], [ 960780.104100000113249, 1960274.269400000572205 ], [ 960780.046099999919534, 1960276.5088 ], [ 960781.056699999608099, 1960278.572699999436736 ], [ 960785.853600000031292, 1960285.824500000104308 ], [ 960787.289599999785423, 1960292.684299999848008 ], [ 960788.39879999961704, 1960294.477700000628829 ], [ 960789.388299999758601, 1960292.573100000619888 ], [ 960790.821600000374019, 1960285.798000000417233 ], [ 960793.129999999888241, 1960274.38990000076592 ], [ 960796.36670000012964, 1960262.756899999454618 ], [ 960800.815299999900162, 1960251.5373 ], [ 960805.089499999769032, 1960241.368200000375509 ], [ 960808.100700000301003, 1960230.54619999974966 ], [ 960811.051799999549985, 1960219.694399999454618 ], [ 960814.588800000026822, 1960208.119799999520183 ], [ 960817.956699999980628, 1960196.706000000238419 ], [ 960821.265800000168383, 1960185.52250000089407 ], [ 960825.045699999667704, 1960174.506400000303984 ], [ 960829.487599999643862, 1960163.906600000336766 ], [ 960835.645800000056624, 1960154.617200000211596 ], [ 960842.696399999782443, 1960145.842800000682473 ], [ 960849.446100000292063, 1960136.870100000873208 ], [ 960857.068900000303984, 1960128.5526 ], [ 960864.923799999989569, 1960120.633600000292063 ], [ 960872.951799999922514, 1960113.293500000610948 ], [ 960880.443599999882281, 1960104.776699999347329 ], [ 960888.667299999855459, 1960096.655799999833107 ], [ 960897.392699999734759, 1960088.892100000753999 ], [ 960907.079400000162423, 1960081.443199999630451 ], [ 960915.774500000290573, 1960073.619799999520183 ], [ 960924.402200000360608, 1960066.276499999687076 ], [ 960933.154099999926984, 1960057.852900000289083 ], [ 960942.577600000426173, 1960049.785599999129772 ], [ 960952.060399999842048, 1960041.58809999935329 ], [ 960960.987499999813735, 1960034.153200000524521 ], [ 960969.679800000041723, 1960025.799900000914931 ], [ 960978.50870000012219, 1960018.715500000864267 ], [ 960987.462100000120699, 1960010.590700000524521 ], [ 960996.116899999789894, 1960002.697499999776483 ], [ 961004.181499999947846, 1959994.737400000914931 ], [ 961012.469100000336766, 1959987.365900000557303 ], [ 961021.023199999704957, 1959979.343299999833107 ], [ 961029.588999999687076, 1959971.64049999974668 ], [ 961037.973100000061095, 1959963.60869999974966 ], [ 961045.999499999918044, 1959955.978700000792742 ], [ 961054.6568, 1959948.575300000607967 ], [ 961062.224100000225008, 1959941.0777000002563 ], [ 961068.486299999989569, 1959934.416799999773502 ], [ 961069.993200000375509, 1959930.200300000607967 ], [ 961077.619599999859929, 1959922.542400000616908 ], [ 961084.460099999792874, 1959917.477800000458956 ], [ 961086.457399999722838, 1959917.107300000265241 ], [ 961088.361700000241399, 1959918.046800000593066 ], [ 961090.068199999630451, 1959919.387199999764562 ], [ 961092.102500000037253, 1959920.325999999418855 ], [ 961093.694600000046194, 1959918.968100000172853 ], [ 961094.784199999645352, 1959917.0929000005126 ], [ 961100.341599999926984, 1959907.606799999251962 ], [ 961103.622600000351667, 1959904.270500000566244 ], [ 961106.548700000159442, 1959896.2379 ], [ 961106.37540000025183, 1959889.971100000664592 ], [ 961106.634200000204146, 1959887.900499999523163 ], [ 961109.342199999839067, 1959882.078199999406934 ], [ 961111.923299999907613, 1959878.715700000524521 ], [ 961112.642699999734759, 1959876.772600000724196 ], [ 961118.081600000150502, 1959865.6776 ], [ 961124.197100000455976, 1959855.888599999248981 ], [ 961129.286100000143051, 1959846.664899999275804 ], [ 961134.799700000323355, 1959836.459300000220537 ], [ 961140.279299999587238, 1959825.5241 ], [ 961144.55489999987185, 1959815.614900000393391 ], [ 961149.565700000151992, 1959804.85219999961555 ], [ 961155.107499999925494, 1959794.316500000655651 ], [ 961160.923200000077486, 1959784.529100000858307 ], [ 961164.315999999642372, 1959775.914200000464916 ], [ 961164.260800000280142, 1959771.186200000345707 ], [ 961164.679999999701977, 1959769.184699999168515 ], [ 961165.700299999676645, 1959767.42989999987185 ], [ 961167.302699999883771, 1959766.1118 ], [ 961168.322800000198185, 1959764.337099999189377 ], [ 961167.669700000435114, 1959759.942199999466538 ], [ 961168.419300000183284, 1959758.058900000527501 ], [ 961170.25069999974221, 1959756.569599999114871 ], [ 961176.543899999931455, 1959750.098500000312924 ], [ 961178.537700000219047, 1959749.068199999630451 ], [ 961180.170099999755621, 1959747.75 ], [ 961181.190200000070035, 1959745.975199999287724 ], [ 961182.168600000441074, 1959741.991499999538064 ], [ 961182.259399999864399, 1959732.764399999752641 ], [ 961183.994500000029802, 1959726.327500000596046 ], [ 961191.981900000013411, 1959718.887599999085069 ], [ 961193.273000000044703, 1959717.311300000175834 ], [ 961197.989799999631941, 1959707.659700000658631 ], [ 961202.103400000371039, 1959697.361600000411272 ], [ 961206.917899999767542, 1959687.289599999785423 ], [ 961211.631699999794364, 1959677.078299999237061 ], [ 961216.642900000326335, 1959666.385500000789762 ], [ 961222.1864, 1959656.169700000435114 ], [ 961228.102099999785423, 1959646.391799999400973 ], [ 961233.917399999685585, 1959636.534399999305606 ], [ 961240.765700000338256, 1959627.311300000175834 ], [ 961247.821999999694526, 1959617.717199999839067 ], [ 961255.807300000451505, 1959609.887499999254942 ], [ 961263.798999999649823, 1959601.368000000715256 ], [ 961270.64780000038445, 1959592.234899999573827 ], [ 961267.901899999938905, 1959589.070699999108911 ], [ 961268.96239999961108, 1959587.355599999427795 ], [ 961275.976300000213087, 1959577.331900000572205 ], [ 961282.185399999842048, 1959568.202199999243021 ], [ 961288.576100000180304, 1959559.401399999856949 ], [ 961295.0636, 1959550.000199999660254 ], [ 961302.112900000065565, 1959540.966 ], [ 961308.030799999833107, 1959531.607899999246001 ], [ 961313.188299999572337, 1959523.993200000375509 ], [ 961315.052099999971688, 1959522.963600000366569 ], [ 961316.985399999655783, 1959523.71309999935329 ], [ 961317.714999999850988, 1959521.799900000914931 ], [ 961316.636300000362098, 1959520.106200000271201 ], [ 961317.255599999800324, 1959518.13370000012219 ], [ 961319.576299999840558, 1959514.67259999923408 ], [ 961324.335500000044703, 1959507.349899999797344 ], [ 961324.85329999960959, 1959505.087999999523163 ], [ 961326.617300000041723, 1959504.088899999856949 ], [ 961330.2182, 1959498.881699999794364 ], [ 961331.981200000271201, 1959497.692700000479817 ], [ 961334.219800000078976, 1959497.580800000578165 ], [ 961338.522300000302494, 1959492.729699999094009 ], [ 961345.075600000098348, 1959484.4178 ], [ 961353.302899999544024, 1959476.976700000464916 ], [ 961354.733599999919534, 1959475.329600000753999 ], [ 961363.450799999758601, 1959467.895899999886751 ], [ 961372.320299999788404, 1959460.9112 ], [ 961380.507500000298023, 1959453.450300000607967 ], [ 961388.763299999758601, 1959445.719100000336766 ], [ 961396.890999999828637, 1959438.348500000312924 ], [ 961405.46100000012666, 1959431.435399999842048 ], [ 961413.114500000141561, 1959423.247600000351667 ], [ 961420.500099999830127, 1959415.431099999696016 ], [ 961426.630699999630451, 1959408.460999999195337 ], [ 961430.620699999853969, 1959406.860300000756979 ], [ 961435.594399999827147, 1959402.275499999523163 ], [ 961443.286600000225008, 1959393.827600000426173 ], [ 961451.341199999675155, 1959385.867599999532104 ], [ 961459.163800000213087, 1959377.50899999961257 ], [ 961465.417200000025332, 1959369.198699999600649 ], [ 961472.840499999932945, 1959360.952099999412894 ], [ 961479.700500000268221, 1959352.048800000920892 ], [ 961487.922600000165403, 1959343.628100000321865 ], [ 961495.306400000117719, 1959335.481799999251962 ], [ 961503.236100000329316, 1959328.472100000828505 ], [ 961510.530199999921024, 1959320.356200000271201 ], [ 961518.142400000244379, 1959311.908700000494719 ], [ 961525.266400000080466, 1959303.783700000494719 ], [ 961532.427500000223517, 1959295.10869999974966 ], [ 961538.304100000299513, 1959285.49100000038743 ], [ 961543.458700000308454, 1959275.447200000286102 ], [ 961549.063900000415742, 1959265.560900000855327 ], [ 961554.850700000301003, 1959255.973600000143051 ], [ 961560.769399999640882, 1959246.7555 ], [ 961565.754700000397861, 1959236.842499999329448 ], [ 961569.930700000375509, 1959227.003900000825524 ], [ 961574.085699999704957, 1959216.965500000864267 ], [ 961578.159300000406802, 1959206.667500000447035 ], [ 961580.770999999716878, 1959195.917600000277162 ], [ 961583.00690000038594, 1959184.050000000745058 ], [ 961585.731200000271201, 1959175.658600000664592 ], [ 961588.385300000198185, 1959159.720300000160933 ], [ 961588.444199999794364, 1959157.650800000876188 ], [ 961590.24100000038743, 1959151.533399999141693 ], [ 961593.222799999639392, 1959140.82149999961257 ], [ 961593.342000000178814, 1959138.811599999666214 ], [ 961589.377700000070035, 1959137.723099999129772 ], [ 961588.099399999715388, 1959136.090500000864267 ], [ 961589.698699999600649, 1959128.564799999818206 ], [ 961590.748700000345707, 1959126.749900000169873 ], [ 961594.851400000043213, 1959127.547700000926852 ], [ 961598.035699999891222, 1959117.314500000327826 ], [ 961600.474200000055134, 1959105.945699999108911 ], [ 961602.451100000180304, 1959094.249399999156594 ], [ 961604.494099999777973, 1959083.692399999126792 ], [ 961606.432799999602139, 1959072.32630000077188 ], [ 961608.283400000073016, 1959061.320499999448657 ], [ 961610.190700000151992, 1959049.684599999338388 ], [ 961611.558400000445545, 1959038.091600000858307 ], [ 961612.110100000165403, 1959027.182600000873208 ], [ 961613.483, 1959016.569199999794364 ], [ 961614.252100000157952, 1959006.129000000655651 ], [ 961614.792200000025332, 1958997.749199999496341 ], [ 961617.177400000393391, 1958989.499500000849366 ], [ 961616.606499999761581, 1958987.433299999684095 ], [ 961615.229199999943376, 1958985.961200000718236 ], [ 961615.41469999961555, 1958975.754000000655651 ], [ 961618.726700000464916, 1958965.100199999287724 ], [ 961622.738800000399351, 1958954.502800000831485 ], [ 961626.149799999780953, 1958943.678600000217557 ], [ 961629.990899999625981, 1958932.892100000753999 ], [ 961634.501899999566376, 1958922.131999999284744 ], [ 961638.546500000171363, 1958912.0241 ], [ 961643.459099999628961, 1958901.59180000051856 ], [ 961648.944799999706447, 1958891.776200000196695 ], [ 961654.788800000213087, 1958881.668700000271201 ], [ 961660.777400000020862, 1958872.440199999138713 ], [ 961667.65610000025481, 1958863.306900000199676 ], [ 961673.77379999961704, 1958853.907800000160933 ], [ 961679.089700000360608, 1958844.132999999448657 ], [ 961685.537999999709427, 1958834.872099999338388 ], [ 961692.426400000229478, 1958825.668800000101328 ], [ 961699.975300000049174, 1958816.591900000348687 ], [ 961707.627600000239909, 1958808.1842 ], [ 961715.318300000391901, 1958799.466399999335408 ], [ 961723.041799999773502, 1958791.278200000524521 ], [ 961731.335099999792874, 1958783.087099999189377 ], [ 961739.885700000450015, 1958774.404699999839067 ], [ 961747.741799999959767, 1958766.715600000694394 ], [ 961755.833399999886751, 1958758.195699999108911 ], [ 961763.586199999786913, 1958749.877399999648333 ], [ 961771.939100000075996, 1958741.615900000557303 ], [ 961780.131799999624491, 1958733.295299999415874 ], [ 961788.416699999943376, 1958725.404100000858307 ], [ 961795.6409, 1958717.318499999120831 ], [ 961803.896499999798834, 1958709.557399999350309 ], [ 961811.657399999909103, 1958700.879200000315905 ], [ 961819.88190000038594, 1958692.918299999088049 ], [ 961827.933400000445545, 1958684.368599999696016 ], [ 961836.55420000012964, 1958675.745799999684095 ], [ 961844.908900000154972, 1958667.824200000613928 ], [ 961853.133600000292063, 1958659.893300000578165 ], [ 961860.286199999973178, 1958651.47829999960959 ], [ 961868.207700000144541, 1958642.929199999198318 ], [ 961875.903199999593198, 1958635.111099999397993 ], [ 961884.458399999886751, 1958627.308299999684095 ], [ 961891.944500000216067, 1958619.581299999728799 ], [ 961900.068799999542534, 1958611.560900000855327 ], [ 961908.029000000096858, 1958602.781700000166893 ], [ 961916.11780000012368, 1958595.611300000920892 ], [ 961924.541100000031292, 1958587.419399999082088 ], [ 961933.066999999806285, 1958579.746799999848008 ], [ 961940.559100000187755, 1958571.269999999552965 ], [ 961948.472900000400841, 1958563.150800000876188 ], [ 961956.463299999944866, 1958554.401399999856949 ], [ 961963.952600000426173, 1958545.394799999892712 ], [ 961970.203499999828637, 1958536.624800000339746 ], [ 961976.890599999576807, 1958527.162599999457598 ], [ 961984.098399999551475, 1958517.867599999532104 ], [ 961990.554700000211596, 1958508.2368 ], [ 961997.531200000084937, 1958498.6831 ], [ 962003.949699999764562, 1958489.452299999073148 ], [ 962008.76549999974668, 1958481.48960000090301 ], [ 962009.667200000025332, 1958479.995300000533462 ], [ 962015.953200000338256, 1958470.305400000885129 ], [ 962021.628899999894202, 1958460.518699999898672 ], [ 962022.846800000406802, 1958456.44370000064373 ], [ 962028.397199999541044, 1958447.5175 ], [ 962034.614199999719858, 1958439.8871 ], [ 962036.269199999980628, 1958437.189300000667572 ], [ 962038.628499999642372, 1958435.337400000542402 ], [ 962051.286799999885261, 1958405.870799999684095 ], [ 962051.778500000014901, 1958404.348799999803305 ], [ 962063.277099999599159, 1958369.240399999544024 ], [ 962069.915300000458956, 1958343.094699999317527 ], [ 962081.744199999608099, 1958308.044600000604987 ], [ 962093.303399999625981, 1958267.417899999767542 ], [ 962107.644999999552965, 1958221.808299999684095 ], [ 962118.73369999974966, 1958184.792899999767542 ], [ 962131.927600000053644, 1958137.649900000542402 ], [ 962143.099200000055134, 1958103.073200000450015 ], [ 962153.519799999892712, 1958068.260500000789762 ], [ 962162.047199999913573, 1958032.708100000396371 ], [ 962166.475700000301003, 1958006.464199999347329 ], [ 962171.717199999839067, 1957975.197799999266863 ], [ 962175.911199999973178, 1957940.588199999183416 ], [ 962180.823599999770522, 1957898.217700000852346 ], [ 962184.413599999621511, 1957862.821599999442697 ], [ 962184.81900000013411, 1957839.468100000172853 ], [ 962184.150399999693036, 1957789.010199999436736 ], [ 962182.267699999734759, 1957683.27930000051856 ], [ 962181.075100000016391, 1957647.049000000581145 ], [ 962180.341599999926984, 1957597.551100000739098 ], [ 962181.023199999704957, 1957573.506400000303984 ], [ 962181.647599999792874, 1957566.865499999374151 ], [ 962185.575600000098348, 1957551.760099999606609 ], [ 962190.878499999642372, 1957532.321599999442697 ], [ 962206.65610000025481, 1957474.486300000920892 ], [ 962213.4057, 1957450.4792 ], [ 962214.173299999907613, 1957450.075300000607967 ], [ 962229.681900000199676, 1957430.249900000169873 ], [ 962229.715599999763072, 1957429.0702 ], [ 962232.188699999824166, 1957405.435699999332428 ], [ 962231.786999999545515, 1957405.07799999974668 ], [ 962224.830699999816716, 1957401.536399999633431 ], [ 962212.204599999822676, 1957393.886499999091029 ], [ 962210.65749999973923, 1957390.575899999588728 ], [ 962210.203300000168383, 1957387.8794 ], [ 962209.988400000147521, 1957385.061499999836087 ], [ 962210.165199999697506, 1957378.8429000005126 ], [ 962211.350899999961257, 1957376.247500000521541 ], [ 962212.077600000426173, 1957375.683900000527501 ], [ 962212.212100000120699, 1957374.663499999791384 ], [ 962215.064299999736249, 1957333.983300000429153 ], [ 962216.863499999977648, 1957275.7652000002563 ], [ 962218.365299999713898, 1957238.67090000025928 ], [ 962219.097900000400841, 1957175.400299999862909 ], [ 962218.991200000047684, 1957110.324899999424815 ], [ 962219.246700000017881, 1957038.18019999936223 ], [ 962219.017099999822676, 1956976.294199999421835 ], [ 962218.732300000265241, 1956907.811000000685453 ], [ 962216.884999999776483, 1956850.0022 ], [ 962216.74129999987781, 1956824.912200000137091 ], [ 962218.131099999882281, 1956744.254499999806285 ], [ 962217.75040000025183, 1956684.038799999281764 ], [ 962218.339800000190735, 1956644.550200000405312 ], [ 962218.664499999955297, 1956617.288499999791384 ], [ 962220.795199999585748, 1956591.296800000593066 ], [ 962222.384499999694526, 1956568.746600000187755 ], [ 962226.299599999561906, 1956545.574300000444055 ], [ 962233.011699999682605, 1956501.384800000116229 ], [ 962242.193699999712408, 1956446.086300000548363 ], [ 962250.558899999596179, 1956398.839199999347329 ], [ 962262.697800000198185, 1956335.637800000607967 ], [ 962276.553999999538064, 1956253.304400000721216 ], [ 962290.403199999593198, 1956171.500800000503659 ], [ 962297.398599999956787, 1956129.8289 ], [ 962310.786199999973178, 1956049.597200000658631 ], [ 962314.987999999895692, 1956012.668400000780821 ], [ 962315.069199999794364, 1955988.506899999454618 ], [ 962312.089700000360608, 1955918.92850000038743 ], [ 962311.291199999861419, 1955911.645400000736117 ], [ 962306.27350000012666, 1955883.5625 ], [ 962299.135400000028312, 1955859.0296 ], [ 962297.503100000321865, 1955858.478499999269843 ], [ 962295.54619999974966, 1955858.476800000295043 ], [ 962292.664800000376999, 1955858.474300000816584 ], [ 962281.183100000023842, 1955859.225099999457598 ], [ 962279.053600000217557, 1955859.166500000283122 ], [ 962276.638199999928474, 1955857.999800000339746 ], [ 962275.225499999709427, 1955855.508199999108911 ], [ 962275.115100000053644, 1955847.921599999070168 ], [ 962275.35219999961555, 1955847.390599999576807 ], [ 962286.742300000041723, 1955844.440999999642372 ], [ 962289.577899999916553, 1955843.806099999696016 ], [ 962291.272599999792874, 1955842.937400000169873 ], [ 962292.97580000013113, 1955841.778799999505281 ], [ 962294.533999999985099, 1955839.67119999974966 ], [ 962284.718799999915063, 1955811.723799999803305 ], [ 962265.957999999634922, 1955765.220899999141693 ], [ 962246.774000000208616, 1955723.718399999663234 ], [ 962237.886800000444055, 1955706.73200000077486 ], [ 962232.7193, 1955699.342299999669194 ], [ 962204.511099999770522, 1955654.539100000634789 ], [ 962182.052400000393391, 1955619.441600000485778 ], [ 962180.690700000151992, 1955617.149700000882149 ], [ 962176.759899999946356, 1955612.972200000658631 ], [ 962171.021499999798834, 1955607.234899999573827 ], [ 962165.301300000399351, 1955601.167600000277162 ], [ 962162.953200000338256, 1955599.500700000673532 ], [ 962159.051300000399351, 1955595.1031 ], [ 962154.306599999777973, 1955588.270899999886751 ], [ 962153.75829999987036, 1955586.66440000012517 ], [ 962149.989699999801815, 1955582.915899999439716 ], [ 962143.532999999821186, 1955575.573000000789762 ], [ 962142.260300000198185, 1955573.953700000420213 ], [ 962134.011900000274181, 1955563.458200000226498 ], [ 962130.735700000077486, 1955558.297499999403954 ], [ 962130.461799999698997, 1955557.549200000241399 ], [ 962097.653800000436604, 1955510.601299999281764 ], [ 962069.117600000463426, 1955460.5318 ], [ 962047.307500000111759, 1955417.683700000867248 ], [ 962033.341599999926984, 1955383.7006 ], [ 962026.837700000032783, 1955354.346100000664592 ], [ 962020.92850000038743, 1955327.817399999126792 ], [ 962018.124699999578297, 1955308.119599999859929 ], [ 962017.591099999845028, 1955301.774700000882149 ], [ 962017.892, 1955286.958599999547005 ], [ 962017.458399999886751, 1955282.492599999532104 ], [ 962015.654400000348687, 1955275.974600000306964 ], [ 962012.336900000460446, 1955268.7149 ], [ 962008.517900000326335, 1955261.128000000491738 ], [ 962006.441200000233948, 1955254.091700000688434 ], [ 962003.055200000293553, 1955239.585100000724196 ], [ 962002.602099999785423, 1955231.470499999821186 ], [ 962002.565499999560416, 1955224.5932 ], [ 962003.609299999661744, 1955215.980799999088049 ], [ 962007.040199999697506, 1955197.619300000369549 ], [ 962008.685200000181794, 1955187.40430000051856 ], [ 962009.486399999819696, 1955182.051999999210238 ], [ 962010.883799999952316, 1955181.66469999961555 ], [ 962011.430700000375509, 1955183.001299999654293 ], [ 962013.41579999960959, 1955191.5976 ], [ 962017.082100000232458, 1955200.5548 ], [ 962018.510400000028312, 1955205.965199999511242 ], [ 962019.261699999682605, 1955213.758300000801682 ], [ 962019.680700000375509, 1955228.630599999800324 ], [ 962020.234899999573827, 1955248.2204 ], [ 962020.610999999567866, 1955249.398 ], [ 962021.036799999885261, 1955248.645999999716878 ], [ 962021.322800000198185, 1955246.035399999469519 ], [ 962024.25800000037998, 1955217.170399999246001 ], [ 962026.111200000159442, 1955204.765100000426173 ], [ 962036.31319999974221, 1955149.511199999600649 ], [ 962050.063699999824166, 1955097.97690000012517 ], [ 962059.283300000242889, 1955060.991499999538064 ], [ 962067.240199999883771, 1955030.93019999936223 ], [ 962081.651100000366569, 1954975.753799999132752 ], [ 962099.397199999541044, 1954901.146800000220537 ], [ 962104.206799999810755, 1954875.120699999853969 ], [ 962113.023900000378489, 1954837.637599999085069 ], [ 962118.710099999792874, 1954794.133400000631809 ], [ 962120.650700000114739, 1954764.323999999091029 ], [ 962123.021499999798834, 1954736.481699999421835 ], [ 962131.552799999713898, 1954690.373199999332428 ], [ 962134.894600000232458, 1954664.644899999722838 ], [ 962143.1875, 1954598.175300000235438 ], [ 962153.512699999846518, 1954536.003200000151992 ], [ 962160.834099999628961, 1954497.338500000536442 ], [ 962164.052600000053644, 1954482.2668999992311 ], [ 962169.527499999850988, 1954459.146299999207258 ], [ 962174.689799999818206, 1954441.1554000005126 ], [ 962181.072900000028312, 1954423.407999999821186 ], [ 962189.416600000113249, 1954405.900000000372529 ], [ 962199.358199999667704, 1954388.12360000051558 ], [ 962218.727300000376999, 1954357.3618 ], [ 962242.778699999675155, 1954319.857599999755621 ], [ 962256.212299999780953, 1954298.923800000920892 ], [ 962262.564399999566376, 1954296.001000000163913 ], [ 962288.258200000040233, 1954255.299200000241399 ], [ 962309.183299999684095, 1954223.919399999082088 ], [ 962309.805700000375509, 1954215.009400000795722 ], [ 962310.300900000147521, 1954208.509099999442697 ], [ 962312.567699999548495, 1954198.680700000375509 ], [ 962319.542999999597669, 1954183.259199999272823 ], [ 962328.724100000225008, 1954167.206299999728799 ], [ 962332.407800000160933, 1954162.508400000631809 ], [ 962333.352800000458956, 1954157.885099999606609 ], [ 962333.707999999634922, 1954155.124199999496341 ], [ 962335.049100000411272, 1954147.929700000211596 ], [ 962339.965699999593198, 1954134.468499999493361 ], [ 962345.949799999594688, 1954120.631699999794364 ], [ 962354.473399999551475, 1954106.881400000303984 ], [ 962360.713899999856949, 1954098.021500000730157 ], [ 962364.365100000053644, 1954094.743200000375509 ], [ 962367.43790000025183, 1954093.607300000265241 ], [ 962367.341599999926984, 1954094.297499999403954 ], [ 962365.230700000189245, 1954101.486099999397993 ], [ 962363.753600000403821, 1954107.561699999496341 ], [ 962362.74239999987185, 1954112.905200000852346 ], [ 962362.730600000359118, 1954116.323999999091029 ], [ 962362.960900000296533, 1954116.392699999734759 ], [ 962363.330599999986589, 1954116.35080000013113 ], [ 962370.232900000177324, 1954107.8871 ], [ 962377.77309999987483, 1954097.17090000025928 ], [ 962394.422100000083447, 1954071.851600000634789 ], [ 962416.61600000038743, 1954038.435799999162555 ], [ 962449.55559999961406, 1953988.059000000357628 ], [ 962469.289200000464916, 1953958.174900000914931 ], [ 962476.330000000074506, 1953947.551400000229478 ], [ 962483.856700000353158, 1953936.185499999672174 ], [ 962490.897900000214577, 1953925.621899999678135 ], [ 962556.330299999564886, 1953827.309800000861287 ], [ 962606.340800000354648, 1953748.24269999936223 ], [ 962644.739400000311434, 1953686.790999999269843 ], [ 962657.562800000421703, 1953665.770400000736117 ], [ 962674.791500000283122, 1953634.810100000351667 ], [ 962680.674300000071526, 1953624.462600000202656 ], [ 962684.281700000166893, 1953618.595599999651313 ], [ 962687.464399999938905, 1953613.690500000491738 ], [ 962691.397599999792874, 1953607.051999999210238 ], [ 962693.476800000295043, 1953603.282299999147654 ], [ 962697.362300000153482, 1953595.204600000753999 ], [ 962706.077200000174344, 1953568.558000000193715 ], [ 962708.654000000096858, 1953562.486600000411272 ], [ 962711.401800000108778, 1953554.754799999296665 ], [ 962713.987499999813735, 1953542.855399999767542 ], [ 962716.421500000171363, 1953534.395600000396371 ], [ 962718.437599999830127, 1953530.036499999463558 ], [ 962723.638700000010431, 1953519.332699999213219 ], [ 962726.231100000441074, 1953514.340800000354648 ], [ 962730.170099999755621, 1953503.143899999558926 ], [ 962732.193599999882281, 1953496.435599999502301 ], [ 962735.641499999910593, 1953485.011499999091029 ], [ 962738.231300000101328, 1953473.881799999624491 ], [ 962740.336600000038743, 1953458.116399999707937 ], [ 962742.018500000238419, 1953443.562899999320507 ], [ 962746.337299999780953, 1953379.783399999141693 ], [ 962749.871500000357628, 1953320.716399999335408 ], [ 962757.78940000012517, 1953238.214800000190735 ], [ 962764.277400000020862, 1953170.675200000405312 ], [ 962765.8902000002563, 1953160.040500000119209 ], [ 962766.714300000108778, 1953155.2379 ], [ 962771.206799999810755, 1953110.930400000885129 ], [ 962771.542000000365078, 1953100.662399999797344 ], [ 962772.312199999578297, 1953091.361700000241399 ], [ 962778.608, 1953027.1418999992311 ], [ 962785.66370000038296, 1952946.054300000891089 ], [ 962787.060700000263751, 1952930.562599999830127 ], [ 962794.792700000107288, 1952845.073000000789762 ], [ 962795.712799999862909, 1952836.69620000012219 ], [ 962801.906299999915063, 1952780.489 ], [ 962805.736100000329316, 1952730.00730000063777 ], [ 962805.981200000271201, 1952719.709799999371171 ], [ 962805.964999999850988, 1952709.143799999728799 ], [ 962805.756099999882281, 1952699.938300000503659 ], [ 962805.444099999964237, 1952692.0329 ], [ 962804.402300000190735, 1952676.594100000336766 ], [ 962804.145200000144541, 1952660.2116 ], [ 962803.566200000233948, 1952645.340099999681115 ], [ 962802.98450000025332, 1952633.707499999552965 ], [ 962802.620699999853969, 1952625.442500000819564 ], [ 962801.093999999575317, 1952603.42879999987781 ], [ 962798.368200000375509, 1952585.230000000447035 ], [ 962796.20380000025034, 1952576.334899999201298 ], [ 962795.803000000305474, 1952574.687599999830127 ], [ 962794.283699999563396, 1952567.198400000110269 ], [ 962792.405299999751151, 1952556.10249999910593 ], [ 962790.11670000012964, 1952541.170199999585748 ], [ 962783.68099999986589, 1952502.0789 ], [ 962775.339700000360608, 1952461.808199999853969 ], [ 962767.501899999566376, 1952429.741800000891089 ], [ 962755.64850000012666, 1952390.709300000220537 ], [ 962742.56180000025779, 1952354.732300000265241 ], [ 962715.559399999678135, 1952284.761800000444055 ], [ 962675.778699999675155, 1952199.205199999734759 ], [ 962672.618300000205636, 1952192.349600000306964 ], [ 962643.224899999797344, 1952128.604499999433756 ], [ 962587.804399999789894, 1952006.294700000435114 ], [ 962545.086600000038743, 1951911.697000000625849 ], [ 962495.369800000451505, 1951797.9836 ], [ 962467.27280000038445, 1951732.72719999961555 ], [ 962466.301400000229478, 1951730.5132 ], [ 962441.066399999894202, 1951673.328600000590086 ], [ 962401.264399999752641, 1951583.773499999195337 ], [ 962351.033999999985099, 1951476.860300000756979 ], [ 962307.282599999569356, 1951383.36769999936223 ], [ 962279.031999999657273, 1951321.18099999986589 ], [ 962262.410199999809265, 1951287.741800000891089 ], [ 962247.931200000457466, 1951264.377399999648333 ], [ 962245.561999999918044, 1951258.142200000584126 ], [ 962237.620600000023842, 1951237.2423 ], [ 962210.67989999987185, 1951199.539599999785423 ], [ 962155.9068, 1951118.121099999174476 ], [ 962125.801400000229478, 1951073.667700000107288 ], [ 962090.830799999646842, 1951031.669299999251962 ], [ 962015.079800000414252, 1950937.906999999657273 ], [ 961970.046699999831617, 1950879.718100000172853 ], [ 961918.027800000272691, 1950816.188300000503659 ], [ 961868.200600000098348, 1950747.478800000622869 ], [ 961799.150899999774992, 1950652.561200000345707 ], [ 961742.132500000298023, 1950564.337099999189377 ], [ 961731.790900000371039, 1950553.925899999216199 ], [ 961694.362099999561906, 1950513.969799999147654 ], [ 961689.896900000050664, 1950508.915400000289083 ], [ 961684.147099999710917, 1950499.169600000604987 ], [ 961662.382399999536574, 1950451.672900000587106 ], [ 961644.049100000411272, 1950414.074300000444055 ], [ 961631.159099999815226, 1950394.390100000426173 ], [ 961612.650899999774992, 1950361.49070000089705 ], [ 961570.191700000315905, 1950296.690500000491738 ], [ 961531.582299999892712, 1950243.385600000619888 ], [ 961518.53830000013113, 1950222.922499999403954 ], [ 961511.823300000280142, 1950214.001499999314547 ], [ 961503.837000000290573, 1950206.636700000613928 ], [ 961493.048100000247359, 1950196.697799999266863 ], [ 961482.811200000345707, 1950187.165699999779463 ], [ 961470.828599999658763, 1950178.342700000852346 ], [ 961459.408999999985099, 1950168.217199999839067 ], [ 961453.313500000163913, 1950163.011600000783801 ], [ 961450.080000000074506, 1950160.249800000339746 ], [ 961438.953499999828637, 1950152.621799999848008 ], [ 961429.300400000065565, 1950145.725700000301003 ], [ 961418.359199999831617, 1950139.1064 ], [ 961406.694500000216067, 1950133.660399999469519 ], [ 961390.871399999596179, 1950126.337300000712276 ], [ 961356.684799999929965, 1950115.223300000652671 ], [ 961342.110299999825656, 1950111.482200000435114 ], [ 961327.676799999549985, 1950107.96030000038445 ], [ 961315.236499999649823, 1950105.157500000670552 ], [ 961304.668600000441074, 1950102.944499999284744 ], [ 961293.485100000165403, 1950101.504599999636412 ], [ 961285.084499999880791, 1950100.809499999508262 ], [ 961271.927799999713898, 1950100.519600000232458 ], [ 961253.955299999564886, 1950102.574500000104308 ], [ 961232.458399999886751, 1950101.669199999421835 ], [ 961213.482900000177324, 1950104.969000000506639 ], [ 961194.985100000165403, 1950109.7456 ], [ 961187.521999999880791, 1950112.394400000572205 ], [ 961177.895700000226498, 1950116.1842 ], [ 961164.721400000154972, 1950120.102800000458956 ], [ 961151.652900000102818, 1950123.251199999824166 ], [ 961142.870099999941885, 1950125.877000000327826 ], [ 961116.374200000427663, 1950134.2149 ], [ 961033.29839999973774, 1950164.965600000694394 ], [ 961013.76410000026226, 1950172.19679999910295 ], [ 960804.235100000165403, 1950253.781700000166893 ], [ 960623.406700000166893, 1950322.408600000664592 ], [ 960515.985100000165403, 1950359.796399999409914 ], [ 960353.508200000040233, 1950411.192099999636412 ], [ 960252.168300000019372, 1950434.31279999949038 ], [ 960239.488400000147521, 1950437.20920000039041 ], [ 960129.337600000202656, 1950452.019899999722838 ], [ 960074.779799999669194, 1950461.8366 ], [ 960072.276600000448525, 1950462.929500000551343 ], [ 960067.053299999795854, 1950465.706299999728799 ], [ 960062.2352, 1950467.61119999922812 ], [ 960055.718299999833107, 1950469.625199999660254 ], [ 960047.939399999566376, 1950471.186000000685453 ], [ 960036.968100000172853, 1950472.053999999538064 ], [ 960017.516200000420213, 1950472.247500000521541 ], [ 960009.589499999769032, 1950470.440300000831485 ], [ 960002.88150000013411, 1950468.476700000464916 ], [ 959984.258200000040233, 1950474.093699999153614 ], [ 959982.209599999710917, 1950474.204600000753999 ], [ 959980.380400000140071, 1950474.234300000593066 ], [ 959964.197800000198185, 1950474.510299999266863 ], [ 959958.53000000026077, 1950474.540500000119209 ], [ 959952.38219999987632, 1950474.523199999704957 ], [ 959947.153400000184774, 1950474.381100000813603 ], [ 959942.19469999987632, 1950474.297499999403954 ], [ 959928.615299999713898, 1950473.46000000089407 ], [ 959922.996100000105798, 1950473.230000000447035 ], [ 959920.036399999633431, 1950473.085799999535084 ], [ 959915.976599999703467, 1950472.837500000372529 ], [ 959907.864799999631941, 1950471.940999999642372 ], [ 959886.950600000098348, 1950469.723099999129772 ], [ 959882.370400000363588, 1950469.367599999532104 ], [ 959878.071800000034273, 1950469.33049999922514 ], [ 959875.493300000205636, 1950469.4342 ], [ 959873.94510000012815, 1950469.6623 ], [ 959871.798299999907613, 1950470.12360000051558 ], [ 959866.712000000290573, 1950470.4605 ], [ 959864.74280000012368, 1950470.481000000610948 ], [ 959860.124200000427663, 1950470.425599999725819 ], [ 959857.814299999736249, 1950470.287900000810623 ], [ 959854.894500000402331, 1950470.123500000685453 ], [ 959838.998800000175834, 1950467.948899999260902 ], [ 959809.324300000444055, 1950465.067900000140071 ], [ 959807.442900000140071, 1950464.677999999374151 ], [ 959804.838000000454485, 1950463.582299999892712 ], [ 959803.965300000272691, 1950462.997099999338388 ], [ 959802.761300000362098, 1950462.163799999281764 ], [ 959801.858599999919534, 1950461.598799999803305 ], [ 959800.935499999672174, 1950460.954 ], [ 959799.508399999700487, 1950459.5320999994874 ], [ 959797.895600000396371, 1950458.880899999290705 ], [ 959787.885800000280142, 1950456.355100000277162 ], [ 959785.714700000360608, 1950456.006799999624491 ], [ 959783.553899999707937, 1950455.698400000110269 ], [ 959767.145800000056624, 1950453.046700000762939 ], [ 959763.443599999882281, 1950452.386600000783801 ], [ 959758.38190000038594, 1950451.70380000025034 ], [ 959738.607900000177324, 1950445.831199999898672 ], [ 959735.867499999701977, 1950439.937899999320507 ], [ 959735.674700000323355, 1950439.3991 ], [ 959698.757399999536574, 1950433.607699999585748 ], [ 959650.098899999633431, 1950426.789100000634789 ], [ 959613.349299999885261, 1950422.456199999898672 ], [ 959577.429100000299513, 1950418.058900000527501 ], [ 959554.347599999979138, 1950414.313100000843406 ], [ 959506.491499999538064, 1950402.352099999785423 ], [ 959501.599799999967217, 1950401.698400000110269 ], [ 959496.337899999693036, 1950400.976700000464916 ], [ 959492.964499999769032, 1950400.114900000393391 ], [ 959491.5329, 1950399.7127 ], [ 959489.048799999989569, 1950398.7763 ], [ 959487.946700000204146, 1950398.292300000786781 ], [ 959486.744099999777973, 1950397.728900000452995 ], [ 959485.170400000177324, 1950396.9276 ], [ 959483.534799999557436, 1950395.756699999794364 ], [ 959479.651200000196695, 1950392.938400000333786 ], [ 959458.953099999576807, 1950386.231000000610948 ], [ 959447.553100000135601, 1950383.562599999830127 ], [ 959445.113900000229478, 1950383.5456000007689 ], [ 959442.474799999967217, 1950383.539599999785423 ], [ 959441.424200000241399, 1950383.345300000160933 ], [ 959438.309299999848008, 1950382.212300000712276 ], [ 959436.1557, 1950381.384099999442697 ], [ 959431.25899999961257, 1950377.921399999409914 ], [ 959430.642599999904633, 1950376.665100000798702 ], [ 959428.663599999621511, 1950374.836300000548363 ], [ 959427.720300000160933, 1950374.161599999293685 ], [ 959425.622800000011921, 1950372.613299999386072 ], [ 959410.275399999693036, 1950362.638599999248981 ], [ 959407.236600000411272, 1950360.775499999523163 ], [ 959399.389399999752641, 1950356.99860000051558 ], [ 959397.19620000012219, 1950356.250499999150634 ], [ 959393.540000000037253, 1950354.83049999922514 ], [ 959380.973299999721348, 1950350.8388 ], [ 959378.509100000374019, 1950349.872300000861287 ], [ 959375.012199999764562, 1950348.331499999389052 ], [ 959373.505900000222027, 1950347.060000000521541 ], [ 959373.232800000347197, 1950346.441600000485778 ], [ 959373.139000000432134, 1950345.7324 ], [ 959373.025399999693036, 1950345.043299999088049 ], [ 959372.582499999552965, 1950344.47580000013113 ], [ 959372.200500000268221, 1950344.068 ], [ 959370.131599999964237, 1950344.139000000432134 ], [ 959369.941999999806285, 1950344.199999999254942 ], [ 959369.101999999955297, 1950344.134500000625849 ], [ 959368.140999999828637, 1950343.889699999243021 ], [ 959367.209300000220537, 1950343.504799999296665 ], [ 959365.152700000442564, 1950342.126199999824166 ], [ 959363.878700000233948, 1950341.283299999311566 ], [ 959362.964300000108778, 1950340.388499999418855 ], [ 959362.099200000055134, 1950339.363500000908971 ], [ 959361.495799999684095, 1950338.696900000795722 ], [ 959359.7023, 1950337.906700000166893 ], [ 959358.781899999827147, 1950337.761700000613928 ], [ 959357.660000000149012, 1950337.337799999862909 ], [ 959356.5472999997437, 1950336.744000000879169 ], [ 959355.373700000345707, 1950335.990499999374151 ], [ 959353.8591, 1950335.018899999558926 ], [ 959352.334999999962747, 1950334.147299999371171 ], [ 959351.532100000418723, 1950333.541799999773502 ], [ 959349.213000000454485, 1950331.684800000861287 ], [ 959348.609699999913573, 1950331.018300000578165 ], [ 959348.256099999882281, 1950330.32039999961853 ], [ 959347.812199999578297, 1950329.553099999204278 ], [ 959347.278900000266731, 1950328.896099999547005 ], [ 959346.666799999773502, 1950328.459599999710917 ], [ 959345.656499999575317, 1950328.33500000089407 ], [ 959343.768199999816716, 1950328.515000000596046 ], [ 959342.317400000058115, 1950328.282800000160933 ], [ 959341.135599999688566, 1950327.859200000762939 ], [ 959339.641699999570847, 1950327.027499999850988 ], [ 959338.016699999570847, 1950325.976500000804663 ], [ 959333.716400000266731, 1950321.86089999973774 ], [ 959333.003200000151992, 1950321.2149 ], [ 959331.899600000120699, 1950320.451099999248981 ], [ 959328.560399999842048, 1950318.499500000849366 ], [ 959327.077200000174344, 1950317.797700000926852 ], [ 959319.42960000038147, 1950313.959799999371171 ], [ 959316.96059999987483, 1950312.093599999323487 ], [ 959310.385999999940395, 1950305.151100000366569 ], [ 959295.78969999961555, 1950293.552999999374151 ], [ 959276.347299999557436, 1950276.732599999755621 ], [ 959256.265100000426173, 1950261.784900000318885 ], [ 959238.364099999889731, 1950245.336200000718236 ], [ 959178.959400000050664, 1950191.492000000551343 ], [ 959159.533300000242889, 1950173.981699999421835 ], [ 959132.091599999926984, 1950149.226800000295043 ], [ 959097.964399999938905, 1950119.209300000220537 ], [ 959068.903400000184774, 1950090.7043999992311 ], [ 959059.29839999973774, 1950081.598799999803305 ], [ 959037.338499999605119, 1950053.795800000429153 ], [ 959001.282800000160933, 1950010.773299999535084 ], [ 958956.924899999983609, 1949959.258199999108911 ], [ 958894.700199999846518, 1949886.425799999386072 ], [ 958843.792299999855459, 1949821.300499999895692 ], [ 958809.841799999587238, 1949785.044299999251962 ], [ 958766.164900000207126, 1949743.152000000700355 ], [ 958752.340599999763072, 1949730.120300000533462 ], [ 958720.4682, 1949701.160399999469519 ], [ 958696.399500000290573, 1949679.086500000208616 ], [ 958687.429800000041723, 1949669.127900000661612 ], [ 958674.927600000053644, 1949654.699699999764562 ], [ 958660.878299999982119, 1949633.182299999520183 ], [ 958644.978099999949336, 1949613.26410000026226 ], [ 958638.060499999672174, 1949605.713700000196695 ], [ 958612.462199999950826, 1949587.356599999591708 ], [ 958547.6727, 1949537.8893 ], [ 958491.166799999773502, 1949497.204700000584126 ], [ 958441.403199999593198, 1949459.273299999535084 ], [ 958379.923299999907613, 1949411.847699999809265 ], [ 958335.310600000433624, 1949380.07660000026226 ], [ 958299.536299999803305, 1949354.26630000025034 ], [ 958281.79590000025928, 1949339.8059 ], [ 958273.612499999813735, 1949329.213300000876188 ], [ 958268.839200000278652, 1949318.862500000745058 ], [ 958045.660299999639392, 1949420.332699999213219 ], [ 958046.858799999579787, 1949420.116399999707937 ], [ 958050.714300000108778, 1949421.415500000119209 ], [ 958055.269600000232458, 1949422.730799999088049 ], [ 958057.42090000025928, 1949423.119200000539422 ], [ 958063.803000000305474, 1949423.954900000244379 ], [ 958065.183299999684095, 1949424.097500000149012 ], [ 958068.274500000290573, 1949424.550899999216199 ], [ 958070.466199999675155, 1949425.019099999219179 ], [ 958074.677000000141561, 1949427.325799999758601 ], [ 958076.72580000013113, 1949429.124299999326468 ], [ 958081.371600000187755, 1949434.287699999287724 ], [ 958084.917299999855459, 1949437.497700000181794 ], [ 958097.265599999576807, 1949438.011800000444055 ], [ 958101.013000000268221, 1949437.781899999827147 ], [ 958104.489799999631941, 1949437.423599999397993 ], [ 958108.096499999985099, 1949437.04450000077486 ], [ 958115.389600000344217, 1949436.245999999344349 ], [ 958120.564399999566376, 1949435.618699999526143 ], [ 958124.16370000038296, 1949435.739499999210238 ], [ 958126.477099999785423, 1949436.546900000423193 ], [ 958128.342299999669194, 1949437.646600000560284 ], [ 958131.70160000026226, 1949439.618000000715256 ], [ 958139.170099999755621, 1949441.72749999910593 ], [ 958142.52240000013262, 1949442.399399999529123 ], [ 958145.543999999761581, 1949442.903200000524521 ], [ 958153.2489, 1949444.351600000634789 ], [ 958155.931800000369549, 1949446.956399999558926 ], [ 958156.950600000098348, 1949448.680400000885129 ], [ 958157.967600000090897, 1949450.074500000104308 ], [ 958193.001600000075996, 1949490.813200000673532 ], [ 958196.105600000359118, 1949493.665699999779463 ], [ 958199.135300000198185, 1949495.688799999654293 ], [ 958201.810499999672174, 1949496.844200000166893 ], [ 958204.473199999891222, 1949497.539799999445677 ], [ 958208.732900000177324, 1949497.777000000700355 ], [ 958212.281000000424683, 1949497.668199999257922 ], [ 958217.518799999728799, 1949497.610300000756979 ], [ 958220.128600000403821, 1949497.756400000303984 ], [ 958225.762900000438094, 1949498.946000000461936 ], [ 958228.605899999849498, 1949499.7006 ], [ 958231.679399999789894, 1949500.573899999260902 ], [ 958234.784300000406802, 1949501.707000000402331 ], [ 958238.498499999754131, 1949502.746899999678135 ], [ 958242.462100000120699, 1949503.69539999961853 ], [ 958247.966599999926984, 1949504.915699999779463 ], [ 958255.928299999795854, 1949507.6722999997437 ], [ 958259.257399999536574, 1949509.603900000452995 ], [ 958261.102699999697506, 1949510.73369999974966 ], [ 958264.442800000309944, 1949512.8651 ], [ 958266.821100000292063, 1949514.581900000572205 ], [ 958270.493800000287592, 1949517.221400000154972 ], [ 958277.07149999961257, 1949521.005000000819564 ], [ 958279.456100000068545, 1949522.0219 ], [ 958281.490600000135601, 1949523.010800000280142 ], [ 958284.246899999678135, 1949524.375600000843406 ], [ 958286.642500000074506, 1949525.602399999275804 ], [ 958288.588899999856949, 1949526.941600000485778 ], [ 958290.027499999850988, 1949528.643300000578165 ], [ 958292.073699999600649, 1949531.841199999675155 ], [ 958291.931400000117719, 1949533.281500000506639 ], [ 958290.999200000427663, 1949534.685900000855327 ], [ 958289.555399999953806, 1949535.743200000375509 ], [ 958284.534699999727309, 1949537.149399999529123 ], [ 958280.503200000151992, 1949538.4704 ], [ 958279.699900000356138, 1949539.674200000241399 ], [ 958281.42090000025928, 1949545.622899999842048 ], [ 958283.703700000420213, 1949548.189799999818206 ], [ 958287.465400000102818, 1949550.638900000602007 ], [ 958291.417899999767542, 1949553.256899999454618 ], [ 958294.187199999578297, 1949555.191500000655651 ], [ 958298.411399999633431, 1949558.1579 ], [ 958315.719200000166893, 1949573.970100000500679 ], [ 958340.837100000120699, 1949599.737099999561906 ], [ 958347.436599999666214, 1949605.719799999147654 ], [ 958354.881099999882281, 1949612.727600000798702 ], [ 958361.811599999666214, 1949618.92850000038743 ], [ 958366.396499999798834, 1949622.042899999767542 ], [ 958371.116899999789894, 1949624.316999999806285 ], [ 958374.990699999965727, 1949627.185399999842048 ], [ 958386.653599999845028, 1949632.291400000452995 ], [ 958466.212899999693036, 1949671.443900000303984 ], [ 958521.738400000147521, 1949696.95920000039041 ], [ 958571.229000000283122, 1949721.1570999994874 ], [ 958575.772099999710917, 1949723.931900000199676 ], [ 958585.257500000298023, 1949731.228800000622869 ], [ 958609.813000000081956, 1949752.75029999949038 ], [ 958653.922199999913573, 1949795.100199999287724 ], [ 958705.247299999929965, 1949846.558299999684095 ], [ 958759.113599999807775, 1949902.191400000825524 ], [ 958802.400200000032783, 1949953.4024 ], [ 958840.462700000032783, 1949997.833699999377131 ], [ 958848.766699999570847, 1950008.5456000007689 ], [ 958869.235500000417233, 1950028.529400000348687 ], [ 958872.177099999971688, 1950030.902899999171495 ], [ 958879.915900000371039, 1950040.265100000426173 ], [ 958911.697800000198185, 1950059.014599999412894 ], [ 958994.262000000104308, 1950129.705700000748038 ], [ 959211.407100000418723, 1950305.647299999371171 ], [ 959368.13370000012219, 1950398.739 ], [ 959548.200500000268221, 1950462.355900000780821 ], [ 959707.038800000213087, 1950510.822000000625849 ], [ 959810.27309999987483, 1950551.522600000724196 ], [ 959866.144500000402331, 1950561.110300000756979 ], [ 959867.546699999831617, 1950561.622700000181794 ], [ 959870.617300000041723, 1950563.825500000268221 ], [ 959873.532300000078976, 1950563.080299999564886 ], [ 959879.134200000204146, 1950560.061599999666214 ], [ 959887.201399999670684, 1950556.339999999850988 ], [ 959893.177299999631941, 1950554.099099999293685 ], [ 959896.178700000047684, 1950552.683599999174476 ], [ 959898.713600000366569, 1950553.78969999961555 ], [ 959899.421699999831617, 1950557.2347 ], [ 959899.794499999843538, 1950561.54109999909997 ], [ 959905.333300000056624, 1950563.570900000631809 ], [ 959912.547799999825656, 1950561.1634 ], [ 959919.806400000117719, 1950559.525399999693036 ], [ 959923.886900000274181, 1950559.893500000238419 ], [ 959928.997100000269711, 1950562.165500000119209 ], [ 959933.848100000061095, 1950564.558800000697374 ], [ 959938.265700000338256, 1950566.294700000435114 ], [ 959942.912999999709427, 1950566.099999999627471 ], [ 959975.138100000098348, 1950561.770099999383092 ], [ 960045.32120000012219, 1950555.918800000101328 ], [ 960103.170599999837577, 1950552.262399999424815 ], [ 960128.144700000062585, 1950550.999900000169873 ], [ 960140.955799999646842, 1950550.212099999189377 ], [ 960155.432500000111759, 1950548.715600000694394 ], [ 960177.942300000227988, 1950546.456599999219179 ], [ 960211.69469999987632, 1950543.6081000007689 ], [ 960221.368400000035763, 1950543.0768 ], [ 960232.847699999809265, 1950541.856200000271201 ], [ 960237.840800000354648, 1950540.910000000149012 ], [ 960242.610299999825656, 1950539.2752 ], [ 960246.190299999900162, 1950537.636700000613928 ], [ 960250.133200000040233, 1950536.566099999472499 ], [ 960252.661700000055134, 1950536.4627 ], [ 960255.430100000463426, 1950536.347999999299645 ], [ 960401.771999999880791, 1950486.657600000500679 ], [ 960404.24280000012368, 1950485.095000000670552 ], [ 960406.675999999977648, 1950483.9825 ], [ 960540.100200000219047, 1950433.8509 ], [ 960542.615100000053644, 1950433.057900000363588 ], [ 960548.126799999736249, 1950431.879000000655651 ], [ 960555.54839999973774, 1950430.819900000467896 ], [ 960559.616799999959767, 1950430.788200000301003 ], [ 960563.644500000402331, 1950432.526200000196695 ], [ 960568.036100000143051, 1950435.001900000497699 ], [ 960572.662299999967217, 1950440.235300000756979 ], [ 960577.165599999949336, 1950446.81900000013411 ], [ 960580.526899999938905, 1950452.92879999987781 ], [ 960584.908699999563396, 1950461.082499999552965 ], [ 960589.175699999555945, 1950468.327199999243021 ], [ 960597.554800000041723, 1950481.907600000500679 ], [ 960602.167100000195205, 1950488.2807 ], [ 960604.645399999804795, 1950488.147600000724196 ], [ 960606.254800000227988, 1950486.259700000286102 ], [ 960605.358300000429153, 1950483.095599999651313 ], [ 960604.135700000450015, 1950478.763699999079108 ], [ 960603.964700000360608, 1950476.6754 ], [ 960605.68790000025183, 1950473.647399999201298 ], [ 960617.009300000034273, 1950467.179500000551343 ], [ 960623.288900000043213, 1950465.656600000336766 ], [ 960627.105000000447035, 1950467.0658 ], [ 960631.641099999658763, 1950468.521099999547005 ], [ 960635.424200000241399, 1950469.3607 ], [ 960638.23589999973774, 1950467.996200000867248 ], [ 960639.935600000433624, 1950464.308599999174476 ], [ 960639.432300000451505, 1950459.88289999961853 ], [ 960639.481300000101328, 1950455.94400000013411 ], [ 960641.66330000013113, 1950452.713600000366569 ], [ 960645.3284, 1950450.165100000798702 ], [ 960648.838499999605119, 1950448.54700000025332 ], [ 960652.631699999794364, 1950449.416500000283122 ], [ 960656.009800000116229, 1950453.0472 ], [ 960659.627399999648333, 1950454.717299999669194 ], [ 960662.590200000442564, 1950453.572000000625849 ], [ 960663.166600000113249, 1950451.049799999222159 ], [ 960660.779400000348687, 1950443.895099999383092 ], [ 960648.722299999557436, 1950419.178400000557303 ], [ 960645.949300000444055, 1950414.664799999445677 ], [ 960644.195299999788404, 1950410.035800000652671 ], [ 960644.255400000140071, 1950406.296900000423193 ], [ 960645.953300000168383, 1950402.269300000742078 ], [ 960682.796000000089407, 1950382.760500000789762 ], [ 960685.997200000099838, 1950381.323899999260902 ], [ 960697.22510000038892, 1950377.955399999395013 ], [ 960782.482900000177324, 1950347.712899999693036 ], [ 960909.50870000012219, 1950299.3048 ], [ 961091.020600000396371, 1950229.514699999243021 ], [ 961125.60080000013113, 1950215.016100000590086 ], [ 961167.690100000239909, 1950202.7566 ], [ 961200.792899999767542, 1950199.941500000655651 ], [ 961221.16260000038892, 1950199.4134 ], [ 961253.383600000292063, 1950201.821000000461936 ], [ 961277.883399999700487, 1950205.369400000199676 ], [ 961292.152800000272691, 1950208.122400000691414 ], [ 961306.326799999922514, 1950211.725700000301003 ], [ 961319.223399999551475, 1950215.7456 ], [ 961327.757000000216067, 1950218.889000000432134 ], [ 961340.308799999766052, 1950223.860400000587106 ], [ 961353.933199999853969, 1950229.385900000110269 ], [ 961364.948099999688566, 1950234.815300000831485 ], [ 961376.25690000038594, 1950241.012900000438094 ], [ 961387.467600000090897, 1950247.570800000801682 ], [ 961397.402700000442564, 1950254.845300000160933 ], [ 961404.748800000175834, 1950260.254200000315905 ], [ 961428.582200000062585, 1950279.46030000038445 ], [ 961443.1097999997437, 1950293.167999999597669 ], [ 961454.898699999786913, 1950303.181500000879169 ], [ 961462.403400000184774, 1950310.219000000506639 ], [ 961469.117999999783933, 1950317.180700000375509 ], [ 961475.650999999605119, 1950325.712799999862909 ], [ 961480.260599999688566, 1950331.596100000664592 ], [ 961488.712600000202656, 1950345.716 ], [ 961533.714599999599159, 1950413.111700000241399 ], [ 961572.217799999751151, 1950472.76490000076592 ], [ 961572.637000000104308, 1950474.512000000104308 ], [ 961585.552699999883771, 1950495.265599999576807 ], [ 961593.44579999987036, 1950503.920499999076128 ], [ 961711.451100000180304, 1950680.337600000202656 ], [ 961808.0795, 1950810.7653 ], [ 961890.396099999547005, 1950915.438699999824166 ], [ 961922.385599999688566, 1950953.264599999412894 ], [ 961975.418700000271201, 1951013.890000000596046 ], [ 962038.231100000441074, 1951093.856300000101328 ], [ 962150.343100000172853, 1951229.7895 ], [ 962173.655600000172853, 1951263.802899999544024 ], [ 962186.337100000120699, 1951286.125600000843406 ], [ 962196.642400000244379, 1951304.265699999406934 ], [ 962210.464999999850988, 1951330.13260000012815 ], [ 962227.843500000424683, 1951366.7566 ], [ 962252.479299999773502, 1951420.295700000599027 ], [ 962306.425599999725819, 1951539.834499999880791 ], [ 962333.468999999575317, 1951598.903100000694394 ], [ 962362.051699999719858, 1951661.333599999547005 ], [ 962391.676199999637902, 1951726.242000000551343 ], [ 962393.058100000023842, 1951730.443099999800324 ], [ 962397.214800000190735, 1951739.50760000012815 ], [ 962430.030100000090897, 1951812.306099999696016 ], [ 962467.041699999943376, 1951894.0789 ], [ 962470.530100000090897, 1951901.7928 ], [ 962476.742300000041723, 1951915.529400000348687 ], [ 962521.88910000026226, 1952012.003399999812245 ], [ 962556.614799999631941, 1952088.75029999949038 ], [ 962574.296000000089407, 1952122.153799999505281 ], [ 962597.3902000002563, 1952169.633400000631809 ], [ 962610.012000000104308, 1952197.145999999716878 ], [ 962613.058299999684095, 1952206.066500000655651 ], [ 962621.205599999986589, 1952228.654799999669194 ], [ 962640.197800000198185, 1952273.597100000828505 ], [ 962658.889700000174344, 1952310.95380000025034 ], [ 962678.561300000175834, 1952361.4704 ], [ 962691.165500000119209, 1952393.191600000485778 ], [ 962694.776200000196695, 1952401.089500000700355 ], [ 962697.942900000140071, 1952410.079299999400973 ], [ 962700.104500000365078, 1952416.1656 ], [ 962701.814100000075996, 1952421.8344 ], [ 962704.007799999788404, 1952430.1996 ], [ 962713.459400000050664, 1952464.966399999335408 ], [ 962720.556499999947846, 1952494.987600000575185 ], [ 962723.023699999786913, 1952504.011099999770522 ], [ 962725.017799999564886, 1952512.437400000169873 ], [ 962726.83739999961108, 1952520.004899999126792 ], [ 962728.314000000245869, 1952526.98450000025332 ], [ 962730.756699999794364, 1952535.178400000557303 ], [ 962731.826799999922514, 1952542.789899999275804 ], [ 962733.785500000230968, 1952548.307499999180436 ], [ 962736.340900000184774, 1952553.252000000327826 ], [ 962738.163399999961257, 1952557.620699999853969 ], [ 962740.135599999688566, 1952569.435799999162555 ], [ 962742.313000000081956, 1952597.945499999448657 ], [ 962742.424300000071526, 1952599.402599999681115 ], [ 962743.297600000165403, 1952633.905200000852346 ], [ 962743.642400000244379, 1952659.254000000655651 ], [ 962743.897099999710917, 1952662.021600000560284 ], [ 962744.261500000022352, 1952677.913799999281764 ], [ 962744.735700000077486, 1952703.152000000700355 ], [ 962745.679999999701977, 1952719.04109999909997 ], [ 962746.588000000454485, 1952726.243599999696016 ], [ 962746.434899999760091, 1952735.051100000739098 ], [ 962745.95920000039041, 1952745.209899999201298 ], [ 962745.274699999950826, 1952755.589700000360608 ], [ 962744.251699999906123, 1952768.110500000417233 ], [ 962743.275100000202656, 1952781.840700000524521 ], [ 962741.236399999819696, 1952815.748999999836087 ], [ 962735.193300000391901, 1952880.497199999168515 ], [ 962729.923200000077486, 1952930.816700000315905 ], [ 962724.49129999987781, 1952982.686499999836087 ], [ 962716.833899999968708, 1953065.286699999123812 ], [ 962711.710900000296533, 1953115.095599999651313 ], [ 962707.718799999915063, 1953155.751800000667572 ], [ 962705.962600000202656, 1953173.2347 ], [ 962705.05350000038743, 1953184.62529999949038 ], [ 962703.762199999764562, 1953197.427500000223517 ], [ 962700.158099999651313, 1953218.948699999600649 ], [ 962690.309299999848008, 1953314.285900000482798 ], [ 962689.705199999734759, 1953317.2281 ], [ 962688.413399999961257, 1953318.684399999678135 ], [ 962686.823900000192225, 1953320.552200000733137 ], [ 962686.24239999987185, 1953322.094699999317527 ], [ 962682.156999999657273, 1953348.976500000804663 ], [ 962679.840900000184774, 1953372.080299999564886 ], [ 962678.758799999952316, 1953384.761399999260902 ], [ 962677.724000000394881, 1953398.821699999272823 ], [ 962676.639700000174344, 1953409.213600000366569 ], [ 962675.659599999897182, 1953422.264000000432134 ], [ 962674.732200000435114, 1953432.075300000607967 ], [ 962673.472400000318885, 1953445.177200000733137 ], [ 962673.362900000065565, 1953449.026399999856949 ], [ 962674.173000000417233, 1953450.981300000101328 ], [ 962675.987599999643862, 1953450.082000000402331 ], [ 962676.518500000238419, 1953442.781899999827147 ], [ 962678.510700000450015, 1953432.065199999138713 ], [ 962683.717299999669194, 1953422.401100000366569 ], [ 962685.591000000014901, 1953421.341499999165535 ], [ 962687.576799999922514, 1953420.681199999526143 ], [ 962692.002299999818206, 1953420.157800000160933 ], [ 962693.705699999816716, 1953419.029100000858307 ], [ 962694.254999999888241, 1953417.0669 ], [ 962694.104500000365078, 1953407.5713 ], [ 962693.472900000400841, 1953395.948899999260902 ], [ 962693.490500000305474, 1953393.629699999466538 ], [ 962695.484400000423193, 1953394.498700000345707 ], [ 962697.54619999974966, 1953400.605499999597669 ], [ 962700.683699999935925, 1953411.62470000050962 ], [ 962702.834699999541044, 1953423.229000000283122 ], [ 962703.236700000241399, 1953434.912499999627471 ], [ 962702.637099999934435, 1953446.2116 ], [ 962702.566800000146031, 1953457.407800000160933 ], [ 962701.353199999779463, 1953469.799699999392033 ], [ 962700.546400000341237, 1953475.991699999198318 ], [ 962701.239000000059605, 1953480.276399999856949 ], [ 962698.433299999684095, 1953488.408299999311566 ], [ 962697.694799999706447, 1953490.511499999091029 ], [ 962695.242600000463426, 1953501.2006 ], [ 962693.762799999676645, 1953503.007799999788404 ], [ 962685.116499999538064, 1953508.731699999421835 ], [ 962682.906999999657273, 1953508.673499999567866 ], [ 962680.972500000149012, 1953507.704199999570847 ], [ 962679.872000000439584, 1953505.650800000876188 ], [ 962679.850700000301003, 1953503.52170000039041 ], [ 962682.224600000306964, 1953495.032199999317527 ], [ 962684.3739, 1953483.784900000318885 ], [ 962684.41509999986738, 1953472.748800000175834 ], [ 962683.71100000012666, 1953468.174200000241399 ], [ 962681.663900000043213, 1953468.574999999254942 ], [ 962680.624099999666214, 1953470.419800000265241 ], [ 962679.012400000356138, 1953479.3651 ], [ 962677.625199999660254, 1953491.068199999630451 ], [ 962673.586099999956787, 1953502.22550000064075 ], [ 962670.974200000055134, 1953505.448300000280142 ], [ 962669.771999999880791, 1953512.462099999189377 ], [ 962668.154900000430644, 1953516.659099999815226 ], [ 962666.754599999636412, 1953518.375900000333786 ], [ 962661.294200000353158, 1953521.683800000697374 ], [ 962659.882399999536574, 1953523.130799999460578 ], [ 962658.74199999962002, 1953524.846200000494719 ], [ 962658.163399999961257, 1953526.938500000163913 ], [ 962658.756199999712408, 1953531.26380000077188 ], [ 962658.469100000336766, 1953535.5537 ], [ 962658.949500000104308, 1953537.540400000289083 ], [ 962660.388000000268221, 1953539.232100000604987 ], [ 962662.470800000242889, 1953539.910800000652671 ], [ 962664.587700000032783, 1953539.469699999317527 ], [ 962671.820000000298023, 1953534.772900000214577 ], [ 962676.219399999827147, 1953527.442199999466538 ], [ 962679.911199999973178, 1953522.41440000012517 ], [ 962681.020700000226498, 1953524.277799999341369 ], [ 962676.694099999964237, 1953532.127900000661612 ], [ 962674.900899999774992, 1953535.14640000090003 ], [ 962669.9545, 1953544.869100000709295 ], [ 962663.786100000143051, 1953554.148499999195337 ], [ 962654.128899999894202, 1953561.507200000807643 ], [ 962645.506400000303984, 1953566.081499999389052 ], [ 962644.219899999909103, 1953570.406700000166893 ], [ 962639.068500000052154, 1953581.040200000628829 ], [ 962637.869599999859929, 1953583.055800000205636 ], [ 962636.293499999679625, 1953585.543299999088049 ], [ 962634.245400000363588, 1953587.653400000184774 ], [ 962627.08559999987483, 1953598.447599999606609 ], [ 962625.779000000096858, 1953600.87360000051558 ], [ 962625.020100000314415, 1953602.906899999827147 ], [ 962624.0307, 1953606.720799999311566 ], [ 962623.522499999962747, 1953610.771999999880791 ], [ 962623.114199999719858, 1953612.943399999290705 ], [ 962621.89780000038445, 1953615.408900000154972 ], [ 962600.85329999960959, 1953646.909299999475479 ], [ 962572.002399999648333, 1953691.696399999782443 ], [ 962544.667500000447035, 1953733.956399999558926 ], [ 962505.514700000174344, 1953794.5724 ], [ 962475.839800000190735, 1953840.433499999344349 ], [ 962466.014299999922514, 1953855.620200000703335 ], [ 962423.475700000301003, 1953920.532800000160933 ], [ 962380.395100000314415, 1953986.927699999883771 ], [ 962333.604100000113249, 1954060.49970000050962 ], [ 962289.346599999815226, 1954131.129300000146031 ], [ 962264.123399999924004, 1954168.219900000840425 ], [ 962262.650799999944866, 1954169.507200000807643 ], [ 962261.206299999728799, 1954170.454600000753999 ], [ 962259.810600000433624, 1954171.151799999177456 ], [ 962259.682799999602139, 1954171.174499999731779 ], [ 962254.657300000078976, 1954172.068900000303984 ], [ 962252.427699999883771, 1954175.739399999380112 ], [ 962241.799700000323355, 1954181.014000000432134 ], [ 962230.20380000025034, 1954199.758899999782443 ], [ 962210.802299999631941, 1954230.051000000908971 ], [ 962196.462500000372529, 1954251.6294 ], [ 962196.294800000265241, 1954259.557399999350309 ], [ 962172.356800000183284, 1954295.851500000804663 ], [ 962156.66260000038892, 1954320.266000000759959 ], [ 962152.46889999974519, 1954326.785900000482798 ], [ 962138.449500000104308, 1954350.341900000348687 ], [ 962133.283300000242889, 1954360.075799999758601 ], [ 962118.373200000263751, 1954390.95380000025034 ], [ 962112.707700000144541, 1954402.679700000211596 ], [ 962105.965300000272691, 1954416.7804000005126 ], [ 962104.245000000111759, 1954418.478900000452995 ], [ 962096.399400000460446, 1954445.050899999216199 ], [ 962095.309600000269711, 1954450.6447 ], [ 962091.844800000078976, 1954477.6831 ], [ 962089.237999999895692, 1954498.749199999496341 ], [ 962088.240799999795854, 1954506.980799999088049 ], [ 962086.604700000025332, 1954520.485300000756979 ], [ 962082.376899999566376, 1954535.622199999168515 ], [ 962078.851400000043213, 1954545.627299999818206 ], [ 962076.30379999987781, 1954559.04590000025928 ], [ 962074.423899999819696, 1954583.336899999529123 ], [ 962072.428299999795854, 1954608.438300000503659 ], [ 962069.201700000092387, 1954632.068199999630451 ], [ 962064.914099999703467, 1954663.468000000342727 ], [ 962059.81900000013411, 1954722.2335 ], [ 962058.017699999734759, 1954744.414899999275804 ], [ 962055.291000000201166, 1954780.506100000813603 ], [ 962051.794499999843538, 1954814.732100000604987 ], [ 962049.029500000178814, 1954828.611700000241399 ], [ 962045.587000000290573, 1954844.814099999144673 ], [ 962041.244199999608099, 1954862.760600000619888 ], [ 962036.631599999964237, 1954880.72859999909997 ], [ 962032.39879999961704, 1954906.191700000315905 ], [ 962029.068799999542534, 1954924.742599999532104 ], [ 962023.61089999973774, 1954949.172700000926852 ], [ 962020.222199999727309, 1954966.074500000104308 ], [ 962015.436700000427663, 1954989.13150000013411 ], [ 962009.471499999985099, 1955006.506799999624491 ], [ 962001.916000000201166, 1955033.1173 ], [ 961996.6091, 1955052.1085 ], [ 961991.045400000177324, 1955077.3289 ], [ 961986.240299999713898, 1955102.315199999138713 ], [ 961981.174100000411272, 1955125.2138 ], [ 961974.96129999961704, 1955156.175499999895692 ], [ 961969.104000000283122, 1955186.315500000491738 ], [ 961965.685999999754131, 1955208.995400000363588 ], [ 961961.491499999538064, 1955236.017799999564886 ], [ 961958.877999999560416, 1955255.8344 ], [ 961957.494300000369549, 1955285.071000000461936 ], [ 961957.928199999965727, 1955300.862800000235438 ], [ 961957.678100000135601, 1955319.607300000265241 ], [ 961959.204699999652803, 1955341.600999999791384 ], [ 961964.811200000345707, 1955367.621600000187755 ], [ 961972.846499999985099, 1955395.458499999716878 ], [ 961979.197800000198185, 1955416.786800000816584 ], [ 961988.400500000454485, 1955446.096999999135733 ], [ 961998.841199999675155, 1955471.362099999561906 ], [ 962007.523400000296533, 1955489.259199999272823 ], [ 962020.502199999988079, 1955512.471599999815226 ], [ 962034.917100000195205, 1955535.046499999240041 ], [ 962046.100700000301003, 1955551.500800000503659 ], [ 962062.053399999625981, 1955573.7676 ], [ 962073.300699999555945, 1955590.931399999186397 ], [ 962086.951299999840558, 1955610.761399999260902 ], [ 962100.907200000248849, 1955627.8607 ], [ 962112.174399999901652, 1955641.255799999460578 ], [ 962118.853400000371039, 1955650.926599999889731 ], [ 962128.036199999973178, 1955663.3531 ], [ 962135.761699999682605, 1955676.177300000563264 ], [ 962151.421699999831617, 1955701.6744 ], [ 962154.839399999938905, 1955707.114199999719858 ], [ 962167.70380000025034, 1955727.598200000822544 ], [ 962179.786999999545515, 1955747.80629999935627 ], [ 962188.527099999599159, 1955765.3333 ], [ 962199.431200000457466, 1955789.386399999260902 ], [ 962210.321800000034273, 1955816.528300000354648 ], [ 962216.2966, 1955830.981200000271201 ], [ 962220.71999999973923, 1955839.434499999508262 ], [ 962225.834300000220537, 1955848.114099999889731 ], [ 962227.744400000199676, 1955850.143100000917912 ], [ 962231.786000000312924, 1955850.711400000378489 ], [ 962234.184200000017881, 1955850.538699999451637 ], [ 962260.89919999986887, 1955847.6974 ], [ 962265.877600000239909, 1955847.740900000557303 ], [ 962267.810600000433624, 1955848.450300000607967 ], [ 962268.1864, 1955849.567900000140071 ], [ 962268.06940000038594, 1955851.997700000181794 ], [ 962267.121000000275671, 1955855.981200000271201 ], [ 962265.590300000272691, 1955857.628799999132752 ], [ 962263.066200000233948, 1955858.561899999156594 ], [ 962256.961600000038743, 1955859.154200000688434 ], [ 962253.024799999780953, 1955859.464999999850988 ], [ 962235.0466, 1955860.450400000438094 ], [ 962234.18030000012368, 1955861.074799999594688 ], [ 962233.391800000332296, 1955863.188200000673532 ], [ 962233.197800000198185, 1955864.298900000751019 ], [ 962233.457200000062585, 1955869.825500000268221 ], [ 962240.117200000211596, 1955905.956599999219179 ], [ 962243.203099999576807, 1955927.942099999636412 ], [ 962246.169499999843538, 1955951.877499999478459 ], [ 962246.722500000149012, 1955988.141100000590086 ], [ 962243.468000000342727, 1956028.363600000739098 ], [ 962237.066499999724329, 1956067.063500000163913 ], [ 962235.224899999797344, 1956079.184900000691414 ], [ 962228.615899999625981, 1956122.687999999150634 ], [ 962217.766699999570847, 1956185.912399999797344 ], [ 962210.67090000025928, 1956238.770700000226498 ], [ 962210.6722999997437, 1956244.658600000664592 ], [ 962210.022099999710917, 1956248.340700000524521 ], [ 962209.231999999843538, 1956250.144200000911951 ], [ 962208.714700000360608, 1956254.355399999767542 ], [ 962206.731999999843538, 1956264.972100000828505 ], [ 962204.273199999704957, 1956272.542400000616908 ], [ 962203.400200000032783, 1956277.545199999585748 ], [ 962202.600200000219047, 1956285.006699999794364 ], [ 962202.197100000455976, 1956290.027000000700355 ], [ 962201.779500000178814, 1956292.328299999237061 ], [ 962199.156000000424683, 1956308.37639999948442 ], [ 962197.066700000315905, 1956329.019899999722838 ], [ 962192.997200000099838, 1956349.474099999293685 ], [ 962189.223299999721348, 1956367.25760000012815 ], [ 962182.842699999921024, 1956404.247899999842048 ], [ 962181.206600000150502, 1956416.122300000861287 ], [ 962180.507299999706447, 1956423.713199999183416 ], [ 962178.988300000317395, 1956433.177799999713898 ], [ 962176.9375, 1956442.285399999469519 ], [ 962175.563099999912083, 1956446.99100000038743 ], [ 962174.612099999561906, 1956450.4847 ], [ 962169.929999999701977, 1956479.808900000527501 ], [ 962164.795800000429153, 1956506.80629999935627 ], [ 962159.679100000299513, 1956537.122300000861287 ], [ 962158.633799999952316, 1956547.304199999198318 ], [ 962158.611100000329316, 1956548.683800000697374 ], [ 962155.875900000333786, 1956573.799100000411272 ], [ 962152.854600000195205, 1956608.992200000211596 ], [ 962151.243599999696016, 1956638.729800000786781 ], [ 962149.851300000213087, 1956674.4825 ], [ 962149.739900000393391, 1956677.343599999323487 ], [ 962149.775000000372529, 1956721.487099999561906 ], [ 962149.215499999932945, 1956768.462799999862909 ], [ 962149.931300000287592, 1956814.6418999992311 ], [ 962150.720800000242889, 1956857.771800000220537 ], [ 962151.374699999578297, 1956911.118699999526143 ], [ 962152.584599999710917, 1956963.732799999415874 ], [ 962152.740699999965727, 1957038.0746 ], [ 962151.810399999842048, 1957086.761600000783801 ], [ 962151.275600000284612, 1957115.853700000792742 ], [ 962150.413499999791384, 1957130.402899999171495 ], [ 962146.536700000055134, 1957153.275100000202656 ], [ 962142.150799999944866, 1957181.877900000661612 ], [ 962142.161899999715388, 1957189.595000000670552 ], [ 962142.2807, 1957193.143100000917912 ], [ 962143.58669999986887, 1957207.490800000727177 ], [ 962143.322200000286102, 1957208.511900000274181 ], [ 962125.601099999621511, 1957289.64640000090003 ], [ 962127.714999999850988, 1957292.394099999219179 ], [ 962131.486700000241399, 1957298.6217 ], [ 962132.331299999728799, 1957299.53690000064671 ], [ 962139.792000000365078, 1957309.573400000110269 ], [ 962141.537499999627471, 1957312.593000000342727 ], [ 962141.717400000430644, 1957314.461400000378489 ], [ 962141.754499999806285, 1957315.810699999332428 ], [ 962143.909199999645352, 1957326.215299999341369 ], [ 962145.180399999953806, 1957326.5285 ], [ 962148.145100000314415, 1957325.732999999076128 ], [ 962152.38300000037998, 1957325.6404 ], [ 962155.65749999973923, 1957326.702600000426173 ], [ 962158.5455, 1957328.295099999755621 ], [ 962161.151600000448525, 1957329.732200000435114 ], [ 962160.270800000056624, 1957333.285599999129772 ], [ 962159.673700000159442, 1957333.778599999845028 ], [ 962158.775399999693036, 1957335.92259999923408 ], [ 962157.883200000040233, 1957342.954700000584126 ], [ 962157.274600000120699, 1957348.805800000205636 ], [ 962157.337899999693036, 1957353.173800000920892 ], [ 962158.267900000326335, 1957353.238900000229478 ], [ 962159.052899999544024, 1957350.475700000301003 ], [ 962159.878899999894202, 1957347.902300000190735 ], [ 962162.198300000280142, 1957344.211300000548363 ], [ 962169.589900000020862, 1957335.634999999776483 ], [ 962173.351800000295043, 1957334.365499999374151 ], [ 962174.891800000332296, 1957334.487199999392033 ], [ 962174.753700000233948, 1957334.817800000309944 ], [ 962163.246100000105798, 1957353.2423 ], [ 962155.545800000429153, 1957367.668099999427795 ], [ 962149.04839999973774, 1957377.099199999123812 ], [ 962146.762799999676645, 1957379.6404 ], [ 962145.939799999818206, 1957380.894400000572205 ], [ 962145.014899999834597, 1957383.658299999311566 ], [ 962144.504300000146031, 1957387.2697 ], [ 962143.299899999983609, 1957425.781899999827147 ], [ 962143.346599999815226, 1957427.031199999153614 ], [ 962144.184999999590218, 1957428.66609999909997 ], [ 962146.391099999658763, 1957429.973899999633431 ], [ 962149.556900000199676, 1957429.397199999541044 ], [ 962158.25760000012815, 1957420.744000000879169 ], [ 962162.282800000160933, 1957418.253499999642372 ], [ 962162.582700000144541, 1957418.251900000497699 ], [ 962162.516099999658763, 1957418.881999999284744 ], [ 962161.137500000186265, 1957422.797900000587106 ], [ 962160.548899999819696, 1957424.900299999862909 ], [ 962156.155399999581277, 1957433.330600000917912 ], [ 962154.96129999961704, 1957434.356599999591708 ], [ 962144.364599999971688, 1957437.991699999198318 ], [ 962142.800300000235438, 1957438.959699999541044 ], [ 962142.177000000141561, 1957440.172499999403954 ], [ 962140.967899999581277, 1957464.650000000372529 ], [ 962140.702600000426173, 1957466.848099999129772 ], [ 962138.670199999585748, 1957483.685200000181794 ], [ 962134.197100000455976, 1957509.069700000807643 ], [ 962128.252600000239909, 1957526.574899999424815 ], [ 962122.339200000278652, 1957551.807099999859929 ], [ 962118.905500000342727, 1957577.145999999716878 ], [ 962116.805200000293553, 1957597.589700000360608 ], [ 962115.841000000014901, 1957615.498199999332428 ], [ 962115.122899999842048, 1957638.333599999547005 ], [ 962113.8597999997437, 1957677.066099999472499 ], [ 962113.084400000050664, 1957726.671900000423193 ], [ 962112.99100000038743, 1957765.438100000843406 ], [ 962113.065700000151992, 1957800.094900000840425 ], [ 962114.494599999859929, 1957816.871099999174476 ], [ 962114.872600000351667, 1957839.040999999269843 ], [ 962116.197999999858439, 1957868.303099999204278 ], [ 962117.951000000350177, 1957897.143100000917912 ], [ 962118.509899999946356, 1957932.61710000038147 ], [ 962118.66440000012517, 1957955.997600000351667 ], [ 962116.698200000450015, 1957969.712999999523163 ], [ 962114.470900000073016, 1957977.572000000625849 ], [ 962112.679299999959767, 1957986.518300000578165 ], [ 962112.549300000071526, 1957992.136900000274181 ], [ 962110.842600000090897, 1958003.901599999517202 ], [ 962109.174100000411272, 1958011.567700000479817 ], [ 962105.495500000193715, 1958028.471100000664592 ], [ 962098.110000000335276, 1958058.829199999570847 ], [ 962087.128999999724329, 1958095.414300000295043 ], [ 962076.908099999651313, 1958132.065199999138713 ], [ 962064.949500000104308, 1958174.663200000301003 ], [ 962054.409799999557436, 1958213.385099999606609 ], [ 962044.821800000034273, 1958248.753200000151992 ], [ 962031.404299999587238, 1958293.328299999237061 ], [ 962020.4046, 1958326.404699999839067 ], [ 962007.83600000012666, 1958361.448799999430776 ], [ 962004.281999999657273, 1958375.462500000372529 ], [ 962003.463899999856949, 1958379.5154 ], [ 962002.572300000116229, 1958386.64750000089407 ], [ 962003.199500000104308, 1958391.802300000563264 ], [ 962004.073800000362098, 1958400.174499999731779 ], [ 962004.402599999681115, 1958405.590800000354648 ], [ 961996.658300000242889, 1958417.397700000554323 ], [ 961991.932900000363588, 1958425.439899999648333 ], [ 961988.26410000026226, 1958431.037399999797344 ], [ 961986.228400000371039, 1958431.708000000566244 ], [ 961985.388100000098348, 1958429.713199999183416 ], [ 961985.346699999645352, 1958427.574200000613928 ], [ 961983.639200000092387, 1958426.0439 ], [ 961982.321800000034273, 1958430.189400000497699 ], [ 961978.347299999557436, 1958440.3268 ], [ 961973.231300000101328, 1958450.10050000064075 ], [ 961966.643600000068545, 1958459.462200000882149 ], [ 961959.863900000229478, 1958468.435000000521541 ], [ 961952.173000000417233, 1958477.112800000235438 ], [ 961947.889399999752641, 1958481.773900000378489 ], [ 961944.381000000052154, 1958485.591199999675155 ], [ 961935.968000000342727, 1958493.823000000789762 ], [ 961927.774799999780953, 1958502.043600000441074 ], [ 961920.47759999986738, 1958509.569700000807643 ], [ 961912.663599999621511, 1958517.658399999141693 ], [ 961905.336099999956787, 1958525.12470000050962 ], [ 961897.342699999921024, 1958533.304300000891089 ], [ 961889.419400000013411, 1958541.533500000834465 ], [ 961881.66440000012517, 1958549.421900000423193 ], [ 961872.937699999660254, 1958556.955700000748038 ], [ 961865.012400000356138, 1958564.785000000149012 ], [ 961857.95380000025034, 1958572.079900000244379 ], [ 961850.229600000195205, 1958580.1381 ], [ 961841.736999999731779, 1958588.430400000885129 ], [ 961833.9545, 1958596.808700000867248 ], [ 961825.802199999801815, 1958605.199100000783801 ], [ 961818.477099999785423, 1958613.115199999883771 ], [ 961810.855999999679625, 1958621.762700000777841 ], [ 961802.994599999859929, 1958630.341399999335408 ], [ 961795.241499999538064, 1958638.599700000137091 ], [ 961787.356800000183284, 1958646.558800000697374 ], [ 961779.291100000031292, 1958654.318900000303984 ], [ 961771.467299999669194, 1958662.437599999830127 ], [ 961763.982300000265241, 1958670.36460000090301 ], [ 961756.360299999825656, 1958678.8421 ], [ 961748.767300000414252, 1958687.129499999806285 ], [ 961741.078499999828637, 1958694.3278 ], [ 961736.263299999758601, 1958698.66190000064671 ], [ 961728.038399999961257, 1958706.552799999713898 ], [ 961719.683000000193715, 1958714.344499999657273 ], [ 961711.530100000090897, 1958722.604900000616908 ], [ 961703.436700000427663, 1958730.795 ], [ 961695.214900000020862, 1958739.275699999183416 ], [ 961687.963299999944866, 1958747.86119999922812 ], [ 961680.112099999561906, 1958756.469900000840425 ], [ 961672.718299999833107, 1958764.626299999654293 ], [ 961665.23340000025928, 1958772.573300000280142 ], [ 961658.03760000038892, 1958780.368699999526143 ], [ 961651.18680000025779, 1958789.111999999731779 ], [ 961644.063699999824166, 1958797.426899999380112 ], [ 961636.644700000062585, 1958806.493100000545382 ], [ 961629.960500000044703, 1958814.605799999088049 ], [ 961624.102300000376999, 1958823.933599999174476 ], [ 961617.784400000236928, 1958833.26380000077188 ], [ 961611.337500000372529, 1958842.784700000658631 ], [ 961605.719800000078976, 1958852.211100000888109 ], [ 961600.471900000236928, 1958861.625600000843406 ], [ 961599.157300000078976, 1958864.421599999070168 ], [ 961595.030100000090897, 1958872.160800000652671 ], [ 961594.970999999903142, 1958874.200300000607967 ], [ 961595.88219999987632, 1958876.364700000733137 ], [ 961597.388899999670684, 1958877.736099999397993 ], [ 961604.944099999964237, 1958882.973899999633431 ], [ 961606.02379999961704, 1958884.867499999701977 ], [ 961605.535400000400841, 1958887.00929999910295 ], [ 961603.516800000332296, 1958890.898600000888109 ], [ 961598.900600000284612, 1958900.669600000604987 ], [ 961597.580099999904633, 1958902.356100000441074 ], [ 961589.459599999710917, 1958905.458200000226498 ], [ 961585.027200000360608, 1958904.692099999636412 ], [ 961583.565499999560416, 1958906.149399999529123 ], [ 961582.087700000032783, 1958910.225700000301003 ], [ 961578.71889999974519, 1958921.4695999994874 ], [ 961575.241200000047684, 1958932.913899999111891 ], [ 961571.5329, 1958944.229499999433756 ], [ 961568.922199999913573, 1958955.179400000721216 ], [ 961565.811300000175834, 1958966.061899999156594 ], [ 961561.900799999944866, 1958976.948799999430776 ], [ 961559.190899999812245, 1958988.029100000858307 ], [ 961556.826500000432134, 1958994.5493 ], [ 961554.930499999783933, 1958995.179199999198318 ], [ 961553.50899999961257, 1958996.666200000792742 ], [ 961553.25, 1958998.706900000572205 ], [ 961551.267599999904633, 1959009.383500000461936 ], [ 961549.024000000208616, 1959019.801599999889731 ], [ 961545.943799999542534, 1959030.823999999091029 ], [ 961543.229899999685585, 1959041.1447 ], [ 961541.456399999558926, 1959051.630200000479817 ], [ 961539.440899999812245, 1959061.717299999669194 ], [ 961537.385400000028312, 1959071.804500000551343 ], [ 961534.843299999833107, 1959082.494100000709295 ], [ 961532.398400000296533, 1959092.653400000184774 ], [ 961530.503600000403821, 1959101.000499999150634 ], [ 961528.350300000049174, 1959109.61879999935627 ], [ 961528.891099999658763, 1959111.685100000351667 ], [ 961530.793999999761581, 1959112.354699999094009 ], [ 961532.440200000070035, 1959113.625499999150634 ], [ 961532.38190000038594, 1959115.824999999254942 ], [ 961530.676099999807775, 1959122.1118 ], [ 961531.287399999797344, 1959124.277699999511242 ], [ 961533.0636, 1959125.5778 ], [ 961535.052899999544024, 1959129.335799999535084 ], [ 961536.817800000309944, 1959130.376000000163913 ], [ 961537.228199999779463, 1959132.343100000172853 ], [ 961536.020399999804795, 1959136.427999999374151 ], [ 961532.376799999736249, 1959146.753599999472499 ], [ 961531.290900000371039, 1959151.197799999266863 ], [ 961529.668899999931455, 1959152.585899999365211 ], [ 961527.774699999950826, 1959153.545700000599027 ], [ 961527.355700000189245, 1959155.587099999189377 ], [ 961528.365799999795854, 1959157.551000000908971 ], [ 961534.057099999859929, 1959163.818399999290705 ], [ 961535.930700000375509, 1959164.628100000321865 ], [ 961540.230299999937415, 1959164.835100000724196 ], [ 961541.836400000378489, 1959166.106100000441074 ], [ 961543.56900000013411, 1959172.3246 ], [ 961543.340599999763072, 1959174.494999999180436 ], [ 961542.68099999986589, 1959176.407800000160933 ], [ 961541.360500000417233, 1959178.08420000039041 ], [ 961537.641699999570847, 1959179.943299999460578 ], [ 961536.562699999660254, 1959178.179700000211596 ], [ 961536.421799999661744, 1959176.111300000920892 ], [ 961534.974000000394881, 1959174.549599999561906 ], [ 961533.009700000286102, 1959173.610400000587106 ], [ 961530.839300000108778, 1959173.392000000923872 ], [ 961528.775399999693036, 1959174.3827 ], [ 961525.934000000357628, 1959177.686599999666214 ], [ 961526.105999999679625, 1959179.94480000063777 ], [ 961524.497700000181794, 1959183.902000000700355 ], [ 961527.143400000408292, 1959187.036699999123812 ], [ 961529.017099999822676, 1959187.846400000154972 ], [ 961531.427699999883771, 1959184.384800000116229 ], [ 961533.394600000232458, 1959183.944499999284744 ], [ 961534.603600000031292, 1959185.707399999722838 ], [ 961534.944899999536574, 1959187.844799999147654 ], [ 961538.686099999584258, 1959190.213999999687076 ], [ 961539.396200000308454, 1959192.14949999935925 ], [ 961537.643400000408292, 1959193.378399999812245 ], [ 961537.714200000278652, 1959195.407299999147654 ], [ 961541.849200000055134, 1959194.76549999974668 ], [ 961544.178399999625981, 1959194.782999999821186 ], [ 961544.689799999818206, 1959196.949500000104308 ], [ 961541.451399999670684, 1959202.6447 ], [ 961536.362399999983609, 1959209.989099999889731 ], [ 961534.527700000442564, 1959210.8586 ], [ 961532.762600000016391, 1959209.7884 ], [ 961532.351599999703467, 1959207.68129999935627 ], [ 961533.426699999719858, 1959203.087300000712276 ], [ 961533.114900000393391, 1959200.8498 ], [ 961531.83559999987483, 1959199.027300000190735 ], [ 961529.839700000360608, 1959199.657700000330806 ], [ 961527.059200000017881, 1959203.121200000867248 ], [ 961521.256699999794364, 1959209.74970000050962 ], [ 961517.243800000287592, 1959218.308000000193715 ], [ 961512.729399999603629, 1959222.8004 ], [ 961511.340800000354648, 1959224.846999999135733 ], [ 961510.822399999946356, 1959226.989 ], [ 961511.641400000080466, 1959238.110500000417233 ], [ 961511.483300000429153, 1959240.340500000864267 ], [ 961510.764600000344217, 1959242.413599999621511 ], [ 961506.267900000326335, 1959250.224700000137091 ], [ 961504.715699999593198, 1959251.572499999776483 ], [ 961499.095200000330806, 1959260.469200000166893 ], [ 961494.596900000236928, 1959267.980399999767542 ], [ 961493.129999999888241, 1959274.096000000834465 ], [ 961492.010300000198185, 1959275.941199999302626 ], [ 961490.276399999856949, 1959276.970100000500679 ], [ 961486.02280000038445, 1959277.882400000467896 ], [ 961482.165199999697506, 1959279.942299999296665 ], [ 961475.541799999773502, 1959288.224500000476837 ], [ 961474.652099999599159, 1959290.098600000143051 ], [ 961474.323400000110269, 1959292.199500000104308 ], [ 961473.040000000037253, 1959295.225299999117851 ], [ 961471.548999999649823, 1959296.812599999830127 ], [ 961464.225399999879301, 1959304.998700000345707 ], [ 961458.261800000444055, 1959311.428099999204278 ], [ 961456.237200000323355, 1959312.298599999397993 ], [ 961452.034900000318885, 1959311.57120000012219 ], [ 961445.186599999666214, 1959320.804300000891089 ], [ 961439.898199999704957, 1959330.119100000709295 ], [ 961433.004099999554455, 1959338.242799999192357 ], [ 961425.591400000266731, 1959346.619300000369549 ], [ 961417.299899999983609, 1959355.1403 ], [ 961409.443599999882281, 1959362.7994 ], [ 961401.620000000111759, 1959370.958100000396371 ], [ 961394.601599999703467, 1959380.152100000530481 ], [ 961386.375799999572337, 1959387.883099999278784 ], [ 961377.777099999599159, 1959395.0263 ], [ 961374.066100000403821, 1959398.334899999201298 ], [ 961365.338499999605119, 1959405.698699999600649 ], [ 961356.85080000013113, 1959413.041300000622869 ], [ 961348.519799999892712, 1959419.78319999948144 ], [ 961340.221599999815226, 1959427.0548 ], [ 961331.627199999988079, 1959435.0176 ], [ 961323.674899999983609, 1959443.406899999827147 ], [ 961316.519000000320375, 1959451.192199999466538 ], [ 961310.215099999681115, 1959457.533500000834465 ], [ 961309.626799999736249, 1959459.675799999386072 ], [ 961309.537800000049174, 1959461.7456 ], [ 961308.818900000303984, 1959463.778599999845028 ], [ 961306.168899999931455, 1959467.341499999165535 ], [ 961298.644799999892712, 1959475.428600000217557 ], [ 961291.397900000214577, 1959484.893699999898672 ], [ 961283.777300000190735, 1959493.641100000590086 ], [ 961276.495400000363588, 1959502.146800000220537 ], [ 961268.572100000455976, 1959510.36600000038743 ], [ 961261.85080000013113, 1959519.04869999922812 ], [ 961255.089900000020862, 1959527.781500000506639 ], [ 961247.772300000302494, 1959537.11710000038147 ], [ 961241.059999999590218, 1959545.589800000190735 ], [ 961234.472099999897182, 1959554.921399999409914 ], [ 961229.626799999736249, 1959564.833599999547005 ], [ 961227.045599999837577, 1959568.196100000292063 ], [ 961218.410799999721348, 1959574.189999999478459 ], [ 961210.427799999713898, 1959576.831599999219179 ], [ 961208.635499999858439, 1959578.15059999935329 ], [ 961201.680800000205636, 1959588.044099999591708 ], [ 961194.532999999821186, 1959597.338700000196695 ], [ 961193.785299999639392, 1959601.481200000271201 ], [ 961193.036299999803305, 1959603.48450000025332 ], [ 961186.39850000012666, 1959609.0778 ], [ 961185.408200000412762, 1959610.8224 ], [ 961184.590599999763072, 1959614.965299999341369 ], [ 961183.855700000189245, 1959621.496799999848008 ], [ 961175.599200000055134, 1959629.097999999299645 ], [ 961166.932099999859929, 1959634.662200000137091 ], [ 961158.580799999646842, 1959637.605599999427795 ], [ 961156.917899999767542, 1959638.823999999091029 ], [ 961155.427500000223517, 1959640.511299999430776 ], [ 961153.447900000028312, 1959644.200500000268221 ], [ 961147.898199999704957, 1959653.256799999624491 ], [ 961142.214399999938905, 1959663.403400000184774 ], [ 961137.141200000420213, 1959673.706599999219179 ], [ 961134.615899999625981, 1959681.92710000090301 ], [ 961134.668899999931455, 1959686.235200000926852 ], [ 961134.210799999535084, 1959688.436799999326468 ], [ 961133.290900000371039, 1959690.280999999493361 ], [ 961130.206899999640882, 1959693.056500000879169 ], [ 961124.990699999965727, 1959702.800699999555945 ], [ 961120.979500000365078, 1959713.5581 ], [ 961116.997299999929965, 1959724.125499999150634 ], [ 961111.955099999904633, 1959734.61849999986589 ], [ 961106.6402000002563, 1959744.573200000450015 ], [ 961101.766900000162423, 1959754.87529999949038 ], [ 961097.348500000312924, 1959764.2555 ], [ 961092.662399999797344, 1959774.036800000816584 ], [ 961087.97829999960959, 1959784.208100000396371 ], [ 961083.267400000244379, 1959794.969200000166893 ], [ 961078.454800000414252, 1959805.401100000366569 ], [ 961073.949099999852479, 1959815.281400000676513 ], [ 961069.133899999782443, 1959825.223500000312924 ], [ 961064.219899999909103, 1959835.395899999886751 ], [ 961060.652999999932945, 1959843.221999999135733 ], [ 961061.960699999704957, 1959844.764499999582767 ], [ 961067.69550000037998, 1959838.556199999526143 ], [ 961069.529900000430644, 1959837.626800000667572 ], [ 961070.86780000012368, 1959839.199100000783801 ], [ 961070.521399999968708, 1959843.599300000816584 ], [ 961071.331299999728799, 1959845.524299999698997 ], [ 961073.333700000308454, 1959846.103399999439716 ], [ 961075.63300000037998, 1959846.131100000813603 ], [ 961077.604600000195205, 1959846.57039999961853 ], [ 961079.041899999603629, 1959848.042199999094009 ], [ 961079.022900000214577, 1959850.111600000411272 ], [ 961077.66260000038892, 1959851.828199999406934 ], [ 961075.698300000280142, 1959852.758300000801682 ], [ 961075.179800000041723, 1959854.8903 ], [ 961075.250500000081956, 1959856.89919999986887 ], [ 961075.86629999987781, 1959865.522700000554323 ], [ 961071.919700000435114, 1959875.270199999213219 ], [ 961066.692499999888241, 1959882.945299999788404 ], [ 961065.186700000427663, 1959889.261 ], [ 961065.427500000223517, 1959891.298900000751019 ], [ 961066.919599999673665, 1959895.5494 ], [ 961066.660799999721348, 1959897.619999999180436 ], [ 961064.179800000041723, 1959901.021999999880791 ], [ 961055.619599999859929, 1959907.895099999383092 ], [ 961047.093299999833107, 1959915.4978 ], [ 961037.857900000177324, 1959921.364800000563264 ], [ 961029.7511, 1959925.156700000166893 ], [ 961028.158900000154972, 1959926.504699999466538 ], [ 961025.921799999661744, 1959932.524399999529123 ], [ 961021.408300000242889, 1959937.186699999496341 ], [ 961012.285600000061095, 1959943.542999999597669 ], [ 961010.024500000290573, 1959945.064500000327826 ], [ 961001.46059999987483, 1959951.247899999842048 ], [ 960992.082100000232458, 1959956.495999999344349 ], [ 960982.380900000222027, 1959961.245899999514222 ], [ 960980.517099999822676, 1959962.275499999523163 ], [ 960977.435999999754131, 1959965.6107 ], [ 960970.181300000287592, 1959973.596400000154972 ], [ 960961.985999999567866, 1959981.427300000563264 ], [ 960953.829699999652803, 1959989.057900000363588 ], [ 960946.005300000309944, 1959997.0767 ], [ 960937.778300000354648, 1960004.5778 ], [ 960929.291799999773502, 1960012.150299999862909 ], [ 960920.461900000460446, 1960019.0548 ], [ 960912.208599999547005, 1960027.245799999684095 ], [ 960904.281299999915063, 1960034.715299999341369 ], [ 960896.328200000338256, 1960042.964700000360608 ], [ 960887.630599999800324, 1960050.308399999514222 ], [ 960879.572800000198185, 1960057.678600000217557 ], [ 960871.007699999958277, 1960065.50139999948442 ], [ 960863.2204, 1960072.970200000330806 ], [ 960854.995299999602139, 1960080.8311 ], [ 960847.638100000098348, 1960088.357599999755621 ], [ 960843.162999999709427, 1960092.719900000840425 ], [ 960835.294800000265241, 1960100.019099999219179 ], [ 960826.740600000135601, 1960108.011800000444055 ], [ 960819.2193, 1960116.628699999302626 ], [ 960811.567300000227988, 1960125.1064 ], [ 960803.913399999961257, 1960133.234200000762939 ], [ 960796.390300000086427, 1960141.511299999430776 ], [ 960789.03969999961555, 1960150.25730000063777 ], [ 960782.420199999585748, 1960159.289200000464916 ], [ 960776.5625, 1960168.687000000849366 ], [ 960770.685600000433624, 1960178.2347999997437 ], [ 960764.532100000418723, 1960188.413899999111891 ], [ 960761.68680000025779, 1960193.04619999974966 ], [ 960758.883200000040233, 1960197.6107 ], [ 960752.934600000269711, 1960206.838999999687076 ], [ 960747.049399999901652, 1960216.716700000688434 ], [ 960741.972900000400841, 1960226.4002 ], [ 960735.752500000409782, 1960235.270099999383092 ], [ 960731.104600000195205, 1960244.7215 ], [ 960725.948200000450015, 1960254.435399999842048 ], [ 960722.022199999541044, 1960262.403400000184774 ], [ 960720.688400000333786, 1960267.238700000569224 ], [ 960718.850700000301003, 1960273.156300000846386 ], [ 960716.396599999628961, 1960283.475600000470877 ], [ 960714.423200000077486, 1960293.962300000712276 ], [ 960711.940399999730289, 1960304.511700000613928 ], [ 960709.797600000165403, 1960315.099199999123812 ], [ 960707.583100000396371, 1960325.357200000435114 ], [ 960704.668800000101328, 1960335.608999999240041 ], [ 960703.173200000077486, 1960341.954700000584126 ], [ 960704.178999999538064, 1960356.234099999070168 ], [ 960704.762199999764562, 1960360.629300000146031 ], [ 960706.280100000090897, 1960371.587200000882149 ], [ 960707.678999999538064, 1960382.7357 ], [ 960710.827600000426173, 1960393.94480000063777 ], [ 960711.654000000096858, 1960404.576500000432134 ], [ 960711.656700000166893, 1960405.07630000077188 ], [ 960712.743400000035763, 1960415.796499999240041 ], [ 960716.088100000284612, 1960426.284800000488758 ], [ 960717.074500000104308, 1960435.046399999409914 ], [ 960716.475599999539554, 1960437.0888 ], [ 960717.528300000354648, 1960447.059499999508262 ], [ 960719.255599999800324, 1960457.916300000622869 ], [ 960721.803700000047684, 1960468.998700000345707 ], [ 960724.265100000426173, 1960480.671299999579787 ], [ 960726.853000000119209, 1960491.713400000706315 ], [ 960730.072499999776483, 1960503.0921 ], [ 960732.871600000187755, 1960514.362999999895692 ], [ 960735.159599999897182, 1960525.416799999773502 ], [ 960737.779699999839067, 1960536.8586 ], [ 960740.642099999822676, 1960548.758899999782443 ], [ 960743.730000000447035, 1960559.838400000706315 ], [ 960746.716300000436604, 1960570.588500000536442 ], [ 960749.507100000046194, 1960582.199400000274181 ], [ 960751.460400000214577, 1960592.325300000607967 ], [ 960754.07909999974072, 1960603.507200000807643 ], [ 960756.996700000017881, 1960614.5176 ], [ 960759.823699999600649, 1960625.408500000834465 ], [ 960762.310999999754131, 1960636.3213 ], [ 960765.365100000053644, 1960646.681199999526143 ], [ 960766.280299999751151, 1960651.464500000700355 ], [ 960769.169499999843538, 1960662.775000000372529 ], [ 960775.202200000174344, 1960674.948300000280142 ], [ 960776.142199999652803, 1960676.88260000012815 ], [ 960781.692900000140071, 1960686.769400000572205 ], [ 960785.063699999824166, 1960694.658500000834465 ], [ 960789.39919999986887, 1960709.11009999923408 ], [ 960790.508200000040233, 1960710.873500000685453 ], [ 960792.030199999921024, 1960715.103900000452995 ], [ 960795.485999999567866, 1960725.82149999961257 ], [ 960798.444199999794364, 1960736.931600000709295 ], [ 960799.834599999710917, 1960748.349999999627471 ], [ 960802.71169999986887, 1960757.3914 ], [ 960802.788200000301003, 1960766.117799999192357 ], [ 960799.175900000147521, 1960776.6831 ], [ 960793.656700000166893, 1960785.839199999347329 ], [ 960788.768899999558926, 1960795.291799999773502 ], [ 960788.449900000356138, 1960797.332699999213219 ], [ 960788.947100000455976, 1960804.347500000149012 ], [ 960789.78110000025481, 1960816.398600000888109 ], [ 960790.662100000306964, 1960820.3925 ], [ 960790.773699999786913, 1960822.591099999845028 ], [ 960792.229100000113249, 1960825.572200000286102 ], [ 960793.437400000169873, 1960827.205199999734759 ], [ 960796.098899999633431, 1960833.29869999922812 ], [ 960799.949500000104308, 1960843.05460000038147 ], [ 960802.169900000095367, 1960854.538599999621511 ], [ 960802.727400000207126, 1960865.361600000411272 ], [ 960802.175099999643862, 1960876.140599999576807 ], [ 960799.637199999764562, 1960887.609899999573827 ], [ 960796.698400000110269, 1960898.8915 ], [ 960794.146300000138581, 1960909.571100000292063 ], [ 960790.076799999922514, 1960920.628799999132752 ], [ 960786.534699999727309, 1960931.253799999132752 ], [ 960782.4847999997437, 1960942.24129999987781 ], [ 960779.362599999643862, 1960950.994799999520183 ], [ 960778.509999999776483, 1960959.826099999248981 ], [ 960775.014600000344217, 1960967.9517 ], [ 960773.593500000424683, 1960969.50870000012219 ], [ 960772.533300000242889, 1960971.283700000494719 ], [ 960773.495699999853969, 1960975.54700000025332 ], [ 960773.037800000049174, 1960977.778699999675155 ], [ 960773.048499999567866, 1960979.787900000810623 ], [ 960773.489500000141561, 1960981.884700000286102 ], [ 960773.330599999986589, 1960983.954800000414252 ], [ 960770.404199999757111, 1960990.0482 ], [ 960764.522699999623001, 1961000.61570000089705 ], [ 960759.535400000400841, 1961010.168800000101328 ], [ 960757.394500000402331, 1961021.106200000271201 ], [ 960755.886599999852479, 1961032.640000000596046 ], [ 960752.748800000175834, 1961044.082499999552965 ], [ 960749.035000000149012, 1961054.378499999642372 ], [ 960745.490899999625981, 1961064.613700000569224 ], [ 960741.606399999931455, 1961074.750600000843406 ], [ 960737.360000000335276, 1961084.5197 ], [ 960732.649500000290573, 1961095.35080000013113 ], [ 960728.164599999785423, 1961105.361099999397993 ], [ 960723.419499999843538, 1961115.332699999213219 ], [ 960718.666000000201166, 1961125.604299999773502 ], [ 960714.921400000341237, 1961135.740499999374151 ], [ 960710.71100000012666, 1961146.629000000655651 ], [ 960706.869400000199676, 1961157.315600000321865 ], [ 960703.026499999687076, 1961167.7522 ], [ 960699.311200000345707, 1961177.748400000855327 ], [ 960697.09389999974519, 1961181.868699999526143 ], [ 960696.674800000153482, 1961183.870200000703335 ], [ 960696.617600000463426, 1961186.269600000232458 ], [ 960695.760499999858439, 1961188.633300000801682 ], [ 960694.4693, 1961190.189600000157952 ], [ 960692.676400000229478, 1961191.408700000494719 ], [ 960691.627700000070035, 1961193.453600000590086 ], [ 960690.121600000187755, 1961199.699300000444055 ], [ 960684.634899999946356, 1961209.314999999478459 ], [ 960678.929700000211596, 1961219.2018 ], [ 960674.677199999801815, 1961229.7006 ], [ 960670.807799999602139, 1961240.787200000137091 ], [ 960667.699400000274181, 1961252.129599999636412 ], [ 960665.869900000281632, 1961261.465900000184774 ], [ 960665.490399999544024, 1961263.407299999147654 ], [ 960664.480600000359118, 1961274.638499999418855 ], [ 960662.495000000111759, 1961294.072000000625849 ], [ 960660.597299999557436, 1961305.834899999201298 ], [ 960660.482300000265241, 1961306.548100000247359 ], [ 960659.045699999667704, 1961316.472100000828505 ], [ 960657.67339999973774, 1961332.8235 ], [ 960657.119900000281632, 1961347.13120000064373 ], [ 960656.974999999627471, 1961359.337400000542402 ], [ 960657.025899999774992, 1961370.743000000715256 ], [ 960657.403900000266731, 1961381.656999999657273 ], [ 960657.417000000365078, 1961391.603199999779463 ], [ 960657.259300000034273, 1961407.0384 ], [ 960656.965099999681115, 1961415.596799999475479 ], [ 960657.063900000415742, 1961428.511600000783801 ], [ 960657.210699999704957, 1961439.166899999603629 ], [ 960657.286600000225008, 1961449.662599999457598 ], [ 960656.903800000436604, 1961458.4814 ], [ 960655.461900000460446, 1961467.405799999833107 ], [ 960653.726700000464916, 1961475.682099999859929 ], [ 960652.332399999722838, 1961486.025699999183416 ], [ 960651.56209999974817, 1961497.175699999555945 ], [ 960651.481900000013411, 1961508.381999999284744 ], [ 960651.627600000239909, 1961526.334699999541044 ], [ 960651.76659999974072, 1961535.540500000119209 ], [ 960652.326200000010431, 1961542.994799999520183 ], [ 960654.306699999608099, 1961550.7314 ], [ 960656.24930000025779, 1961558.8581000007689 ], [ 960655.58420000039041, 1961565.359200000762939 ], [ 960653.733500000089407, 1961570.727099999785423 ], [ 960652.045800000429153, 1961574.774599999189377 ], [ 960649.39130000025034, 1961583.125700000673532 ], [ 960648.91469999961555, 1961588.294099999591708 ], [ 960647.132699999958277, 1961607.61879999935627 ], [ 960646.927799999713898, 1961612.308199999853969 ], [ 960646.869300000369549, 1961614.467700000852346 ], [ 960647.840599999763072, 1961678.518999999389052 ], [ 960647.762500000186265, 1961731.369999999180436 ], [ 960647.1097999997437, 1961805.826099999248981 ], [ 960642.642, 1961830.311000000685453 ], [ 960637.963000000454485, 1961850.79839999973774 ], [ 960628.121299999766052, 1961894.804700000211596 ], [ 960622.1579, 1961918.128000000491738 ], [ 960615.598600000143051, 1961944.053400000557303 ], [ 960609.921699999831617, 1961966.745400000363588 ], [ 960605.315100000239909, 1961985.823000000789762 ], [ 960602.290199999697506, 1961997.8147 ], [ 960600.456399999558926, 1962004.48200000077486 ], [ 960596.716699999757111, 1962013.658600000664592 ], [ 960589.947999999858439, 1962026.560000000521541 ], [ 960559.628600000403821, 1962082.711100000888109 ], [ 960534.056599999777973, 1962129.320299999788404 ], [ 960530.85149999987334, 1962137.514399999752641 ], [ 960526.748200000263751, 1962145.993200000375509 ], [ 960525.674499999731779, 1962148.977800000458956 ], [ 960527.479500000365078, 1962148.158500000834465 ], [ 960530.357699999585748, 1962144.264599999412894 ], [ 960537.085699999704957, 1962134.99210000038147 ], [ 960538.752600000239909, 1962134.523399999365211 ], [ 960538.469100000336766, 1962137.593800000846386 ], [ 960533.485000000335276, 1962153.354599999263883 ], [ 960530.68099999986589, 1962165.545099999755621 ], [ 960526.908599999733269, 1962181.70920000039041 ], [ 960523.665599999949336, 1962197.780600000172853 ], [ 960519.455099999904633, 1962212.407700000330806 ], [ 960516.156200000084937, 1962223.63120000064373 ], [ 960513.935800000093877, 1962232.779699999839067 ], [ 960511.587199999950826, 1962244.128100000321865 ], [ 960508.427000000141561, 1962258.879499999806285 ], [ 960504.972799999639392, 1962270.973500000312924 ], [ 960501.136199999600649, 1962280.7204 ], [ 960499.098699999973178, 1962288.54839999973774 ], [ 960498.570000000298023, 1962294.389000000432134 ], [ 960496.951700000092387, 1962300.215500000864267 ], [ 960493.487700000405312, 1962304.852299999445677 ], [ 960489.306200000457466, 1962309.912799999117851 ], [ 960484.112599999643862, 1962316.378100000321865 ], [ 960481.461799999698997, 1962319.780999999493361 ], [ 960479.305499999783933, 1962322.2116 ], [ 960475.177500000223517, 1962326.052200000733137 ], [ 960472.818099999800324, 1962325.994799999520183 ], [ 960471.093100000172853, 1962323.065099999308586 ], [ 960471.362999999895692, 1962317.445699999108911 ], [ 960472.635800000280142, 1962308.692099999636412 ], [ 960475.166100000031292, 1962301.411299999803305 ], [ 960477.276100000366569, 1962295.941999999806285 ], [ 960478.319099999964237, 1962292.827600000426173 ], [ 960478.213399999774992, 1962291.738600000739098 ], [ 960475.872100000269711, 1962291.331199999898672 ], [ 960472.900100000202656, 1962294.505899999290705 ], [ 960469.147199999541044, 1962301.213500000536442 ], [ 960465.86699999962002, 1962308.438300000503659 ], [ 960452.990199999883771, 1962338.156099999323487 ], [ 960440.149500000290573, 1962369.013299999758601 ], [ 960433.517900000326335, 1962385.1327 ], [ 960424.636900000274181, 1962406.822100000455976 ], [ 960420.449699999764562, 1962418.310200000181794 ], [ 960416.033400000073016, 1962429.959499999880791 ], [ 960413.377600000239909, 1962438.050699999555945 ], [ 960410.498700000345707, 1962447.432600000873208 ], [ 960407.628600000403821, 1962452.846000000834465 ], [ 960402.614699999801815, 1962470.516200000420213 ], [ 960401.456799999810755, 1962480.208799999207258 ], [ 960401.392199999652803, 1962496.213300000876188 ], [ 960402.261300000362098, 1962518.60050000064075 ], [ 960402.997200000099838, 1962540.378599999472499 ], [ 960404.073300000280142, 1962556.596899999305606 ], [ 960404.108900000341237, 1962557.656300000846386 ], [ 960406.04839999973774, 1962574.569700000807643 ], [ 960410.200500000268221, 1962590.241800000891089 ], [ 960412.900100000202656, 1962597.854599999263883 ], [ 960415.797600000165403, 1962606.945900000631809 ], [ 960419.869099999777973, 1962620.63910000026226 ], [ 960423.482400000095367, 1962634.634700000286102 ], [ 960425.244500000029802, 1962646.380999999120831 ], [ 960426.512699999846518, 1962657.3902000002563 ], [ 960427.717199999839067, 1962669.559299999848008 ], [ 960429.14879999961704, 1962681.207399999722838 ], [ 960429.404500000178814, 1962693.541500000283122 ], [ 960428.771900000050664, 1962706.1403 ], [ 960428.139200000092387, 1962718.709000000730157 ], [ 960427.168300000019372, 1962729.730200000107288 ], [ 960426.040000000037253, 1962741.201999999582767 ], [ 960424.750199999660254, 1962754.284 ], [ 960422.830599999986589, 1962765.470200000330806 ], [ 960419.60010000038892, 1962776.403400000184774 ], [ 960415.569099999964237, 1962787.18099999986589 ], [ 960411.735000000335276, 1962795.53830000013113 ], [ 960407.086500000208616, 1962806.739 ], [ 960402.952600000426173, 1962816.967299999669194 ], [ 960399.062699999660254, 1962827.973999999463558 ], [ 960394.839300000108778, 1962838.2928 ], [ 960391.620199999772012, 1962847.616499999538064 ], [ 960389.269700000062585, 1962856.7357 ], [ 960385.674899999983609, 1962868.7105 ], [ 960377.913399999961257, 1962890.393999999389052 ], [ 960360.752700000070035, 1962924.692900000140071 ], [ 960357.067900000140071, 1962931.040200000628829 ], [ 960352.998399999924004, 1962938.359300000593066 ], [ 960350.238099999725819, 1962945.611300000920892 ], [ 960349.353000000119209, 1962953.95299999974668 ], [ 960346.149000000208616, 1962962.35700000077486 ], [ 960345.37540000025183, 1962963.500700000673532 ], [ 960343.150899999774992, 1962966.251599999144673 ], [ 960341.154500000178814, 1962968.68129999935627 ], [ 960339.097900000400841, 1962971.041400000452995 ], [ 960336.069199999794364, 1962974.836200000718236 ], [ 960334.424800000153482, 1962977.643899999558926 ], [ 960332.433799999766052, 1962981.073300000280142 ], [ 960330.214499999769032, 1962984.793800000101328 ], [ 960328.790699999779463, 1962987.7303 ], [ 960326.798200000077486, 1962990.869799999520183 ], [ 960324.974200000055134, 1962993.748400000855327 ], [ 960323.211900000460446, 1962996.946699999272823 ], [ 960321.305399999953806, 1962999.346000000834465 ], [ 960317.78870000038296, 1963003.463199999183416 ], [ 960314.343399999663234, 1963007.859999999403954 ], [ 960312.446800000034273, 1963010.239199999719858 ], [ 960312.168700000271201, 1963010.580600000917912 ], [ 960309.493300000205636, 1963015.0132 ], [ 960306.509899999946356, 1963019.797399999573827 ], [ 960302.904400000348687, 1963024.134999999776483 ], [ 960298.873399999924004, 1963027.415300000458956 ], [ 960294.944899999536574, 1963029.305600000545382 ], [ 960292.137000000104308, 1963031.389799999073148 ], [ 960289.108, 1963035.104599999263883 ], [ 960287.020499999634922, 1963037.314899999648333 ], [ 960283.411399999633431, 1963039.103499999269843 ], [ 960279.140599999576807, 1963042.415100000798702 ], [ 960269.865600000135601, 1963061.447599999606609 ], [ 960260.1875, 1963078.0132 ], [ 960245.186300000175834, 1963106.752599999308586 ], [ 960225.051400000229478, 1963149.444399999454618 ], [ 960216.178899999707937, 1963174.60249999910593 ], [ 960206.8273, 1963203.661699999123812 ], [ 960199.300300000235438, 1963235.560200000181794 ], [ 960192.385200000368059, 1963264.126599999144673 ], [ 960189.184799999929965, 1963288.194900000467896 ], [ 960186.550099999643862, 1963311.51039999909699 ], [ 960184.216099999845028, 1963348.0793999992311 ], [ 960182.392199999652803, 1963394.092299999669194 ], [ 960182.224000000394881, 1963396.767100000753999 ], [ 960181.074500000104308, 1963415.051599999889731 ], [ 960182.299499999731779, 1963455.440300000831485 ], [ 960183.931099999696016, 1963483.961100000888109 ], [ 960184.261699999682605, 1963488.787599999457598 ], [ 960185.339800000190735, 1963504.426100000739098 ], [ 960187.193400000222027, 1963514.60249999910593 ], [ 960187.686599999666214, 1963518.988199999555945 ], [ 960188.509600000455976, 1963521.492900000885129 ], [ 960190.099000000394881, 1963523.353800000622869 ], [ 960191.077100000344217, 1963526.807299999520183 ], [ 960190.270200000144541, 1963531.089999999850988 ], [ 960189.00719999987632, 1963536.064899999648333 ], [ 960188.556099999696016, 1963541.455399999395013 ], [ 960188.038499999791384, 1963545.616599999368191 ], [ 960190.209300000220537, 1963568.39670000039041 ], [ 960193.975899999961257, 1963605.513000000268221 ], [ 960197.858500000089407, 1963643.758199999108911 ], [ 960202.620500000193715, 1963691.315400000661612 ], [ 960207.362399999983609, 1963737.923000000417233 ], [ 960208.169300000183284, 1963745.825799999758601 ], [ 960211.802699999883771, 1963784.202299999073148 ], [ 960216.174700000323355, 1963822.355000000447035 ], [ 960220.098000000230968, 1963853.242799999192357 ], [ 960222.124699999578297, 1963866.816999999806285 ], [ 960224.534900000318885, 1963882.948200000450015 ], [ 960228.965599999763072, 1963907.745500000193715 ], [ 960232.366100000217557, 1963921.20240000076592 ], [ 960242.247000000439584, 1963952.0384 ], [ 960249.214999999850988, 1963978.371500000357628 ], [ 960258.578599999658763, 1964013.4287 ], [ 960264.702499999664724, 1964037.07740000076592 ], [ 960270.550900000147521, 1964059.6579 ], [ 960280.130199999548495, 1964097.672800000756979 ], [ 960287.402599999681115, 1964124.864099999889731 ], [ 960296.384700000286102, 1964159.603399999439716 ], [ 960306.673499999567866, 1964197.5746 ], [ 960318.337299999780953, 1964238.447300000116229 ], [ 960318.459599999710917, 1964238.876499999314547 ], [ 960329.612900000065565, 1964279.622099999338388 ], [ 960337.644100000150502, 1964304.769999999552965 ], [ 960342.678199999965727, 1964318.997899999842048 ], [ 960345.040300000458956, 1964323.3037 ], [ 960348.201100000180304, 1964325.536000000312924 ], [ 960352.676699999719858, 1964326.901699999347329 ], [ 960355.895600000396371, 1964328.793800000101328 ], [ 960362.154699999839067, 1964338.426899999380112 ], [ 960365.344499999657273, 1964346.10700000077486 ], [ 960370.655500000342727, 1964367.270899999886751 ], [ 960379.75040000025183, 1964393.162900000810623 ], [ 960388.686700000427663, 1964415.58699999935925 ], [ 960391.903400000184774, 1964424.556500000879169 ], [ 960394.040000000037253, 1964433.4419 ], [ 960395.716599999926984, 1964440.410399999469519 ], [ 960397.595300000160933, 1964451.546299999579787 ], [ 960397.191899999976158, 1964454.6173 ], [ 960393.112300000153482, 1964461.916400000452995 ], [ 960390.443500000052154, 1964463.829900000244379 ], [ 960384.269399999640882, 1964466.3918999992311 ], [ 960379.023299999535084, 1964468.629100000485778 ], [ 960377.074000000022352, 1964470.488800000399351 ], [ 960378.152200000360608, 1964475.851099999621511 ], [ 960379.922600000165403, 1964481.679500000551343 ], [ 960382.963800000026822, 1964493.358999999240041 ], [ 960383.350399999879301, 1964500.234400000423193 ], [ 960382.960199999623001, 1964505.79450000077486 ], [ 960383.721900000236928, 1964528.652000000700355 ], [ 960384.682300000451505, 1964532.545399999246001 ], [ 960385.667999999597669, 1964539.307700000703335 ], [ 960389.051199999637902, 1964551.375199999660254 ], [ 960391.172199999913573, 1964559.210999999195337 ], [ 960393.090400000102818, 1964568.377399999648333 ], [ 960395.331199999898672, 1964578.041899999603629 ], [ 960396.801099999807775, 1964587.500600000843406 ], [ 960398.005300000309944, 1964594.487999999895692 ], [ 960398.482599999755621, 1964597.258099999278784 ], [ 960399.632399999536574, 1964604.8092 ], [ 960400.43059999961406, 1964613.89159999974072 ], [ 960402.346900000236928, 1964624.567399999126792 ], [ 960405.486399999819696, 1964635.94649999961257 ], [ 960407.975700000301003, 1964645.3498 ], [ 960412.018400000408292, 1964664.776100000366569 ], [ 960413.361800000071526, 1964671.231499999761581 ], [ 960426.245500000193715, 1964734.639499999582767 ], [ 960434.059200000017881, 1964771.474300000816584 ], [ 960445.020100000314415, 1964830.484200000762939 ], [ 960446.140999999828637, 1964835.314600000157952 ], [ 960457.615100000053644, 1964884.756999999284744 ], [ 960465.727500000037253, 1964919.49100000038743 ], [ 960476.653500000014901, 1964970.094100000336766 ], [ 960484.546299999579787, 1965001.15059999935329 ], [ 960489.68030000012368, 1965011.619400000199676 ], [ 960492.943699999712408, 1965019.968900000676513 ], [ 960494.701799999922514, 1965029.096200000494719 ], [ 960496.626899999566376, 1965039.562000000849366 ], [ 960499.048700000159442, 1965049.425499999895692 ], [ 960501.996500000357628, 1965058.586400000378489 ], [ 960503.89989999961108, 1965068.7325 ], [ 960504.666799999773502, 1965079.454500000923872 ], [ 960504.537499999627471, 1965090.811000000685453 ], [ 960503.969499999657273, 1965102.389799999073148 ], [ 960502.123499999754131, 1965114.245300000533462 ], [ 960498.600899999961257, 1965126.649599999189377 ], [ 960494.96100000012666, 1965135.77559999935329 ], [ 960491.021599999628961, 1965144.983300000429153 ], [ 960477.559700000099838, 1965175.56389999948442 ], [ 960462.25870000012219, 1965204.295 ], [ 960445.826700000092387, 1965229.033600000664592 ], [ 960439.498700000345707, 1965238.344000000506639 ], [ 960426.95380000025034, 1965255.294700000435114 ], [ 960424.386400000192225, 1965259.644899999722838 ], [ 960443.808600000105798, 1965247.953700000420213 ], [ 960476.620799999684095, 1965237.536399999633431 ], [ 960480.637799999676645, 1965229.75760000012815 ], [ 960485.498100000433624, 1965220.774900000542402 ], [ 960491.123499999754131, 1965209.069199999794364 ], [ 960496.23450000025332, 1965198.355900000780821 ], [ 960499.135999999940395, 1965191.711200000718236 ], [ 960499.690999999642372, 1965190.440300000831485 ], [ 960504.03139999974519, 1965181.450500000268221 ], [ 960517.917000000365078, 1965155.345899999141693 ], [ 960523.237599999643862, 1965146.460799999535084 ], [ 960527.890399999916553, 1965136.059800000861287 ], [ 960531.543899999931455, 1965127.603399999439716 ], [ 960533.258200000040233, 1965122.905999999493361 ], [ 960534.028900000266731, 1965119.3432 ], [ 960530.777700000442564, 1965118.880699999630451 ], [ 960527.798000000417233, 1965116.857300000265241 ], [ 960527.714100000448525, 1965110.500099999830127 ], [ 960528.835099999792874, 1965101.39750000089407 ], [ 960529.083899999968708, 1965089.950300000607967 ], [ 960528.550099999643862, 1965079.736300000920892 ], [ 960528.415900000371039, 1965077.168600000441074 ], [ 960526.55489999987185, 1965063.7335 ], [ 960523.707999999634922, 1965050.993300000205636 ], [ 960521.038900000043213, 1965036.003100000321865 ], [ 960518.492999999783933, 1965023.461300000548363 ], [ 960516.031299999915063, 1965009.859400000423193 ], [ 960513.006000000052154, 1964997.420099999755621 ], [ 960510.508600000292063, 1964984.618100000545382 ], [ 960507.361399999819696, 1964969.940300000831485 ], [ 960504.528599999845028, 1964954.231200000271201 ], [ 960501.167899999767542, 1964938.874800000339746 ], [ 960498.327899999916553, 1964923.685499999672174 ], [ 960493.36809999961406, 1964897.475299999117851 ], [ 960490.973199999891222, 1964884.81900000013411 ], [ 960490.843700000084937, 1964883.040300000458956 ], [ 960486.647699999623001, 1964862.890100000426173 ], [ 960485.201299999840558, 1964855.960400000214577 ], [ 960480.620500000193715, 1964827.395300000905991 ], [ 960472.032999999821186, 1964787.9156 ], [ 960469.706199999898672, 1964777.111999999731779 ], [ 960467.040199999697506, 1964762.681500000879169 ], [ 960463.421299999579787, 1964747.64640000090003 ], [ 960460.582600000314415, 1964734.586300000548363 ], [ 960457.724799999967217, 1964721.676300000399351 ], [ 960455.018899999558926, 1964707.266000000759959 ], [ 960452.798899999819696, 1964695.871999999508262 ], [ 960451.675400000065565, 1964687.641100000590086 ], [ 960449.542500000447035, 1964679.455399999395013 ], [ 960448.987099999561906, 1964674.660199999809265 ], [ 960449.794400000013411, 1964672.33669999986887 ], [ 960452.446399999782443, 1964671.032999999821186 ], [ 960453.698200000450015, 1964669.576899999752641 ], [ 960453.053600000217557, 1964664.92200000025332 ], [ 960451.579800000414252, 1964656.603000000119209 ], [ 960448.85190000012517, 1964639.953600000590086 ], [ 960447.126299999654293, 1964627.537399999797344 ], [ 960445.313000000081956, 1964611.81279999949038 ], [ 960444.292200000025332, 1964598.463199999183416 ], [ 960443.338200000114739, 1964586.412699999287724 ], [ 960440.86600000038743, 1964563.3443 ], [ 960438.936999999918044, 1964550.279400000348687 ], [ 960436.729500000365078, 1964535.596599999815226 ], [ 960435.60329999960959, 1964521.247899999842048 ], [ 960434.663800000213087, 1964508.157700000330806 ], [ 960433.944299999624491, 1964496.955600000917912 ], [ 960433.065299999900162, 1964485.844399999827147 ], [ 960432.23450000025332, 1964474.382999999448657 ], [ 960429.510099999606609, 1964458.383400000631809 ], [ 960426.384800000116229, 1964444.055400000885129 ], [ 960421.731399999931455, 1964428.106100000441074 ], [ 960418.401100000366569, 1964416.578099999576807 ], [ 960414.772300000302494, 1964401.552899999544024 ], [ 960410.234299999661744, 1964384.763299999758601 ], [ 960405.744400000199676, 1964369.462899999693036 ], [ 960401.788099999539554, 1964354.909299999475479 ], [ 960399.921900000423193, 1964348.9265 ], [ 960398.533699999563396, 1964344.480499999597669 ], [ 960384.688699999824166, 1964303.229499999433756 ], [ 960368.244500000029802, 1964252.585899999365211 ], [ 960364.703599999658763, 1964244.677699999883771 ], [ 960359.296500000171363, 1964241.107799999415874 ], [ 960354.357599999755621, 1964237.235600000247359 ], [ 960349.735600000247359, 1964229.043299999088049 ], [ 960344.323300000280142, 1964218.855900000780821 ], [ 960339.862999999895692, 1964209.123199999332428 ], [ 960335.459999999962747, 1964200.769799999892712 ], [ 960332.270399999804795, 1964191.260299999266863 ], [ 960331.270399999804795, 1964181.809100000187755 ], [ 960328.806599999777973, 1964171.565999999642372 ], [ 960326.806099999696016, 1964163.829500000923872 ], [ 960325.812800000421703, 1964155.657800000160933 ], [ 960326.1402000002563, 1964149.568299999460578 ] ] ], [ [ [ 960307.208300000056624, 1965507.208200000226498 ], [ 960308.114900000393391, 1965484.331599999219179 ], [ 960306.488800000399351, 1965487.792400000616908 ], [ 960304.116899999789894, 1965496.641799999400973 ], [ 960303.277099999599159, 1965504.103499999269843 ], [ 960303.967699999921024, 1965509.897700000554323 ], [ 960306.811300000175834, 1965517.16950000077486 ], [ 960307.208300000056624, 1965507.208200000226498 ] ] ], [ [ [ 960313.025600000284612, 1965670.054099999368191 ], [ 960311.409099999815226, 1965660.887900000438094 ], [ 960310.762799999676645, 1965664.954600000753999 ], [ 960307.832200000062585, 1965674.006899999454618 ], [ 960306.074300000444055, 1965679.884099999442697 ], [ 960305.313799999654293, 1965696.612099999561906 ], [ 960305.28139999974519, 1965705.528999999165535 ], [ 960306.619900000281632, 1965716.5778 ], [ 960308.27419999986887, 1965726.865199999883771 ], [ 960309.689899999648333, 1965733.645099999383092 ], [ 960310.09250000026077, 1965739.790699999779463 ], [ 960309.861999999731779, 1965741.551300000399351 ], [ 960310.905199999921024, 1965753.461400000378489 ], [ 960311.429800000041723, 1965756.227600000798702 ], [ 960312.834699999541044, 1965764.746899999678135 ], [ 960313.963899999856949, 1965772.15819999948144 ], [ 960314.51549999974668, 1965781.8717 ], [ 960314.532100000418723, 1965790.598400000482798 ], [ 960314.245900000445545, 1965800.656199999153614 ], [ 960312.791799999773502, 1965815.01039999909699 ], [ 960322.809600000269711, 1965797.579199999570847 ], [ 960326.697800000198185, 1965747.514399999752641 ], [ 960313.025600000284612, 1965670.054099999368191 ] ] ] ] } },
{ "type": "Feature", "properties": { "OBJECTID": 9, "CODE2": 1000010.0, "INDEXPAGE1": ",25,41,43,45,61,63,79,81,97,99", "LEVEL1": ",25,", "NAME2": ",Ѱ5", "RIVLEN1": 265.36, "UID1": 49.0, "INDEXPAGE2": null, "LEVEL2": null, "RIVLEN2": 0.0, "RIV_CD_1": 0.0, "RIV_NAM_1": null, "UID2": 0.0, "CODE1": 0.0, "INDEXPAGE": null, "LEVEL": null, "NAME1": null, "RIVLEN": 0.0, "UID": 0.0, "Shape_Leng": 96303.491856799999, "Shape_Area": 28303943.961100001 }, "geometry": { "type": "MultiPolygon", "coordinates": [ [ [ [ 971106.255900000222027, 1953343.3235 ], [ 971086.058799999766052, 1953323.488199999555945 ], [ 971083.823599999770522, 1953320.441299999132752 ], [ 971077.298200000077486, 1953309.4901 ], [ 971069.878499999642372, 1953307.100299999117851 ], [ 971066.472699999809265, 1953307.6381 ], [ 971034.321800000034273, 1953320.203400000929832 ], [ 971032.936700000427663, 1953321.01039999909699 ], [ 971012.835799999535084, 1953336.3608 ], [ 971011.690499999560416, 1953337.166500000283122 ], [ 970998.730499999597669, 1953341.873199999332428 ], [ 970996.426099999807775, 1953340.865800000727177 ], [ 970991.052199999801815, 1953334.0669 ], [ 970983.964100000448525, 1953324.448200000450015 ], [ 970977.717899999581277, 1953315.26490000076592 ], [ 970974.269999999552965, 1953311.624600000679493 ], [ 970937.89780000038445, 1953295.293500000610948 ], [ 970935.814000000245869, 1953294.414899999275804 ], [ 970907.500599999912083, 1953286.01799999922514 ], [ 970905.018099999986589, 1953285.341499999165535 ], [ 970868.485799999907613, 1953327.5483 ], [ 970852.482400000095367, 1953343.405099999159575 ], [ 970884.199599999934435, 1953343.775699999183416 ], [ 971024.334300000220537, 1953370.52140000090003 ], [ 971204.394899999722838, 1953439.133300000801682 ], [ 971207.399100000038743, 1953440.334799999371171 ], [ 971226.399000000208616, 1953447.544199999421835 ], [ 971234.510499999858439, 1953450.580600000917912 ], [ 971231.110299999825656, 1953447.871500000357628 ], [ 971227.490899999625981, 1953443.942199999466538 ], [ 971212.120000000111759, 1953425.620799999684095 ], [ 971199.908400000073016, 1953409.321900000795722 ], [ 971196.900200000032783, 1953405.64919999986887 ], [ 971180.448300000280142, 1953388.9529 ], [ 971176.694799999706447, 1953386.113900000229478 ], [ 971163.650000000372529, 1953376.686599999666214 ], [ 971146.171099999919534, 1953364.264000000432134 ], [ 971141.949900000356138, 1953361.837300000712276 ], [ 971119.992600000463426, 1953351.2577 ], [ 971109.3454, 1953345.336400000378489 ], [ 971106.255900000222027, 1953343.3235 ] ] ], [ [ [ 971329.916100000031292, 1953488.432499999180436 ], [ 971322.370600000023842, 1953487.134700000286102 ], [ 971336.948200000450015, 1953497.0943 ], [ 971362.277900000102818, 1953513.953299999237061 ], [ 971379.253200000151992, 1953525.421700000762939 ], [ 971394.004700000397861, 1953535.620500000193715 ], [ 971407.1097999997437, 1953544.51549999974668 ], [ 971425.968000000342727, 1953557.411399999633431 ], [ 971438.33530000038445, 1953565.717499999329448 ], [ 971494.582200000062585, 1953583.942900000140071 ], [ 971493.165900000371039, 1953555.523399999365211 ], [ 971492.003299999982119, 1953527.634400000795722 ], [ 971491.984000000171363, 1953527.2544 ], [ 971480.730700000189245, 1953526.939099999144673 ], [ 971479.010800000280142, 1953526.848200000822544 ], [ 971446.198400000110269, 1953518.295299999415874 ], [ 971408.867700000293553, 1953509.716299999505281 ], [ 971372.014000000432134, 1953500.595000000670552 ], [ 971370.011900000274181, 1953500.055700000375509 ], [ 971332.478900000452995, 1953489.138699999079108 ], [ 971329.916100000031292, 1953488.432499999180436 ] ] ], [ [ [ 939036.148599999956787, 1955888.8114 ], [ 939098.589999999850988, 1955831.811899999156594 ], [ 939139.141900000162423, 1955794.390599999576807 ], [ 939211.8902000002563, 1955728.277599999681115 ], [ 939300.861399999819696, 1955669.825799999758601 ], [ 939438.933000000193715, 1955577.781500000506639 ], [ 939488.58739999961108, 1955530.6908 ], [ 939543.897199999541044, 1955478.0088 ], [ 939608.363599999807775, 1955417.001000000163913 ], [ 939667.155100000090897, 1955361.114399999380112 ], [ 939752.47759999986738, 1955321.519300000742078 ], [ 939825.61849999986589, 1955191.145999999716878 ], [ 939853.307099999859929, 1955141.655200000852346 ], [ 939853.314899999648333, 1955141.6414 ], [ 939867.377799999900162, 1955116.517799999564886 ], [ 939907.314600000157952, 1955045.169800000265241 ], [ 939973.292000000365078, 1954995.18099999986589 ], [ 939989.935200000181794, 1954982.128399999812245 ], [ 940009.548000000417233, 1954966.34180000051856 ], [ 940029.003299999982119, 1954950.557 ], [ 940056.173499999567866, 1954928.4835 ], [ 940077.370299999602139, 1954911.0022 ], [ 940102.642500000074506, 1954890.312300000339746 ], [ 940119.561599999666214, 1954876.22749999910593 ], [ 940134.244900000281632, 1954864.622600000351667 ], [ 940156.440200000070035, 1954846.83420000039041 ], [ 940165.164300000295043, 1954839.842199999839067 ], [ 940191.433799999766052, 1954818.679199999198318 ], [ 940202.769500000402331, 1954809.028300000354648 ], [ 940289.10219999961555, 1954739.188699999824166 ], [ 940386.104899999685585, 1954660.825300000607967 ], [ 940426.651300000026822, 1954628.028799999505281 ], [ 940436.645600000396371, 1954621.758899999782443 ], [ 940452.182900000363588, 1954609.305800000205636 ], [ 940469.151600000448525, 1954595.689500000327826 ], [ 940487.955099999904633, 1954580.470100000500679 ], [ 940508.127100000157952, 1954564.274700000882149 ], [ 940525.92119999974966, 1954550.247099999338388 ], [ 940544.58490000013262, 1954535.216299999505281 ], [ 940560.745500000193715, 1954522.29109999909997 ], [ 940579.377799999900162, 1954507.385600000619888 ], [ 940600.29700000025332, 1954490.561499999836087 ], [ 940622.461500000208616, 1954472.9189 ], [ 940640.828900000080466, 1954458.01380000077188 ], [ 940654.267599999904633, 1954444.541200000792742 ], [ 940703.704800000414252, 1954418.28800000064075 ], [ 940741.910799999721348, 1954397.842399999499321 ], [ 940851.595200000330806, 1954339.686599999666214 ], [ 940961.199599999934435, 1954281.344499999657273 ], [ 941001.524600000120699, 1954259.9189 ], [ 941016.249800000339746, 1954246.737700000405312 ], [ 941016.479299999773502, 1954246.532199999317527 ], [ 941106.526899999938905, 1954176.1733 ], [ 941214.064699999988079, 1954093.255699999630451 ], [ 941249.779500000178814, 1954065.4831000007689 ], [ 941357.659400000236928, 1953982.47069999948144 ], [ 941392.986600000411272, 1953955.261900000274181 ], [ 941431.442599999718368, 1953926.037100000306964 ], [ 941474.797399999573827, 1953892.661699999123812 ], [ 941557.967899999581277, 1953806.594699999317527 ], [ 941649.239599999971688, 1953737.321900000795722 ], [ 941885.802199999801815, 1953558.973500000312924 ], [ 941898.433400000445545, 1953549.1908 ], [ 941930.015599999576807, 1953525.500700000673532 ], [ 941936.828599999658763, 1953523.122300000861287 ], [ 942009.746500000357628, 1953480.125499999150634 ], [ 942082.682699999772012, 1953414.229900000616908 ], [ 942365.69400000013411, 1953158.506699999794364 ], [ 942460.8295, 1953064.035299999639392 ], [ 942716.071100000292063, 1952864.563500000163913 ], [ 942721.193699999712408, 1952860.541500000283122 ], [ 942809.165900000371039, 1952791.470499999821186 ], [ 942834.882299999706447, 1952769.154899999499321 ], [ 942859.877999999560416, 1952746.467399999499321 ], [ 942871.754200000315905, 1952735.814600000157952 ], [ 942912.310800000093877, 1952699.081000000238419 ], [ 942921.894199999980628, 1952687.3246 ], [ 942923.138299999758601, 1952910.124099999666214 ], [ 942923.145200000144541, 1952910.125700000673532 ], [ 942967.80460000038147, 1952920.6963 ], [ 943029.783900000154972, 1952935.8619 ], [ 943112.235000000335276, 1952955.729299999773502 ], [ 943251.457299999892712, 1952989.228399999439716 ], [ 943340.835900000296533, 1953010.621400000527501 ], [ 943423.537399999797344, 1953030.581299999728799 ], [ 943423.538499999791384, 1953030.622999999672174 ], [ 943424.525500000454485, 1953066.657199999317527 ], [ 943424.53139999974519, 1953066.660000000149012 ], [ 943424.532399999909103, 1953066.700300000607967 ], [ 943439.312699999660254, 1953073.9233 ], [ 943515.910600000061095, 1953015.635900000110269 ], [ 943516.722699999809265, 1953016.081599999219179 ], [ 943591.150000000372529, 1953113.2423 ], [ 943593.371100000105798, 1953111.711100000888109 ], [ 943640.389499999582767, 1953078.754200000315905 ], [ 943639.920099999755621, 1953076.927300000563264 ], [ 943566.231999999843538, 1952979.662699999287724 ], [ 943565.757100000046194, 1952978.715600000694394 ], [ 943840.262099999934435, 1952777.445699999108911 ], [ 944409.7652000002563, 1952356.134999999776483 ], [ 944424.862300000153482, 1952347.168299999088049 ], [ 944426.426400000229478, 1952346.160499999299645 ], [ 944439.729899999685585, 1952336.403599999845028 ], [ 944440.346699999645352, 1952335.85050000064075 ], [ 944479.89919999986887, 1952295.5658 ], [ 944493.906299999915063, 1952277.098400000482798 ], [ 944497.65500000026077, 1952273.33 ], [ 944624.939799999818206, 1952171.513499999418855 ], [ 944625.815600000321865, 1952170.769099999219179 ], [ 944680.72580000013113, 1952097.13539999909699 ], [ 944682.873200000263751, 1952094.884800000116229 ], [ 944749.152300000190735, 1952027.458699999377131 ], [ 944751.300699999555945, 1952025.437999999150634 ], [ 944841.804999999701977, 1951962.562000000849366 ], [ 944944.947800000198185, 1951898.379599999636412 ], [ 944947.947900000028312, 1951896.724300000816584 ], [ 945074.142300000414252, 1951836.328500000759959 ], [ 945233.493800000287592, 1951775.787399999797344 ], [ 945326.412100000306964, 1951740.288699999451637 ], [ 945332.901700000278652, 1951736.895600000396371 ], [ 945378.620099999941885, 1951707.614299999549985 ], [ 945458.492499999701977, 1951654.980900000780821 ], [ 945461.629700000397861, 1951652.795199999585748 ], [ 945663.501000000163913, 1951504.441199999302626 ], [ 945956.176199999637902, 1951279.964600000530481 ], [ 946055.979399999603629, 1951206.173599999397993 ], [ 946111.778199999593198, 1951179.578099999576807 ], [ 946112.965400000102818, 1951179.121999999508262 ], [ 946147.835699999704957, 1951166.49210000038147 ], [ 946149.873399999924004, 1951166.191400000825524 ], [ 946167.66469999961555, 1951167.6667 ], [ 946192.464800000190735, 1951171.304099999368191 ], [ 946196.75690000038594, 1951171.981300000101328 ], [ 946235.118300000205636, 1951182.464400000870228 ], [ 946293.204599999822676, 1951096.938400000333786 ], [ 946291.458999999798834, 1951090.100199999287724 ], [ 946288.984299999661744, 1951083.375700000673532 ], [ 946286.779799999669194, 1951063.454600000753999 ], [ 946286.657399999909103, 1951061.1261 ], [ 946288.394700000062585, 1951038.045399999246001 ], [ 946288.629499999806285, 1951037.064500000327826 ], [ 946290.694299999624491, 1951032.455299999564886 ], [ 946309.721800000406802, 1950980.38370000012219 ], [ 946310.474600000306964, 1950979.0702 ], [ 946347.160899999551475, 1950933.652699999511242 ], [ 946352.344800000078976, 1950929.08699999935925 ], [ 946410.395399999804795, 1950887.834899999201298 ], [ 946412.889899999834597, 1950883.193499999120831 ], [ 946426.851099999621511, 1950854.1402000002563 ], [ 946427.434999999590218, 1950853.037599999457598 ], [ 946457.371199999935925, 1950826.039100000634789 ], [ 946627.706399999558926, 1950676.262800000607967 ], [ 946632.3432, 1950672.209699999541044 ], [ 946795.817900000140071, 1950531.306500000879169 ], [ 947045.201100000180304, 1950309.11879999935627 ], [ 947051.230499999597669, 1950303.778899999335408 ], [ 947262.277900000102818, 1950117.540699999779463 ], [ 947379.094800000078976, 1950013.511 ], [ 947620.333999999798834, 1949799.4836 ], [ 947621.030600000172853, 1949798.880100000649691 ], [ 947650.299599999561906, 1949776.163699999451637 ], [ 947727.609400000423193, 1949672.8597999997437 ], [ 947759.537800000049174, 1949626.749199999496341 ], [ 947836.057300000451505, 1949569.2467 ], [ 947898.231900000013411, 1949530.850600000470877 ], [ 947976.136599999852479, 1949486.466299999505281 ], [ 948023.934799999929965, 1949461.272600000724196 ], [ 948086.650500000454485, 1949460.671800000593066 ], [ 948100.646300000138581, 1949439.863500000908971 ], [ 948290.841000000014901, 1949397.505699999630451 ], [ 948471.328900000080466, 1949368.061300000175834 ], [ 948575.347799999639392, 1949352.396999999880791 ], [ 948578.15639999974519, 1949352.312100000679493 ], [ 948686.629700000397861, 1949360.5153 ], [ 948767.104100000113249, 1949385.860300000756979 ], [ 948767.825199999846518, 1949386.116499999538064 ], [ 948929.628200000151992, 1949458.473999999463558 ], [ 949019.640800000168383, 1949497.383600000292063 ], [ 949023.313799999654293, 1949498.193900000303984 ], [ 949120.11710000038147, 1949518.824200000613928 ], [ 949122.858799999579787, 1949519.319499999284744 ], [ 949223.190399999730289, 1949530.41469999961555 ], [ 949297.804700000211596, 1949528.890699999406934 ], [ 949299.822800000198185, 1949528.6601 ], [ 949372.920099999755621, 1949516.237999999895692 ], [ 949375.846300000324845, 1949515.732799999415874 ], [ 949450.848500000312924, 1949491.125199999660254 ], [ 949453.999800000339746, 1949489.698999999091029 ], [ 949554.933500000275671, 1949442.622500000521541 ], [ 949559.939399999566376, 1949440.306900000199676 ], [ 949586.604899999685585, 1949428.080399999395013 ], [ 949621.053700000047684, 1949407.585799999535084 ], [ 949628.07039999961853, 1949403.670099999755621 ], [ 949868.177299999631941, 1949283.7445 ], [ 949931.533499999903142, 1949253.420700000599027 ], [ 949932.900799999944866, 1949253.003699999302626 ], [ 949975.058000000193715, 1949244.063999999314547 ], [ 949976.615799999795854, 1949243.765799999237061 ], [ 950028.426900000311434, 1949247.610400000587106 ], [ 950035.268000000156462, 1949248.284 ], [ 950121.186700000427663, 1949259.725299999117851 ], [ 950123.517199999652803, 1949260.002900000661612 ], [ 950186.775999999605119, 1949264.186799999326468 ], [ 950227.884399999864399, 1949254.112999999895692 ], [ 950339.173999999649823, 1949158.038699999451637 ], [ 950469.260400000028312, 1949002.853399999439716 ], [ 950546.653800000436604, 1948850.30379999987781 ], [ 950635.1864, 1948692.110500000417233 ], [ 950644.682300000451505, 1948673.771099999547005 ], [ 950709.830599999986589, 1948547.950899999588728 ], [ 950797.461199999786913, 1948446.427500000223517 ], [ 950889.440799999982119, 1948411.045399999246001 ], [ 950936.248800000175834, 1948408.5131 ], [ 951003.920599999837577, 1948404.85219999961555 ], [ 951086.245299999602139, 1948391.85329999960959 ], [ 951139.183100000023842, 1948367.8432 ], [ 951236.371899999678135, 1948261.248999999836087 ], [ 951432.2193, 1948016.879300000146031 ], [ 951550.143000000156462, 1947871.092700000852346 ], [ 951565.088899999856949, 1947792.85050000064075 ], [ 951582.035799999721348, 1947535.35080000013113 ], [ 951613.530600000172853, 1947417.940099999308586 ], [ 951710.286100000143051, 1947230.393400000408292 ], [ 951750.563000000081956, 1947164.191500000655651 ], [ 951834.015800000168383, 1947100.938699999824166 ], [ 951927.817999999970198, 1947073.883899999782443 ], [ 951988.830599999986589, 1947061.645899999886751 ], [ 951995.859199999831617, 1947059.979399999603629 ], [ 952067.238199999555945, 1947038.3301 ], [ 952069.643299999646842, 1947037.5777000002563 ], [ 952188.559799999929965, 1946998.003799999132752 ], [ 952321.708499999716878, 1946939.031899999827147 ], [ 952323.99170000012964, 1946937.9002 ], [ 952376.14159999974072, 1946907.505799999460578 ], [ 952381.923200000077486, 1946904.436499999836087 ], [ 952437.614799999631941, 1946876.512499999254942 ], [ 952576.789900000207126, 1946805.943099999800324 ], [ 952581.236200000159442, 1946803.670399999246001 ], [ 952750.590699999593198, 1946714.308499999344349 ], [ 952937.463399999774992, 1946620.185799999162555 ], [ 952942.538200000301003, 1946617.6699 ], [ 953138.720499999821186, 1946522.22859999909997 ], [ 953223.168499999679625, 1946484.32630000077188 ], [ 953226.28940000012517, 1946482.810399999842048 ], [ 953350.967699999921024, 1946421.314300000667572 ], [ 953351.855200000107288, 1946420.899800000712276 ], [ 953471.189799999818206, 1946373.456800000742078 ], [ 953475.230700000189245, 1946372.016000000759959 ], [ 953592.547600000165403, 1946330.541400000452995 ], [ 953596.189799999818206, 1946329.322599999606609 ], [ 953742.136199999600649, 1946287.886700000613928 ], [ 953851.81209999974817, 1946264.59569999948144 ], [ 953854.298700000159442, 1946264.122600000351667 ], [ 953934.390399999916553, 1946251.214199999347329 ], [ 954026.498100000433624, 1946244.050000000745058 ], [ 954030.33600000012666, 1946243.939799999818206 ], [ 954172.097000000067055, 1946240.921599999070168 ], [ 954266.869300000369549, 1946240.5208 ], [ 954269.751899999566376, 1946241.195299999788404 ], [ 954344.971900000236928, 1946259.79079999960959 ], [ 954346.923000000417233, 1946260.120400000363588 ], [ 954405.237999999895692, 1946257.632999999448657 ], [ 954524.661899999715388, 1946266.848300000652671 ], [ 954527.482599999755621, 1946267.1733 ], [ 954620.567999999970198, 1946280.476399999111891 ], [ 954624.309399999678135, 1946281.026399999856949 ], [ 954735.513399999588728, 1946314.256100000813603 ], [ 954736.41469999961555, 1946314.57120000012219 ], [ 954903.162399999797344, 1946380.83500000089407 ], [ 954904.024500000290573, 1946381.300200000405312 ], [ 954991.721400000154972, 1946438.025399999693036 ], [ 955023.949699999764562, 1946458.917199999094009 ], [ 955031.70409999974072, 1946464.064200000837445 ], [ 955047.004099999554455, 1946474.619400000199676 ], [ 955076.948900000192225, 1946496.582900000736117 ], [ 955135.071600000374019, 1946542.828299999237061 ], [ 955192.469499999657273, 1946590.017100000753999 ], [ 955221.520899999886751, 1946613.164899999275804 ], [ 955236.235299999825656, 1946624.492900000885129 ], [ 955248.477900000289083, 1946633.434800000861287 ], [ 955296.955299999564886, 1946662.887499999254942 ], [ 955346.253700000233948, 1946686.887800000607967 ], [ 955396.778699999675155, 1946710.352 ], [ 955421.505300000309944, 1946722.816500000655651 ], [ 955528.097400000318885, 1946787.538799999281764 ], [ 955530.936200000345707, 1946789.403000000864267 ], [ 955630.824099999852479, 1946856.639699999243021 ], [ 955653.795400000177324, 1946867.994000000879169 ], [ 955656.712500000372529, 1946869.53800000064075 ], [ 955691.347299999557436, 1946889.927300000563264 ], [ 955692.580500000156462, 1946890.620500000193715 ], [ 955760.159699999727309, 1946925.550100000575185 ], [ 955786.924700000323355, 1946939.7533 ], [ 955790.694299999624491, 1946941.832599999383092 ], [ 955836.465400000102818, 1946971.7993 ], [ 955841.343500000424683, 1946975.572000000625849 ], [ 955887.172899999655783, 1947014.645099999383092 ], [ 955947.106100000441074, 1947068.7179000005126 ], [ 955948.944500000216067, 1947070.4276 ], [ 955983.356999999843538, 1947113.059599999338388 ], [ 955986.689299999736249, 1947117.530200000852346 ], [ 956010.866799999959767, 1947156.61769999936223 ], [ 956011.642400000244379, 1947157.723200000822544 ], [ 956047.377500000409782, 1947199.058700000867248 ], [ 956065.687199999578297, 1947224.912200000137091 ], [ 956067.934100000187755, 1947228.268999999389052 ], [ 956085.422899999655783, 1947263.333399999886751 ], [ 956115.737999999895692, 1947340.224199999123812 ], [ 956117.297500000335276, 1947342.135199999436736 ], [ 956166.634399999864399, 1947398.023299999535084 ], [ 956168.072300000116229, 1947399.625099999830127 ], [ 956202.847099999897182, 1947435.167899999767542 ], [ 956206.47690000012517, 1947439.17710000090301 ], [ 956240.666799999773502, 1947481.290500000119209 ], [ 956283.26549999974668, 1947533.285700000822544 ], [ 956331.440100000239909, 1947579.19370000064373 ], [ 956374.353799999691546, 1947618.881899999454618 ], [ 956375.920699999667704, 1947620.302999999374151 ], [ 956457.286999999545515, 1947684.038799999281764 ], [ 956460.767500000074506, 1947686.2796 ], [ 956558.097900000400841, 1947748.14159999974072 ], [ 956561.036199999973178, 1947749.915400000289083 ], [ 956679.278800000436604, 1947811.806800000369549 ], [ 956733.122600000351667, 1947840.951199999079108 ], [ 956734.788499999791384, 1947842.171900000423193 ], [ 956804.276100000366569, 1947901.542099999263883 ], [ 956828.811900000087917, 1947927.082800000905991 ], [ 956832.923200000077486, 1947931.419299999251962 ], [ 956906.494300000369549, 1948010.630400000140071 ], [ 956909.995199999772012, 1948014.840399999171495 ], [ 956926.711500000208616, 1948038.023199999704957 ], [ 956991.461900000460446, 1948125.917700000107288 ], [ 956996.861399999819696, 1948133.806099999696016 ], [ 957002.927899999544024, 1948143.020600000396371 ], [ 957003.342299999669194, 1948143.878100000321865 ], [ 957021.194099999964237, 1948183.31870000064373 ], [ 957030.434899999760091, 1948199.243899999186397 ], [ 957031.482900000177324, 1948200.847699999809265 ], [ 957038.497999999672174, 1948207.977900000289083 ], [ 957042.137600000016391, 1948211.947200000286102 ], [ 957048.414200000464916, 1948221.2105 ], [ 957068.460799999535084, 1948271.1656 ], [ 957069.037499999627471, 1948272.46199999935925 ], [ 957092.61710000038147, 1948321.378900000825524 ], [ 957142.405299999751151, 1948411.581599999219179 ], [ 957143.778900000266731, 1948414.2533 ], [ 957191.138700000010431, 1948508.347300000488758 ], [ 957215.146499999798834, 1948558.8213 ], [ 957218.106100000441074, 1948564.653400000184774 ], [ 957251.959300000220537, 1948624.391699999570847 ], [ 957255.146999999880791, 1948629.8629 ], [ 957279.769399999640882, 1948671.786800000816584 ], [ 957342.141900000162423, 1948790.1722 ], [ 957345.230000000447035, 1948795.70380000025034 ], [ 957359.575799999758601, 1948820.591700000688434 ], [ 957375.112800000235438, 1948847.54619999974966 ], [ 957376.051699999719858, 1948849.290500000119209 ], [ 957405.202399999834597, 1948904.45549999922514 ], [ 957406.121000000275671, 1948906.140000000596046 ], [ 957432.616399999707937, 1948944.985200000926852 ], [ 957435.577499999664724, 1948949.187999999150634 ], [ 957465.147099999710917, 1948989.026499999687076 ], [ 957466.022499999962747, 1948990.131400000303984 ], [ 957502.429100000299513, 1949031.793099999427795 ], [ 957510.204199999570847, 1949038.979399999603629 ], [ 957512.091599999926984, 1949040.528799999505281 ], [ 957566.54619999974966, 1949081.215399999171495 ], [ 957570.891099999658763, 1949084.351199999451637 ], [ 957603.770800000056624, 1949107.438500000163913 ], [ 957684.935700000263751, 1949165.217499999329448 ], [ 957768.526800000108778, 1949224.343000000342727 ], [ 957837.315499999560416, 1949283.876700000837445 ], [ 957840.321100000292063, 1949287.029500000178814 ], [ 957858.110000000335276, 1949307.00789999961853 ], [ 957882.031299999915063, 1949324.074999999254942 ], [ 957885.182199999690056, 1949326.3574 ], [ 957923.818199999630451, 1949354.862299999222159 ], [ 957925.44440000038594, 1949356.133099999278784 ], [ 957995.498300000093877, 1949452.237999999895692 ], [ 958045.660299999639392, 1949420.332699999213219 ], [ 958268.839200000278652, 1949318.862500000745058 ], [ 958265.710099999792874, 1949309.42259999923408 ], [ 958263.525700000114739, 1949297.158700000494719 ], [ 958262.30489999987185, 1949283.769999999552965 ], [ 958263.233099999837577, 1949275.968000000342727 ], [ 958266.046400000341237, 1949265.516799999400973 ], [ 958269.591400000266731, 1949255.411599999293685 ], [ 958275.338899999856949, 1949244.015100000426173 ], [ 958276.62459999974817, 1949239.519999999552965 ], [ 958282.659699999727309, 1949223.893999999389052 ], [ 958287.260200000368059, 1949216.762299999594688 ], [ 958300.426199999637902, 1949203.727600000798702 ], [ 958302.694299999624491, 1949201.616499999538064 ], [ 958327.450799999758601, 1949187.630899999290705 ], [ 958331.222500000149012, 1949186.331399999558926 ], [ 958375.11780000012368, 1949175.353399999439716 ], [ 958377.624900000169873, 1949174.9803 ], [ 958473.410199999809265, 1949162.038599999621511 ], [ 958476.886199999600649, 1949161.530500000342727 ], [ 958632.280199999921024, 1949128.061300000175834 ], [ 958635.584300000220537, 1949127.174100000411272 ], [ 958811.561700000427663, 1949078.801799999549985 ], [ 958889.777099999599159, 1949053.297900000587106 ], [ 958891.802899999544024, 1949052.667400000616908 ], [ 958963.421799999661744, 1949031.116800000891089 ], [ 958970.754999999888241, 1949028.448999999091029 ], [ 959037.14740000013262, 1949001.5482 ], [ 959149.004099999554455, 1948956.013900000602007 ], [ 959587.943900000303984, 1948777.630400000140071 ], [ 959698.88370000012219, 1948728.842299999669194 ], [ 959811.475499999709427, 1948693.810200000181794 ], [ 959814.389899999834597, 1948692.965099999681115 ], [ 959913.764899999834597, 1948665.130200000479817 ], [ 959917.537800000049174, 1948664.050699999555945 ], [ 960066.367600000463426, 1948614.2226 ], [ 960177.128100000321865, 1948576.9211 ], [ 960327.061700000427663, 1948527.8969 ], [ 960413.654799999669194, 1948498.810100000351667 ], [ 960415.989699999801815, 1948497.998099999502301 ], [ 960506.205900000408292, 1948465.963199999183416 ], [ 960575.852400000207126, 1948434.387000000104308 ], [ 960579.433199999853969, 1948432.908600000664592 ], [ 960716.086099999956787, 1948377.147299999371171 ], [ 960835.796099999919534, 1948327.16330000013113 ], [ 960901.471099999733269, 1948298.79700000025332 ], [ 960902.926799999549985, 1948298.079500000923872 ], [ 960930.458899999968708, 1948275.912399999797344 ], [ 960994.229799999855459, 1948221.7226 ], [ 961025.724600000306964, 1948194.959599999710917 ], [ 961027.924899999983609, 1948193.298599999397993 ], [ 961102.20990000013262, 1948142.8651 ], [ 961167.171000000089407, 1948094.829900000244379 ], [ 961170.348600000143051, 1948092.713899999856949 ], [ 961273.567999999970198, 1948024.414300000295043 ], [ 961276.197300000116229, 1948022.56110000051558 ], [ 961265.082700000144541, 1948007.645500000566244 ], [ 961255.278900000266731, 1948011.905799999833107 ], [ 961246.198599999770522, 1947999.848400000482798 ], [ 961246.402900000102818, 1947998.787699999287724 ], [ 961257.654400000348687, 1947990.431399999186397 ], [ 961256.294900000095367, 1947988.52930000051856 ], [ 961247.6402000002563, 1947977.5592 ], [ 961245.869199999608099, 1947975.35950000025332 ], [ 961234.745299999602139, 1947979.476700000464916 ], [ 961233.645800000056624, 1947979.492499999701977 ], [ 961226.549399999901652, 1947970.203600000590086 ], [ 961227.462700000032783, 1947969.009199999272823 ], [ 961238.464900000020862, 1947958.854900000616908 ], [ 961230.48369999974966, 1947946.731799999251962 ], [ 961230.134800000116229, 1947945.0143 ], [ 961268.405299999751151, 1947923.280300000682473 ], [ 961270.483099999837577, 1947923.019300000742078 ], [ 961277.396200000308454, 1947933.558800000697374 ], [ 961278.911899999715388, 1947932.841 ], [ 961287.1557, 1947928.499099999666214 ], [ 961288.751000000163913, 1947927.710899999365211 ], [ 961296.353600000031292, 1947938.206700000911951 ], [ 961296.518899999558926, 1947939.235500000417233 ], [ 961286.573800000362098, 1947947.015100000426173 ], [ 961287.533699999563396, 1947948.949300000444055 ], [ 961298.268899999558926, 1947965.826099999248981 ], [ 961303.683899999596179, 1947963.388399999588728 ], [ 961308.102900000289083, 1947961.635600000619888 ], [ 961315.882500000298023, 1947971.580700000748038 ], [ 961315.627700000070035, 1947972.5417 ], [ 961307.884600000455976, 1947980.84940000064671 ], [ 961309.095900000073016, 1947983.072200000286102 ], [ 961315.604299999773502, 1947994.603399999439716 ], [ 961317.043899999931455, 1947996.505100000649691 ], [ 961367.004700000397861, 1947966.222500000149012 ], [ 961366.782300000078976, 1947965.763900000602007 ], [ 961361.070199999958277, 1947955.497899999842048 ], [ 961355.877700000070035, 1947954.645700000226498 ], [ 961349.705599999986589, 1947953.79869999922812 ], [ 961343.644899999722838, 1947938.106799999251962 ], [ 961343.605299999937415, 1947936.287699999287724 ], [ 961368.514999999664724, 1947922.901000000536442 ], [ 961370.128899999894202, 1947923.762199999764562 ], [ 961380.453099999576807, 1947940.421299999579787 ], [ 961378.922600000165403, 1947942.118699999526143 ], [ 961371.238900000229478, 1947950.306099999696016 ], [ 961371.388500000350177, 1947954.034 ], [ 961375.885900000110269, 1947961.437300000339746 ], [ 961464.51410000026226, 1947914.536699999123812 ], [ 961467.824199999682605, 1947912.909800000488758 ], [ 961620.034199999645352, 1947840.702600000426173 ], [ 961736.151899999938905, 1947788.158800000324845 ], [ 961738.017, 1947787.369200000539422 ], [ 961787.790300000458956, 1947767.013900000602007 ], [ 961789.515999999828637, 1947766.324999999254942 ], [ 961869.480200000107288, 1947736.963400000706315 ], [ 961937.375500000081956, 1947714.52309999987483 ], [ 961939.111999999731779, 1947713.974099999293685 ], [ 961998.608599999919534, 1947696.836100000888109 ], [ 962127.518099999986589, 1947670.164799999445677 ], [ 962130.962700000032783, 1947669.376800000667572 ], [ 962256.435899999924004, 1947639.375 ], [ 962383.609600000083447, 1947609.563999999314547 ], [ 962508.213600000366569, 1947583.435200000181794 ], [ 962514.85219999961555, 1947581.740800000727177 ], [ 962554.934999999590218, 1947570.053400000557303 ], [ 962638.9046, 1947555.275100000202656 ], [ 962691.983599999919534, 1947545.698100000619888 ], [ 962698.455900000408292, 1947544.694299999624491 ], [ 962765.6402000002563, 1947535.262700000777841 ], [ 962767.367999999783933, 1947534.9737 ], [ 962822.713800000026822, 1947524.954900000244379 ], [ 962824.651300000026822, 1947524.624800000339746 ], [ 962885.238800000399351, 1947519.096599999815226 ], [ 962893.705500000156462, 1947519.081900000572205 ], [ 963129.3284, 1947542.42710000090301 ], [ 963244.129900000058115, 1947552.956199999898672 ], [ 963361.048200000077486, 1947563.034099999815226 ], [ 963401.206000000238419, 1947567.420099999755621 ], [ 963490.428000000305474, 1947572.386499999091029 ], [ 963547.953200000338256, 1947577.560399999842048 ], [ 963554.314600000157952, 1947578.286399999633431 ], [ 963616.790900000371039, 1947587.802500000223517 ], [ 963618.352300000376999, 1947588.20409999974072 ], [ 963667.072399999946356, 1947610.68779999949038 ], [ 963718.541699999943376, 1947635.106300000101328 ], [ 963733.153699999675155, 1947644.105599999427795 ], [ 963734.490199999883771, 1947645.437999999150634 ], [ 963748.134499999694526, 1947660.480100000277162 ], [ 963750.404000000096858, 1947664.3366 ], [ 963761.74239999987185, 1947683.779200000688434 ], [ 963763.800400000065565, 1947687.326899999752641 ], [ 963776.57880000025034, 1947714.4189 ], [ 963777.729100000113249, 1947716.451999999582767 ], [ 963783.93099999986589, 1947722.94679999910295 ], [ 963787.433899999596179, 1947727.536499999463558 ], [ 963795.257699999958277, 1947742.049499999731779 ], [ 963798.422199999913573, 1947748.810200000181794 ], [ 963803.638799999840558, 1947761.79759999923408 ], [ 963804.599299999885261, 1947763.831800000742078 ], [ 963819.012799999676645, 1947784.477600000798702 ], [ 963821.110000000335276, 1947785.98589999973774 ], [ 963841.429299999959767, 1947796.794299999251962 ], [ 963874.769100000150502, 1947812.412000000476837 ], [ 963875.560999999754131, 1947812.8476 ], [ 963894.150399999693036, 1947829.193099999800324 ], [ 963895.769000000320375, 1947830.943900000303984 ], [ 963904.581799999810755, 1947843.472500000149012 ], [ 963908.958399999886751, 1947850.706499999389052 ], [ 963918.285799999721348, 1947871.709100000560284 ], [ 963935.695299999788404, 1947899.3564 ], [ 963937.771499999798834, 1947902.564099999144673 ], [ 963958.903099999763072, 1947932.780899999663234 ], [ 963959.648199999704957, 1947933.796499999240041 ], [ 963999.756199999712408, 1947979.846599999815226 ], [ 964036.088700000196695, 1948013.221699999645352 ], [ 964037.495299999602139, 1948014.573799999430776 ], [ 964112.723600000143051, 1948089.717000000178814 ], [ 964161.037899999879301, 1948133.754599999636412 ], [ 964162.655600000172853, 1948135.335400000214577 ], [ 964224.178000000305474, 1948197.01630000025034 ], [ 964264.554299999959767, 1948238.966600000858307 ], [ 964265.39740000013262, 1948239.631999999284744 ], [ 964288.319199999794364, 1948256.754100000485778 ], [ 964292.350599999539554, 1948257.312599999830127 ], [ 964297.03000000026077, 1948257.547800000756979 ], [ 964309.791299999691546, 1948260.629100000485778 ], [ 964311.523400000296533, 1948261.139799999073148 ], [ 964329.161399999633431, 1948271.502499999478459 ], [ 964331.216599999926984, 1948272.621200000867248 ], [ 964351.604700000025332, 1948283.229299999773502 ], [ 964352.907100000418723, 1948283.762199999764562 ], [ 964400.337500000372529, 1948302.424200000241399 ], [ 964401.890300000086427, 1948303.0757 ], [ 964445.306800000369549, 1948330.1557 ], [ 964449.600999999791384, 1948333.151900000870228 ], [ 964482.480999999679625, 1948362.03690000064671 ], [ 964483.54619999974966, 1948363.090800000354648 ], [ 964532.516499999910593, 1948419.689999999478459 ], [ 964558.826999999582767, 1948459.525499999523163 ], [ 964559.420800000429153, 1948460.2820999994874 ], [ 964578.464399999938905, 1948481.263299999758601 ], [ 964582.009899999946356, 1948484.453299999237061 ], [ 964622.19400000013411, 1948518.417700000107288 ], [ 964623.709400000050664, 1948519.529200000688434 ], [ 964670.187400000169873, 1948552.800599999725819 ], [ 964671.712199999950826, 1948553.8421 ], [ 964738.78870000038296, 1948594.002000000327826 ], [ 964775.649799999780953, 1948623.375700000673532 ], [ 964776.534199999645352, 1948624.250600000843406 ], [ 964805.972799999639392, 1948662.07039999961853 ], [ 964817.075500000268221, 1948678.535299999639392 ], [ 964818.447800000198185, 1948680.957100000232458 ], [ 964831.570000000298023, 1948718.2533 ], [ 964832.474799999967217, 1948721.11739999987185 ], [ 964838.564299999736249, 1948742.277000000700355 ], [ 964858.695000000298023, 1948817.631400000303984 ], [ 964868.851099999621511, 1948849.775399999693036 ], [ 964869.267500000074506, 1948851.002699999138713 ], [ 964917.092000000178814, 1948921.542500000447035 ], [ 964918.91330000013113, 1948923.80210000090301 ], [ 965002.950100000016391, 1949020.120400000363588 ], [ 965037.753800000064075, 1949064.938999999314547 ], [ 965049.63399999961257, 1949082.879200000315905 ], [ 965091.542200000025332, 1949123.401900000870228 ], [ 965135.477900000289083, 1949169.301799999549985 ], [ 965136.402400000020862, 1949170.206599999219179 ], [ 965154.273199999704957, 1949182.997199999168515 ], [ 965157.423600000329316, 1949185.209599999710917 ], [ 965198.629700000397861, 1949213.9506 ], [ 965199.794200000353158, 1949214.893999999389052 ], [ 965242.651200000196695, 1949251.493200000375509 ], [ 965275.253200000151992, 1949284.507999999448657 ], [ 965278.700500000268221, 1949288.0285 ], [ 965304.603699999861419, 1949315.120999999344349 ], [ 965308.181499999947846, 1949318.720599999651313 ], [ 965339.856399999931455, 1949350.341 ], [ 965357.092299999669194, 1949362.165200000628829 ], [ 965359.559700000099838, 1949363.761499999091029 ], [ 965389.879800000227988, 1949377.315899999812245 ], [ 965393.54590000025928, 1949378.745999999344349 ], [ 965431.472799999639392, 1949392.290200000628829 ], [ 965432.554800000041723, 1949392.734200000762939 ], [ 965468.340800000354648, 1949407.82909999974072 ], [ 965469.473000000230968, 1949408.332900000736117 ], [ 965471.499499999918044, 1949419.167999999597669 ], [ 965457.135400000028312, 1949462.7171 ], [ 965456.505499999970198, 1949464.559800000861287 ], [ 965450.475599999539554, 1949477.406700000166893 ], [ 965439.632799999788404, 1949491.188699999824166 ], [ 965437.804299999959767, 1949493.247600000351667 ], [ 965416.884200000204146, 1949503.034399999305606 ], [ 965415.032100000418723, 1949504.38370000012219 ], [ 965399.923000000417233, 1949518.578199999406934 ], [ 965400.942099999636412, 1949520.382099999114871 ], [ 965441.265800000168383, 1949584.514000000432134 ], [ 965442.606800000183284, 1949586.696000000461936 ], [ 965496.508899999782443, 1949685.572599999606609 ], [ 965524.658900000154972, 1949731.116100000217557 ], [ 965525.3761, 1949732.5318 ], [ 965550.406200000084937, 1949796.754599999636412 ], [ 965575.707299999892712, 1949891.45409999974072 ], [ 965576.170699999667704, 1949894.040699999779463 ], [ 965589.332600000314415, 1949984.196100000292063 ], [ 965589.840099999681115, 1949987.542099999263883 ], [ 965612.559999999590218, 1950085.614 ], [ 965613.818099999800324, 1950089.126000000163913 ], [ 965652.510800000280142, 1950194.540500000119209 ], [ 965692.5784, 1950301.007400000467896 ], [ 965703.199599999934435, 1950328.470499999821186 ], [ 965703.737499999813735, 1950329.997099999338388 ], [ 965733.713800000026822, 1950416.545 ], [ 965745.531499999575317, 1950445.341299999505281 ], [ 965747.145299999974668, 1950449.950999999418855 ], [ 965768.481999999843538, 1950530.287000000476837 ], [ 965770.212700000032783, 1950536.215600000694394 ], [ 965783.454300000332296, 1950579.06900000013411 ], [ 965785.626699999906123, 1950583.47580000013113 ], [ 965795.902900000102818, 1950604.303300000727177 ], [ 965797.731599999591708, 1950607.952199999243021 ], [ 965813.768299999646842, 1950636.8662 ], [ 965815.087899999693036, 1950638.768500000238419 ], [ 965821.730499999597669, 1950643.531500000506639 ], [ 965826.126500000245869, 1950646.886900000274181 ], [ 965838.876699999906123, 1950657.295399999246001 ], [ 965844.686700000427663, 1950663.402300000190735 ], [ 965855.645499999634922, 1950677.209000000730157 ], [ 965857.096599999815226, 1950679.420499999076128 ], [ 965866.196899999864399, 1950704.702600000426173 ], [ 965867.25800000037998, 1950708.7654 ], [ 965876.416000000201166, 1950746.862199999392033 ], [ 965880.582399999722838, 1950786.194900000467896 ], [ 965881.132299999706447, 1950791.879799999296665 ], [ 965883.770499999634922, 1950857.880200000479817 ], [ 965883.955099999904633, 1950864.426699999719858 ], [ 965884.632699999958277, 1950900.908500000834465 ], [ 965903.921799999661744, 1950900.371799999848008 ], [ 965903.946299999952316, 1950900.371099999174476 ], [ 965939.461099999956787, 1950898.622500000521541 ], [ 965939.4852, 1950898.620799999684095 ], [ 965996.441800000146031, 1950894.446100000292063 ], [ 966015.453300000168383, 1950893.035199999809265 ], [ 966015.489699999801815, 1950893.032400000840425 ], [ 966017.815100000239909, 1950892.985300000756979 ], [ 966017.839599999599159, 1950892.984999999403954 ], [ 966052.981700000353158, 1950997.136800000444055 ], [ 966200.172199999913573, 1951188.003100000321865 ], [ 966203.364400000311434, 1951192.203600000590086 ], [ 966205.826500000432134, 1951193.939899999648333 ], [ 966214.594899999909103, 1951201.045700000599027 ], [ 966239.043700000271201, 1951219.721799999475479 ], [ 966256.029799999669194, 1951233.033600000664592 ], [ 966290.331600000150502, 1951259.965299999341369 ], [ 966298.925699999555945, 1951266.636099999770522 ], [ 966307.94510000012815, 1951273.772600000724196 ], [ 966322.829199999570847, 1951285.409199999645352 ], [ 966354.259999999776483, 1951309.857100000604987 ], [ 966375.134999999776483, 1951326.241100000217557 ], [ 966398.677099999971688, 1951344.54619999974966 ], [ 966413.091199999675155, 1951355.965399999171495 ], [ 966417.670199999585748, 1951359.501700000837445 ], [ 966422.720300000160933, 1951363.286499999463558 ], [ 966447.66260000038892, 1951383.802300000563264 ], [ 966701.190700000151992, 1951636.8925 ], [ 966951.506099999882281, 1951782.195800000801682 ], [ 966975.948599999770522, 1951796.685599999502301 ], [ 967011.485700000077486, 1951817.926899999380112 ], [ 967094.907200000248849, 1951867.9331 ], [ 967154.478099999949336, 1951903.51039999909699 ], [ 967201.779900000430644, 1951931.184800000861287 ], [ 967262.581600000150502, 1951954.354299999773502 ], [ 967372.428199999965727, 1951998.192600000649691 ], [ 967401.797799999825656, 1952010.002100000157952 ], [ 967452.553399999625981, 1952030.411000000312924 ], [ 967503.216699999757111, 1952050.134700000286102 ], [ 967587.234000000171363, 1952083.019300000742078 ], [ 967630.545099999755621, 1952100.470799999311566 ], [ 967656.642400000244379, 1952110.560900000855327 ], [ 967673.662999999709427, 1952117.14159999974072 ], [ 967702.038900000043213, 1952128.205800000578165 ], [ 967743.986499999649823, 1952135.886299999430776 ], [ 967791.665000000037253, 1952143.536299999803305 ], [ 967836.028900000266731, 1952150.704 ], [ 967890.980999999679625, 1952160.159900000318885 ], [ 967949.103500000201166, 1952169.909800000488758 ], [ 968002.44440000038594, 1952179.216199999675155 ], [ 968202.0296, 1952178.658299999311566 ], [ 968202.053999999538064, 1952178.65819999948144 ], [ 968701.829599999822676, 1952177.319599999114871 ], [ 968701.854000000283122, 1952177.319499999284744 ], [ 968703.116899999789894, 1952177.316199999302626 ], [ 968998.91440000012517, 1952176.555299999192357 ], [ 969202.040400000289083, 1952326.794700000435114 ], [ 969374.955400000326335, 1952456.466199999675155 ], [ 969533.026399999856949, 1952575.005599999800324 ], [ 969702.774799999780953, 1952675.409 ], [ 970052.317400000058115, 1952973.533099999651313 ], [ 970107.469100000336766, 1953016.997199999168515 ], [ 970155.160799999721348, 1953054.582000000402331 ], [ 970203.717400000430644, 1953092.527599999681115 ], [ 970574.765599999576807, 1953340.337500000372529 ], [ 970574.790000000037253, 1953340.337600000202656 ], [ 970704.566899999976158, 1953341.741800000891089 ], [ 970704.591300000436604, 1953341.74210000038147 ], [ 970742.56940000038594, 1953342.163899999111891 ], [ 970742.579900000244379, 1953342.163799999281764 ], [ 970742.589399999938905, 1953342.120999999344349 ], [ 970743.545699999667704, 1953342.132200000807643 ], [ 970731.718100000172853, 1953338.627900000661612 ], [ 970707.201399999670684, 1953333.649599999189377 ], [ 970701.928299999795854, 1953332.6579 ], [ 970677.315899999812245, 1953328.509800000116229 ], [ 970675.834499999880791, 1953328.117799999192357 ], [ 970650.786399999633431, 1953320.963199999183416 ], [ 970649.584599999710917, 1953320.529699999839067 ], [ 970637.602900000289083, 1953311.766699999570847 ], [ 970636.659300000406802, 1953311.001900000497699 ], [ 970628.133200000040233, 1953275.221100000664592 ], [ 970620.490699999965727, 1953264.7456 ], [ 970618.168399999849498, 1953262.238900000229478 ], [ 970600.200199999846518, 1953251.808199999853969 ], [ 970598.937400000169873, 1953251.185000000521541 ], [ 970566.300599999725819, 1953238.042899999767542 ], [ 970551.718100000172853, 1953230.823000000789762 ], [ 970548.882299999706447, 1953229.508500000461936 ], [ 970537.291899999603629, 1953224.7917 ], [ 970536.107400000095367, 1953223.848300000652671 ], [ 970515.352400000207126, 1953206.255100000649691 ], [ 970514.096800000406802, 1953205.10219999961555 ], [ 970489.203200000338256, 1953179.903899999335408 ], [ 970484.849499999545515, 1953175.108799999579787 ], [ 970467.519999999552965, 1953155.018400000408292 ], [ 970452.736999999731779, 1953138.253200000151992 ], [ 970449.258100000210106, 1953134.423100000247359 ], [ 970434.185200000181794, 1953119.518799999728799 ], [ 970430.684000000357628, 1953117.148199999704957 ], [ 970421.998700000345707, 1953111.736300000920892 ], [ 970417.615600000135601, 1953108.930600000545382 ], [ 970402.430800000205636, 1953084.230699999257922 ], [ 970393.587299999780953, 1953069.683199999853969 ], [ 970385.43099999986589, 1953058.460699999704957 ], [ 970383.104600000195205, 1953055.1743 ], [ 970373.14740000013262, 1953037.9539 ], [ 970370.091699999757111, 1953034.771199999377131 ], [ 970355.078999999910593, 1953021.8158 ], [ 970336.191700000315905, 1953005.812000000849366 ], [ 970332.184700000099838, 1953002.30460000038147 ], [ 970318.810399999842048, 1952989.1706000007689 ], [ 970317.755099999718368, 1952988.0866 ], [ 970292.68709999974817, 1952962.059499999508262 ], [ 970290.988699999637902, 1952960.32909999974072 ], [ 970266.980700000189245, 1952940.034099999815226 ], [ 970263.054800000041723, 1952936.726199999451637 ], [ 970250.002299999818206, 1952925.849600000306964 ], [ 970221.478900000452995, 1952904.198999999091029 ], [ 970220.104100000113249, 1952903.206700000911951 ], [ 970197.348899999633431, 1952887.303400000557303 ], [ 970195.783900000154972, 1952886.24210000038147 ], [ 970162.861899999901652, 1952866.414100000634789 ], [ 970086.635900000110269, 1952819.965800000354648 ], [ 970084.389999999664724, 1952818.688100000843406 ], [ 970055.947100000455976, 1952802.80489999987185 ], [ 970054.502500000409782, 1952801.8429000005126 ], [ 970030.724899999797344, 1952783.516000000759959 ], [ 970028.958700000308454, 1952782.215800000354648 ], [ 969976.367999999783933, 1952747.967499999329448 ], [ 969918.874099999666214, 1952714.644899999722838 ], [ 969878.988300000317395, 1952691.695000000298023 ], [ 969875.267699999734759, 1952689.425599999725819 ], [ 969784.004700000397861, 1952632.960699999704957 ], [ 969782.901200000196695, 1952632.2368 ], [ 969709.759399999864399, 1952583.023199999704957 ], [ 969620.885300000198185, 1952518.988600000739098 ], [ 969617.4545, 1952516.677699999883771 ], [ 969573.426400000229478, 1952487.3322 ], [ 969571.370099999941885, 1952485.993599999696016 ], [ 969539.464700000360608, 1952465.600400000810623 ], [ 969537.237800000235438, 1952464.142799999564886 ], [ 969479.318900000303984, 1952424.174900000914931 ], [ 969455.079900000244379, 1952403.6612 ], [ 969428.231900000013411, 1952379.392899999395013 ], [ 969426.694099999964237, 1952377.8015 ], [ 969398.332600000314415, 1952347.093699999153614 ], [ 969394.217299999669194, 1952342.007400000467896 ], [ 969379.863599999807775, 1952323.240800000727177 ], [ 969364.334099999628961, 1952303.280799999833107 ], [ 969362.164599999785423, 1952297.54450000077486 ], [ 969362.38219999987632, 1952259.308299999684095 ], [ 969362.160400000400841, 1952234.409199999645352 ], [ 969362.183100000023842, 1952233.019600000232458 ], [ 969364.317300000227988, 1952209.39750000089407 ], [ 969364.504700000397861, 1952205.148199999704957 ], [ 969364.592699999921024, 1952187.774599999189377 ], [ 969362.503100000321865, 1952180.128599999472499 ], [ 969361.915400000289083, 1952178.642300000414252 ], [ 969358.207299999892712, 1952180.61119999922812 ], [ 969357.960400000214577, 1952181.182299999520183 ], [ 969351.656600000336766, 1952214.002800000831485 ], [ 969348.481300000101328, 1952241.119000000879169 ], [ 969347.7796, 1952246.410599999129772 ], [ 969344.509800000116229, 1952266.989900000393391 ], [ 969340.750799999572337, 1952270.678300000727177 ], [ 969339.51630000025034, 1952271.624500000849366 ], [ 969335.38370000012219, 1952270.8267 ], [ 969327.614799999631941, 1952268.578700000420213 ], [ 969311.996500000357628, 1952260.194599999114871 ], [ 969276.552000000141561, 1952218.938300000503659 ], [ 969274.873499999754131, 1952217.19789999909699 ], [ 969248.395499999634922, 1952191.058199999853969 ], [ 969246.828099999576807, 1952189.527100000530481 ], [ 969214.681900000199676, 1952159.549000000581145 ], [ 969194.961199999786913, 1952140.940500000491738 ], [ 969190.773699999786913, 1952137.324100000783801 ], [ 969171.343399999663234, 1952122.612700000405312 ], [ 969169.798999999649823, 1952121.651200000196695 ], [ 969143.385099999606609, 1952105.747199999168515 ], [ 969141.871000000275671, 1952104.845599999651313 ], [ 969114.157700000330806, 1952088.958499999716878 ], [ 969112.032200000248849, 1952087.760199999436736 ], [ 969067.740000000223517, 1952068.961899999529123 ], [ 969011.60329999960959, 1952048.426999999210238 ], [ 969010.572399999946356, 1952048.192600000649691 ], [ 969001.482300000265241, 1952047.480900000780821 ], [ 968987.720300000160933, 1952051.7820999994874 ], [ 968982.425200000405312, 1952054.20920000039041 ], [ 968980.373300000093877, 1952055.579500000923872 ], [ 968970.115799999795854, 1952064.730200000107288 ], [ 968962.459800000302494, 1952070.598500000312924 ], [ 968960.169099999591708, 1952072.179999999701977 ], [ 968946.709999999962747, 1952075.140000000596046 ], [ 968943.889899999834597, 1952074.925000000745058 ], [ 968931.621199999935925, 1952072.36089999973774 ], [ 968918.347599999979138, 1952068.8125 ], [ 968915.355499999597669, 1952068.198699999600649 ], [ 968903.230100000277162, 1952068.172800000756979 ], [ 968901.462600000202656, 1952068.521999999880791 ], [ 968895.522699999623001, 1952069.982899999246001 ], [ 968883.708899999968708, 1952072.174499999731779 ], [ 968880.824900000356138, 1952073.089400000870228 ], [ 968865.345300000160933, 1952079.5888 ], [ 968851.692300000227988, 1952083.679500000551343 ], [ 968847.43099999986589, 1952085.011499999091029 ], [ 968812.259600000455976, 1952097.272900000214577 ], [ 968179.761199999600649, 1952130.317099999636412 ], [ 968031.200000000186265, 1952102.134199999272823 ], [ 968028.966799999587238, 1952101.3564 ], [ 968027.985000000335276, 1952100.9518 ], [ 967868.801699999719858, 1952033.800200000405312 ], [ 967864.913900000043213, 1952032.0515 ], [ 967769.067599999718368, 1951978.4496 ], [ 967704.946000000461936, 1951945.10190000012517 ], [ 967641.020700000226498, 1951911.043400000780821 ], [ 967634.723899999633431, 1951907.408099999651313 ], [ 967577.953700000420213, 1951872.951999999582767 ], [ 967498.152599999681115, 1951821.524299999698997 ], [ 967495.594800000078976, 1951819.85840000025928 ], [ 967394.831799999810755, 1951749.539000000804663 ], [ 967348.659599999897182, 1951717.375900000333786 ], [ 967347.2648, 1951716.373700000345707 ], [ 967286.091199999675155, 1951669.615599999204278 ], [ 967260.574400000274181, 1951649.448400000110269 ], [ 967256.719700000248849, 1951646.369999999180436 ], [ 967193.933100000023842, 1951595.152100000530481 ], [ 967188.081000000238419, 1951590.55489999987185 ], [ 967138.769600000232458, 1951552.64049999974668 ], [ 967136.550300000235438, 1951550.743000000715256 ], [ 967071.007500000298023, 1951494.3618 ], [ 967069.239900000393391, 1951492.801599999889731 ], [ 967030.99170000012964, 1951454.428999999538064 ], [ 967026.679999999701977, 1951450.003499999642372 ], [ 966982.622100000269711, 1951403.694700000807643 ], [ 966981.54619999974966, 1951402.510700000450015 ], [ 966945.789900000207126, 1951360.896099999547005 ], [ 966910.260900000110269, 1951314.981899999082088 ], [ 966905.6398, 1951308.778899999335408 ], [ 966850.988300000317395, 1951228.879000000655651 ], [ 966849.124499999918044, 1951226.13990000076592 ], [ 966788.946800000034273, 1951131.4551 ], [ 966707.638399999588728, 1950995.3581000007689 ], [ 966705.973399999551475, 1950992.408099999651313 ], [ 966688.044400000013411, 1950945.921 ], [ 966685.580799999646842, 1950941.275800000876188 ], [ 966656.413200000301003, 1950899.886199999600649 ], [ 966655.292899999767542, 1950897.8629 ], [ 966609.040699999779463, 1950807.102900000289083 ], [ 966607.232400000095367, 1950803.523800000548363 ], [ 966595.987499999813735, 1950762.0793999992311 ], [ 966593.795300000347197, 1950755.823400000110269 ], [ 966550.212500000372529, 1950659.4814 ], [ 966548.917399999685585, 1950656.53940000012517 ], [ 966516.669700000435114, 1950569.543800000101328 ], [ 966508.035099999979138, 1950539.671 ], [ 966506.690499999560416, 1950534.92989999987185 ], [ 966482.871000000275671, 1950444.440999999642372 ], [ 966473.97620000038296, 1950410.751199999824166 ], [ 966437.921799999661744, 1950290.068800000473857 ], [ 966370.904799999669194, 1950055.0844 ], [ 966370.038599999621511, 1950051.950200000777841 ], [ 966346.099499999545515, 1949957.7533 ], [ 966336.624099999666214, 1949927.675200000405312 ], [ 966335.018600000068545, 1949922.735600000247359 ], [ 966299.477300000376999, 1949819.693499999120831 ], [ 966267.760800000280142, 1949715.931500000879169 ], [ 966267.192599999718368, 1949714.335100000724196 ], [ 966251.540599999949336, 1949673.113900000229478 ], [ 966251.013700000010431, 1949671.767200000584126 ], [ 966234.3443, 1949636.619000000879169 ], [ 966232.392799999564886, 1949632.42090000025928 ], [ 966211.849899999797344, 1949586.887299999594688 ], [ 966210.910299999639392, 1949585.003000000491738 ], [ 966151.108, 1949472.422900000587106 ], [ 966109.469399999827147, 1949399.661299999803305 ], [ 966108.461099999956787, 1949398.0373 ], [ 966073.361399999819696, 1949344.453700000420213 ], [ 966037.440700000151992, 1949283.159399999305606 ], [ 966000.542399999685585, 1949220.197000000625849 ], [ 965932.110399999655783, 1949099.465700000524521 ], [ 965930.243599999696016, 1949096.1469 ], [ 965892.966599999926984, 1949025.9112 ], [ 965884.474299999885261, 1949015.410199999809265 ], [ 965872.777700000442564, 1949003.866499999538064 ], [ 965870.660299999639392, 1949000.399000000208616 ], [ 965854.468700000084937, 1948972.435499999672174 ], [ 965779.775700000114739, 1948852.96680000051856 ], [ 965738.166500000283122, 1948785.77280000038445 ], [ 965734.614199999719858, 1948779.414100000634789 ], [ 965705.817200000397861, 1948724.907500000670552 ], [ 965651.762099999934435, 1948634.898199999704957 ], [ 965650.491499999538064, 1948632.805800000205636 ], [ 965627.285500000230968, 1948597.811899999156594 ], [ 965554.128899999894202, 1948479.644600000232458 ], [ 965552.635300000198185, 1948476.973500000312924 ], [ 965508.497700000181794, 1948389.090900000184774 ], [ 965493.128600000403821, 1948350.307199999690056 ], [ 965491.387299999594688, 1948346.157999999821186 ], [ 965477.231399999931455, 1948319.423100000247359 ], [ 965474.412299999967217, 1948315.6096 ], [ 965446.083200000226498, 1948279.6733 ], [ 965444.225599999539554, 1948278.083699999377131 ], [ 965397.463200000114739, 1948238.276399999856949 ], [ 965396.308500000275671, 1948237.322799999266863 ], [ 965364.3125, 1948213.02140000090003 ], [ 965361.313699999824166, 1948211.138000000268221 ], [ 965336.131199999712408, 1948199.375700000673532 ], [ 965335.139700000174344, 1948199.031099999323487 ], [ 965294.169700000435114, 1948186.5625 ], [ 965279.314799999818206, 1948180.773399999365211 ], [ 965277.099000000394881, 1948179.525499999523163 ], [ 965244.086199999786913, 1948153.880100000649691 ], [ 965242.00650000013411, 1948151.881799999624491 ], [ 965231.088700000196695, 1948140.154100000858307 ], [ 965226.958499999716878, 1948134.1382 ], [ 965221.593500000424683, 1948121.461500000208616 ], [ 965220.772199999541044, 1948119.256699999794364 ], [ 965218.538900000043213, 1948093.898299999535084 ], [ 965218.842799999751151, 1948090.877900000661612 ], [ 965225.606300000101328, 1948059.864099999889731 ], [ 965227.794400000013411, 1948055.894099999219179 ], [ 965242.600999999791384, 1948029.865800000727177 ], [ 965261.966099999845028, 1948000.074899999424815 ], [ 965263.915699999779463, 1947996.356000000610948 ], [ 965278.612099999561906, 1947953.265000000596046 ], [ 965279.213000000454485, 1947949.693299999460578 ], [ 965282.161199999973178, 1947923.097999999299645 ], [ 965282.636400000192225, 1947907.091600000858307 ], [ 965281.881400000303984, 1947904.196699999272823 ], [ 965230.898900000378489, 1947833.813500000163913 ], [ 965162.542100000195205, 1947740.511 ], [ 965160.356399999931455, 1947737.3838 ], [ 965158.423100000247359, 1947734.734999999403954 ], [ 965146.094600000418723, 1947745.456000000238419 ], [ 965145.57039999961853, 1947746.518400000408292 ], [ 965152.943400000222027, 1947755.18610000051558 ], [ 965151.293200000189245, 1947756.924100000411272 ], [ 965135.225899999961257, 1947771.4035 ], [ 965107.866100000217557, 1947742.939099999144673 ], [ 965108.023000000044703, 1947742.36849999986589 ], [ 965126.729000000283122, 1947725.9759 ], [ 965128.209999999962747, 1947726.258099999278784 ], [ 965139.247000000439584, 1947737.855200000107288 ], [ 965141.18709999974817, 1947736.115599999204278 ], [ 965150.865699999965727, 1947727.087999999523163 ], [ 965152.254800000227988, 1947725.14130000025034 ], [ 965109.215400000102818, 1947669.150499999523163 ], [ 965104.778599999845028, 1947663.746099999174476 ], [ 965064.399799999780953, 1947619.426699999719858 ], [ 965062.861800000071526, 1947617.795399999246001 ], [ 964989.198699999600649, 1947541.8443 ], [ 964933.673999999649823, 1947487.728700000792742 ], [ 964932.396999999880791, 1947486.30599999986589 ], [ 964892.820700000040233, 1947440.612999999895692 ], [ 964889.92339999973774, 1947437.129599999636412 ], [ 964869.085400000214577, 1947411.389599999412894 ], [ 964855.280399999581277, 1947390.540699999779463 ], [ 964853.305200000293553, 1947387.4923 ], [ 964840.245400000363588, 1947360.111999999731779 ], [ 964839.432500000111759, 1947357.597200000658631 ], [ 964837.426199999637902, 1947337.365599999204278 ], [ 964837.886699999682605, 1947335.593900000676513 ], [ 964840.963100000284612, 1947325.691400000825524 ], [ 964842.2972999997437, 1947320.896199999377131 ], [ 964844.696000000461936, 1947311.367200000211596 ], [ 964847.644299999810755, 1947307.483200000599027 ], [ 964853.529099999926984, 1947301.2445 ], [ 964857.517500000074506, 1947299.344100000336766 ], [ 964862.753100000321865, 1947297.017300000414252 ], [ 964858.043499999679625, 1947281.608200000599027 ], [ 964857.383600000292063, 1947279.682399999350309 ], [ 964851.001500000245869, 1947278.826500000432134 ], [ 964843.247700000181794, 1947269.970899999141693 ], [ 964834.239099999889731, 1947256.333799999207258 ], [ 964832.404900000430644, 1947253.504599999636412 ], [ 964826.690999999642372, 1947222.106899999082088 ], [ 964825.558299999684095, 1947219.613900000229478 ], [ 964804.4375, 1947217.916200000792742 ], [ 964803.247200000099838, 1947217.782500000670552 ], [ 964699.417299999855459, 1947204.536499999463558 ], [ 964632.303299999795854, 1947189.417199999094009 ], [ 964630.521099999547005, 1947188.866800000891089 ], [ 964562.559600000269711, 1947162.826199999079108 ], [ 964485.702499999664724, 1947127.496099999174476 ], [ 964483.92850000038743, 1947126.605799999088049 ], [ 964429.592799999751151, 1947098.873700000345707 ], [ 964427.738400000147521, 1947097.893999999389052 ], [ 964356.166400000452995, 1947052.579800000414252 ], [ 964288.499200000427663, 1947004.676000000908971 ], [ 964286.121299999766052, 1947002.999199999496341 ], [ 964158.621299999766052, 1946914.237500000745058 ], [ 964120.792600000277162, 1946887.137800000607967 ], [ 964115.105000000447035, 1946883.409399999305606 ], [ 964023.812800000421703, 1946836.609999999403954 ], [ 964015.793800000101328, 1946832.44400000013411 ], [ 963950.708100000396371, 1946798.2412 ], [ 963947.833599999547005, 1946797.176799999549985 ], [ 963855.938000000081956, 1946764.824999999254942 ], [ 963814.109199999831617, 1946750.661699999123812 ], [ 963708.162100000306964, 1946720.783099999651313 ], [ 963703.057900000363588, 1946719.610600000247359 ], [ 963671.925499999895692, 1946713.127599999308586 ], [ 963575.769299999810755, 1946697.371999999508262 ], [ 963574.128600000403821, 1946697.130799999460578 ], [ 963528.442699999548495, 1946690.794700000435114 ], [ 963412.761500000022352, 1946670.7939 ], [ 963325.722400000318885, 1946658.958599999547005 ], [ 963323.571800000034273, 1946658.679999999701977 ], [ 963272.686200000345707, 1946653.920800000429153 ], [ 963171.606499999761581, 1946644.748700000345707 ], [ 963167.087899999693036, 1946644.67259999923408 ], [ 963140.019600000232458, 1946644.925599999725819 ], [ 963123.649799999780953, 1946658.896800000220537 ], [ 963121.740000000223517, 1946660.686200000345707 ], [ 963104.406299999915063, 1946681.42989999987185 ], [ 963102.609400000423193, 1946683.7884 ], [ 963087.265399999916553, 1946704.621500000357628 ], [ 963076.888700000010431, 1946717.731300000101328 ], [ 963072.636400000192225, 1946720.772600000724196 ], [ 963064.559299999848008, 1946724.503900000825524 ], [ 963063.052299999631941, 1946724.971699999645352 ], [ 963045.539200000464916, 1946728.77280000038445 ], [ 963043.659199999645352, 1946728.652799999341369 ], [ 963030.877799999900162, 1946727.460799999535084 ], [ 963014.111600000411272, 1946723.161100000143051 ], [ 963012.178199999965727, 1946722.39159999974072 ], [ 962993.59250000026077, 1946708.605200000107288 ], [ 962990.72829999960959, 1946705.721400000154972 ], [ 962964.843799999915063, 1946678.388699999079108 ], [ 962949.067200000397861, 1946662.738199999555945 ], [ 962946.978099999949336, 1946660.869899999350309 ], [ 962931.709499999880791, 1946661.93019999936223 ], [ 962931.084400000050664, 1946662.80320000089705 ], [ 962932.166000000201166, 1946676.4222 ], [ 962934.325400000438094, 1946676.470799999311566 ], [ 962946.739500000141561, 1946676.255300000309944 ], [ 962949.168700000271201, 1946676.272399999201298 ], [ 962949.7977, 1946695.051799999549985 ], [ 962948.126000000163913, 1946696.520099999383092 ], [ 962899.138199999928474, 1946699.038100000470877 ], [ 962898.179100000299513, 1946697.253900000825524 ], [ 962898.463899999856949, 1946679.249299999326468 ], [ 962917.057300000451505, 1946677.471699999645352 ], [ 962919.104500000365078, 1946677.081000000238419 ], [ 962918.452499999664724, 1946665.309000000357628 ], [ 962918.349999999627471, 1946664.839700000360608 ], [ 962837.258100000210106, 1946671.815700000151992 ], [ 962834.820600000210106, 1946672.1184 ], [ 962755.894399999640882, 1946682.251700000837445 ], [ 962674.220900000073016, 1946694.57880000025034 ], [ 962614.720099999569356, 1946705.219200000166893 ], [ 962515.457100000232458, 1946723.936799999326468 ], [ 962478.268000000156462, 1946732.7599 ], [ 962471.787899999879301, 1946734.17369999922812 ], [ 962337.504399999976158, 1946759.703700000420213 ], [ 962327.330000000074506, 1946761.906600000336766 ], [ 962253.721499999985099, 1946779.558900000527501 ], [ 962251.614199999719858, 1946779.92 ], [ 962192.346900000236928, 1946789.389599999412894 ], [ 962190.339499999769032, 1946789.720100000500679 ], [ 962089.505499999970198, 1946808.136099999770522 ], [ 962053.921000000089407, 1946816.061200000345707 ], [ 962052.113499999977648, 1946816.40059999935329 ], [ 961952.653800000436604, 1946833.849700000137091 ], [ 961912.6239, 1946838.519500000402331 ], [ 961907.698599999770522, 1946839.055299999192357 ], [ 961858.049399999901652, 1946843.186200000345707 ], [ 961855.04009999986738, 1946843.112199999392033 ], [ 961836.714300000108778, 1946840.659900000318885 ], [ 961822.134200000204146, 1946835.818900000303984 ], [ 961820.081199999898672, 1946835.089999999850988 ], [ 961809.079599999822676, 1946826.441500000655651 ], [ 961808.799300000071526, 1946741.713300000876188 ], [ 961808.610399999655783, 1946684.668199999257922 ], [ 961806.942400000058115, 1946683.017699999734759 ], [ 961711.828099999576807, 1946669.655600000172853 ], [ 961708.097699999809265, 1946669.305500000715256 ], [ 961679.612800000235438, 1946821.447799999266863 ], [ 961677.413900000043213, 1946823.378699999302626 ], [ 961603.478699999861419, 1946870.02170000039041 ], [ 961599.526300000026822, 1946873.0614 ], [ 961576.843000000342727, 1946893.4835 ], [ 961558.381400000303984, 1946906.995899999514222 ], [ 961555.811999999918044, 1946908.808700000867248 ], [ 961533.169999999925494, 1946920.034199999645352 ], [ 961531.275100000202656, 1946920.853900000452995 ], [ 961517.286399999633431, 1946925.755899999290705 ], [ 961516.570899999700487, 1946926.579500000923872 ], [ 961487.095599999651313, 1946965.040500000119209 ], [ 961461.316200000233948, 1946991.676599999889731 ], [ 961458.354600000195205, 1946994.93099999986589 ], [ 961428.967899999581277, 1947031.262499999254942 ], [ 961426.512799999676645, 1947033.9145 ], [ 961407.970800000242889, 1947053.005100000649691 ], [ 961378.395299999974668, 1947087.648299999535084 ], [ 961377.759200000204146, 1947088.331399999558926 ], [ 961365.090200000442564, 1947100.853499999269843 ], [ 961354.387099999934435, 1947110.856300000101328 ], [ 961290.488099999725819, 1947165.053400000557303 ], [ 961288.567099999636412, 1947166.602900000289083 ], [ 961226.802000000141561, 1947216.050599999725819 ], [ 961224.681699999608099, 1947217.721100000664592 ], [ 961137.778900000266731, 1947279.007200000807643 ], [ 961135.76659999974072, 1947280.317299999296665 ], [ 961085.448400000110269, 1947312.950899999588728 ], [ 961083.933899999596179, 1947313.888499999418855 ], [ 961019.645800000056624, 1947351.214099999517202 ], [ 960998.226599999703467, 1947364.96199999935925 ], [ 960995.278300000354648, 1947366.966900000348687 ], [ 960956.517799999564886, 1947398.109899999573827 ], [ 960892.243300000205636, 1947451.259400000795722 ], [ 960890.542399999685585, 1947452.837799999862909 ], [ 960840.481200000271201, 1947500.064400000497699 ], [ 960838.830099999904633, 1947501.652599999681115 ], [ 960766.773599999956787, 1947576.535000000149012 ], [ 960728.223500000312924, 1947613.454600000753999 ], [ 960726.722500000149012, 1947615.031999999657273 ], [ 960647.650700000114739, 1947701.687000000849366 ], [ 960613.586199999786913, 1947730.505999999120831 ], [ 960609.037200000137091, 1947734.168700000271201 ], [ 960552.964399999938905, 1947773.100400000810623 ], [ 960548.301400000229478, 1947775.963899999856949 ], [ 960511.873499999754131, 1947796.438699999824166 ], [ 960510.467299999669194, 1947797.0559 ], [ 960475.788800000213087, 1947811.863600000739098 ], [ 960459.926799999549985, 1947817.885199999436736 ], [ 960459.433799999766052, 1947819.197300000116229 ], [ 960462.042500000447035, 1947841.834899999201298 ], [ 960460.486899999901652, 1947842.552799999713898 ], [ 960359.885599999688566, 1947870.983899999409914 ], [ 960355.713399999774992, 1947872.155500000342727 ], [ 960351.474499999545515, 1947856.92369999922812 ], [ 960349.398400000296533, 1947857.504499999806285 ], [ 960270.792799999937415, 1947882.940400000661612 ], [ 960264.744199999608099, 1947884.671700000762939 ], [ 960219.834699999541044, 1947896.654500000178814 ], [ 960138.911399999633431, 1947918.564099999144673 ], [ 960136.995099999941885, 1947919.123999999836087 ], [ 960081.246600000187755, 1947938.081599999219179 ], [ 959976.036399999633431, 1947962.6085 ], [ 959970.896300000138581, 1947964.1151 ], [ 959939.429399999789894, 1947973.787799999117851 ], [ 959880.31940000038594, 1947995.991900000721216 ], [ 959873.196899999864399, 1947998.798499999567866 ], [ 959795.085799999535084, 1948032.678600000217557 ], [ 959722.044700000435114, 1948063.153300000354648 ], [ 959659.916000000201166, 1948087.302500000223517 ], [ 959657.49129999987781, 1948088.134999999776483 ], [ 959534.1864, 1948127.502100000157952 ], [ 959412.235500000417233, 1948169.6108 ], [ 959292.309600000269711, 1948210.949200000613928 ], [ 959288.29839999973774, 1948212.320000000298023 ], [ 959173.528199999593198, 1948247.523499999195337 ], [ 959173.144899999722838, 1948246.875800000503659 ], [ 959168.388899999670684, 1948226.488600000739098 ], [ 959165.850999999791384, 1948226.681900000199676 ], [ 959141.82120000012219, 1948232.5768 ], [ 959099.551099999807775, 1948250.323599999770522 ], [ 959098.533999999985099, 1948250.79869999922812 ], [ 959064.477099999785423, 1948267.842299999669194 ], [ 959061.338499999605119, 1948269.788200000301003 ], [ 959034.957600000314415, 1948288.530600000172853 ], [ 958988.585699999704957, 1948322.63289999961853 ], [ 958987.10219999961555, 1948323.770199999213219 ], [ 958928.432199999690056, 1948378.189799999818206 ], [ 958904.629900000058115, 1948402.5165 ], [ 958902.788099999539554, 1948403.925699999555945 ], [ 958889.551900000311434, 1948413.152200000360608 ], [ 958867.699300000444055, 1948424.333399999886751 ], [ 958865.056400000117719, 1948425.477 ], [ 958844.325600000098348, 1948425.736500000581145 ], [ 958841.497700000181794, 1948425.931399999186397 ], [ 958813.071899999864399, 1948428.480799999088049 ], [ 958766.016400000080466, 1948433.487700000405312 ], [ 958764.487900000065565, 1948433.675699999555945 ], [ 958694.58600000012666, 1948445.320900000631809 ], [ 958687.655199999921024, 1948446.567099999636412 ], [ 958628.230100000277162, 1948458.346899999305606 ], [ 958625.283599999733269, 1948458.802300000563264 ], [ 958607.343500000424683, 1948461.2862 ], [ 958580.894899999722838, 1948453.968800000846386 ], [ 958573.814199999906123, 1948451.43720000050962 ], [ 958563.205799999646842, 1948447.194900000467896 ], [ 958560.471599999815226, 1948448.088999999687076 ], [ 958532.502000000327826, 1948461.301899999380112 ], [ 958491.849499999545515, 1948474.931800000369549 ], [ 958490.651499999687076, 1948475.2379 ], [ 958442.203499999828637, 1948481.571699999272823 ], [ 958436.587500000372529, 1948481.941400000825524 ], [ 958378.152099999599159, 1948482.3902000002563 ], [ 958373.703200000338256, 1948482.283700000494719 ], [ 958344.06969999987632, 1948481.380699999630451 ], [ 958308.524000000208616, 1948475.8608 ], [ 958304.231399999931455, 1948475.083799999207258 ], [ 958259.591300000436604, 1948464.293999999761581 ], [ 958258.169800000265241, 1948463.921599999070168 ], [ 958205.6727, 1948445.556199999526143 ], [ 958166.083700000308454, 1948427.792199999094009 ], [ 958164.8909, 1948427.17879999987781 ], [ 958115.070000000298023, 1948398.843000000342727 ], [ 958110.245600000023842, 1948395.7697 ], [ 958068.094200000166893, 1948366.023800000548363 ], [ 958066.438099999912083, 1948364.7631 ], [ 958003.792999999597669, 1948315.7829 ], [ 958001.524299999698997, 1948314.0055 ], [ 957936.82010000012815, 1948259.3783 ], [ 957934.517400000244379, 1948256.82149999961257 ], [ 957869.290300000458956, 1948182.724500000476837 ], [ 957867.520600000396371, 1948180.754499999806285 ], [ 957821.002899999730289, 1948132.478800000622869 ], [ 957718.378600000403821, 1948022.203199999406934 ], [ 957697.609600000083447, 1948000.081499999389052 ], [ 957528.472900000400841, 1947822.193 ], [ 957448.194199999794364, 1947729.70240000076592 ], [ 957411.569899999536574, 1947682.753900000825524 ], [ 957384.097599999979138, 1947642.534299999475479 ], [ 957284.553199999965727, 1947470.025800000876188 ], [ 957257.663099999539554, 1947428.363700000569224 ], [ 957228.116399999707937, 1947389.044800000265241 ], [ 957210.8273, 1947369.073699999600649 ], [ 957195.41440000012517, 1947352.336899999529123 ], [ 957190.508399999700487, 1947347.009500000625849 ], [ 957147.845200000330806, 1947303.651499999687076 ], [ 956989.149799999780953, 1947158.402499999850988 ], [ 956977.610799999907613, 1947147.841299999505281 ], [ 956964.025200000032783, 1947135.4068 ], [ 956918.569799999706447, 1947093.292999999597669 ], [ 956896.435899999924004, 1947072.048000000417233 ], [ 956878.017099999822676, 1947053.952199999243021 ], [ 956848.050200000405312, 1947025.9013 ], [ 956818.768299999646842, 1947000.745500000193715 ], [ 956759.50800000037998, 1946956.745500000193715 ], [ 956694.673499999567866, 1946917.223099999129772 ], [ 956658.433699999935925, 1946897.662000000476837 ], [ 956650.104000000283122, 1946893.3277000002563 ], [ 956644.029000000096858, 1946890.051100000739098 ], [ 956632.548100000247359, 1946883.394200000911951 ], [ 956593.79079999960959, 1946854.640000000596046 ], [ 956562.785699999891222, 1946821.206499999389052 ], [ 956534.495500000193715, 1946781.321100000292063 ], [ 956518.843500000424683, 1946757.112999999895692 ], [ 956498.605499999597669, 1946727.681099999696016 ], [ 956474.508399999700487, 1946696.2303 ], [ 956447.024400000460446, 1946665.147299999371171 ], [ 956416.626199999824166, 1946636.838700000196695 ], [ 956383.796299999579787, 1946613.700899999588728 ], [ 956349.017199999652803, 1946598.140699999406934 ], [ 956312.771300000138581, 1946592.554300000891089 ], [ 956263.324199999682605, 1946566.865399999544024 ], [ 956262.581600000150502, 1946566.329500000923872 ], [ 956247.431699999608099, 1946550.135700000450015 ], [ 956246.052899999544024, 1946548.363600000739098 ], [ 956237.279099999926984, 1946535.674799999222159 ], [ 956233.910000000149012, 1946528.035599999129772 ], [ 956229.879300000146031, 1946504.925599999725819 ], [ 956219.708999999798834, 1946453.048800000920892 ], [ 956218.432799999602139, 1946448.007400000467896 ], [ 956203.753200000151992, 1946407.310399999842048 ], [ 956202.633600000292063, 1946405.4070999994874 ], [ 956194.727400000207126, 1946394.223099999129772 ], [ 956125.802199999801815, 1946308.85950000025332 ], [ 956124.786399999633431, 1946307.6853 ], [ 956100.255900000222027, 1946281.244899999350309 ], [ 956096.778099999763072, 1946277.654699999839067 ], [ 956062.296099999919534, 1946242.640100000426173 ], [ 956060.719899999909103, 1946241.348999999463558 ], [ 956016.658999999985099, 1946205.885299999266863 ], [ 956015.304100000299513, 1946204.862700000405312 ], [ 955961.1402000002563, 1946169.992200000211596 ], [ 955956.066100000403821, 1946166.970200000330806 ], [ 955915.068900000303984, 1946145.644799999892712 ], [ 955913.616200000047684, 1946145.052799999713898 ], [ 955849.842299999669194, 1946122.738199999555945 ], [ 955819.488800000399351, 1946114.231799999251962 ], [ 955814.60329999960959, 1946112.848200000822544 ], [ 955730.988199999555945, 1946088.8892 ], [ 955724.582700000144541, 1946087.403599999845028 ], [ 955677.130699999630451, 1946077.957900000736117 ], [ 955664.018099999986589, 1946074.648499999195337 ], [ 955661.974799999967217, 1946073.889599999412894 ], [ 955628.137299999594688, 1946041.680500000715256 ], [ 955625.874099999666214, 1946039.013499999418855 ], [ 955616.257799999788404, 1946020.121500000357628 ], [ 955616.125099999830127, 1946017.703099999576807 ], [ 955615.862399999983609, 1946003.92960000038147 ], [ 955615.706899999640882, 1946000.981499999761581 ], [ 955552.499400000087917, 1945951.534199999645352 ], [ 955458.240699999965727, 1945882.658299999311566 ], [ 955455.691800000146031, 1945880.782500000670552 ], [ 955394.58600000012666, 1945833.723200000822544 ], [ 955316.850599999539554, 1945759.042099999263883 ], [ 955314.499099999666214, 1945756.695299999788404 ], [ 955213.037899999879301, 1945652.760600000619888 ], [ 955142.042200000025332, 1945578.523700000718236 ], [ 955134.781200000084937, 1945570.245200000703335 ], [ 955083.062599999830127, 1945511.9605 ], [ 955034.464200000278652, 1945461.50620000064373 ], [ 955033.067699999548495, 1945460.184100000187755 ], [ 954977.451899999752641, 1945417.284099999815226 ], [ 954913.85950000025332, 1945387.711300000548363 ], [ 954912.00650000013411, 1945387.011299999430776 ], [ 954841.050300000235438, 1945363.775100000202656 ], [ 954834.764600000344217, 1945362.238800000399351 ], [ 954783.436300000175834, 1945353.2335 ], [ 954781.947399999946356, 1945353.351299999281764 ], [ 954736.136900000274181, 1945359.451099999248981 ], [ 954734.598799999803305, 1945359.709100000560284 ], [ 954671.869699999690056, 1945378.13370000012219 ], [ 954665.300400000065565, 1945379.687899999320507 ], [ 954606.214399999938905, 1945387.597200000658631 ], [ 954604.316200000233948, 1945387.817099999636412 ], [ 954541.411899999715388, 1945393.281600000336766 ], [ 954517.938299999572337, 1945395.320699999108911 ], [ 954427.546400000341237, 1945382.883199999108911 ], [ 954424.045699999667704, 1945382.491800000891089 ], [ 954353.878700000233948, 1945374.953299999237061 ], [ 954281.798200000077486, 1945367.20920000039041 ], [ 954172.323900000192225, 1945358.641000000759959 ], [ 954168.011400000192225, 1945357.854100000113249 ], [ 954147.628499999642372, 1945353.963199999183416 ], [ 954143.636199999600649, 1945353.254599999636412 ], [ 954076.638600000180304, 1945348.477099999785423 ], [ 954072.636099999770522, 1945348.191700000315905 ], [ 954061.441899999976158, 1945346.611500000581145 ], [ 954060.49210000038147, 1945346.576400000602007 ], [ 954000.965499999932945, 1945344.89159999974072 ], [ 953977.2966, 1945337.749399999156594 ], [ 953970.878100000321865, 1945333.7949 ], [ 953961.231900000013411, 1945326.2686 ], [ 953960.829300000332296, 1945325.74100000038743 ], [ 953964.405600000172853, 1945262.855599999427795 ], [ 953973.806900000199676, 1945178.6075 ], [ 953974.017500000074506, 1945176.846999999135733 ], [ 953978.330500000156462, 1945155.012399999424815 ], [ 953978.984400000423193, 1945152.010099999606609 ], [ 953987.263399999588728, 1945116.4496 ], [ 953987.584400000050664, 1945114.778599999845028 ], [ 953989.4205, 1945104.7127 ], [ 953999.196800000034273, 1945068.73450000025332 ], [ 953998.175900000147521, 1945068.489900000393391 ], [ 953960.42090000025928, 1945064.870699999853969 ], [ 953959.352099999785423, 1945065.026399999856949 ], [ 953940.454599999822676, 1945115.257400000467896 ], [ 953935.476700000464916, 1945132.317299999296665 ], [ 953934.510900000110269, 1945134.951400000602007 ], [ 953905.109899999573827, 1945178.100700000301003 ], [ 953902.81940000038594, 1945181.621500000357628 ], [ 953887.627199999988079, 1945206.622400000691414 ], [ 953887.242499999701977, 1945207.614 ], [ 953874.486600000411272, 1945245.317299999296665 ], [ 953874.013899999670684, 1945246.679400000721216 ], [ 953855.290500000119209, 1945284.424100000411272 ], [ 953850.226099999621511, 1945290.818499999120831 ], [ 953842.667399999685585, 1945298.085799999535084 ], [ 953840.3114, 1945300.577299999073148 ], [ 953818.60259999986738, 1945323.85329999960959 ], [ 953792.038099999539554, 1945338.168299999088049 ], [ 953788.618800000287592, 1945339.945699999108911 ], [ 953764.494199999608099, 1945348.719900000840425 ], [ 953761.617999999783933, 1945349.244899999350309 ], [ 953732.740899999625981, 1945351.51659999974072 ], [ 953679.214700000360608, 1945356.017799999564886 ], [ 953601.816700000315905, 1945362.284600000828505 ], [ 953533.078599999658763, 1945367.225999999791384 ], [ 953528.140700000338256, 1945367.291999999433756 ], [ 953492.922899999655783, 1945367.108200000599027 ], [ 953474.735999999567866, 1945379.649599999189377 ], [ 953427.02170000039041, 1945413.299200000241399 ], [ 953370.628399999812245, 1945452.2027000002563 ], [ 953369.004300000146031, 1945453.210899999365211 ], [ 953320.359600000083447, 1945482.94679999910295 ], [ 953318.834999999962747, 1945483.844499999657273 ], [ 953261.51659999974072, 1945512.28690000064671 ], [ 953100.222099999897182, 1945592.749199999496341 ], [ 953095.686200000345707, 1945595.082299999892712 ], [ 952911.460500000044703, 1945692.629499999806285 ], [ 952816.668300000019372, 1945744.191299999132752 ], [ 952815.801199999637902, 1945744.685599999502301 ], [ 952613.668700000271201, 1945871.826500000432134 ], [ 952560.888899999670684, 1945905.99269999936223 ], [ 952459.618800000287592, 1945982.079600000753999 ], [ 952456.96030000038445, 1945984.062899999320507 ], [ 952377.210500000044703, 1946040.9232 ], [ 952337.05460000038147, 1946065.356300000101328 ], [ 952297.119699999690056, 1946090.008300000801682 ], [ 952295.296299999579787, 1946091.117499999701977 ], [ 952009.767900000326335, 1946249.137800000607967 ], [ 952007.074400000274181, 1946250.181600000709295 ], [ 951957.886199999600649, 1946260.297800000756979 ], [ 951956.199000000022352, 1946260.716499999165535 ], [ 951882.370500000193715, 1946293.634600000455976 ], [ 951714.7489, 1946355.317600000649691 ], [ 951679.423100000247359, 1946368.75929999910295 ], [ 951677.739199999719858, 1946369.807800000533462 ], [ 951680.05379999987781, 1946376.503100000321865 ], [ 951679.046500000171363, 1946376.948300000280142 ], [ 951623.54700000025332, 1946397.733899999409914 ], [ 951547.252700000070035, 1946429.38539999909699 ], [ 951544.71030000038445, 1946430.648399999365211 ], [ 951469.468500000424683, 1946468.521999999880791 ], [ 951467.185700000263751, 1946469.7336 ], [ 951386.732599999755621, 1946520.250099999830127 ], [ 951344.687199999578297, 1946546.542600000277162 ], [ 951343.740600000135601, 1946547.1173 ], [ 951315.786299999803305, 1946563.259099999442697 ], [ 951313.245000000111759, 1946564.71199999935925 ], [ 951292.105100000277162, 1946576.509400000795722 ], [ 951290.549200000241399, 1946577.167400000616908 ], [ 951234.481800000183284, 1946600.177200000733137 ], [ 951229.30489999987185, 1946602.301799999549985 ], [ 951227.130300000309944, 1946603.183000000193715 ], [ 951141.531999999657273, 1946633.4342 ], [ 951070.194899999536574, 1946655.473099999129772 ], [ 951033.836600000038743, 1946666.471200000494719 ], [ 951009.605999999679625, 1946675.995699999853969 ], [ 951006.354700000025332, 1946677.422399999573827 ], [ 950971.917600000277162, 1946700.145999999716878 ], [ 950969.608599999919534, 1946702.047499999403954 ], [ 950955.74210000038147, 1946716.895300000905991 ], [ 950954.440899999812245, 1946716.572300000116229 ], [ 950435.427400000393391, 1946550.857300000265241 ], [ 950433.775299999862909, 1946550.356200000271201 ], [ 950345.832200000062585, 1946526.569900000467896 ], [ 950335.151200000196695, 1946523.737400000914931 ], [ 950212.708700000308454, 1946491.986400000751019 ], [ 950117.650799999944866, 1946466.7982 ], [ 949999.411500000394881, 1946441.881400000303984 ], [ 949982.340200000442564, 1946438.283900000154972 ], [ 949979.218299999833107, 1946437.720599999651313 ], [ 949964.724299999885261, 1946435.325300000607967 ], [ 949875.235999999567866, 1946420.536599999293685 ], [ 949789.323800000362098, 1946410.344499999657273 ], [ 949788.503800000064075, 1946410.288899999111891 ], [ 949641.535099999979138, 1946402.128699999302626 ], [ 949637.655600000172853, 1946401.949300000444055 ], [ 949544.781999999657273, 1946402.340099999681115 ], [ 949458.593000000342727, 1946409.752900000661612 ], [ 949455.946000000461936, 1946410.136700000613928 ], [ 949436.372899999842048, 1946413.868899999186397 ], [ 949406.366399999707937, 1946419.975199999287724 ], [ 949327.579599999822676, 1946435.895700000226498 ], [ 949323.046699999831617, 1946436.939400000497699 ], [ 949314.533300000242889, 1946439.463400000706315 ], [ 949297.979899999685585, 1946445.228800000622869 ], [ 949265.162899999879301, 1946456.757999999448657 ], [ 949232.782300000078976, 1946461.947200000286102 ], [ 949200.954300000332296, 1946467.6634 ], [ 949173.542100000195205, 1946476.684900000691414 ], [ 949159.88399999961257, 1946481.785199999809265 ], [ 949153.041100000031292, 1946484.540400000289083 ], [ 949128.371799999848008, 1946494.2972 ], [ 949028.316399999894202, 1946529.792999999597669 ], [ 948978.474999999627471, 1946548.759400000795722 ], [ 948956.183199999853969, 1946558.2138 ], [ 948935.996700000017881, 1946566.917199999094009 ], [ 948856.645600000396371, 1946602.793500000610948 ], [ 948777.436200000345707, 1946640.89809999987483 ], [ 948738.29700000025332, 1946659.1283 ], [ 948700.55449999962002, 1946680.599899999797344 ], [ 948682.440200000070035, 1946693.680800000205636 ], [ 948661.347900000400841, 1946710.68610000051558 ], [ 948614.548200000077486, 1946745.320599999278784 ], [ 948567.279699999839067, 1946780.11769999936223 ], [ 948522.814899999648333, 1946817.728900000452995 ], [ 948512.52240000013262, 1946827.889599999412894 ], [ 948508.5954, 1946831.978800000622869 ], [ 948471.43709999974817, 1946871.320699999108911 ], [ 948427.269700000062585, 1946925.494300000369549 ], [ 948426.336500000208616, 1946926.708699999377131 ], [ 948402.507699999958277, 1946961.21199999935925 ], [ 948400.008500000461936, 1946964.983899999409914 ], [ 948391.223899999633431, 1946978.635199999436736 ], [ 948388.199599999934435, 1946983.279500000178814 ], [ 948383.567999999970198, 1946990.221400000154972 ], [ 948327.245199999772012, 1947084.134600000455976 ], [ 948325.263799999840558, 1947087.503799999132752 ], [ 948212.387000000104308, 1947284.548000000417233 ], [ 948179.514399999752641, 1947346.089099999517202 ], [ 948178.8909, 1947347.261900000274181 ], [ 948173.706299999728799, 1947357.385600000619888 ], [ 948133.32050000037998, 1947440.47859999909997 ], [ 948111.752999999560416, 1947481.067600000649691 ], [ 948100.258200000040233, 1947500.161399999633431 ], [ 948090.034699999727309, 1947515.829700000584126 ], [ 948049.0625, 1947576.843800000846386 ], [ 948030.951999999582767, 1947609.54759999923408 ], [ 948023.426699999719858, 1947626.93099999986589 ], [ 948016.337600000202656, 1947647.400900000706315 ], [ 947989.43030000012368, 1947742.498199999332428 ], [ 947982.933100000023842, 1947763.394899999722838 ], [ 947979.712700000032783, 1947772.548599999397993 ], [ 947974.515300000086427, 1947785.931099999696016 ], [ 947950.13190000038594, 1947857.353700000792742 ], [ 947930.587899999693036, 1947928.99070000089705 ], [ 947913.750500000081956, 1948002.072799999266863 ], [ 947897.510200000368059, 1948076.521299999207258 ], [ 947881.439500000327826, 1948143.351700000464916 ], [ 947866.341400000266731, 1948206.9682 ], [ 947852.907399999909103, 1948275.26410000026226 ], [ 947847.326299999840558, 1948310.590600000694394 ], [ 947841.946700000204146, 1948342.447300000116229 ], [ 947829.702899999916553, 1948405.159 ], [ 947800.7027000002563, 1948529.806500000879169 ], [ 947722.03249999973923, 1948543.217599999159575 ], [ 947719.596300000324845, 1948543.780300000682473 ], [ 947668.644899999722838, 1948592.901599999517202 ], [ 947604.181499999947846, 1948650.171499999240041 ], [ 947603.029400000348687, 1948651.607100000604987 ], [ 947587.589100000448525, 1948699.631100000813603 ], [ 947585.315899999812245, 1948704.541300000622869 ], [ 947558.644999999552965, 1948749.785700000822544 ], [ 947557.542799999937415, 1948751.210999999195337 ], [ 947515.256599999964237, 1948801.915999999269843 ], [ 947513.696899999864399, 1948803.753499999642372 ], [ 947454.682300000451505, 1948855.526699999347329 ], [ 947453.657999999821186, 1948856.531700000166893 ], [ 947426.758500000461936, 1948883.124199999496341 ], [ 947425.594499999657273, 1948884.17 ], [ 947342.645299999974668, 1948950.414300000295043 ], [ 947285.371199999935925, 1949000.488800000399351 ], [ 947282.326100000180304, 1949003.104000000283122 ], [ 947118.096300000324845, 1949143.011199999600649 ], [ 947100.947999999858439, 1949153.487999999895692 ], [ 947086.112099999561906, 1949164.582399999722838 ], [ 946962.042700000107288, 1949265.761399999260902 ], [ 946828.108799999579787, 1949378.628399999812245 ], [ 946823.072800000198185, 1949382.813500000163913 ], [ 946536.688799999654293, 1949617.452199999243021 ], [ 946405.786899999715388, 1949727.154400000348687 ], [ 946403.487900000065565, 1949729.0559 ], [ 946342.374699999578297, 1949779.04079999960959 ], [ 946193.504999999888241, 1949901.133600000292063 ], [ 946180.356499999761581, 1949911.859200000762939 ], [ 946065.677899999544024, 1950006.291200000792742 ], [ 946022.140100000426173, 1950039.619400000199676 ], [ 946018.650399999693036, 1950041.317199999466538 ], [ 945993.715499999932945, 1950051.885299999266863 ], [ 945870.133100000210106, 1950154.431500000879169 ], [ 945705.860000000335276, 1950291.830299999564886 ], [ 945704.854600000195205, 1950292.625199999660254 ], [ 945584.203300000168383, 1950374.80350000038743 ], [ 945580.177799999713898, 1950377.253900000825524 ], [ 945469.182199999690056, 1950444.136600000783801 ], [ 945466.162800000049174, 1950445.932 ], [ 945375.381000000052154, 1950496.033900000154972 ], [ 945306.814600000157952, 1950533.582900000736117 ], [ 945305.090900000184774, 1950534.651699999347329 ], [ 945242.72580000013113, 1950576.636199999600649 ], [ 945174.360299999825656, 1950625.699999999254942 ], [ 945172.358, 1950627.020199999213219 ], [ 945169.709099999628961, 1950628.747300000861287 ], [ 945108.491600000299513, 1950668.662799999117851 ], [ 945105.522199999541044, 1950670.4679000005126 ], [ 945091.916100000031292, 1950677.817099999636412 ], [ 944822.141499999910593, 1950803.888499999418855 ], [ 944796.414499999955297, 1950832.943900000303984 ], [ 944796.185899999924004, 1950833.185000000521541 ], [ 944793.509600000455976, 1950835.598300000652671 ], [ 944793.161500000394881, 1950835.930099999532104 ], [ 944726.230899999849498, 1950901.1404 ], [ 944655.812300000339746, 1950972.1570999994874 ], [ 944654.271499999798834, 1950973.784600000828505 ], [ 944618.035699999891222, 1951017.450500000268221 ], [ 944614.581299999728799, 1951020.157800000160933 ], [ 944614.461799999698997, 1951020.258400000631809 ], [ 944426.558899999596179, 1951199.557199999690056 ], [ 944259.418999999761581, 1951352.505899999290705 ], [ 944257.389499999582767, 1951354.356000000610948 ], [ 944206.213100000284612, 1951400.659900000318885 ], [ 944029.549800000153482, 1951559.856799999251962 ], [ 943809.7193, 1951735.536100000143051 ], [ 943804.134700000286102, 1951739.95409999974072 ], [ 943600.450500000268221, 1951899.034099999815226 ], [ 943435.907800000160933, 1952028.957699999213219 ], [ 943433.557799999602139, 1952030.689500000327826 ], [ 943374.964800000190735, 1952071.454700000584126 ], [ 943134.8898, 1952239.244300000369549 ], [ 942887.784599999897182, 1952417.837300000712276 ], [ 942643.140599999576807, 1952593.068600000813603 ], [ 942395.682900000363588, 1952774.962400000542402 ], [ 942389.97759999986738, 1952779.261 ], [ 942199.20380000025034, 1952926.097699999809265 ], [ 942197.570899999700487, 1952927.325899999588728 ], [ 941956.978600000031292, 1953095.588500000536442 ], [ 941819.829800000414252, 1953190.390100000426173 ], [ 941738.451399999670684, 1953243.691600000485778 ], [ 941591.671400000341237, 1953318.701400000602007 ], [ 941439.103600000031292, 1953397.510600000619888 ], [ 941250.200100000016391, 1953499.193900000303984 ], [ 941244.9057, 1953501.780999999493361 ], [ 941122.873800000175834, 1953558.931500000879169 ], [ 941118.439699999988079, 1953561.424499999731779 ], [ 941113.731700000353158, 1953563.9397 ], [ 941109.180499999783933, 1953566.223099999129772 ], [ 941104.472699999809265, 1953568.589400000870228 ], [ 941099.820700000040233, 1953571.113299999386072 ], [ 941095.076299999840558, 1953573.9156 ], [ 941092.829400000162423, 1953575.289100000634789 ], [ 941088.278300000354648, 1953577.60950000025332 ], [ 941083.616899999789894, 1953579.855499999597669 ], [ 941078.705299999564886, 1953582.065899999812245 ], [ 941073.876799999736249, 1953584.0899 ], [ 941069.001699999906123, 1953586.189200000837445 ], [ 941065.125199999660254, 1953587.916200000792742 ], [ 941060.342400000430644, 1953589.718000000342727 ], [ 941056.337600000202656, 1953591.176899999380112 ], [ 941053.238599999807775, 1953592.4869 ], [ 941048.068199999630451, 1953595.066500000655651 ], [ 941043.378499999642372, 1953597.637599999085069 ], [ 941038.689399999566376, 1953600.31870000064373 ], [ 941034.075199999846518, 1953602.99129999987781 ], [ 941029.219600000418723, 1953605.562300000339746 ], [ 941024.455699999816716, 1953608.104699999094009 ], [ 941019.747800000011921, 1953610.44400000013411 ], [ 941014.929700000211596, 1953612.930800000205636 ], [ 941009.906700000166893, 1953615.409700000658631 ], [ 941005.245099999941885, 1953617.637700000777841 ], [ 941000.371000000275671, 1953620.106799999251962 ], [ 940999.14989999961108, 1953620.7741 ], [ 940997.402800000272691, 1953622.137900000438094 ], [ 940996.127000000327826, 1953623.398299999535084 ], [ 940993.068199999630451, 1953627.382200000807643 ], [ 940991.110100000165403, 1953629.856799999251962 ], [ 940988.346400000154972, 1953632.9244 ], [ 940986.331899999640882, 1953634.9543999992311 ], [ 940984.187300000339746, 1953636.780200000852346 ], [ 940979.776999999769032, 1953639.98960000090301 ], [ 940978.111800000071526, 1953641.167099999263883 ], [ 940974.75690000038594, 1953644.17090000025928 ], [ 940971.262500000186265, 1953647.619300000369549 ], [ 940968.942499999888241, 1953649.713899999856949 ], [ 940966.78830000013113, 1953651.419800000265241 ], [ 940964.393400000408292, 1953652.969000000506639 ], [ 940960.896599999628961, 1953654.853000000119209 ], [ 940958.917200000025332, 1953655.781199999153614 ], [ 940953.736700000241399, 1953657.603199999779463 ], [ 940948.555800000205636, 1953659.341099999845028 ], [ 940946.99199999962002, 1953659.843299999833107 ], [ 940942.115299999713898, 1953660.720000000670552 ], [ 940939.034599999897182, 1953661.13120000064373 ], [ 940936.638100000098348, 1953661.625800000503659 ], [ 940934.777599999681115, 1953662.174499999731779 ], [ 940930.004800000227988, 1953664.337200000882149 ], [ 940928.285000000149012, 1953665.200999999418855 ], [ 940925.990199999883771, 1953666.037000000476837 ], [ 940921.08600000012666, 1953667.182700000703335 ], [ 940918.180900000035763, 1953667.917899999767542 ], [ 940916.487499999813735, 1953668.4847 ], [ 940913.001199999824166, 1953670.266699999570847 ], [ 940911.095800000242889, 1953671.371400000527501 ], [ 940907.553199999965727, 1953672.912799999117851 ], [ 940904.519000000320375, 1953673.981499999761581 ], [ 940903.602300000376999, 1953674.371300000697374 ], [ 940899.469600000418723, 1953677.339299999177456 ], [ 940897.260200000368059, 1953679.008500000461936 ], [ 940895.058400000445545, 1953680.408700000494719 ], [ 940891.544099999591708, 1953682.1908 ], [ 940890.018199999816716, 1953682.849700000137091 ], [ 940884.762299999594688, 1953684.024299999698997 ], [ 940883.003600000403821, 1953684.35950000025332 ], [ 940881.199699999764562, 1953685.000900000333786 ], [ 940878.508799999952316, 1953686.355699999257922 ], [ 940875.447900000028312, 1953688.239399999380112 ], [ 940871.05489999987185, 1953691.33669999986887 ], [ 940866.644999999552965, 1953694.629100000485778 ], [ 940863.565499999560416, 1953696.965600000694394 ], [ 940859.247399999760091, 1953699.868599999696016 ], [ 940854.92879999987781, 1953702.845599999651313 ], [ 940850.434500000439584, 1953705.693499999120831 ], [ 940846.495099999941885, 1953708.1897 ], [ 940842.102099999785423, 1953710.713199999183416 ], [ 940837.672100000083447, 1953713.2369 ], [ 940832.983099999837577, 1953715.945900000631809 ], [ 940829.792600000277162, 1953717.700300000607967 ], [ 940828.036100000143051, 1953718.813300000503659 ], [ 940825.003100000321865, 1953721.251599999144673 ], [ 940823.708800000138581, 1953722.420099999755621 ], [ 940819.69539999961853, 1953725.091499999165535 ], [ 940815.283800000324845, 1953727.698100000619888 ], [ 940810.595599999651313, 1953730.361099999397993 ], [ 940805.748700000345707, 1953733.062000000849366 ], [ 940802.724600000306964, 1953734.7325 ], [ 940798.258500000461936, 1953737.6173 ], [ 940794.078499999828637, 1953740.54759999923408 ], [ 940789.898299999535084, 1953743.228900000452995 ], [ 940786.62569999974221, 1953745.547499999403954 ], [ 940783.509200000204146, 1953747.5044 ], [ 940780.660500000230968, 1953749.063100000843406 ], [ 940777.561300000175834, 1953750.5121 ], [ 940772.621399999596179, 1953752.453700000420213 ], [ 940768.986299999989569, 1953753.902499999850988 ], [ 940764.000500000081956, 1953756.251299999654293 ], [ 940762.279799999669194, 1953757.123099999502301 ], [ 940758.221300000324845, 1953759.961799999698997 ], [ 940756.59360000025481, 1953761.222999999299645 ], [ 940752.219700000248849, 1953763.959300000220537 ], [ 940750.971300000324845, 1953764.747700000181794 ], [ 940747.051900000311434, 1953768.363299999386072 ], [ 940745.221900000236928, 1953770.124500000849366 ], [ 940741.596900000236928, 1953773.072699999436736 ], [ 940738.64740000013262, 1953775.24269999936223 ], [ 940734.190200000070035, 1953778.109400000423193 ], [ 940729.622200000099838, 1953781.179700000211596 ], [ 940725.331699999980628, 1953784.193499999120831 ], [ 940721.152700000442564, 1953787.299699999392033 ], [ 940718.166299999691546, 1953789.664799999445677 ], [ 940714.560499999672174, 1953792.853900000452995 ], [ 940710.928399999625981, 1953796.357999999076128 ], [ 940708.36809999961406, 1953798.7588 ], [ 940706.102699999697506, 1953800.603199999779463 ], [ 940701.848799999803305, 1953803.534900000318885 ], [ 940699.269799999892712, 1953805.444900000467896 ], [ 940696.865500000305474, 1953807.483999999240041 ], [ 940694.518400000408292, 1953809.755699999630451 ], [ 940691.089999999850988, 1953813.582699999213219 ], [ 940688.649299999698997, 1953816.112800000235438 ], [ 940686.949000000022352, 1953817.643300000578165 ], [ 940682.547399999573827, 1953820.805700000375509 ], [ 940680.614900000393391, 1953822.279400000348687 ], [ 940679.644199999980628, 1953823.206299999728799 ], [ 940677.177799999713898, 1953826.72719999961555 ], [ 940676.540599999949336, 1953827.78319999948144 ], [ 940675.690600000321865, 1953828.663499999791384 ], [ 940672.453700000420213, 1953830.732999999076128 ], [ 940669.836400000378489, 1953832.189400000497699 ], [ 940668.042299999855459, 1953833.376499999314547 ], [ 940665.361100000329316, 1953835.602099999785423 ], [ 940661.451100000180304, 1953839.291600000113249 ], [ 940659.482499999925494, 1953841.1085 ], [ 940655.774799999780953, 1953843.927200000733137 ], [ 940653.195000000298023, 1953845.680299999192357 ], [ 940649.876000000163913, 1953848.286100000143051 ], [ 940646.427199999801815, 1953851.29839999973774 ], [ 940643.137299999594688, 1953854.477900000289083 ], [ 940639.412700000219047, 1953858.4353 ], [ 940635.808199999853969, 1953862.6151 ], [ 940633.51659999974072, 1953865.3673 ], [ 940630.32079999987036, 1953869.69480000063777 ], [ 940627.105600000359118, 1953874.160399999469519 ], [ 940625.017699999734759, 1953877.041500000283122 ], [ 940622.662399999797344, 1953880.784800000488758 ], [ 940619.902300000190735, 1953885.6568 ], [ 940617.178199999965727, 1953890.140799999237061 ], [ 940614.435600000433624, 1953894.559800000861287 ], [ 940612.975499999709427, 1953896.690899999812245 ], [ 940609.972400000318885, 1953900.23960000090301 ], [ 940606.377799999900162, 1953904.030500000342727 ], [ 940602.939399999566376, 1953907.8585 ], [ 940599.298600000329316, 1953911.796499999240041 ], [ 940595.629900000058115, 1953915.9206000007689 ], [ 940592.7182, 1953918.989 ], [ 940590.564899999648333, 1953921.037799999117851 ], [ 940586.422500000335276, 1953924.458699999377131 ], [ 940583.94539999961853, 1953926.350199999287724 ], [ 940579.96030000038445, 1953929.827199999243021 ], [ 940575.846800000406802, 1953933.590800000354648 ], [ 940571.68709999974817, 1953937.141699999570847 ], [ 940567.803999999538064, 1953940.618200000375509 ], [ 940565.336500000208616, 1953942.805600000545382 ], [ 940561.230399999767542, 1953945.912399999797344 ], [ 940556.606999999843538, 1953949.102900000289083 ], [ 940552.289200000464916, 1953951.857999999076128 ], [ 940550.735299999825656, 1953952.905899999663234 ], [ 940547.056099999696016, 1953956.206299999728799 ], [ 940543.330699999816716, 1953959.830900000408292 ], [ 940540.548299999907613, 1953962.38880000077188 ], [ 940537.451500000432134, 1953964.855499999597669 ], [ 940535.065399999730289, 1953966.561599999666214 ], [ 940531.995500000193715, 1953968.436300000175834 ], [ 940527.639299999922514, 1953970.755699999630451 ], [ 940524.670599999837577, 1953972.499900000169873 ], [ 940520.333999999798834, 1953975.477900000289083 ], [ 940517.115799999795854, 1953977.870300000533462 ], [ 940514.933299999684095, 1953979.326400000602007 ], [ 940513.5, 1953980.114700000733137 ], [ 940511.123700000345707, 1953981.960699999704957 ], [ 940507.130400000140071, 1953985.584799999371171 ], [ 940503.423999999649823, 1953989.033299999311566 ], [ 940500.73340000025928, 1953991.369799999520183 ], [ 940496.46239999961108, 1953994.661399999633431 ], [ 940492.864900000393391, 1953997.341700000688434 ], [ 940489.00899999961257, 1953999.929300000891089 ], [ 940487.150600000284612, 1954001.051799999549985 ], [ 940484.828200000338256, 1954002.14780000038445 ], [ 940480.213899999856949, 1954004.782500000670552 ], [ 940475.738099999725819, 1954007.53830000013113 ], [ 940471.058000000193715, 1954010.229299999773502 ], [ 940467.50650000013411, 1954012.159600000828505 ], [ 940462.650600000284612, 1954014.479599999263883 ], [ 940457.813099999912083, 1954016.902499999850988 ], [ 940454.492999999783933, 1954018.536699999123812 ], [ 940449.589700000360608, 1954020.607100000604987 ], [ 940447.75870000012219, 1954021.433499999344349 ], [ 940444.401200000196695, 1954023.372700000181794 ], [ 940441.682699999772012, 1954025.17259999923408 ], [ 940440.249099999666214, 1954026.275800000876188 ], [ 940437.144000000320375, 1954029.436300000175834 ], [ 940435.064100000075996, 1954031.753499999642372 ], [ 940433.807000000029802, 1954032.976800000295043 ], [ 940429.665400000289083, 1954036.157800000160933 ], [ 940425.578499999828637, 1954039.291500000283122 ], [ 940421.676799999549985, 1954042.481100000441074 ], [ 940418.237499999813735, 1954045.1985 ], [ 940415.908099999651313, 1954046.858300000429153 ], [ 940411.375900000333786, 1954049.530500000342727 ], [ 940408.037100000306964, 1954051.413699999451637 ], [ 940403.504599999636412, 1954053.660000000149012 ], [ 940403.199500000104308, 1954053.80460000038147 ], [ 940399.887900000438094, 1954055.368699999526143 ], [ 940398.352900000289083, 1954056.194599999114871 ], [ 940394.183100000023842, 1954059.161800000816584 ], [ 940391.899500000290573, 1954060.970300000160933 ], [ 940387.719899999909103, 1954063.771600000560284 ], [ 940383.437199999578297, 1954066.36849999986589 ], [ 940379.06319999974221, 1954068.901900000870228 ], [ 940374.587000000290573, 1954071.7588 ], [ 940370.047100000083447, 1954074.6809 ], [ 940368.206500000320375, 1954075.7664 ], [ 940364.682400000281632, 1954077.39159999974072 ], [ 940359.640800000168383, 1954079.397700000554323 ], [ 940356.42119999974966, 1954080.763399999588728 ], [ 940355.173000000417233, 1954081.393799999728799 ], [ 940351.742700000293553, 1954084.120100000873208 ], [ 940349.662399999797344, 1954086.001599999144673 ], [ 940347.692999999970198, 1954087.495500000193715 ], [ 940344.031200000084937, 1954089.740299999713898 ], [ 940339.563699999824166, 1954092.162200000137091 ], [ 940335.078700000420213, 1954094.510299999266863 ], [ 940330.444199999794364, 1954096.923100000247359 ], [ 940327.715699999593198, 1954098.3432 ], [ 940323.684200000017881, 1954100.810799999162555 ], [ 940319.190200000070035, 1954103.890599999576807 ], [ 940316.036600000225008, 1954106.014699999243021 ], [ 940312.865500000305474, 1954108.425799999386072 ], [ 940308.963600000366569, 1954111.753399999812245 ], [ 940306.061900000087917, 1954114.450899999588728 ], [ 940304.424700000323355, 1954115.814200000837445 ], [ 940300.12540000025183, 1954118.6711 ], [ 940295.44579999987036, 1954121.445000000298023 ], [ 940292.22719999961555, 1954123.365499999374151 ], [ 940289.535600000061095, 1954124.7763 ], [ 940284.595700000412762, 1954126.91190000064671 ], [ 940280.063699999824166, 1954129.05629999935627 ], [ 940275.836799999698997, 1954131.255999999120831 ], [ 940271.166000000201166, 1954133.419199999421835 ], [ 940267.216699999757111, 1954135.35950000025332 ], [ 940264.173899999819696, 1954137.076099999248981 ], [ 940260.150999999605119, 1954139.66469999961555 ], [ 940255.9068, 1954142.734200000762939 ], [ 940251.681300000287592, 1954145.738700000569224 ], [ 940247.409500000067055, 1954148.873299999162555 ], [ 940245.300999999977648, 1954150.348099999129772 ], [ 940240.898900000378489, 1954152.85359999909997 ], [ 940236.773199999704957, 1954155.080800000578165 ], [ 940233.212799999862909, 1954157.214099999517202 ], [ 940231.770399999804795, 1954158.179400000721216 ], [ 940230.780399999581277, 1954158.680500000715256 ], [ 940229.82799999974668, 1954158.922499999403954 ], [ 940229.374200000427663, 1954158.922900000587106 ], [ 940226.520700000226498, 1954156.955800000578165 ], [ 940225.886900000274181, 1954156.1974 ], [ 940225.701999999582767, 1954156.012499999254942 ], [ 940200.536299999803305, 1954167.784399999305606 ], [ 940199.962899999693036, 1954168.229299999773502 ], [ 940198.420699999667704, 1954170.526699999347329 ], [ 940196.879099999554455, 1954173.334000000730157 ], [ 940195.345499999821186, 1954175.751299999654293 ], [ 940193.700899999588728, 1954177.966299999505281 ], [ 940192.129900000058115, 1954179.745999999344349 ], [ 940189.96750000026077, 1954181.784900000318885 ], [ 940188.553000000305474, 1954182.906999999657273 ], [ 940186.526899999938905, 1954184.076400000602007 ], [ 940183.715099999681115, 1954185.245999999344349 ], [ 940178.56180000025779, 1954186.919800000265241 ], [ 940176.054700000211596, 1954187.672900000587106 ], [ 940171.058000000193715, 1954188.726099999621511 ], [ 940165.977699999697506, 1954189.648900000378489 ], [ 940160.722400000318885, 1954190.7675 ], [ 940155.63219999987632, 1954191.700300000607967 ], [ 940153.050800000317395, 1954192.221799999475479 ], [ 940148.05379999987781, 1954192.840199999511242 ], [ 940142.797100000083447, 1954193.6809 ], [ 940139.521099999547005, 1954194.222200000658631 ], [ 940135.700299999676645, 1954195.134199999272823 ], [ 940132.600499999709427, 1954196.101399999111891 ], [ 940130.686099999584258, 1954196.8443 ], [ 940126.61600000038743, 1954198.988299999386072 ], [ 940124.859199999831617, 1954200.04619999974966 ], [ 940120.716599999926984, 1954203.23619999922812 ], [ 940116.547899999655783, 1954206.583200000226498 ], [ 940112.599700000137091, 1954209.68019999936223 ], [ 940108.567699999548495, 1954212.601700000464916 ], [ 940106.950000000186265, 1954213.677899999544024 ], [ 940105.516499999910593, 1954214.429300000891089 ], [ 940100.668499999679625, 1954216.194499999284744 ], [ 940098.725599999539554, 1954216.83559999987483 ], [ 940097.412200000137091, 1954217.421399999409914 ], [ 940094.231300000101328, 1954219.48960000090301 ], [ 940092.474799999967217, 1954220.787499999627471 ], [ 940083.690999999642372, 1954228.048800000920892 ], [ 940072.707200000062585, 1954238.551699999719858 ], [ 940069.682400000281632, 1954241.196900000795722 ], [ 940063.579900000244379, 1954245.967700000852346 ], [ 940047.41399999987334, 1954261.658399999141693 ], [ 940038.314799999818206, 1954273.432800000533462 ], [ 940035.776399999856949, 1954277.324999999254942 ], [ 940030.189799999818206, 1954285.111999999731779 ], [ 940026.994199999608099, 1954289.47749999910593 ], [ 940023.621000000275671, 1954292.4145 ], [ 940020.44510000012815, 1954294.870500000193715 ], [ 940017.008600000292063, 1954297.177999999374151 ], [ 940014.177400000393391, 1954298.652599999681115 ], [ 940009.417999999597669, 1954300.32740000076592 ], [ 940005.798000000417233, 1954301.966099999845028 ], [ 940003.328200000338256, 1954303.72859999909997 ], [ 940001.140700000338256, 1954305.939500000327826 ], [ 939998.664599999785423, 1954310.261199999600649 ], [ 939996.766499999910593, 1954314.25 ], [ 939993.9671, 1954319.82289999909699 ], [ 939989.182300000451505, 1954326.126199999824166 ], [ 939984.913499999791384, 1954331.697100000455976 ], [ 939981.494099999777973, 1954335.344000000506639 ], [ 939978.283800000324845, 1954338.8399 ], [ 939973.238699999637902, 1954343.195299999788404 ], [ 939968.590200000442564, 1954346.918700000271201 ], [ 939960.981399999931455, 1954354.176699999719858 ], [ 939943.731800000183284, 1954370.02309999987483 ], [ 939937.986899999901652, 1954374.362199999392033 ], [ 939933.909900000318885, 1954376.55320000089705 ], [ 939933.27170000039041, 1954376.889499999582767 ], [ 939931.188500000163913, 1954377.987199999392033 ], [ 939928.497000000439584, 1954379.401000000536442 ], [ 939920.387799999676645, 1954382.792999999597669 ], [ 939912.30420000012964, 1954385.355200000107288 ], [ 939906.196299999952316, 1954387.227099999785423 ], [ 939898.951399999670684, 1954389.594799999147654 ], [ 939891.327399999834597, 1954392.0945999994874 ], [ 939884.25800000037998, 1954395.511099999770522 ], [ 939877.662499999627471, 1954399.684699999168515 ], [ 939869.903300000354648, 1954404.974199999123812 ], [ 939862.991200000047684, 1954409.769400000572205 ], [ 939855.373599999584258, 1954415.357999999076128 ], [ 939847.11089999973774, 1954421.81980000063777 ], [ 939838.830599999986589, 1954428.751499999314547 ], [ 939838.482699999585748, 1954429.123199999332428 ], [ 939835.466099999845028, 1954431.438500000163913 ], [ 939832.278599999845028, 1954433.584699999541044 ], [ 939829.160500000230968, 1954435.610600000247359 ], [ 939826.222799999639392, 1954437.725600000470877 ], [ 939823.355800000019372, 1954439.990000000223517 ], [ 939820.619099999777973, 1954442.30379999987781 ], [ 939817.792999999597669, 1954444.728000000119209 ], [ 939814.826299999840558, 1954447.042999999597669 ], [ 939811.888500000350177, 1954449.137900000438094 ], [ 939809.080199999734759, 1954451.162200000137091 ], [ 939806.462000000290573, 1954453.205399999395013 ], [ 939804.013700000010431, 1954455.237800000235438 ], [ 939801.685200000181794, 1954457.249500000849366 ], [ 939798.619099999777973, 1954459.654999999329448 ], [ 939795.541199999861419, 1954461.74070000089705 ], [ 939792.623100000433624, 1954463.785499999299645 ], [ 939789.833999999798834, 1954465.639699999243021 ], [ 939787.113499999977648, 1954467.263599999248981 ], [ 939784.104700000025332, 1954469.168999999761581 ], [ 939782.520499999634922, 1954470.147099999710917 ], [ 939781.573300000280142, 1954470.611999999731779 ], [ 939781.094399999827147, 1954470.784499999135733 ], [ 939746.571899999864399, 1954500.018200000748038 ], [ 939742.493800000287592, 1954503.868599999696016 ], [ 939739.0614, 1954506.935900000855327 ], [ 939734.781999999657273, 1954510.5274 ], [ 939730.179100000299513, 1954513.450899999588728 ], [ 939725.690700000151992, 1954517.213500000536442 ], [ 939720.74280000012368, 1954521.038499999791384 ], [ 939716.352800000458956, 1954524.510700000450015 ], [ 939711.186700000427663, 1954528.676799999549985 ], [ 939705.862399999983609, 1954533.153599999845028 ], [ 939701.344100000336766, 1954536.9364 ], [ 939696.372600000351667, 1954541.961100000888109 ], [ 939691.510800000280142, 1954548.8246 ], [ 939687.144999999552965, 1954554.965800000354648 ], [ 939682.667700000107288, 1954560.807600000873208 ], [ 939679.107200000435114, 1954566.12470000050962 ], [ 939674.39989999961108, 1954571.967800000682473 ], [ 939670.105399999767542, 1954576.479100000113249 ], [ 939664.012099999934435, 1954581.089999999850988 ], [ 939659.155600000172853, 1954585.194399999454618 ], [ 939638.60950000025332, 1954599.618899999186397 ], [ 939630.436099999584258, 1954604.080900000408292 ], [ 939624.076899999752641, 1954607.583499999716878 ], [ 939619.580199999734759, 1954609.776699999347329 ], [ 939615.25069999974221, 1954611.469200000166893 ], [ 939594.796799999661744, 1954630.081700000911951 ], [ 939592.28969999961555, 1954632.3443 ], [ 939590.777999999932945, 1954633.791799999773502 ], [ 939587.094700000248849, 1954636.700400000438094 ], [ 939584.55559999961406, 1954638.573300000280142 ], [ 939582.085900000296533, 1954640.355799999088049 ], [ 939579.199300000444055, 1954642.680400000885129 ], [ 939576.88150000013411, 1954644.822000000625849 ], [ 939574.444799999706447, 1954647.164200000464916 ], [ 939571.868599999696016, 1954649.597100000828505 ], [ 939569.252299999818206, 1954651.990199999883771 ], [ 939566.685600000433624, 1954654.333000000566244 ], [ 939564.259600000455976, 1954656.805099999532104 ], [ 939561.924999999813735, 1954659.546599999070168 ], [ 939559.600399999879301, 1954662.278000000864267 ], [ 939557.214900000020862, 1954664.849899999797344 ], [ 939554.829199999570847, 1954667.381699999794364 ], [ 939552.384700000286102, 1954670.123800000175834 ], [ 939549.810999999754131, 1954673.036499999463558 ], [ 939547.088700000196695, 1954676.17989999987185 ], [ 939544.277900000102818, 1954679.603700000792742 ], [ 939541.806400000117719, 1954682.9057 ], [ 939539.325299999676645, 1954686.297700000926852 ], [ 939536.853900000452995, 1954689.639799999073148 ], [ 939534.443699999712408, 1954693.201400000602007 ], [ 939532.232200000435114, 1954696.521999999880791 ], [ 939530.048700000159442, 1954699.492599999532104 ], [ 939528.074000000022352, 1954702.222200000658631 ], [ 939526.309500000439584, 1954705.020600000396371 ], [ 939524.695600000210106, 1954707.948200000450015 ], [ 939523.261500000022352, 1954710.834799999371171 ], [ 939521.641499999910593, 1954714.482200000435114 ], [ 939520.465699999593198, 1954717.087600000202656 ], [ 939518.653500000014901, 1954720.306099999696016 ], [ 939516.700699999928474, 1954723.415500000119209 ], [ 939515.639399999752641, 1954724.970599999651313 ], [ 939514.407700000330806, 1954726.446599999442697 ], [ 939513.025500000454485, 1954727.833499999716878 ], [ 939510.845800000242889, 1954729.624500000849366 ], [ 939509.242200000211596, 1954730.722699999809265 ], [ 939507.518000000156462, 1954731.691500000655651 ], [ 939504.246899999678135, 1954733.158399999141693 ], [ 939500.845300000160933, 1954734.516100000590086 ], [ 939497.273699999786913, 1954735.854599999263883 ], [ 939493.711400000378489, 1954737.083200000226498 ], [ 939490.178999999538064, 1954738.271600000560284 ], [ 939486.606200000271201, 1954739.4002 ], [ 939483.691200000233948, 1954740.145500000566244 ], [ 939480.565899999812245, 1954740.831900000572205 ], [ 939477.450500000268221, 1954741.488299999386072 ], [ 939474.395700000226498, 1954742.274299999698997 ], [ 939471.601800000295043, 1954743.228800000622869 ], [ 939469.846599999815226, 1954744.017899999395013 ], [ 939466.547600000165403, 1954745.874800000339746 ], [ 939463.987499999813735, 1954747.567900000140071 ], [ 939461.388399999588728, 1954749.451099999248981 ], [ 939458.850599999539554, 1954751.583799999207258 ], [ 939456.324699999764562, 1954754.056399999186397 ], [ 939453.760400000028312, 1954756.849099999293685 ], [ 939451.066599999554455, 1954759.712500000372529 ], [ 939448.252500000409782, 1954762.50650000013411 ], [ 939445.348100000061095, 1954765.251000000163913 ], [ 939442.423999999649823, 1954768.045700000599027 ], [ 939439.39989999961108, 1954770.85080000013113 ], [ 939436.406499999575317, 1954773.765699999406934 ], [ 939433.563500000163913, 1954776.769799999892712 ], [ 939430.810600000433624, 1954779.813400000333786 ], [ 939427.967600000090897, 1954782.817600000649691 ], [ 939425.75069999974221, 1954785.128599999472499 ], [ 939422.987399999983609, 1954788.082299999892712 ], [ 939420.125199999660254, 1954791.256400000303984 ], [ 939417.20380000025034, 1954794.550799999386072 ], [ 939415.206899999640882, 1954796.890699999406934 ], [ 939413.17960000038147, 1954799.130699999630451 ], [ 939410.097000000067055, 1954802.196100000292063 ], [ 939406.992499999701977, 1954804.911699999123812 ], [ 939403.957999999634922, 1954807.636900000274181 ], [ 939401.033900000154972, 1954810.421499999240041 ], [ 939398.17949999962002, 1954813.165699999779463 ], [ 939395.30449999962002, 1954815.800200000405312 ], [ 939392.528900000266731, 1954818.324100000783801 ], [ 939389.792399999685585, 1954820.68779999949038 ], [ 939387.2347999997437, 1954822.850700000301003 ], [ 939384.927199999801815, 1954825.022199999541044 ], [ 939382.162800000049174, 1954827.786000000312924 ], [ 939379.556099999696016, 1954830.109099999070168 ], [ 939378.261800000444055, 1954831.09569999948144 ], [ 939376.368700000457466, 1954832.2653 ], [ 939345.911600000225008, 1954865.00929999910295 ], [ 939337.253399999812245, 1954876.444399999454618 ], [ 939310.486999999731779, 1954902.996899999678135 ], [ 939299.442499999888241, 1954920.956499999389052 ], [ 939281.035899999551475, 1954939.376199999824166 ], [ 939266.543499999679625, 1954956.568499999120831 ], [ 939261.311499999836087, 1954964.315700000151992 ], [ 939258.348600000143051, 1954968.0811 ], [ 939254.984600000083447, 1954975.939400000497699 ], [ 939254.96100000012666, 1954976.769200000911951 ], [ 939255.60869999974966, 1954977.874399999156594 ], [ 939263.009800000116229, 1954983.44400000013411 ], [ 939246.796400000341237, 1955003.1656 ], [ 939239.89130000025034, 1954999.689600000157952 ], [ 939237.62540000025183, 1955000.312400000169873 ], [ 939234.241100000217557, 1955002.106799999251962 ], [ 939223.106599999591708, 1955012.567500000819564 ], [ 939203.472199999727309, 1955035.623199999332428 ], [ 939175.407300000078976, 1955070.07179999910295 ], [ 939154.710900000296533, 1955092.139399999752641 ], [ 939147.014899999834597, 1955102.900699999183416 ], [ 939143.502500000409782, 1955112.17820000089705 ], [ 939140.268299999646842, 1955123.017699999734759 ], [ 939137.8284, 1955134.3278 ], [ 939136.127100000157952, 1955143.178899999707937 ], [ 939132.333499999716878, 1955152.19400000013411 ], [ 939128.964300000108778, 1955160.592000000178814 ], [ 939049.025299999862909, 1955257.010600000619888 ], [ 939045.084999999962747, 1955254.259600000455976 ], [ 939039.483199999667704, 1955261.629899999126792 ], [ 939042.211799999698997, 1955264.174499999731779 ], [ 939023.555700000375509, 1955286.986999999731779 ], [ 939020.786700000055134, 1955284.912399999797344 ], [ 939014.455900000408292, 1955292.057700000703335 ], [ 939016.923299999907613, 1955293.97690000012517 ], [ 939016.974499999545515, 1955294.219499999657273 ], [ 938952.932699999772012, 1955371.600999999791384 ], [ 938947.270600000396371, 1955365.2094 ], [ 938942.473899999633431, 1955370.034299999475479 ], [ 938948.13300000037998, 1955377.922399999573827 ], [ 938937.097299999557436, 1955391.910399999469519 ], [ 938908.416100000031292, 1955433.77280000038445 ], [ 938903.431400000117719, 1955439.89919999986887 ], [ 938901.144600000232458, 1955443.719100000336766 ], [ 938897.114199999719858, 1955451.278999999165535 ], [ 938895.557599999941885, 1955457.826999999582767 ], [ 938893.559000000357628, 1955460.204800000414252 ], [ 938888.281499999575317, 1955462.596100000664592 ], [ 938883.276600000448525, 1955464.720100000500679 ], [ 938876.780199999921024, 1955468.166500000283122 ], [ 938872.180100000463426, 1955470.674100000411272 ], [ 938870.0296, 1955473.072699999436736 ], [ 938868.703999999910593, 1955474.941199999302626 ], [ 938867.705500000156462, 1955477.216700000688434 ], [ 938866.933000000193715, 1955479.142200000584126 ], [ 938866.451299999840558, 1955481.60190000012517 ], [ 938865.957200000062585, 1955484.193600000813603 ], [ 938864.0943, 1955487.653400000184774 ], [ 938862.393699999898672, 1955489.30379999987781 ], [ 938856.72580000013113, 1955492.331000000238419 ], [ 938849.015599999576807, 1955497.250399999320507 ], [ 938835.47580000013113, 1955520.634500000625849 ], [ 938833.775500000454485, 1955524.788100000470877 ], [ 938830.896099999547005, 1955526.960699999704957 ], [ 938828.550900000147521, 1955531.4695999994874 ], [ 938828.285000000149012, 1955534.472999999299645 ], [ 938827.593100000172853, 1955537.456700000911951 ], [ 938826.051400000229478, 1955541.161599999293685 ], [ 938820.79700000025332, 1955548.450099999085069 ], [ 938811.953999999910593, 1955559.888299999758601 ], [ 938800.210500000044703, 1955574.820699999108911 ], [ 938791.019500000402331, 1955586.988500000908971 ], [ 938788.720099999569356, 1955589.395899999886751 ], [ 938787.932400000281632, 1955593.526699999347329 ], [ 938786.915500000119209, 1955597.244799999520183 ], [ 938785.686700000427663, 1955599.635500000789762 ], [ 938783.14049999974668, 1955602.437100000679493 ], [ 938780.811900000087917, 1955604.99860000051558 ], [ 938778.848299999721348, 1955607.187300000339746 ], [ 938776.387299999594688, 1955609.477700000628829 ], [ 938773.891200000420213, 1955610.988399999216199 ], [ 938771.078900000080466, 1955613.383600000292063 ], [ 938768.683699999935925, 1955615.072799999266863 ], [ 938765.366899999789894, 1955618.635199999436736 ], [ 938754.690799999982119, 1955633.892799999564886 ], [ 938744.191499999724329, 1955646.486400000751019 ], [ 938735.497299999929965, 1955657.719900000840425 ], [ 938731.467899999581277, 1955663.02250000089407 ], [ 938728.56319999974221, 1955667.767400000244379 ], [ 938723.084999999962747, 1955675.455900000408292 ], [ 938717.232499999925494, 1955683.244400000199676 ], [ 938714.282700000330806, 1955688.348400000482798 ], [ 938710.972099999897182, 1955694.965700000524521 ], [ 938707.880099999718368, 1955698.88990000076592 ], [ 938707.233, 1955699.968900000676513 ], [ 938709.875900000333786, 1955701.994200000539422 ], [ 938689.026300000026822, 1955722.86710000038147 ], [ 938685.49280000012368, 1955720.30379999987781 ], [ 938677.700299999676645, 1955727.967599999159575 ], [ 938621.090800000354648, 1955778.300899999216199 ], [ 938606.108799999579787, 1955797.031300000846386 ], [ 938584.688299999572337, 1955821.67090000025928 ], [ 938577.318400000222027, 1955828.151900000870228 ], [ 938568.60190000012517, 1955835.002000000327826 ], [ 938561.031600000336766, 1955839.898700000718236 ], [ 938551.332799999974668, 1955844.953600000590086 ], [ 938543.442599999718368, 1955848.544399999082088 ], [ 938541.74239999987185, 1955849.318199999630451 ], [ 938529.224700000137091, 1955853.271500000730157 ], [ 938516.647599999792874, 1955856.955199999734759 ], [ 938505.537700000219047, 1955859.251599999144673 ], [ 938491.724100000225008, 1955861.252499999478459 ], [ 938480.653500000014901, 1955862.120200000703335 ], [ 938470.625799999572337, 1955862.279500000178814 ], [ 938462.100999999791384, 1955862.150000000372529 ], [ 938452.390100000426173, 1955860.971100000664592 ], [ 938444.032800000160933, 1955859.450200000777841 ], [ 938432.59250000026077, 1955856.212200000882149 ], [ 938419.229199999943376, 1955851.1601 ], [ 938415.043700000271201, 1955849.484999999403954 ], [ 938402.12459999974817, 1955844.3136 ], [ 938365.477800000458956, 1955828.857100000604987 ], [ 938231.839499999769032, 1955772.137399999424815 ], [ 938231.420400000177324, 1955772.278599999845028 ], [ 938208.965300000272691, 1955825.4419 ], [ 938207.993900000117719, 1955827.74129999987781 ], [ 938207.551099999807775, 1955828.135600000619888 ], [ 938207.11710000038147, 1955828.285800000652671 ], [ 938199.026300000026822, 1955848.826899999752641 ], [ 938199.133399999700487, 1955849.228199999779463 ], [ 938199.010800000280142, 1955849.486700000241399 ], [ 938198.352500000037253, 1955851.073699999600649 ], [ 938176.252100000157952, 1955904.402100000530481 ], [ 938176.351400000043213, 1955904.654500000178814 ], [ 938209.6568, 1955918.326400000602007 ], [ 938247.322300000116229, 1955933.788499999791384 ], [ 938303.879999999888241, 1955957.841 ], [ 938348.107599999755621, 1955976.572000000625849 ], [ 938361.924899999983609, 1955982.397399999201298 ], [ 938368.468999999575317, 1955986.0263 ], [ 938373.974000000394881, 1955989.578700000420213 ], [ 938379.422199999913573, 1955994.838899999856949 ], [ 938383.862800000235438, 1956000.494300000369549 ], [ 938387.575600000098348, 1956007.458100000396371 ], [ 938390.131400000303984, 1956015.084899999201298 ], [ 938391.206100000068545, 1956022.245699999853969 ], [ 938391.160699999891222, 1956029.486500000581145 ], [ 938390.785099999979138, 1956034.799699999392033 ], [ 938390.111499999649823, 1956038.584000000730157 ], [ 938388.603400000371039, 1956043.337400000542402 ], [ 938387.185300000011921, 1956046.979699999094009 ], [ 938382.211600000038743, 1956055.365299999713898 ], [ 938374.648299999535084, 1956066.458799999207258 ], [ 938373.736499999649823, 1956072.074699999764562 ], [ 938372.184299999848008, 1956079.0526 ], [ 938371.166600000113249, 1956081.299200000241399 ], [ 938370.135900000110269, 1956083.163100000470877 ], [ 938368.245199999772012, 1956085.550300000235438 ], [ 938366.465099999681115, 1956087.099300000816584 ], [ 938361.030600000172853, 1956091.729599999263883 ], [ 938359.749900000169873, 1956094.330600000917912 ], [ 938359.114099999889731, 1956097.337899999693036 ], [ 938358.286700000055134, 1956100.197300000116229 ], [ 938357.110000000335276, 1956102.634800000116229 ], [ 938354.919099999591708, 1956106.080299999564886 ], [ 938345.227900000289083, 1956118.361700000241399 ], [ 938337.149400000460446, 1956129.392899999395013 ], [ 938335.9216, 1956130.103199999779463 ], [ 938332.464999999850988, 1956131.443199999630451 ], [ 938330.454699999652803, 1956132.016699999570847 ], [ 938329.805100000463426, 1956133.1678 ], [ 938313.770800000056624, 1956158.185599999502301 ], [ 938283.397599999792874, 1956195.604599999263883 ], [ 938271.055499999783933, 1956209.561499999836087 ], [ 938304.771099999547005, 1956248.880899999290705 ], [ 938343.294499999843538, 1956294.066400000825524 ], [ 938362.498599999584258, 1956316.050799999386072 ], [ 938397.545699999667704, 1956356.78830000013113 ], [ 938417.019299999810755, 1956379.488900000229478 ], [ 938441.175999999977648, 1956407.662599999457598 ], [ 938467.145399999804795, 1956383.002499999478459 ], [ 938480.752999999560416, 1956369.97580000013113 ], [ 938510.098899999633431, 1956341.8827 ], [ 938555.385800000280142, 1956298.7204 ], [ 938602.472799999639392, 1956253.642100000753999 ], [ 938639.430700000375509, 1956218.614199999719858 ], [ 938675.42339999973774, 1956184.404100000858307 ], [ 938707.873499999754131, 1956153.617599999532104 ], [ 938728.89989999961108, 1956133.418999999761581 ], [ 938752.7341, 1956115.642699999734759 ], [ 938780.30379999987781, 1956095.2215 ], [ 938849.466300000436604, 1956045.090800000354648 ], [ 938937.493700000457466, 1955979.646299999207258 ], [ 938955.290599999949336, 1955963.089700000360608 ], [ 939006.04009999986738, 1955916.46059999987483 ], [ 939036.148599999956787, 1955888.8114 ] ], [ [ 949597.446000000461936, 1946465.315700000151992 ], [ 949653.352800000458956, 1946463.936599999666214 ], [ 949678.236600000411272, 1946464.410199999809265 ], [ 949725.798299999907613, 1946467.231699999421835 ], [ 949820.925300000235438, 1946476.304500000551343 ], [ 949833.354199999943376, 1946477.472100000828505 ], [ 949855.243700000457466, 1946479.6403 ], [ 949899.005300000309944, 1946484.675799999386072 ], [ 949986.452800000086427, 1946496.845200000330806 ], [ 950073.790300000458956, 1946510.4825 ], [ 950117.414099999703467, 1946517.352900000289083 ], [ 950158.85259999986738, 1946523.682399999350309 ], [ 950207.798700000159442, 1946533.572300000116229 ], [ 950255.54700000025332, 1946546.449300000444055 ], [ 950303.2818, 1946560.432199999690056 ], [ 950327.514000000432134, 1946567.250199999660254 ], [ 950342.060999999754131, 1946571.143899999558926 ], [ 950360.139299999922514, 1946576.118000000715256 ], [ 950503.434500000439584, 1946619.569399999454618 ], [ 950575.055499999783933, 1946640.587999999523163 ], [ 950611.195299999788404, 1946651.588999999687076 ], [ 950647.858199999667704, 1946665.3114 ], [ 950796.423200000077486, 1946711.997500000521541 ], [ 950871.214599999599159, 1946735.615299999713898 ], [ 950889.27489999961108, 1946743.479699999094009 ], [ 950901.332999999634922, 1946755.409199999645352 ], [ 950907.342899999581277, 1946770.838700000196695 ], [ 950908.044999999925494, 1946789.187599999830127 ], [ 950904.179700000211596, 1946809.875199999660254 ], [ 950896.487499999813735, 1946832.320599999278784 ], [ 950872.583999999798834, 1946880.161399999633431 ], [ 950842.258100000210106, 1946928.064099999144673 ], [ 950811.433299999684095, 1946971.381999999284744 ], [ 950786.033200000412762, 1947005.469100000336766 ], [ 950777.218399999663234, 1947017.598999999463558 ], [ 950775.916100000031292, 1947019.357799999415874 ], [ 950737.809200000017881, 1947063.3969 ], [ 950732.899000000208616, 1947068.716399999335408 ], [ 950678.30460000038147, 1947125.258300000801682 ], [ 950676.635599999688566, 1947127.080600000917912 ], [ 950613.534500000067055, 1947197.492599999532104 ], [ 950504.404000000096858, 1947315.2248 ], [ 950503.418899999931455, 1947316.183000000193715 ], [ 950482.697800000198185, 1947335.105100000277162 ], [ 950480.093700000084937, 1947337.532700000330806 ], [ 950393.574400000274181, 1947428.506699999794364 ], [ 950392.353900000452995, 1947429.838899999856949 ], [ 950388.831600000150502, 1947437.199699999764562 ], [ 950388.642500000074506, 1947437.567199999466538 ], [ 950288.004800000227988, 1947551.526100000366569 ], [ 950286.120199999772012, 1947553.71680000051856 ], [ 950232.327399999834597, 1947617.093000000342727 ], [ 950230.281499999575317, 1947619.460899999365211 ], [ 950109.471499999985099, 1947747.007400000467896 ], [ 950044.336099999956787, 1947815.418099999427795 ], [ 950041.753999999724329, 1947818.093900000676513 ], [ 949879.180200000293553, 1947984.404699999839067 ], [ 949815.96239999961108, 1948045.365599999204278 ], [ 949815.025100000202656, 1948046.28690000064671 ], [ 949799.175300000235438, 1948062.62470000050962 ], [ 949792.858500000089407, 1948068.530300000682473 ], [ 949724.619300000369549, 1948112.637299999594688 ], [ 949722.434200000017881, 1948114.032600000500679 ], [ 949636.748800000175834, 1948165.659800000488758 ], [ 949567.72690000012517, 1948204.969000000506639 ], [ 949565.455500000156462, 1948206.206399999558926 ], [ 949455.6579, 1948263.472699999809265 ], [ 949350.718700000084937, 1948316.559800000861287 ], [ 949346.014200000092387, 1948318.91609999909997 ], [ 949324.127799999900162, 1948329.198799999430776 ], [ 949279.252600000239909, 1948347.300699999555945 ], [ 949233.201999999582767, 1948362.658800000324845 ], [ 949138.987300000153482, 1948387.738700000569224 ], [ 949044.310600000433624, 1948409.629200000315905 ], [ 948953.752199999988079, 1948433.658099999651313 ], [ 948866.583700000308454, 1948463.437300000339746 ], [ 948779.661999999545515, 1948494.60050000064075 ], [ 948691.178000000305474, 1948521.846999999135733 ], [ 948680.734000000171363, 1948524.511 ], [ 948612.354799999855459, 1948541.193600000813603 ], [ 948609.735799999907613, 1948541.821100000292063 ], [ 948439.587199999950826, 1948581.564500000327826 ], [ 948255.150299999862909, 1948628.35249999910593 ], [ 948251.081299999728799, 1948629.373800000175834 ], [ 948125.124400000087917, 1948660.522900000214577 ], [ 948049.685399999842048, 1948674.114299999549985 ], [ 948047.957000000402331, 1948674.248500000685453 ], [ 947994.519500000402331, 1948676.490599999204278 ], [ 947989.469399999827147, 1948675.83530000038445 ], [ 947947.406700000166893, 1948666.948699999600649 ], [ 947946.041899999603629, 1948666.280200000852346 ], [ 947910.515399999916553, 1948648.311799999326468 ], [ 947909.590300000272691, 1948647.686300000175834 ], [ 947883.245600000023842, 1948617.221300000324845 ], [ 947880.987599999643862, 1948613.558900000527501 ], [ 947864.772499999962747, 1948574.282999999821186 ], [ 947864.213499999605119, 1948573.126800000667572 ], [ 947854.380199999548495, 1948555.907299999147654 ], [ 947851.77170000039041, 1948545.7719 ], [ 947958.273900000378489, 1948081.571699999272823 ], [ 947987.903400000184774, 1947974.586899999529123 ], [ 948033.094899999909103, 1947796.735500000417233 ], [ 948034.656000000424683, 1947792.280300000682473 ], [ 948082.328099999576807, 1947662.3114 ], [ 948083.965699999593198, 1947658.233899999409914 ], [ 948166.116799999959767, 1947505.723999999463558 ], [ 948228.780600000172853, 1947402.395700000226498 ], [ 948276.461199999786913, 1947324.254699999466538 ], [ 948278.296099999919534, 1947320.858899999409914 ], [ 948341.254499999806285, 1947203.4857 ], [ 948407.788099999539554, 1947088.557900000363588 ], [ 948444.354600000195205, 1947033.340600000694394 ], [ 948484.16579999960959, 1946980.3301 ], [ 948528.005199999548495, 1946930.058199999853969 ], [ 948539.686200000345707, 1946917.980399999767542 ], [ 948548.172899999655783, 1946909.515599999576807 ], [ 948559.608900000341237, 1946898.263699999079108 ], [ 948654.343100000172853, 1946811.5461 ], [ 948704.693400000222027, 1946771.737600000575185 ], [ 948759.024400000460446, 1946735.214199999347329 ], [ 948816.732499999925494, 1946704.462300000712276 ], [ 948876.059100000187755, 1946677.395999999716878 ], [ 948936.060899999924004, 1946650.906999999657273 ], [ 948973.602699999697506, 1946633.754200000315905 ], [ 949013.180100000463426, 1946615.901599999517202 ], [ 949092.976400000043213, 1946581.627800000831485 ], [ 949174.068300000391901, 1946550.7043999992311 ], [ 949215.264999999664724, 1946537.039599999785423 ], [ 949236.054999999701977, 1946530.7511 ], [ 949261.355800000019372, 1946523.5855 ], [ 949371.2829, 1946496.542600000277162 ], [ 949484.203599999658763, 1946476.357999999076128 ], [ 949597.446000000461936, 1946465.315700000151992 ] ] ] ] } },
{ "type": "Feature", "properties": { "OBJECTID": 10, "CODE2": 0.0, "INDEXPAGE1": null, "LEVEL1": null, "NAME2": null, "RIVLEN1": 0.0, "UID1": 0.0, "INDEXPAGE2": ",59", "LEVEL2": ",59", "RIVLEN2": 2.78, "RIV_CD_1": 1025490.0, "RIV_NAM_1": ",59", "UID2": 567.0, "CODE1": 0.0, "INDEXPAGE": null, "LEVEL": null, "NAME1": null, "RIVLEN": 0.0, "UID": 0.0, "Shape_Leng": 4133.5782569900002, "Shape_Area": 4128.0520173900004 }, "geometry": { "type": "MultiPolygon", "coordinates": [ [ [ [ 947037.536100000143051, 1939685.068099999800324 ], [ 947156.823200000450015, 1939627.000499999150634 ], [ 947385.790400000289083, 1939454.04109999909997 ], [ 947612.768600000068545, 1939301.642400000244379 ], [ 947781.907999999821186, 1939218.274800000712276 ], [ 947848.387400000356138, 1939291.068 ], [ 947884.872899999842048, 1939275.345499999821186 ], [ 948044.306200000457466, 1939241.73450000025332 ], [ 948171.053299999795854, 1939156.57799999974668 ], [ 948209.112700000405312, 1939151.788699999451637 ], [ 948242.866799999959767, 1939166.122999999672174 ], [ 948243.648299999535084, 1939164.282800000160933 ], [ 948209.398000000044703, 1939149.737800000235438 ], [ 948170.332499999552965, 1939154.653699999675155 ], [ 948043.513799999840558, 1939239.85840000025928 ], [ 947884.265100000426173, 1939273.430500000715256 ], [ 947848.903599999845028, 1939288.668500000610948 ], [ 947782.371299999766052, 1939215.817600000649691 ], [ 947611.764999999664724, 1939299.90819999948144 ], [ 947384.629700000397861, 1939452.412200000137091 ], [ 947155.773299999535084, 1939625.28800000064075 ], [ 947037.323300000280142, 1939682.948100000619888 ], [ 946883.074099999852479, 1939643.07630000077188 ], [ 946446.117300000041723, 1939412.82010000012815 ], [ 946445.439899999648333, 1939414.723099999129772 ], [ 946882.348100000061095, 1939644.953600000590086 ], [ 947037.536100000143051, 1939685.068099999800324 ] ] ] ] } },
{ "type": "Feature", "properties": { "OBJECTID": 11, "CODE2": 0.0, "INDEXPAGE1": null, "LEVEL1": null, "NAME2": null, "RIVLEN1": 0.0, "UID1": 0.0, "INDEXPAGE2": ",59", "LEVEL2": ",59", "RIVLEN2": 4.76, "RIV_CD_1": 1025050.0, "RIV_NAM_1": ",59", "UID2": 563.0, "CODE1": 0.0, "INDEXPAGE": null, "LEVEL": null, "NAME1": null, "RIVLEN": 0.0, "UID": 0.0, "Shape_Leng": 9657.3552593700006, "Shape_Area": 56987.904030799997 }, "geometry": { "type": "MultiPolygon", "coordinates": [ [ [ [ 966373.41260000038892, 1940603.648499999195337 ], [ 966368.299300000071526, 1940567.434299999848008 ], [ 966357.478600000031292, 1940567.364199999719858 ], [ 966345.305399999953806, 1940566.188500000163913 ], [ 966320.609000000171363, 1940561.148600000888109 ], [ 966302.131699999794364, 1940558.080800000578165 ], [ 966297.05599999986589, 1940557.202199999243021 ], [ 966269.892199999652803, 1940547.948000000789762 ], [ 966268.784300000406802, 1940547.474500000476837 ], [ 966247.925400000065565, 1940536.199699999764562 ], [ 966243.967899999581277, 1940533.982200000435114 ], [ 966227.909799999557436, 1940523.480200000107288 ], [ 966224.449000000022352, 1940521.664100000634789 ], [ 966201.096499999985099, 1940512.918299999088049 ], [ 966197.43030000012368, 1940511.621899999678135 ], [ 966179.845800000242889, 1940505.8037 ], [ 966178.703700000420213, 1940505.440400000661612 ], [ 966140.018500000238419, 1940495.498400000855327 ], [ 966129.768899999558926, 1940491.970899999141693 ], [ 966107.232499999925494, 1940482.809499999508262 ], [ 966065.078700000420213, 1940461.189200000837445 ], [ 966023.381799999624491, 1940437.039100000634789 ], [ 965984.117200000211596, 1940416.498400000855327 ], [ 965904.844499999657273, 1940382.806500000879169 ], [ 965829.556800000369549, 1940345.772199999541044 ], [ 965789.631599999964237, 1940333.581599999219179 ], [ 965769.260099999606609, 1940331.924900000914931 ], [ 965750.80460000038147, 1940333.677799999713898 ], [ 965716.832600000314415, 1940344.604399999603629 ], [ 965681.01659999974072, 1940360.984099999070168 ], [ 965662.6722999997437, 1940366.42090000025928 ], [ 965636.527999999932945, 1940372.54759999923408 ], [ 965604.335799999535084, 1940379.14809999987483 ], [ 965567.847900000400841, 1940386.00650000013411 ], [ 965488.993400000035763, 1940399.63230000063777 ], [ 965413.980899999849498, 1940411.69620000012219 ], [ 965382.295699999667704, 1940416.60219999961555 ], [ 965339.328099999576807, 1940423.082299999892712 ], [ 965328.027400000020862, 1940424.656099999323487 ], [ 965283.661399999633431, 1940428.691400000825524 ], [ 965239.575899999588728, 1940432.851299999281764 ], [ 965195.324900000356138, 1940441.621899999678135 ], [ 965104.240600000135601, 1940457.293199999257922 ], [ 965081.286199999973178, 1940459.656500000506639 ], [ 965075.848000000230968, 1940460.120699999853969 ], [ 965064.281600000336766, 1940461.031899999827147 ], [ 965061.618599999696016, 1940461.1108 ], [ 965041.149600000120699, 1940461.016200000420213 ], [ 964991.043200000189245, 1940455.418299999088049 ], [ 964988.724899999797344, 1940455.17339999973774 ], [ 964946.004099999554455, 1940451.836100000888109 ], [ 964919.044700000435114, 1940449.395099999383092 ], [ 964915.182500000111759, 1940448.3147 ], [ 964901.334999999962747, 1940444.3092 ], [ 964880.411999999545515, 1940438.7331000007689 ], [ 964867.213499999605119, 1940438.701999999582767 ], [ 964856.808400000445545, 1940439.054300000891089 ], [ 964850.354299999773502, 1940441.473799999803305 ], [ 964845.105700000189245, 1940444.342499999329448 ], [ 964843.303399999625981, 1940445.50870000012219 ], [ 964835.641099999658763, 1940454.013699999079108 ], [ 964833.707299999892712, 1940456.675200000405312 ], [ 964817.064399999566376, 1940483.449799999594688 ], [ 964792.203499999828637, 1940535.6743 ], [ 964790.846400000154972, 1940538.484999999403954 ], [ 964766.211099999956787, 1940581.684699999168515 ], [ 964741.433000000193715, 1940625.329299999400973 ], [ 964740.349000000394881, 1940627.364299999549985 ], [ 964716.748800000175834, 1940672.824999999254942 ], [ 964683.405799999833107, 1940732.665500000119209 ], [ 964675.018699999898672, 1940755.335699999704957 ], [ 964663.740100000053644, 1940780.712099999189377 ], [ 964663.284199999645352, 1940781.632400000467896 ], [ 964657.788800000213087, 1940786.622400000691414 ], [ 964656.460199999623001, 1940787.7105 ], [ 964646.062199999578297, 1940793.332699999213219 ], [ 964643.886599999852479, 1940794.279200000688434 ], [ 964630.023199999704957, 1940797.464099999517202 ], [ 964626.536999999545515, 1940798.163899999111891 ], [ 964600.784599999897182, 1940802.835400000214577 ], [ 964595.513600000180304, 1940803.2993 ], [ 964563.517900000326335, 1940804.605499999597669 ], [ 964523.445199999958277, 1940807.074699999764562 ], [ 964521.764600000344217, 1940807.144300000742078 ], [ 964483.874400000087917, 1940807.995899999514222 ], [ 964482.401800000108778, 1940807.972999999299645 ], [ 964454.524299999698997, 1940807.2785 ], [ 964424.308100000023842, 1940807.745799999684095 ], [ 964389.660699999891222, 1940805.952199999243021 ], [ 964387.963200000114739, 1940805.849700000137091 ], [ 964369.457499999552965, 1940803.063500000163913 ], [ 964364.810999999754131, 1940802.344399999827147 ], [ 964324.318599999882281, 1940795.205 ], [ 964322.73450000025332, 1940794.77280000038445 ], [ 964294.371299999766052, 1940786.03999999910593 ], [ 964289.638100000098348, 1940784.487199999392033 ], [ 964269.169900000095367, 1940776.738600000739098 ], [ 964264.816499999724329, 1940774.917099999263883 ], [ 964237.732499999925494, 1940762.871600000187755 ], [ 964234.395299999974668, 1940760.796399999409914 ], [ 964220.794099999591708, 1940750.332499999552965 ], [ 964219.927199999801815, 1940749.872199999168515 ], [ 964192.165699999779463, 1940742.259700000286102 ], [ 964175.446899999864399, 1940737.198599999770522 ], [ 964126.613300000317395, 1940715.458499999716878 ], [ 964063.444899999536574, 1940687.623500000685453 ], [ 964005.384700000286102, 1940662.89049999974668 ], [ 963946.100599999539554, 1940636.693199999630451 ], [ 963942.925300000235438, 1940635.38880000077188 ], [ 963924.237800000235438, 1940627.984300000593066 ], [ 963861.539599999785423, 1940603.141799999400973 ], [ 963797.68030000012368, 1940577.291500000283122 ], [ 963769.514399999752641, 1940565.959699999541044 ], [ 963753.152700000442564, 1940565.104800000786781 ], [ 963733.613300000317395, 1940568.299200000241399 ], [ 963732.539099999703467, 1940568.443099999800324 ], [ 963705.229100000113249, 1940571.470300000160933 ], [ 963703.918300000019372, 1940571.816199999302626 ], [ 963677.599200000055134, 1940579.585699999704957 ], [ 963645.065799999982119, 1940590.4375 ], [ 963615.633500000461936, 1940598.17090000025928 ], [ 963614.154000000096858, 1940598.571100000292063 ], [ 963593.363400000147521, 1940605.840800000354648 ], [ 963588.357900000177324, 1940608.74970000050962 ], [ 963575.786399999633431, 1940616.397299999371171 ], [ 963543.287800000049174, 1940629.4386 ], [ 963502.533699999563396, 1940642.994999999180436 ], [ 963475.396399999968708, 1940656.8904 ], [ 963473.870400000363588, 1940657.651699999347329 ], [ 963450.775700000114739, 1940662.472100000828505 ], [ 963433.742200000211596, 1940664.569700000807643 ], [ 963429.301900000311434, 1940665.097500000149012 ], [ 963417.466199999675155, 1940664.167099999263883 ], [ 963414.464399999938905, 1940663.913499999791384 ], [ 963400.259800000116229, 1940661.150499999523163 ], [ 963396.900600000284612, 1940660.4178 ], [ 963387.140100000426173, 1940652.768899999558926 ], [ 963382.085199999623001, 1940647.139399999752641 ], [ 963378.190100000239909, 1940641.897299999371171 ], [ 963376.808100000023842, 1940639.478900000452995 ], [ 963375.440200000070035, 1940606.635099999606609 ], [ 963375.356800000183284, 1940605.7324 ], [ 963373.113099999725819, 1940595.692700000479817 ], [ 963372.592899999581277, 1940593.77449999935925 ], [ 963368.464800000190735, 1940589.152699999511242 ], [ 963367.384399999864399, 1940588.000900000333786 ], [ 963355.907800000160933, 1940576.839199999347329 ], [ 963352.631400000303984, 1940573.926699999719858 ], [ 963309.639700000174344, 1940540.012299999594688 ], [ 963308.785699999891222, 1940539.17989999987185 ], [ 963297.207600000314415, 1940526.504100000485778 ], [ 963295.522699999623001, 1940524.412499999627471 ], [ 963293.200199999846518, 1940516.982100000604987 ], [ 963292.974200000055134, 1940513.528599999845028 ], [ 963294.148199999704957, 1940469.037000000476837 ], [ 963294.629800000227988, 1940460.708499999716878 ], [ 963300.685999999754131, 1940405.655200000852346 ], [ 963301.292999999597669, 1940375.959000000730157 ], [ 963300.392300000414252, 1940370.490800000727177 ], [ 963287.914499999955297, 1940335.185499999672174 ], [ 963285.515800000168383, 1940330.005100000649691 ], [ 963269.321800000034273, 1940304.919099999591708 ], [ 963244.435499999672174, 1940262.673800000920892 ], [ 963240.4545, 1940256.279200000688434 ], [ 963218.052600000053644, 1940221.896199999377131 ], [ 963215.740699999965727, 1940217.9704 ], [ 963208.784500000067055, 1940203.802999999374151 ], [ 963207.541100000031292, 1940200.344399999827147 ], [ 963200.206500000320375, 1940176.981699999421835 ], [ 963187.349499999545515, 1940139.126900000497699 ], [ 963184.906299999915063, 1940130.259700000286102 ], [ 963183.309799999929965, 1940122.225700000301003 ], [ 963181.993200000375509, 1940104.093499999493361 ], [ 963181.932400000281632, 1940103.047399999573827 ], [ 963181.067300000227988, 1940070.850600000470877 ], [ 963180.527300000190735, 1940067.746500000357628 ], [ 963177.435700000263751, 1940054.890100000426173 ], [ 963177.23450000025332, 1940053.861500000581145 ], [ 963170.505300000309944, 1940014.08390000090003 ], [ 963168.496000000275671, 1940008.832499999552965 ], [ 963158.64049999974668, 1939985.619200000539422 ], [ 963157.987900000065565, 1939984.266000000759959 ], [ 963139.138299999758601, 1939947.649700000882149 ], [ 963138.352400000207126, 1939946.183700000867248 ], [ 963120.03760000038892, 1939912.786000000312924 ], [ 963119.540500000119209, 1939911.2533 ], [ 963110.77170000039041, 1939875.879799999296665 ], [ 963110.093999999575317, 1939874.268400000408292 ], [ 963093.97510000038892, 1939839.464199999347329 ], [ 963092.876299999654293, 1939837.802300000563264 ], [ 963069.460199999623001, 1939804.030999999493361 ], [ 963068.427000000141561, 1939803.195699999108911 ], [ 963049.132799999788404, 1939789.042600000277162 ], [ 963026.111600000411272, 1939776.743699999526143 ], [ 963024.743800000287592, 1939775.882999999448657 ], [ 963020.567599999718368, 1939773.371400000527501 ], [ 963008.504800000227988, 1939767.269999999552965 ], [ 963003.090699999593198, 1939765.685200000181794 ], [ 963000.176300000399351, 1939765.838600000366569 ], [ 962986.6875, 1939755.626800000667572 ], [ 962977.331000000238419, 1939748.698899999260902 ], [ 962966.770700000226498, 1939733.03830000013113 ], [ 962954.259499999694526, 1939711.815500000491738 ], [ 962951.281499999575317, 1939696.531099999323487 ], [ 962950.206699999980628, 1939660.7785 ], [ 962929.389200000092387, 1939640.438300000503659 ], [ 962923.832700000144541, 1939627.961100000888109 ], [ 962914.451200000010431, 1939603.203700000420213 ], [ 962905.579599999822676, 1939584.55519999936223 ], [ 962861.123499999754131, 1939541.806500000879169 ], [ 962840.114799999631941, 1939533.41190000064671 ], [ 962791.385200000368059, 1939509.6513 ], [ 962775.596199999563396, 1939505.185900000855327 ], [ 962761.864699999801815, 1939498.8421 ], [ 962741.205099999904633, 1939481.084499999880791 ], [ 962703.893600000068545, 1939450.460799999535084 ], [ 962702.625199999660254, 1939452.00620000064373 ], [ 962739.919099999591708, 1939482.615399999544024 ], [ 962760.773000000044703, 1939500.53999999910593 ], [ 962774.900700000114739, 1939507.066800000146031 ], [ 962790.669400000013411, 1939511.526399999856949 ], [ 962839.30460000038147, 1939535.2412 ], [ 962860.019100000150502, 1939543.518100000917912 ], [ 962903.930900000035763, 1939585.7434 ], [ 962912.610700000077486, 1939603.988600000739098 ], [ 962921.98340000025928, 1939628.7226 ], [ 962927.718500000424683, 1939641.600999999791384 ], [ 962948.232599999755621, 1939661.644799999892712 ], [ 962949.288099999539554, 1939696.753799999132752 ], [ 962952.362900000065565, 1939712.535000000149012 ], [ 962965.079300000332296, 1939734.105799999088049 ], [ 962975.865299999713898, 1939750.101299999281764 ], [ 962985.489199999719858, 1939757.22719999961555 ], [ 962998.969600000418723, 1939767.432499999180436 ], [ 963001.605399999767542, 1939771.950400000438094 ], [ 963009.169200000353158, 1939777.060799999162555 ], [ 963013.790900000371039, 1939779.369899999350309 ], [ 963036.785600000061095, 1939789.994599999859929 ], [ 963070.67879999987781, 1939819.859400000423193 ], [ 963092.014000000432134, 1939848.537499999627471 ], [ 963103.856700000353158, 1939880.444399999454618 ], [ 963108.931499999947846, 1939905.426100000739098 ], [ 963109.25760000012815, 1939906.867799999192357 ], [ 963127.812400000169873, 1939941.092599999159575 ], [ 963147.001699999906123, 1939977.945000000298023 ], [ 963147.921799999661744, 1939979.776599999517202 ], [ 963164.071800000034273, 1940020.469799999147654 ], [ 963164.713299999944866, 1940022.157299999147654 ], [ 963168.597900000400841, 1940038.58049999922514 ], [ 963169.50899999961257, 1940042.586899999529123 ], [ 963171.635200000368059, 1940062.752399999648333 ], [ 963172.125500000081956, 1940067.584599999710917 ], [ 963174.551199999637902, 1940103.019099999219179 ], [ 963174.701399999670684, 1940104.447799999266863 ], [ 963179.851999999955297, 1940137.27170000039041 ], [ 963180.099899999797344, 1940138.369899999350309 ], [ 963185.907100000418723, 1940156.208799999207258 ], [ 963187.232800000347197, 1940160.1502 ], [ 963198.729899999685585, 1940190.373099999502301 ], [ 963199.067599999718368, 1940191.4211 ], [ 963204.507500000298023, 1940210.385600000619888 ], [ 963205.769000000320375, 1940214.178300000727177 ], [ 963216.303100000135601, 1940235.553899999707937 ], [ 963218.516400000080466, 1940239.830700000748038 ], [ 963233.754599999636412, 1940265.9679000005126 ], [ 963237.078900000080466, 1940271.708399999886751 ], [ 963265.064399999566376, 1940320.564400000497699 ], [ 963265.489699999801815, 1940321.229100000113249 ], [ 963268.167600000277162, 1940325.252299999818206 ], [ 963272.774400000460446, 1940332.67090000025928 ], [ 963288.512400000356138, 1940364.216399999335408 ], [ 963290.363800000399351, 1940369.913599999621511 ], [ 963292.525100000202656, 1940402.768999999389052 ], [ 963292.323499999940395, 1940409.866699999198318 ], [ 963286.384499999694526, 1940464.292600000277162 ], [ 963284.69440000038594, 1940498.390699999406934 ], [ 963284.342899999581277, 1940502.245899999514222 ], [ 963281.93680000025779, 1940515.47859999909997 ], [ 963282.864299999549985, 1940518.557 ], [ 963294.017500000074506, 1940539.260900000110269 ], [ 963296.403300000354648, 1940542.07909999974072 ], [ 963311.292200000025332, 1940554.815199999138713 ], [ 963314.742899999953806, 1940557.380300000309944 ], [ 963336.261900000274181, 1940572.476700000464916 ], [ 963358.371000000275671, 1940588.150800000876188 ], [ 963364.275399999693036, 1940594.854100000113249 ], [ 963368.432900000363588, 1940605.994699999690056 ], [ 963368.579400000162423, 1940609.526900000870228 ], [ 963368.467199999839067, 1940629.410800000652671 ], [ 963368.521800000220537, 1940631.6228 ], [ 963368.872700000181794, 1940640.822000000625849 ], [ 963369.687300000339746, 1940643.284800000488758 ], [ 963374.219800000078976, 1940655.632200000807643 ], [ 963376.132299999706447, 1940657.232200000435114 ], [ 963385.645200000144541, 1940664.054999999701977 ], [ 963387.836400000378489, 1940664.938400000333786 ], [ 963393.550900000147521, 1940667.06220000050962 ], [ 963400.480100000277162, 1940669.07179999910295 ], [ 963412.524299999698997, 1940670.901699999347329 ], [ 963422.157200000248849, 1940671.372400000691414 ], [ 963429.761599999852479, 1940671.6107 ], [ 963441.220499999821186, 1940671.653699999675155 ], [ 963461.508600000292063, 1940669.027499999850988 ], [ 963478.571299999952316, 1940664.187400000169873 ], [ 963516.537499999627471, 1940646.799699999392033 ], [ 963599.599700000137091, 1940612.675200000405312 ], [ 963605.406700000166893, 1940610.436300000175834 ], [ 963655.774100000038743, 1940593.799900000914931 ], [ 963680.236600000411272, 1940587.250700000673532 ], [ 963683.572100000455976, 1940586.318199999630451 ], [ 963697.938000000081956, 1940582.051400000229478 ], [ 963702.430900000035763, 1940581.3991 ], [ 963730.236299999989569, 1940578.306199999526143 ], [ 963734.753499999642372, 1940577.888900000602007 ], [ 963755.063000000081956, 1940576.113800000399351 ], [ 963763.904500000178814, 1940575.411800000816584 ], [ 963772.24349999986589, 1940576.0801 ], [ 963786.820299999788404, 1940579.482899999246001 ], [ 963812.471900000236928, 1940587.493599999696016 ], [ 963814.152900000102818, 1940588.03830000013113 ], [ 963880.154500000178814, 1940616.410000000149012 ], [ 963882.884999999776483, 1940617.538100000470877 ], [ 963918.789800000376999, 1940628.895300000905991 ], [ 963921.00870000012219, 1940629.8882 ], [ 963924.259999999776483, 1940631.51490000076592 ], [ 963982.394399999640882, 1940660.601600000634789 ], [ 963985.875199999660254, 1940662.119999999180436 ], [ 964052.891200000420213, 1940690.831399999558926 ], [ 964124.791199999861419, 1940724.7335 ], [ 964157.337899999693036, 1940739.729800000786781 ], [ 964161.222599999979138, 1940741.416799999773502 ], [ 964178.026600000448525, 1940748.4825 ], [ 964179.013600000180304, 1940748.797800000756979 ], [ 964205.628899999894202, 1940755.327600000426173 ], [ 964207.023400000296533, 1940755.966 ], [ 964235.910199999809265, 1940770.392300000414252 ], [ 964254.04590000025928, 1940780.910700000822544 ], [ 964286.004300000146031, 1940792.166899999603629 ], [ 964318.894199999980628, 1940802.9543999992311 ], [ 964320.535099999979138, 1940803.416999999433756 ], [ 964365.323200000450015, 1940813.7741 ], [ 964367.440999999642372, 1940814.0318 ], [ 964408.592899999581277, 1940817.594399999827147 ], [ 964416.668499999679625, 1940818.01549999974668 ], [ 964464.330400000326335, 1940817.763900000602007 ], [ 964473.468299999833107, 1940817.547399999573827 ], [ 964526.453900000080466, 1940815.474300000816584 ], [ 964534.025200000032783, 1940815.254699999466538 ], [ 964568.425300000235438, 1940814.496799999848008 ], [ 964570.150100000202656, 1940814.4287 ], [ 964608.050599999725819, 1940811.416200000792742 ], [ 964609.556200000457466, 1940811.203700000420213 ], [ 964641.446999999694526, 1940805.540400000289083 ], [ 964642.831299999728799, 1940804.984200000762939 ], [ 964666.942499999888241, 1940794.689799999818206 ], [ 964674.101099999621511, 1940788.104499999433756 ], [ 964678.09360000025481, 1940783.715800000354648 ], [ 964679.176500000059605, 1940782.32120000012219 ], [ 964688.957700000144541, 1940752.453199999406934 ], [ 964695.514999999664724, 1940732.222400000318885 ], [ 964697.1727, 1940728.095899999141693 ], [ 964712.501400000415742, 1940700.5779 ], [ 964715.868599999696016, 1940694.003599999472499 ], [ 964740.307400000281632, 1940642.779400000348687 ], [ 964774.265999999828637, 1940582.916999999433756 ], [ 964775.857699999585748, 1940580.078700000420213 ], [ 964797.393500000238419, 1940538.054300000891089 ], [ 964800.686300000175834, 1940533.354399999603629 ], [ 964814.910099999979138, 1940514.337200000882149 ], [ 964815.544099999591708, 1940513.058800000697374 ], [ 964827.806200000457466, 1940485.7248 ], [ 964845.562300000339746, 1940459.369799999520183 ], [ 964852.468299999833107, 1940451.253399999812245 ], [ 964854.431099999696016, 1940448.989099999889731 ], [ 964860.714499999769032, 1940448.069700000807643 ], [ 964862.358099999837577, 1940447.9079 ], [ 964876.696299999952316, 1940449.879100000485778 ], [ 964879.98589999973774, 1940450.392400000244379 ], [ 964903.60869999974966, 1940455.244799999520183 ], [ 964908.088499999605119, 1940456.006799999624491 ], [ 964932.826299999840558, 1940458.5461 ], [ 964937.799899999983609, 1940458.916500000283122 ], [ 964967.856499999761581, 1940460.4846 ], [ 964969.89049999974668, 1940460.605499999597669 ], [ 965040.912399999797344, 1940468.607300000265241 ], [ 965044.33559999987483, 1940468.964800000190735 ], [ 965050.272900000214577, 1940469.445499999448657 ], [ 965074.325500000268221, 1940469.893300000578165 ], [ 965171.756400000303984, 1940461.457900000736117 ], [ 965213.163099999539554, 1940458.582499999552965 ], [ 965252.7341, 1940454.035900000482798 ], [ 965292.28000000026077, 1940449.980000000447035 ], [ 965297.88190000038594, 1940449.588300000876188 ], [ 965310.859299999661744, 1940448.740199999883771 ], [ 965336.708599999547005, 1940446.981000000610948 ], [ 965388.029099999926984, 1940442.927699999883771 ], [ 965489.504399999976158, 1940430.417700000107288 ], [ 965539.858, 1940420.667099999263883 ], [ 965590.087899999693036, 1940407.723600000143051 ], [ 965695.58559999987483, 1940380.976500000804663 ], [ 965746.903300000354648, 1940371.083799999207258 ], [ 965785.199099999852479, 1940368.500800000503659 ], [ 965823.143600000068545, 1940373.050499999895692 ], [ 965859.423999999649823, 1940384.293800000101328 ], [ 965919.654099999926984, 1940414.830299999564886 ], [ 965934.271300000138581, 1940423.316099999472499 ], [ 965947.126199999824166, 1940430.519600000232458 ], [ 965973.843399999663234, 1940442.751800000667572 ], [ 966000.122899999842048, 1940456.992599999532104 ], [ 966010.2341, 1940465.63990000076592 ], [ 966012.532599999569356, 1940468.331499999389052 ], [ 966024.937599999830127, 1940475.36009999923408 ], [ 966027.396499999798834, 1940476.448400000110269 ], [ 966043.098500000312924, 1940481.3289 ], [ 966047.565200000070035, 1940482.273399999365211 ], [ 966077.928100000135601, 1940487.630699999630451 ], [ 966079.648699999786913, 1940487.97440000064671 ], [ 966116.899000000208616, 1940499.906300000846386 ], [ 966118.349799999967217, 1940500.42090000025928 ], [ 966147.664599999785423, 1940512.308299999684095 ], [ 966185.677500000223517, 1940529.08559999987483 ], [ 966219.149299999698997, 1940545.236300000920892 ], [ 966238.556599999777973, 1940550.361400000751019 ], [ 966281.026600000448525, 1940562.2643 ], [ 966282.781899999827147, 1940562.7873 ], [ 966313.677000000141561, 1940573.1075 ], [ 966325.925099999643862, 1940577.945299999788404 ], [ 966336.6097999997437, 1940582.657999999821186 ], [ 966357.07039999961853, 1940591.814200000837445 ], [ 966360.126000000163913, 1940593.558000000193715 ], [ 966373.41260000038892, 1940603.648499999195337 ] ] ] ] } },
{ "type": "Feature", "properties": { "OBJECTID": 12, "CODE2": 0.0, "INDEXPAGE1": null, "LEVEL1": null, "NAME2": null, "RIVLEN1": 0.0, "UID1": 0.0, "INDEXPAGE2": ",59", "LEVEL2": ",59", "RIVLEN2": 4.85, "RIV_CD_1": 1025080.0, "RIV_NAM_1": ",59", "UID2": 560.0, "CODE1": 0.0, "INDEXPAGE": null, "LEVEL": null, "NAME1": null, "RIVLEN": 0.0, "UID": 0.0, "Shape_Leng": 9535.9931177500002, "Shape_Area": 34658.644058400001 }, "geometry": { "type": "MultiPolygon", "coordinates": [ [ [ [ 959124.292399999685585, 1941649.897900000214577 ], [ 959123.694600000046194, 1941646.121400000527501 ], [ 959122.394299999810755, 1941616.557399999350309 ], [ 959122.443300000391901, 1941612.127599999308586 ], [ 959123.489000000059605, 1941591.324500000104308 ], [ 959123.765999999828637, 1941588.687300000339746 ], [ 959125.18819999974221, 1941577.618200000375509 ], [ 959130.374699999578297, 1941542.464700000360608 ], [ 959130.721699999645352, 1941538.734099999070168 ], [ 959137.378600000403821, 1941464.8553 ], [ 959137.531999999657273, 1941463.447300000116229 ], [ 959146.642599999904633, 1941380.10249999910593 ], [ 959161.565899999812245, 1941249.918500000610948 ], [ 959164.956000000238419, 1941224.794700000435114 ], [ 959165.738499999977648, 1941218.337799999862909 ], [ 959171.449400000274181, 1941146.291899999603629 ], [ 959171.72719999961555, 1941143.454299999400973 ], [ 959177.285899999551475, 1941089.288699999451637 ], [ 959181.967400000430644, 1941034.278300000354648 ], [ 959192.405199999921024, 1940918.410000000149012 ], [ 959192.479299999773502, 1940917.450799999758601 ], [ 959196.537899999879301, 1940851.450200000777841 ], [ 959193.871000000275671, 1940849.782500000670552 ], [ 959193.628100000321865, 1940849.803300000727177 ], [ 959214.618700000457466, 1940715.199999999254942 ], [ 959234.823599999770522, 1940633.1776 ], [ 959248.610100000165403, 1940594.329700000584126 ], [ 959265.831399999558926, 1940557.329900000244379 ], [ 959287.211400000378489, 1940522.509500000625849 ], [ 959313.480999999679625, 1940490.184299999848008 ], [ 959345.3761, 1940460.668700000271201 ], [ 959383.636900000274181, 1940434.27930000051856 ], [ 959429.005599999800324, 1940411.3377 ], [ 959482.222500000149012, 1940392.170299999415874 ], [ 959519.932599999941885, 1940382.97829999960959 ], [ 959530.744400000199676, 1940381.407999999821186 ], [ 959531.355999999679625, 1940386.066999999806285 ], [ 959604.780799999833107, 1940380.152200000360608 ], [ 959657.238300000317395, 1940375.277899999171495 ], [ 959749.925200000405312, 1940358.465299999341369 ], [ 959795.970800000242889, 1940352.3333 ], [ 959836.268699999898672, 1940343.623099999502301 ], [ 959865.018699999898672, 1940339.287200000137091 ], [ 959881.040599999949336, 1940331.066700000315905 ], [ 959908.555499999783933, 1940317.852299999445677 ], [ 959946.994800000451505, 1940299.517899999395013 ], [ 959972.029799999669194, 1940286.213300000876188 ], [ 959995.091699999757111, 1940271.007799999788404 ], [ 960014.9057, 1940257.007500000298023 ], [ 960023.327399999834597, 1940247.535700000822544 ], [ 960022.088800000026822, 1940237.959899999201298 ], [ 960021.535799999721348, 1940221.277599999681115 ], [ 960031.870900000445545, 1940192.6053 ], [ 960049.294099999591708, 1940156.276000000536442 ], [ 960064.108599999919534, 1940134.630999999120831 ], [ 960096.338600000366569, 1940084.94789999909699 ], [ 960133.039200000464916, 1940030.798599999397993 ], [ 960167.185399999842048, 1939972.272099999710917 ], [ 960178.783200000412762, 1939947.957900000736117 ], [ 960203.941899999976158, 1939909.1601 ], [ 960237.348600000143051, 1939867.115900000557303 ], [ 960254.08490000013262, 1939847.449699999764562 ], [ 960284.878600000403821, 1939829.052400000393391 ], [ 960309.205099999904633, 1939808.751900000497699 ], [ 960322.034799999557436, 1939792.748099999502301 ], [ 960334.41370000038296, 1939777.790300000458956 ], [ 960346.581699999980628, 1939756.503100000321865 ], [ 960355.623700000345707, 1939753.765100000426173 ], [ 960356.4671, 1939742.655899999663234 ], [ 960354.488599999807775, 1939738.081299999728799 ], [ 960359.900600000284612, 1939723.440199999138713 ], [ 960362.099499999545515, 1939689.657299999147654 ], [ 960374.441700000315905, 1939653.325999999418855 ], [ 960396.947700000368059, 1939611.542099999263883 ], [ 960409.782300000078976, 1939590.773900000378489 ], [ 960440.309299999848008, 1939559.275699999183416 ], [ 960459.74210000038147, 1939541.216700000688434 ], [ 960496.190700000151992, 1939512.595200000330806 ], [ 960515.386199999600649, 1939500.707900000736117 ], [ 960542.287299999967217, 1939489.301999999210238 ], [ 960559.048000000417233, 1939481.512700000777841 ], [ 960579.994900000281632, 1939468.845799999311566 ], [ 960606.063400000333786, 1939448.97440000064671 ], [ 960664.960500000044703, 1939376.399800000712276 ], [ 960688.858099999837577, 1939345.850999999791384 ], [ 960703.644000000320375, 1939322.163899999111891 ], [ 960721.408900000154972, 1939292.33809999935329 ], [ 960732.427600000053644, 1939263.837400000542402 ], [ 960743.538499999791384, 1939207.062100000679493 ], [ 960761.242200000211596, 1939168.061899999156594 ], [ 960776.076100000180304, 1939141.74269999936223 ], [ 960791.526100000366569, 1939122.051999999210238 ], [ 960807.478500000201166, 1939107.423499999567866 ], [ 960863.961500000208616, 1939074.242000000551343 ], [ 960905.947700000368059, 1939063.728800000622869 ], [ 960922.46100000012666, 1939060.388000000268221 ], [ 960938.332999999634922, 1939045.349899999797344 ], [ 960964.425699999555945, 1939014.799200000241399 ], [ 960976.81969999987632, 1938975.529999999329448 ], [ 960998.687800000421703, 1938923.0131 ], [ 961016.99309999961406, 1938898.938999999314547 ], [ 961040.698599999770522, 1938874.10219999961555 ], [ 961068.570199999958277, 1938851.152899999171495 ], [ 961090.522099999710917, 1938828.758400000631809 ], [ 961095.506599999964237, 1938810.741900000721216 ], [ 961094.162999999709427, 1938796.90430000051856 ], [ 961085.462600000202656, 1938776.303999999538064 ], [ 961070.67949999962002, 1938745.743300000205636 ], [ 961048.71100000012666, 1938695.645400000736117 ], [ 961038.117899999953806, 1938651.024000000208616 ], [ 961028.251600000075996, 1938599.668099999427795 ], [ 961025.699599999934435, 1938572.76039999909699 ], [ 961031.924599999561906, 1938543.11009999923408 ], [ 961036.904699999839067, 1938505.1108 ], [ 961036.441399999894202, 1938466.4024 ], [ 961031.247800000011921, 1938421.755799999460578 ], [ 961031.387000000104308, 1938399.567299999296665 ], [ 961036.804399999789894, 1938377.660399999469519 ], [ 961050.876600000075996, 1938363.644500000402331 ], [ 961062.450000000186265, 1938349.513000000268221 ], [ 961081.373999999836087, 1938333.538699999451637 ], [ 961118.742999999783933, 1938307.303300000727177 ], [ 961160.963999999687076, 1938270.855799999088049 ], [ 961185.544999999925494, 1938240.408600000664592 ], [ 961197.296500000171363, 1938220.74379999935627 ], [ 961207.595700000412762, 1938194.964600000530481 ], [ 961216.618900000117719, 1938161.1612 ], [ 961232.350899999961257, 1938115.294800000265241 ], [ 961258.966300000436604, 1938066.723600000143051 ], [ 961257.213100000284612, 1938065.762800000607967 ], [ 961230.515399999916553, 1938114.484200000762939 ], [ 961214.705199999734759, 1938160.578400000929832 ], [ 961205.695000000298023, 1938194.333799999207258 ], [ 961195.4989, 1938219.854599999263883 ], [ 961183.900999999605119, 1938239.262199999764562 ], [ 961159.521399999968708, 1938269.46000000089407 ], [ 961117.512299999594688, 1938305.724600000306964 ], [ 961080.152400000020862, 1938331.953600000590086 ], [ 961061.019899999722838, 1938348.103900000452995 ], [ 961049.394000000320375, 1938362.299499999731779 ], [ 961034.997800000011921, 1938376.6382 ], [ 961029.389299999922514, 1938399.317600000649691 ], [ 961029.247800000011921, 1938421.865499999374151 ], [ 961034.443500000052154, 1938466.530300000682473 ], [ 961034.903900000266731, 1938504.9923 ], [ 961029.952399999834597, 1938542.774299999698997 ], [ 961023.68059999961406, 1938572.646800000220537 ], [ 961026.270299999974668, 1938599.9517 ], [ 961036.162800000049174, 1938651.443600000813603 ], [ 961046.807599999941885, 1938696.282999999821186 ], [ 961068.863599999807775, 1938746.580299999564886 ], [ 961083.640700000338256, 1938777.128599999472499 ], [ 961092.202600000426173, 1938797.401100000366569 ], [ 961093.480899999849498, 1938810.566099999472499 ], [ 961088.733, 1938827.727600000798702 ], [ 961067.217199999839067, 1938849.677300000563264 ], [ 961039.335199999623001, 1938872.635099999606609 ], [ 961015.469499999657273, 1938897.639799999073148 ], [ 960996.940899999812245, 1938922.007500000298023 ], [ 960974.940000000409782, 1938974.843599999323487 ], [ 960962.641499999910593, 1939013.809800000861287 ], [ 960936.881299999542534, 1939043.971200000494719 ], [ 960921.502299999818206, 1939058.542300000786781 ], [ 960905.50650000013411, 1939061.778400000184774 ], [ 960863.196899999864399, 1939072.372600000351667 ], [ 960806.283300000242889, 1939105.806900000199676 ], [ 960790.05420000012964, 1939120.689200000837445 ], [ 960774.409300000406802, 1939140.628399999812245 ], [ 960759.457799999974668, 1939167.156300000846386 ], [ 960741.621500000357628, 1939206.448699999600649 ], [ 960730.499499999918044, 1939263.2807 ], [ 960719.605000000447035, 1939291.459899999201298 ], [ 960701.93709999974817, 1939321.122899999842048 ], [ 960687.2182, 1939344.702600000426173 ], [ 960663.396800000220537, 1939375.153899999335408 ], [ 960604.661500000394881, 1939447.529200000688434 ], [ 960578.86849999986589, 1939467.190700000151992 ], [ 960558.106599999591708, 1939479.745699999853969 ], [ 960541.475599999539554, 1939487.474600000306964 ], [ 960514.464300000108778, 1939498.927300000563264 ], [ 960495.043499999679625, 1939510.95409999974072 ], [ 960458.442099999636412, 1939539.695699999108911 ], [ 960438.910099999979138, 1939557.846899999305606 ], [ 960408.19579999987036, 1939589.53830000013113 ], [ 960395.215699999593198, 1939610.5417 ], [ 960372.602400000207126, 1939652.525000000372529 ], [ 960360.121700000017881, 1939689.2642 ], [ 960357.924599999561906, 1939723.019899999722838 ], [ 960352.335699999704957, 1939738.139599999412894 ], [ 960354.436200000345707, 1939742.996600000187755 ], [ 960353.734000000171363, 1939752.248500000685453 ], [ 960345.240799999795854, 1939754.8202 ], [ 960332.737900000065565, 1939776.693399999290705 ], [ 960320.433799999766052, 1939791.685599999502301 ], [ 960318.25069999974221, 1939790.2369 ], [ 960315.716000000014901, 1939789.578700000420213 ], [ 960304.150399999693036, 1939800.410199999809265 ], [ 960294.534500000067055, 1939808.725999999791384 ], [ 960274.044800000265241, 1939821.929199999198318 ], [ 960254.158900000154972, 1939832.107200000435114 ], [ 960247.83629999961704, 1939828.214600000530481 ], [ 960246.640300000086427, 1939807.144899999722838 ], [ 960242.926300000399351, 1939788.568 ], [ 960236.591300000436604, 1939772.536299999803305 ], [ 960227.060700000263751, 1939757.864299999549985 ], [ 960210.776800000108778, 1939755.5998 ], [ 960228.949500000104308, 1939773.19649999961257 ], [ 960235.894399999640882, 1939787.313699999824166 ], [ 960231.850599999539554, 1939823.70160000026226 ], [ 960223.34360000025481, 1939856.186899999156594 ], [ 960205.948400000110269, 1939888.047700000926852 ], [ 960183.445899999700487, 1939921.175100000575185 ], [ 960161.508399999700487, 1939953.6798 ], [ 960126.171799999661744, 1940002.010299999266863 ], [ 960091.438900000415742, 1940047.238500000908971 ], [ 960056.687699999660254, 1940098.82039999961853 ], [ 960031.497800000011921, 1940141.49269999936223 ], [ 960007.006299999542534, 1940189.275399999693036 ], [ 959997.9046, 1940216.70160000026226 ], [ 959977.884999999776483, 1940250.487500000745058 ], [ 959951.587500000372529, 1940279.037599999457598 ], [ 959920.177199999801815, 1940298.0581 ], [ 959881.741499999538064, 1940317.063999999314547 ], [ 959869.583999999798834, 1940323.404400000348687 ], [ 959838.936099999584258, 1940330.281500000506639 ], [ 959803.693599999882281, 1940337.67369999922812 ], [ 959773.035899999551475, 1940342.691199999302626 ], [ 959724.427799999713898, 1940352.659299999475479 ], [ 959628.517300000414252, 1940365.511299999430776 ], [ 959599.757299999706447, 1940367.93610000051558 ], [ 959530.148699999786913, 1940372.6425 ], [ 959530.4841, 1940379.425599999725819 ], [ 959519.459099999628961, 1940381.035900000482798 ], [ 959481.645399999804795, 1940390.253200000151992 ], [ 959428.212899999693036, 1940409.498400000855327 ], [ 959382.613599999807775, 1940432.556500000879169 ], [ 959344.123200000263751, 1940459.1042 ], [ 959312.019000000320375, 1940488.813400000333786 ], [ 959285.576799999922514, 1940521.350999999791384 ], [ 959264.067599999718368, 1940556.381899999454618 ], [ 959246.757699999958277, 1940593.57179999910295 ], [ 959232.906299999915063, 1940632.602800000458956 ], [ 959212.6568, 1940714.806199999526143 ], [ 959191.577200000174344, 1940849.979399999603629 ], [ 959187.380699999630451, 1940850.339400000870228 ], [ 959187.100999999791384, 1940853.612800000235438 ], [ 959182.636599999852479, 1940907.943600000813603 ], [ 959175.077100000344217, 1940981.497199999168515 ], [ 959165.441999999806285, 1941096.218399999663234 ], [ 959165.073900000192225, 1941100.238299999386072 ], [ 959159.518199999816716, 1941141.850400000810623 ], [ 959159.247299999929965, 1941144.645099999383092 ], [ 959152.986399999819696, 1941216.257799999788404 ], [ 959149.548600000329316, 1941245.120799999684095 ], [ 959143.720499999821186, 1941301.868899999186397 ], [ 959132.126799999736249, 1941388.192700000479817 ], [ 959131.651899999938905, 1941391.938200000673532 ], [ 959125.440700000151992, 1941456.486099999397993 ], [ 959124.984400000423193, 1941460.503599999472499 ], [ 959111.679100000299513, 1941571.085899999365211 ], [ 959110.732300000265241, 1941576.260299999266863 ], [ 959107.579800000414252, 1941592.675599999725819 ], [ 959106.459499999880791, 1941601.464400000870228 ], [ 959104.723000000230968, 1941634.152300000190735 ], [ 959104.615799999795854, 1941635.627499999478459 ], [ 959100.940200000070035, 1941651.081499999389052 ], [ 959124.292399999685585, 1941649.897900000214577 ] ] ] ] } },
{ "type": "Feature", "properties": { "OBJECTID": 13, "CODE2": 0.0, "INDEXPAGE1": null, "LEVEL1": null, "NAME2": null, "RIVLEN1": 0.0, "UID1": 0.0, "INDEXPAGE2": ",59", "LEVEL2": ",59", "RIVLEN2": 5.0, "RIV_CD_1": 1025550.0, "RIV_NAM_1": ",5õõ", "UID2": 551.0, "CODE1": 0.0, "INDEXPAGE": null, "LEVEL": null, "NAME1": null, "RIVLEN": 0.0, "UID": 0.0, "Shape_Leng": 11575.1284299, "Shape_Area": 11563.5980898 }, "geometry": { "type": "MultiPolygon", "coordinates": [ [ [ [ 948626.968500000424683, 1943523.97580000013113 ], [ 948621.995299999602139, 1943525.086400000378489 ], [ 948946.278500000014901, 1943585.263399999588728 ], [ 948990.502999999560416, 1943593.470100000500679 ], [ 948993.613300000317395, 1943594.042400000616908 ], [ 949002.896399999968708, 1943595.691700000315905 ], [ 949039.743300000205636, 1943601.370300000533462 ], [ 949095.287800000049174, 1943606.807099999859929 ], [ 949112.174599999561906, 1943608.460100000724196 ], [ 949183.015700000338256, 1943610.122600000351667 ], [ 949252.335900000296533, 1943606.668800000101328 ], [ 949320.213600000366569, 1943598.411000000312924 ], [ 949386.727500000037253, 1943585.661800000816584 ], [ 949451.956799999810755, 1943568.733899999409914 ], [ 949515.980800000019372, 1943547.939999999478459 ], [ 949578.879300000146031, 1943523.592800000682473 ], [ 949640.731999999843538, 1943496.005100000649691 ], [ 949701.627000000327826, 1943465.485500000417233 ], [ 949820.815499999560416, 1943396.924599999561906 ], [ 949937.114099999889731, 1943320.39299999922514 ], [ 950051.154900000430644, 1943238.392200000584126 ], [ 950163.578499999828637, 1943153.417600000277162 ], [ 950275.027900000102818, 1943067.961899999529123 ], [ 950302.811900000087917, 1943046.815899999812245 ], [ 950324.59389999974519, 1943030.359200000762939 ], [ 950361.860100000165403, 1943002.680299999192357 ], [ 950435.331600000150502, 1942950.304999999701977 ], [ 950508.031600000336766, 1942902.010700000450015 ], [ 950580.745000000111759, 1942857.91300000064075 ], [ 950654.254999999888241, 1942818.128599999472499 ], [ 950729.345099999569356, 1942782.773700000718236 ], [ 950806.799800000153482, 1942751.964600000530481 ], [ 950887.404000000096858, 1942725.817800000309944 ], [ 950971.942900000140071, 1942704.450300000607967 ], [ 951061.201999999582767, 1942687.979499999433756 ], [ 951155.957999999634922, 1942676.524700000882149 ], [ 951263.883500000461936, 1942671.552899999544024 ], [ 951375.1546, 1942671.962300000712276 ], [ 951487.260800000280142, 1942671.931099999696016 ], [ 951597.661199999973178, 1942665.6305 ], [ 951651.459999999962747, 1942658.302300000563264 ], [ 951703.868800000287592, 1942647.219200000166893 ], [ 951729.4704, 1942640.0373 ], [ 951740.043200000189245, 1942636.67119999974966 ], [ 951746.387400000356138, 1942634.420299999415874 ], [ 951770.463600000366569, 1942623.639599999412894 ], [ 951792.756699999794364, 1942610.189899999648333 ], [ 951813.389000000432134, 1942594.403699999675155 ], [ 951850.093500000424683, 1942557.239399999380112 ], [ 951881.690799999982119, 1942514.752499999478459 ], [ 951909.216900000348687, 1942469.608300000429153 ], [ 951921.787299999967217, 1942446.855100000277162 ], [ 951928.448699999600649, 1942434.447200000286102 ], [ 951936.230000000447035, 1942420.128200000151992 ], [ 951967.122999999672174, 1942367.15430000051856 ], [ 951999.564799999818206, 1942320.135199999436736 ], [ 952036.166500000283122, 1942277.740299999713898 ], [ 952079.54619999974966, 1942238.637700000777841 ], [ 952132.356900000013411, 1942201.482100000604987 ], [ 952168.644600000232458, 1942177.650399999693036 ], [ 952199.026600000448525, 1942149.600700000301003 ], [ 952211.326500000432134, 1942131.69789999909699 ], [ 952214.063099999912083, 1942126.6447 ], [ 952215.883500000461936, 1942122.982699999585748 ], [ 952218.593100000172853, 1942117.136299999430776 ], [ 952227.622499999590218, 1942093.099899999797344 ], [ 952238.672399999573827, 1942042.284600000828505 ], [ 952243.497000000439584, 1941989.200899999588728 ], [ 952249.285299999639392, 1941883.163799999281764 ], [ 952257.626899999566376, 1941833.989700000733137 ], [ 952273.477900000289083, 1941786.215800000354648 ], [ 952312.806800000369549, 1941689.415200000628829 ], [ 952326.769700000062585, 1941641.074999999254942 ], [ 952330.240899999625981, 1941617.021500000730157 ], [ 952330.561099999584258, 1941593.1403 ], [ 952325.771200000308454, 1941560.432399999350309 ], [ 952316.249200000427663, 1941529.95299999974668 ], [ 952302.998100000433624, 1941501.250099999830127 ], [ 952287.016800000332296, 1941473.854499999433756 ], [ 952215.644700000062585, 1941367.958799999207258 ], [ 952200.882299999706447, 1941340.087600000202656 ], [ 952189.303399999625981, 1941310.707299999892712 ], [ 952181.380800000391901, 1941277.550499999895692 ], [ 952175.909500000067055, 1941239.709000000730157 ], [ 952171.848299999721348, 1941162.645500000566244 ], [ 952173.774500000290573, 1941084.522600000724196 ], [ 952180.197800000198185, 1940928.404500000178814 ], [ 952178.190700000151992, 1940852.622199999168515 ], [ 952182.838899999856949, 1940778.73589999973774 ], [ 952205.649299999698997, 1940631.2533 ], [ 952213.498800000175834, 1940557.307800000533462 ], [ 952214.27379999961704, 1940520.176799999549985 ], [ 952212.08629999961704, 1940482.986300000920892 ], [ 952210.090499999932945, 1940483.103700000792742 ], [ 952212.273299999535084, 1940520.214700000360608 ], [ 952211.501699999906123, 1940557.18129999935627 ], [ 952203.666199999861419, 1940630.994999999180436 ], [ 952180.849299999885261, 1940778.519799999892712 ], [ 952176.189799999818206, 1940852.585799999535084 ], [ 952178.197599999606609, 1940928.389799999073148 ], [ 952171.776300000026822, 1941084.456900000572205 ], [ 952169.847699999809265, 1941162.673499999567866 ], [ 952173.917799999937415, 1941239.904999999329448 ], [ 952179.415199999697506, 1941277.926699999719858 ], [ 952187.391699999570847, 1941311.309100000187755 ], [ 952199.063299999572337, 1941340.924599999561906 ], [ 952213.927600000053644, 1941368.988199999555945 ], [ 952285.322700000368059, 1941474.917899999767542 ], [ 952301.223000000230968, 1941502.174900000914931 ], [ 952314.379599999636412, 1941530.673100000247359 ], [ 952323.815799999982119, 1941560.878000000491738 ], [ 952328.559899999760091, 1941593.272600000724196 ], [ 952328.243700000457466, 1941616.864700000733137 ], [ 952324.810700000263751, 1941640.652799999341369 ], [ 952310.915199999697506, 1941688.759700000286102 ], [ 952271.600999999791384, 1941785.524000000208616 ], [ 952255.681300000287592, 1941833.504899999126792 ], [ 952247.295199999585748, 1941882.941400000825524 ], [ 952241.502700000070035, 1941989.0559 ], [ 952236.692599999718368, 1942041.980499999597669 ], [ 952225.699900000356138, 1942092.532999999821186 ], [ 952216.747899999842048, 1942116.363299999386072 ], [ 952214.081000000238419, 1942122.117200000211596 ], [ 952212.288399999961257, 1942125.723400000482798 ], [ 952209.618700000457466, 1942130.653000000864267 ], [ 952197.505699999630451, 1942148.283800000324845 ], [ 952167.409400000236928, 1942176.06980000063777 ], [ 952131.232699999585748, 1942199.828700000420213 ], [ 952078.297199999913573, 1942237.072000000625849 ], [ 952034.735000000335276, 1942276.339099999517202 ], [ 951997.980800000019372, 1942318.910700000822544 ], [ 951965.434200000017881, 1942366.081499999389052 ], [ 951934.487800000235438, 1942419.147099999710917 ], [ 951926.689699999988079, 1942433.497099999338388 ], [ 951920.031600000336766, 1942445.898900000378489 ], [ 951907.487700000405312, 1942468.604100000113249 ], [ 951880.031700000166893, 1942513.633199999108911 ], [ 951848.572800000198185, 1942555.9342 ], [ 951812.064000000245869, 1942592.900299999862909 ], [ 951791.629499999806285, 1942608.535000000149012 ], [ 951769.535299999639392, 1942621.864700000733137 ], [ 951745.643500000238419, 1942632.562899999320507 ], [ 951739.405600000172853, 1942634.776200000196695 ], [ 951728.896999999880791, 1942638.1217 ], [ 951703.391499999910593, 1942645.276599999517202 ], [ 951651.11780000012368, 1942656.331199999898672 ], [ 951597.468999999575317, 1942663.63910000026226 ], [ 951487.203499999828637, 1942669.931900000199676 ], [ 951375.157999999821186, 1942669.962999999523163 ], [ 951263.841099999845028, 1942669.55350000038743 ], [ 951155.791899999603629, 1942674.530999999493361 ], [ 951060.900399999693036, 1942686.0022 ], [ 950971.516099999658763, 1942702.496099999174476 ], [ 950886.849999999627471, 1942723.895700000226498 ], [ 950806.121199999935925, 1942750.082900000736117 ], [ 950728.549100000411272, 1942780.938699999824166 ], [ 950653.352699999697506, 1942816.343699999153614 ], [ 950579.750300000421703, 1942856.178099999204278 ], [ 950506.959699999541044, 1942900.322699999436736 ], [ 950434.197900000028312, 1942948.6579 ], [ 950360.683699999935925, 1943001.063699999824166 ], [ 950323.396399999968708, 1943028.758400000631809 ], [ 950301.603099999949336, 1943045.223600000143051 ], [ 950273.814199999906123, 1943066.373199999332428 ], [ 950162.367499999701977, 1943151.826899999752641 ], [ 950049.968299999833107, 1943236.7829 ], [ 949935.980499999597669, 1943318.7456 ], [ 949819.766699999570847, 1943395.221599999815226 ], [ 949700.67989999987185, 1943463.723799999803305 ], [ 949639.876500000245869, 1943494.197599999606609 ], [ 949578.110799999907613, 1943521.746600000187755 ], [ 949515.310800000093877, 1943546.055600000545382 ], [ 949451.396399999968708, 1943566.813799999654293 ], [ 949386.287800000049174, 1943583.7105 ], [ 949319.904299999587238, 1943596.434699999168515 ], [ 949252.165199999697506, 1943604.675599999725819 ], [ 949182.989400000311434, 1943608.122199999168515 ], [ 949112.2955, 1943606.463199999183416 ], [ 949095.198099999688566, 1943604.789599999785423 ], [ 949039.99309999961406, 1943599.386 ], [ 949003.223600000143051, 1943593.7193 ], [ 948993.969100000336766, 1943592.074999999254942 ], [ 948990.865899999625981, 1943591.504100000485778 ], [ 948951.857099999673665, 1943584.2652000002563 ], [ 948626.968500000424683, 1943523.97580000013113 ] ] ] ] } },
{ "type": "Feature", "properties": { "OBJECTID": 14, "CODE2": 0.0, "INDEXPAGE1": null, "LEVEL1": null, "NAME2": null, "RIVLEN1": 0.0, "UID1": 0.0, "INDEXPAGE2": ",59", "LEVEL2": ",59", "RIVLEN2": 4.85, "RIV_CD_1": 1025530.0, "RIV_NAM_1": ",59", "UID2": 549.0, "CODE1": 0.0, "INDEXPAGE": null, "LEVEL": null, "NAME1": null, "RIVLEN": 0.0, "UID": 0.0, "Shape_Leng": 6286.4028577099998, "Shape_Area": 6279.4632040300003 }, "geometry": { "type": "MultiPolygon", "coordinates": [ [ [ [ 944076.353000000119209, 1944025.116699999198318 ], [ 944075.692999999970198, 1944022.607100000604987 ], [ 943973.244300000369549, 1943975.115499999374151 ], [ 943969.936999999918044, 1943974.609899999573827 ], [ 943848.580099999904633, 1943957.016000000759959 ], [ 943767.632399999536574, 1943945.012800000607967 ], [ 943766.198599999770522, 1943944.936499999836087 ], [ 943693.006000000052154, 1943945.323000000789762 ], [ 943691.566800000146031, 1943945.461100000888109 ], [ 943618.570299999788404, 1943964.120300000533462 ], [ 943616.716599999926984, 1943964.57630000077188 ], [ 943418.927500000223517, 1944008.8969 ], [ 943417.995299999602139, 1944009.0921 ], [ 943268.61780000012368, 1944022.317700000479817 ], [ 943161.222799999639392, 1944034.857999999076128 ], [ 943152.869699999690056, 1944037.017400000244379 ], [ 943019.859000000171363, 1944098.260199999436736 ], [ 943017.781299999915063, 1944098.6393 ], [ 942914.433799999766052, 1944111.361999999731779 ], [ 942911.801599999889731, 1944111.73450000025332 ], [ 942739.292799999937415, 1944137.267200000584126 ], [ 942735.016900000162423, 1944137.888900000602007 ], [ 942725.080699999816716, 1944139.248299999162555 ], [ 942705.359699999913573, 1944141.592399999499321 ], [ 942628.099899999797344, 1944146.240000000223517 ], [ 942553.167100000195205, 1944143.936200000345707 ], [ 942479.996199999935925, 1944135.519200000911951 ], [ 942408.041000000201166, 1944121.825099999085069 ], [ 942336.764999999664724, 1944103.691999999806285 ], [ 942194.021499999798834, 1944057.440999999642372 ], [ 942049.986999999731779, 1944004.680600000545382 ], [ 941983.910899999551475, 1943985.06980000063777 ], [ 941917.464399999938905, 1943970.712099999189377 ], [ 941850.702899999916553, 1943960.504599999636412 ], [ 941783.664800000376999, 1943953.340900000184774 ], [ 941648.949400000274181, 1943943.725400000810623 ], [ 941513.597799999639392, 1943933.025499999523163 ], [ 941479.712799999862909, 1943929.148199999704957 ], [ 941462.764299999922514, 1943926.934299999848008 ], [ 941448.675699999555945, 1943924.939999999478459 ], [ 941400.580500000156462, 1943917.3597999997437 ], [ 941204.285400000400841, 1943883.289200000464916 ], [ 941104.815999999642372, 1943870.846400000154972 ], [ 941005.316300000064075, 1943866.689200000837445 ], [ 941005.232900000177324, 1943868.686599999666214 ], [ 941104.649799999780953, 1943872.840500000864267 ], [ 941203.990199999883771, 1943885.267100000753999 ], [ 941400.253899999894202, 1943919.3322 ], [ 941448.379999999888241, 1943926.917300000786781 ], [ 941462.494699999690056, 1943928.915400000289083 ], [ 941479.469600000418723, 1943931.1327 ], [ 941513.405199999921024, 1943935.015699999406934 ], [ 941648.799499999731779, 1943945.719100000336766 ], [ 941783.487399999983609, 1943955.332699999213219 ], [ 941850.44550000037998, 1943962.487800000235438 ], [ 941917.10190000012517, 1943972.679199999198318 ], [ 941983.41469999961555, 1943987.00789999961853 ], [ 942049.358099999837577, 1944006.579299999400973 ], [ 942193.369300000369549, 1944059.331299999728799 ], [ 942336.20990000013262, 1944105.613700000569224 ], [ 942407.607300000265241, 1944123.777699999511242 ], [ 942479.694600000046194, 1944137.496999999508262 ], [ 942553.021999999880791, 1944145.932 ], [ 942628.129200000315905, 1944148.241100000217557 ], [ 942705.537800000049174, 1944143.584499999880791 ], [ 942725.334300000220537, 1944141.231499999761581 ], [ 942735.29619999974966, 1944139.868599999696016 ], [ 942739.586199999786913, 1944139.244799999520183 ], [ 942912.088000000454485, 1944113.71309999935329 ], [ 942914.696000000461936, 1944113.344000000506639 ], [ 943018.083100000396371, 1944100.616499999538064 ], [ 943020.466000000014901, 1944100.181700000539422 ], [ 943153.543300000019372, 1944038.90819999948144 ], [ 943161.590599999763072, 1944036.8279 ], [ 943268.821999999694526, 1944024.306700000539422 ], [ 943418.289300000295043, 1944011.073100000619888 ], [ 943419.350899999961257, 1944010.8509 ], [ 943617.173999999649823, 1943966.522700000554323 ], [ 943619.056699999608099, 1943966.059599999338388 ], [ 943691.911999999545515, 1943947.436300000175834 ], [ 943693.106999999843538, 1943947.321699999272823 ], [ 943766.150600000284612, 1943946.935900000855327 ], [ 943767.432199999690056, 1943947.004200000315905 ], [ 943848.290699999779463, 1943958.994200000539422 ], [ 943969.642500000074506, 1943976.587400000542402 ], [ 943972.661299999803305, 1943977.048800000920892 ], [ 944076.353000000119209, 1944025.116699999198318 ] ] ] ] } },
{ "type": "Feature", "properties": { "OBJECTID": 15, "CODE2": 0.0, "INDEXPAGE1": null, "LEVEL1": null, "NAME2": null, "RIVLEN1": 0.0, "UID1": 0.0, "INDEXPAGE2": ",59", "LEVEL2": ",59", "RIVLEN2": 12.5, "RIV_CD_1": 1025500.0, "RIV_NAM_1": ",59", "UID2": 547.0, "CODE1": 0.0, "INDEXPAGE": null, "LEVEL": null, "NAME1": null, "RIVLEN": 0.0, "UID": 0.0, "Shape_Leng": 1174.8140686500001, "Shape_Area": 6792.6886395499996 }, "geometry": { "type": "MultiPolygon", "coordinates": [ [ [ [ 942115.838600000366569, 1941822.205 ], [ 942115.574199999682605, 1941821.997700000181794 ], [ 942117.586400000378489, 1941840.674799999222159 ], [ 942117.781600000336766, 1941842.627699999138713 ], [ 942122.936599999666214, 1941902.747400000691414 ], [ 942123.134100000374019, 1941904.832499999552965 ], [ 942129.344399999827147, 1941958.480599999427795 ], [ 942128.736299999989569, 1941948.374399999156594 ], [ 942127.863699999637902, 1941939.91300000064075 ], [ 942127.140700000338256, 1941933.075200000777841 ], [ 942126.794400000013411, 1941929.578099999576807 ], [ 942122.868200000375509, 1941894.397399999201298 ], [ 942122.5472999997437, 1941891.5208 ], [ 942121.464399999938905, 1941881.655200000852346 ], [ 942120.516200000420213, 1941870.757400000467896 ], [ 942119.450299999676645, 1941858.2676 ], [ 942118.153599999845028, 1941846.341700000688434 ], [ 942116.815899999812245, 1941832.696100000292063 ], [ 942116.50040000025183, 1941829.168400000780821 ], [ 942116.35010000038892, 1941827.419800000265241 ], [ 942115.838600000366569, 1941822.205 ] ] ], [ [ [ 942154.594700000248849, 1942265.561499999836087 ], [ 942154.013600000180304, 1942258.685699999332428 ], [ 942154.295699999667704, 1942263.075300000607967 ], [ 942154.69400000013411, 1942267.17259999923408 ], [ 942154.594700000248849, 1942265.561499999836087 ] ] ], [ [ [ 942760.828300000168383, 1942701.601299999281764 ], [ 942754.72719999961555, 1942700.197200000286102 ], [ 942781.723399999551475, 1942722.145899999886751 ], [ 942770.957799999974668, 1942705.953600000590086 ], [ 942763.785799999721348, 1942702.46030000038445 ], [ 942760.828300000168383, 1942701.601299999281764 ] ] ], [ [ [ 943845.044099999591708, 1943735.677799999713898 ], [ 943825.982699999585748, 1943719.784600000828505 ], [ 943820.825500000268221, 1943725.059900000691414 ], [ 943820.576899999752641, 1943727.229599999263883 ], [ 943829.550900000147521, 1943731.577099999412894 ], [ 943846.024699999950826, 1943742.900800000876188 ], [ 943847.1875, 1943743.792500000447035 ], [ 943845.044099999591708, 1943735.677799999713898 ] ] ], [ [ [ 943907.976599999703467, 1943783.046499999240041 ], [ 943901.364400000311434, 1943773.303600000217557 ], [ 943887.004599999636412, 1943779.479800000786781 ], [ 943904.948900000192225, 1943799.9759 ], [ 943908.263700000010431, 1943803.544800000265241 ], [ 943923.771999999880791, 1943816.667400000616908 ], [ 943914.653699999675155, 1943799.380300000309944 ], [ 943907.976599999703467, 1943783.046499999240041 ] ] ], [ [ [ 944047.19400000013411, 1943925.039200000464916 ], [ 944039.5466, 1943923.111400000751019 ], [ 944038.18790000025183, 1943923.301899999380112 ], [ 944039.142500000074506, 1943924.769999999552965 ], [ 944056.435899999924004, 1943960.335799999535084 ], [ 944058.105700000189245, 1943964.541799999773502 ], [ 944070.320899999700487, 1944002.181099999696016 ], [ 944075.692999999970198, 1944022.607100000604987 ], [ 944076.353000000119209, 1944025.116699999198318 ], [ 944086.910500000230968, 1944065.260199999436736 ], [ 944087.48589999973774, 1944066.457800000905991 ], [ 944091.657300000078976, 1944074.911299999803305 ], [ 944098.732300000265241, 1944077.1184 ], [ 944099.94550000037998, 1944076.299900000914931 ], [ 944104.771999999880791, 1944069.294399999082088 ], [ 944102.924200000241399, 1944061.946900000795722 ], [ 944101.800200000405312, 1944058.129000000655651 ], [ 944092.349999999627471, 1944026.925699999555945 ], [ 944091.972699999809265, 1944025.636399999260902 ], [ 944086.767900000326335, 1943993.956700000911951 ], [ 944086.054999999701977, 1943990.706000000238419 ], [ 944079.423999999649823, 1943965.097400000318885 ], [ 944070.528199999593198, 1943948.019600000232458 ], [ 944068.848299999721348, 1943945.215299999341369 ], [ 944059.557000000029802, 1943930.833399999886751 ], [ 944057.602699999697506, 1943929.07660000026226 ], [ 944047.19400000013411, 1943925.039200000464916 ] ] ], [ [ [ 944202.100200000219047, 1944152.356200000271201 ], [ 944189.034799999557436, 1944145.10080000013113 ], [ 944176.166199999861419, 1944158.584000000730157 ], [ 944172.384800000116229, 1944162.542099999263883 ], [ 944185.874400000087917, 1944172.750499999150634 ], [ 944189.215300000272691, 1944175.696399999782443 ], [ 944210.845999999903142, 1944195.490399999544024 ], [ 944211.520200000144541, 1944196.1316 ], [ 944222.381000000052154, 1944209.425699999555945 ], [ 944223.188400000333786, 1944210.998500000685453 ], [ 944227.357200000435114, 1944221.35869999974966 ], [ 944231.329800000414252, 1944232.888699999079108 ], [ 944231.496399999596179, 1944233.306099999696016 ], [ 944271.934200000017881, 1944195.0777000002563 ], [ 944272.133899999782443, 1944194.889000000432134 ], [ 944260.199000000022352, 1944188.903599999845028 ], [ 944258.541199999861419, 1944187.783299999311566 ], [ 944240.745500000193715, 1944172.818099999800324 ], [ 944206.720800000242889, 1944154.837899999693036 ], [ 944202.100200000219047, 1944152.356200000271201 ] ] ] ] } },
{ "type": "Feature", "properties": { "OBJECTID": 16, "CODE2": 0.0, "INDEXPAGE1": null, "LEVEL1": null, "NAME2": null, "RIVLEN1": 0.0, "UID1": 0.0, "INDEXPAGE2": ",59", "LEVEL2": ",59", "RIVLEN2": 4.87, "RIV_CD_1": 1025330.0, "RIV_NAM_1": ",59", "UID2": 545.0, "CODE1": 0.0, "INDEXPAGE": null, "LEVEL": null, "NAME1": null, "RIVLEN": 0.0, "UID": 0.0, "Shape_Leng": 6587.73719944, "Shape_Area": 6581.1890295000003 }, "geometry": { "type": "MultiPolygon", "coordinates": [ [ [ [ 954559.236100000329316, 1944615.142799999564886 ], [ 954552.068599999882281, 1944569.064400000497699 ], [ 954543.751500000245869, 1944532.546299999579787 ], [ 954531.481200000271201, 1944497.93129999935627 ], [ 954501.075500000268221, 1944432.134199999272823 ], [ 954472.648400000296533, 1944366.685399999842048 ], [ 954462.867899999953806, 1944332.608799999579787 ], [ 954457.97620000038296, 1944296.765699999406934 ], [ 954459.745900000445545, 1944235.361500000581145 ], [ 954470.014299999922514, 1944175.160800000652671 ], [ 954486.367300000041723, 1944115.809299999848008 ], [ 954506.386900000274181, 1944056.958599999547005 ], [ 954547.71129999961704, 1943939.412200000137091 ], [ 954564.159699999727309, 1943880.003000000491738 ], [ 954574.545599999837577, 1943819.721699999645352 ], [ 954577.51659999974072, 1943751.984300000593066 ], [ 954572.350499999709427, 1943684.380000000819564 ], [ 954559.768299999646842, 1943617.4134 ], [ 954540.490299999713898, 1943551.585699999704957 ], [ 954515.236299999989569, 1943487.396999999880791 ], [ 954484.72510000038892, 1943425.347400000318885 ], [ 954449.674800000153482, 1943365.9364 ], [ 954410.828700000420213, 1943309.701500000432134 ], [ 954363.11710000038147, 1943237.17200000025332 ], [ 954323.69620000012219, 1943160.283399999141693 ], [ 954291.841500000096858, 1943079.818900000303984 ], [ 954266.855600000359118, 1942996.60329999960959 ], [ 954248.04079999960959, 1942911.462400000542402 ], [ 954234.699000000022352, 1942825.222400000318885 ], [ 954226.13150000013411, 1942738.7105 ], [ 954221.640100000426173, 1942652.763399999588728 ], [ 954222.220999999903142, 1942565.787499999627471 ], [ 954227.285899999551475, 1942479.386700000613928 ], [ 954237.840200000442564, 1942306.464800000190735 ], [ 954235.914599999785423, 1942189.005599999800324 ], [ 954229.172600000165403, 1942069.622300000861287 ], [ 954224.737399999983609, 1941951.14949999935925 ], [ 954225.608199999667704, 1941893.160900000482798 ], [ 954229.720499999821186, 1941836.483999999240041 ], [ 954239.007000000216067, 1941787.98450000025332 ], [ 954255.112900000065565, 1941741.10869999974966 ], [ 954276.416199999861419, 1941695.533600000664592 ], [ 954301.283699999563396, 1941650.97069999948144 ], [ 954355.17119999974966, 1941563.699500000104308 ], [ 954380.907700000330806, 1941520.408600000664592 ], [ 954403.63219999987632, 1941476.984200000762939 ], [ 954401.86089999973774, 1941476.057299999520183 ], [ 954379.161500000394881, 1941519.433599999174476 ], [ 954353.46129999961704, 1941562.6634 ], [ 954299.559399999678135, 1941649.957900000736117 ], [ 954274.635400000028312, 1941694.621999999508262 ], [ 954253.256699999794364, 1941740.35840000025928 ], [ 954237.070199999958277, 1941787.469200000166893 ], [ 954227.735000000335276, 1941836.222699999809265 ], [ 954223.610100000165403, 1941893.073400000110269 ], [ 954222.737599999643862, 1941951.171900000423193 ], [ 954227.175499999895692, 1942069.716099999845028 ], [ 954233.916299999691546, 1942189.078400000929832 ], [ 954235.839900000020862, 1942306.420299999415874 ], [ 954225.290300000458956, 1942479.267300000414252 ], [ 954220.222099999897182, 1942565.722200000658631 ], [ 954219.640399999916553, 1942652.808900000527501 ], [ 954224.137500000186265, 1942738.86119999922812 ], [ 954232.714900000020862, 1942825.473999999463558 ], [ 954246.074900000356138, 1942911.831299999728799 ], [ 954264.919499999843538, 1942997.107200000435114 ], [ 954289.951299999840558, 1943080.47550000064075 ], [ 954321.872899999842048, 1943161.109300000593066 ], [ 954361.387400000356138, 1943238.180400000885129 ], [ 954409.171000000089407, 1943310.819199999794364 ], [ 954447.989199999719858, 1943367.013900000602007 ], [ 954482.964599999599159, 1943426.297800000756979 ], [ 954513.40610000025481, 1943488.205399999395013 ], [ 954538.597000000067055, 1943552.233899999409914 ], [ 954557.821700000204146, 1943617.880100000649691 ], [ 954570.365399999544024, 1943684.64159999974072 ], [ 954575.51410000026226, 1943752.016699999570847 ], [ 954572.553899999707937, 1943819.50730000063777 ], [ 954562.206399999558926, 1943879.565500000491738 ], [ 954545.802699999883771, 1943938.813200000673532 ], [ 954504.497399999760091, 1944056.304999999701977 ], [ 954484.455599999986589, 1944115.221400000154972 ], [ 954468.060399999842048, 1944174.726099999621511 ], [ 954457.751500000245869, 1944235.163699999451637 ], [ 954455.973100000061095, 1944296.8728 ], [ 954460.906600000336766, 1944333.0219 ], [ 954470.762799999676645, 1944367.362299999222159 ], [ 954499.251000000163913, 1944432.951899999752641 ], [ 954529.627700000070035, 1944498.686300000175834 ], [ 954541.828200000338256, 1944533.1042 ], [ 954550.104000000283122, 1944569.441199999302626 ], [ 954557.260499999858439, 1944615.449799999594688 ], [ 954559.236100000329316, 1944615.142799999564886 ] ] ] ] } },
{ "type": "Feature", "properties": { "OBJECTID": 17, "CODE2": 0.0, "INDEXPAGE1": null, "LEVEL1": null, "NAME2": null, "RIVLEN1": 0.0, "UID1": 0.0, "INDEXPAGE2": ",59", "LEVEL2": ",59", "RIVLEN2": 11.6, "RIV_CD_1": 1025060.0, "RIV_NAM_1": ",59", "UID2": 544.0, "CODE1": 0.0, "INDEXPAGE": null, "LEVEL": null, "NAME1": null, "RIVLEN": 0.0, "UID": 0.0, "Shape_Leng": 15801.8601488, "Shape_Area": 242369.203958 }, "geometry": { "type": "MultiPolygon", "coordinates": [ [ [ [ 957096.793600000441074, 1939706.060900000855327 ], [ 957129.016400000080466, 1939703.839999999850988 ], [ 957131.012199999764562, 1939703.74269999936223 ], [ 957195.605899999849498, 1939703.627599999308586 ], [ 957197.952600000426173, 1939703.751599999144673 ], [ 957243.169999999925494, 1939709.277499999850988 ], [ 957245.807699999772012, 1939709.672499999403954 ], [ 957235.706899999640882, 1939695.274000000208616 ], [ 957227.709099999628961, 1939683.861400000751019 ], [ 957187.681200000457466, 1939681.041899999603629 ], [ 957139.720999999903142, 1939679.13230000063777 ], [ 957111.539800000376999, 1939685.030600000172853 ], [ 957053.965099999681115, 1939694.744300000369549 ], [ 957051.158599999733269, 1939695.161599999293685 ], [ 956989.192499999888241, 1939699.67820000089705 ], [ 956987.066700000315905, 1939699.799599999561906 ], [ 956948.957000000402331, 1939701.128399999812245 ], [ 956945.434600000269711, 1939701.123800000175834 ], [ 956891.901600000448525, 1939700.8816 ], [ 956883.581100000068545, 1939702.916200000792742 ], [ 956873.240899999625981, 1939705.719799999147654 ], [ 956872.900700000114739, 1939706.409099999815226 ], [ 956834.533599999733269, 1939702.238900000229478 ], [ 956826.386800000444055, 1939700.470899999141693 ], [ 956823.990600000135601, 1939700.453700000420213 ], [ 956786.628700000233948, 1939701.392300000414252 ], [ 956784.662999999709427, 1939701.410499999299645 ], [ 956739.961400000378489, 1939697.98960000090301 ], [ 956738.014600000344217, 1939697.759500000625849 ], [ 956735.007000000216067, 1939697.245100000873208 ], [ 956734.464999999850988, 1939700.019300000742078 ], [ 956732.53139999974519, 1939708.70380000025034 ], [ 956732.582999999634922, 1939708.712300000712276 ], [ 956734.761800000444055, 1939708.996600000187755 ], [ 956779.252000000327826, 1939713.998800000175834 ], [ 956782.443199999630451, 1939714.004000000655651 ], [ 956837.621399999596179, 1939713.786299999803305 ], [ 956854.283499999903142, 1939714.3958 ], [ 956906.871799999848008, 1939714.124500000849366 ], [ 956955.480100000277162, 1939714.370100000873208 ], [ 956957.123599999584258, 1939714.365599999204278 ], [ 956984.340400000102818, 1939714.089500000700355 ], [ 956990.944799999706447, 1939713.811799999326468 ], [ 957049.630800000391901, 1939708.872099999338388 ], [ 957090.474600000306964, 1939706.470100000500679 ], [ 957096.793600000441074, 1939706.060900000855327 ] ] ], [ [ [ 957460.496399999596179, 1939729.079800000414252 ], [ 957455.409500000067055, 1939727.680500000715256 ], [ 957444.672399999573827, 1939730.0932 ], [ 957427.105999999679625, 1939736.9024 ], [ 957423.703300000168383, 1939738.198799999430776 ], [ 957430.197900000028312, 1939739.543999999761581 ], [ 957460.817699999548495, 1939745.7621 ], [ 957467.981200000271201, 1939747.3355 ], [ 957529.176799999549985, 1939762.999500000849366 ], [ 957573.751000000163913, 1939774.811300000175834 ], [ 957625.89049999974668, 1939793.357699999585748 ], [ 957628.805700000375509, 1939794.410299999639392 ], [ 957684.441200000233948, 1939817.6261 ], [ 957686.66370000038296, 1939818.572499999776483 ], [ 957726.155100000090897, 1939836.317900000140071 ], [ 957727.936200000345707, 1939837.166500000283122 ], [ 957764.745799999684095, 1939855.1327 ], [ 957763.379200000315905, 1939853.5472 ], [ 957756.666699999943376, 1939842.399800000712276 ], [ 957747.026600000448525, 1939826.987600000575185 ], [ 957744.384899999946356, 1939822.868000000715256 ], [ 957718.933400000445545, 1939812.462500000372529 ], [ 957704.072800000198185, 1939805.730599999427795 ], [ 957651.415500000119209, 1939781.404699999839067 ], [ 957648.570700000040233, 1939780.127900000661612 ], [ 957617.771300000138581, 1939770.836500000208616 ], [ 957585.631199999712408, 1939770.581800000742078 ], [ 957580.195299999788404, 1939770.391699999570847 ], [ 957567.305499999783933, 1939760.838300000876188 ], [ 957562.366499999538064, 1939757.2719 ], [ 957558.822599999606609, 1939754.604699999094009 ], [ 957553.322800000198185, 1939750.310799999162555 ], [ 957529.067699999548495, 1939742.436799999326468 ], [ 957526.112800000235438, 1939741.753900000825524 ], [ 957463.069099999964237, 1939729.769600000232458 ], [ 957460.496399999596179, 1939729.079800000414252 ] ] ], [ [ [ 957844.15610000025481, 1939893.760600000619888 ], [ 957831.4852, 1939892.894300000742078 ], [ 957836.230100000277162, 1939895.464999999850988 ], [ 957875.212000000290573, 1939915.225700000301003 ], [ 957939.703300000168383, 1939948.0987 ], [ 957942.143799999728799, 1939949.3914 ], [ 957992.504700000397861, 1939976.898299999535084 ], [ 957994.629599999636412, 1939978.182399999350309 ], [ 958029.789300000295043, 1939999.749399999156594 ], [ 958035.229399999603629, 1940003.640000000596046 ], [ 958058.448200000450015, 1940024.805700000375509 ], [ 958062.757000000216067, 1940029.381100000813603 ], [ 958086.319899999536574, 1940056.557199999690056 ], [ 958087.794400000013411, 1940058.362199999392033 ], [ 958117.046500000171363, 1940099.202600000426173 ], [ 958117.197300000116229, 1940094.959300000220537 ], [ 958117.75760000012815, 1940073.902100000530481 ], [ 958117.848299999721348, 1940069.8465 ], [ 958088.314799999818206, 1940031.307499999180436 ], [ 958064.17090000025928, 1940004.228800000622869 ], [ 958062.951200000010431, 1940002.975299999117851 ], [ 958031.612300000153482, 1939979.328400000929832 ], [ 958029.85259999986738, 1939978.037900000810623 ], [ 957981.567999999970198, 1939943.169199999421835 ], [ 957978.74930000025779, 1939941.344399999827147 ], [ 957933.355200000107288, 1939912.427899999544024 ], [ 957927.409699999727309, 1939912.219900000840425 ], [ 957913.474899999797344, 1939911.636900000274181 ], [ 957899.059299999848008, 1939905.966299999505281 ], [ 957886.945600000210106, 1939901.219399999827147 ], [ 957879.778500000014901, 1939898.789100000634789 ], [ 957876.83669999986887, 1939897.680099999532104 ], [ 957860.160199999809265, 1939895.644099999219179 ], [ 957844.15610000025481, 1939893.760600000619888 ] ] ], [ [ [ 958159.305700000375509, 1940159.744200000539422 ], [ 958157.643899999558926, 1940159.4112 ], [ 958178.563000000081956, 1940192.2873 ], [ 958179.473699999973178, 1940193.939200000837445 ], [ 958193.591900000348687, 1940221.463899999856949 ], [ 958218.674300000071526, 1940260.055400000885129 ], [ 958247.265100000426173, 1940307.989900000393391 ], [ 958248.894700000062585, 1940310.69539999961853 ], [ 958299.540599999949336, 1940391.3914 ], [ 958301.600999999791384, 1940394.698100000619888 ], [ 958344.487900000065565, 1940464.350099999457598 ], [ 958346.440100000239909, 1940467.425200000405312 ], [ 958387.932199999690056, 1940532.14159999974072 ], [ 958388.797199999913573, 1940533.787499999627471 ], [ 958400.612200000323355, 1940556.798000000417233 ], [ 958401.673600000329316, 1940558.707800000905991 ], [ 958401.37540000025183, 1940555.877100000157952 ], [ 958395.824699999764562, 1940542.880300000309944 ], [ 958391.108199999667704, 1940531.315500000491738 ], [ 958385.597500000149012, 1940517.006100000813603 ], [ 958379.821999999694526, 1940502.885900000110269 ], [ 958375.92960000038147, 1940493.503900000825524 ], [ 958375.423700000159442, 1940492.3191 ], [ 958365.281899999827147, 1940476.7226 ], [ 958357.943400000222027, 1940465.3597999997437 ], [ 958345.927600000053644, 1940446.805099999532104 ], [ 958340.496000000275671, 1940438.555099999532104 ], [ 958331.127899999730289, 1940427.483799999579787 ], [ 958323.314000000245869, 1940417.903799999505281 ], [ 958311.728000000119209, 1940403.658399999141693 ], [ 958306.114599999971688, 1940396.534800000488758 ], [ 958297.845800000242889, 1940386.550300000235438 ], [ 958296.19400000013411, 1940384.435799999162555 ], [ 958292.618200000375509, 1940378.737700000405312 ], [ 958286.743999999947846, 1940369.584599999710917 ], [ 958280.94510000012815, 1940359.931800000369549 ], [ 958275.228500000201166, 1940351.121400000527501 ], [ 958271.467199999839067, 1940345.7051 ], [ 958262.019700000062585, 1940331.3235 ], [ 958264.087700000032783, 1940314.756799999624491 ], [ 958264.762400000356138, 1940309.555600000545382 ], [ 958246.885499999858439, 1940283.797499999403954 ], [ 958227.752700000070035, 1940251.7369 ], [ 958210.953499999828637, 1940220.329299999400973 ], [ 958210.281200000084937, 1940218.967800000682473 ], [ 958201.668100000359118, 1940195.958399999886751 ], [ 958199.21750000026077, 1940190.309100000187755 ], [ 958184.869300000369549, 1940166.314799999818206 ], [ 958179.075000000186265, 1940164.793700000271201 ], [ 958159.305700000375509, 1940159.744200000539422 ] ] ], [ [ [ 959145.873200000263751, 1941696.436799999326468 ], [ 959136.276200000196695, 1941680.201099999248981 ], [ 959132.5921, 1941671.33420000039041 ], [ 959130.356399999931455, 1941664.660399999469519 ], [ 959129.51549999974668, 1941662.338199999183416 ], [ 959124.292399999685585, 1941649.897900000214577 ], [ 959100.940200000070035, 1941651.081499999389052 ], [ 959097.543200000189245, 1941658.2708 ], [ 959094.360500000417233, 1941663.173900000751019 ], [ 959092.952600000426173, 1941664.873299999162555 ], [ 959081.033499999903142, 1941672.880699999630451 ], [ 959079.017699999734759, 1941674.152300000190735 ], [ 959069.500900000333786, 1941679.390100000426173 ], [ 959067.469499999657273, 1941680.037799999117851 ], [ 959055.065899999812245, 1941682.317900000140071 ], [ 959052.567599999718368, 1941682.431800000369549 ], [ 959039.422600000165403, 1941682.41300000064075 ], [ 959036.553999999538064, 1941681.965500000864267 ], [ 959023.31180000025779, 1941679.583100000396371 ], [ 959022.242899999953806, 1941679.323100000619888 ], [ 958996.848299999721348, 1941672.837099999189377 ], [ 958965.460500000044703, 1941669.369799999520183 ], [ 958940.71860000025481, 1941665.349999999627471 ], [ 958919.701100000180304, 1941660.810499999672174 ], [ 958900.832700000144541, 1941656.577600000426173 ], [ 958896.332600000314415, 1941655.442099999636412 ], [ 958857.134600000455976, 1941642.464400000870228 ], [ 958855.391099999658763, 1941641.665999999269843 ], [ 958827.778099999763072, 1941628.655899999663234 ], [ 958822.4852, 1941625.758199999108911 ], [ 958791.544999999925494, 1941606.4847 ], [ 958789.442599999718368, 1941605.1623 ], [ 958748.377899999730289, 1941574.279799999669194 ], [ 958746.549800000153482, 1941572.8289 ], [ 958713.601800000295043, 1941541.100700000301003 ], [ 958675.025799999944866, 1941503.813799999654293 ], [ 958673.810999999754131, 1941502.426000000908971 ], [ 958652.399100000038743, 1941477.064600000157952 ], [ 958583.846199999563396, 1941400.6546 ], [ 958582.381599999964237, 1941399.040699999779463 ], [ 958564.808899999596179, 1941381.2708 ], [ 958560.119300000369549, 1941376.35950000025332 ], [ 958506.042899999767542, 1941313.645300000905991 ], [ 958504.813900000415742, 1941312.099099999293685 ], [ 958487.855999999679625, 1941289.705800000578165 ], [ 958483.731100000441074, 1941284.029400000348687 ], [ 958449.918899999931455, 1941235.84569999948144 ], [ 958400.111999999731779, 1941156.924499999731779 ], [ 958380.239699999801815, 1941126.491499999538064 ], [ 958379.332200000062585, 1941125.148299999535084 ], [ 958356.543100000359118, 1941092.959100000560284 ], [ 958355.126699999906123, 1941088.125499999150634 ], [ 958350.332600000314415, 1941069.532800000160933 ], [ 958350.402099999599159, 1941061.204800000414252 ], [ 958350.976099999621511, 1941046.342599999159575 ], [ 958352.431800000369549, 1941032.975199999287724 ], [ 958352.856300000101328, 1941029.519200000911951 ], [ 958359.831199999898672, 1941000.3849 ], [ 958372.348299999721348, 1940948.4035 ], [ 958373.192900000140071, 1940945.500700000673532 ], [ 958388.618200000375509, 1940893.27930000051856 ], [ 958396.589800000190735, 1940852.575099999085069 ], [ 958406.85010000038892, 1940803.93889999948442 ], [ 958408.512000000104308, 1940798.357599999755621 ], [ 958412.182400000281632, 1940787.516100000590086 ], [ 958401.692099999636412, 1940788.3202 ], [ 958399.228799999691546, 1940796.970799999311566 ], [ 958397.653400000184774, 1940803.05489999987185 ], [ 958389.363300000317395, 1940842.962899999693036 ], [ 958388.116200000047684, 1940849.6081000007689 ], [ 958382.791799999773502, 1940883.96030000038445 ], [ 958367.766400000080466, 1940929.791999999433756 ], [ 958365.64740000013262, 1940936.057 ], [ 958355.748599999584258, 1940964.946399999782443 ], [ 958355.245900000445545, 1940966.644300000742078 ], [ 958343.250300000421703, 1941012.447000000625849 ], [ 958334.238300000317395, 1941045.182900000363588 ], [ 958334.453200000338256, 1941068.270099999383092 ], [ 958337.7652000002563, 1941082.059900000691414 ], [ 958338.868200000375509, 1941086.1568 ], [ 958371.118700000457466, 1941136.938300000503659 ], [ 958372.857300000265241, 1941139.5088 ], [ 958424.217899999581277, 1941210.781700000166893 ], [ 958426.377500000409782, 1941214.078199999406934 ], [ 958471.490399999544024, 1941285.28999999910593 ], [ 958472.753299999982119, 1941287.5461 ], [ 958492.316999999806285, 1941322.926400000229478 ], [ 958524.878100000321865, 1941369.048800000920892 ], [ 958545.699799999594688, 1941398.717700000852346 ], [ 958549.55489999987185, 1941402.7818 ], [ 958568.348600000143051, 1941421.33500000089407 ], [ 958569.563400000333786, 1941422.839500000700355 ], [ 958599.672199999913573, 1941462.844000000506639 ], [ 958601.27240000013262, 1941465.212200000882149 ], [ 958629.714399999938905, 1941507.695900000631809 ], [ 958666.368599999696016, 1941557.361099999397993 ], [ 958687.865000000223517, 1941582.367499999701977 ], [ 958688.784900000318885, 1941583.404799999669194 ], [ 958700.1402000002563, 1941593.97829999960959 ], [ 958702.720499999821186, 1941596.268200000748038 ], [ 958717.668999999761581, 1941606.215500000864267 ], [ 958720.835900000296533, 1941608.243599999696016 ], [ 958741.203099999576807, 1941620.211100000888109 ], [ 958746.252299999818206, 1941622.847899999469519 ], [ 958783.919400000013411, 1941640.705600000917912 ], [ 958828.689600000157952, 1941661.76630000025034 ], [ 958830.754599999636412, 1941662.716299999505281 ], [ 958869.639999999664724, 1941678.353000000119209 ], [ 958871.427799999713898, 1941679.1081000007689 ], [ 958915.600499999709427, 1941698.614700000733137 ], [ 958916.995000000111759, 1941698.92 ], [ 958942.246899999678135, 1941702.18610000051558 ], [ 958970.294200000353158, 1941711.656199999153614 ], [ 959008.158900000154972, 1941726.276900000870228 ], [ 959033.672500000335276, 1941735.397900000214577 ], [ 959034.815799999982119, 1941735.897600000724196 ], [ 959058.358300000429153, 1941749.012399999424815 ], [ 959063.16260000038892, 1941751.940400000661612 ], [ 959086.240500000305474, 1941771.416300000622869 ], [ 959090.972299999557436, 1941775.2467 ], [ 959120.841900000348687, 1941797.839299999177456 ], [ 959126.529699999839067, 1941802.195599999278784 ], [ 959159.380800000391901, 1941827.630599999800324 ], [ 959163.746100000105798, 1941830.613500000908971 ], [ 959182.507500000298023, 1941842.050100000575185 ], [ 959183.724600000306964, 1941842.639499999582767 ], [ 959224.775000000372529, 1941856.182900000363588 ], [ 959227.9068, 1941856.602600000798702 ], [ 959239.114400000311434, 1941857.552300000563264 ], [ 959241.042399999685585, 1941858.362199999392033 ], [ 959277.976999999955297, 1941874.293999999761581 ], [ 959309.556800000369549, 1941881.672700000926852 ], [ 959311.524299999698997, 1941882.1502 ], [ 959322.421799999661744, 1941891.905799999833107 ], [ 959325.256799999624491, 1941894.4923 ], [ 959336.593999999575317, 1941908.719200000166893 ], [ 959339.310100000351667, 1941912.009600000455976 ], [ 959358.834800000302494, 1941932.227099999785423 ], [ 959362.395700000226498, 1941936.105499999597669 ], [ 959377.06969999987632, 1941955.205600000917912 ], [ 959380.79619999974966, 1941959.862999999895692 ], [ 959411.422500000335276, 1941996.999299999326468 ], [ 959448.480200000107288, 1942051.390599999576807 ], [ 959452.946000000461936, 1942058.1086 ], [ 959472.364099999889731, 1942087.712600000202656 ], [ 959473.354299999773502, 1942089.245100000873208 ], [ 959497.184700000099838, 1942126.7259 ], [ 959498.963600000366569, 1942129.03969999961555 ], [ 959539.359400000423193, 1942179.978399999439716 ], [ 959575.48450000025332, 1942226.948300000280142 ], [ 959610.830900000408292, 1942273.260700000450015 ], [ 959612.66509999986738, 1942275.6886 ], [ 959632.178600000217557, 1942306.016100000590086 ], [ 959633.095800000242889, 1942307.559499999508262 ], [ 959656.323599999770522, 1942350.973799999803305 ], [ 959657.396399999968708, 1942352.397199999541044 ], [ 959678.482800000347197, 1942376.111400000751019 ], [ 959681.808100000023842, 1942380.03800000064075 ], [ 959687.447200000286102, 1942387.962899999693036 ], [ 959693.684899999760091, 1942396.729100000113249 ], [ 959722.648599999956787, 1942432.787499999627471 ], [ 959724.390700000338256, 1942434.920700000599027 ], [ 959763.933899999596179, 1942473.379100000485778 ], [ 959765.769000000320375, 1942474.993300000205636 ], [ 959808.299499999731779, 1942502.965500000864267 ], [ 959811.346099999733269, 1942504.802699999883771 ], [ 959822.075000000186265, 1942511.104499999433756 ], [ 959832.450400000438094, 1942526.947699999436736 ], [ 959838.463299999944866, 1942537.090700000524521 ], [ 959846.770999999716878, 1942548.531300000846386 ], [ 959849.001500000245869, 1942551.506699999794364 ], [ 959862.162100000306964, 1942561.162399999797344 ], [ 959865.431300000287592, 1942563.356599999591708 ], [ 959892.020299999974668, 1942575.225700000301003 ], [ 959897.758500000461936, 1942577.508099999278784 ], [ 959939.778800000436604, 1942589.803600000217557 ], [ 959966.913900000043213, 1942602.751800000667572 ], [ 959971.356200000271201, 1942605.613199999555945 ], [ 959995.052199999801815, 1942623.836100000888109 ], [ 959996.396900000050664, 1942624.913599999621511 ], [ 960023.89670000039041, 1942652.199300000444055 ], [ 960024.985799999907613, 1942653.381899999454618 ], [ 960047.262099999934435, 1942680.765799999237061 ], [ 960048.273199999704957, 1942682.21059999987483 ], [ 960069.311099999584258, 1942713.458399999886751 ], [ 960071.002000000327826, 1942715.22719999961555 ], [ 960097.663099999539554, 1942742.816999999806285 ], [ 960111.784400000236928, 1942751.449200000613928 ], [ 960116.041699999943376, 1942754.087200000882149 ], [ 960166.278800000436604, 1942792.136499999091029 ], [ 960168.359699999913573, 1942793.5921 ], [ 960209.864699999801815, 1942817.277000000700355 ], [ 960212.07120000012219, 1942818.959899999201298 ], [ 960263.822599999606609, 1942861.683000000193715 ], [ 960267.506699999794364, 1942864.367499999701977 ], [ 960331.362700000405312, 1942910.576400000602007 ], [ 960349.997899999842048, 1942922.087200000882149 ], [ 960351.161799999885261, 1942922.8202 ], [ 960385.932900000363588, 1942948.997500000521541 ], [ 960387.651800000108778, 1942950.316299999132752 ], [ 960432.832799999974668, 1942986.356499999761581 ], [ 960491.271200000308454, 1943032.587600000202656 ], [ 960493.138100000098348, 1943033.923599999397993 ], [ 960525.475599999539554, 1943056.585999999195337 ], [ 960564.411399999633431, 1943080.4485 ], [ 960600.133799999952316, 1943105.475999999791384 ], [ 960601.935600000433624, 1943106.760600000619888 ], [ 960646.059000000357628, 1943140.090199999511242 ], [ 960648.300499999895692, 1943141.748999999836087 ], [ 960707.227300000376999, 1943184.748400000855327 ], [ 960708.901999999769032, 1943186.021600000560284 ], [ 960734.911600000225008, 1943206.093599999323487 ], [ 960740.065200000070035, 1943210.127399999648333 ], [ 960771.414499999955297, 1943235.093000000342727 ], [ 960775.872200000099838, 1943239.034199999645352 ], [ 960795.290699999779463, 1943258.204299999400973 ], [ 960796.459099999628961, 1943259.33049999922514 ], [ 960827.199500000104308, 1943285.562899999320507 ], [ 960828.48450000025332, 1943286.582000000402331 ], [ 960856.647499999962747, 1943306.4605 ], [ 960858.408099999651313, 1943307.489900000393391 ], [ 960898.510599999688566, 1943329.955600000917912 ], [ 960951.74199999962002, 1943356.072000000625849 ], [ 961002.270499999634922, 1943378.308399999514222 ], [ 961005.026800000108778, 1943379.508500000461936 ], [ 961042.170099999755621, 1943393.002100000157952 ], [ 961043.891699999570847, 1943393.610300000756979 ], [ 961086.00069999974221, 1943407.750900000333786 ], [ 961088.263700000010431, 1943408.434499999508262 ], [ 961142.246100000105798, 1943424.119699999690056 ], [ 961202.247700000181794, 1943439.825099999085069 ], [ 961245.243700000457466, 1943454.636399999260902 ], [ 961252.223699999973178, 1943456.211500000208616 ], [ 961288.621700000017881, 1943462.021299999207258 ], [ 961290.711400000378489, 1943462.423599999397993 ], [ 961349.334400000050664, 1943477.67850000038743 ], [ 961352.336799999698997, 1943478.333200000226498 ], [ 961427.781299999915063, 1943493.173100000247359 ], [ 961472.623100000433624, 1943502.242000000551343 ], [ 961528.164200000464916, 1943510.8224 ], [ 961564.46239999961108, 1943518.393200000748038 ], [ 961566.176400000229478, 1943518.777000000700355 ], [ 961596.018199999816716, 1943527.998700000345707 ], [ 961597.573900000192225, 1943528.432700000703335 ], [ 961639.599999999627471, 1943539.292099999263883 ], [ 961641.699799999594688, 1943540.022099999710917 ], [ 961680.074300000444055, 1943554.037100000306964 ], [ 961686.926099999807775, 1943556.505300000309944 ], [ 961722.700299999676645, 1943569.094799999147654 ], [ 961728.503399999812245, 1943571.332800000905991 ], [ 961757.42090000025928, 1943583.392699999734759 ], [ 961759.186499999836087, 1943584.146199999377131 ], [ 961806.919400000013411, 1943606.77449999935925 ], [ 961808.653500000014901, 1943607.679999999701977 ], [ 961837.41469999961555, 1943625.9518 ], [ 961839.063000000081956, 1943627.066199999302626 ], [ 961876.471900000236928, 1943652.721100000664592 ], [ 961918.194299999624491, 1943680.950899999588728 ], [ 961947.267400000244379, 1943702.541300000622869 ], [ 961948.986100000329316, 1943703.839099999517202 ], [ 961996.039200000464916, 1943743.940199999138713 ], [ 961997.942599999718368, 1943745.669700000435114 ], [ 962031.378800000064075, 1943781.652200000360608 ], [ 962032.896099999547005, 1943783.5088 ], [ 962067.13399999961257, 1943827.718699999153614 ], [ 962097.884999999776483, 1943869.931600000709295 ], [ 962103.83530000038445, 1943875.823300000280142 ], [ 962140.90610000025481, 1943900.382200000807643 ], [ 962145.117899999953806, 1943903.863800000399351 ], [ 962160.148199999704957, 1943919.510700000450015 ], [ 962161.014499999582767, 1943920.536299999803305 ], [ 962185.354199999943376, 1943957.005000000819564 ], [ 962186.493599999696016, 1943958.887199999764562 ], [ 962213.981599999591708, 1944006.903100000694394 ], [ 962215.731100000441074, 1944010.360500000417233 ], [ 962249.949599999934435, 1944078.831299999728799 ], [ 962268.393500000238419, 1944122.358300000429153 ], [ 962280.375500000081956, 1944158.974199999123812 ], [ 962289.762799999676645, 1944189.4123 ], [ 962290.10219999961555, 1944190.814600000157952 ], [ 962295.613400000147521, 1944221.094900000840425 ], [ 962296.615699999965727, 1944227.565600000321865 ], [ 962300.13329999987036, 1944268.460200000554323 ], [ 962300.516699999570847, 1944275.751599999144673 ], [ 962300.31180000025779, 1944313.479399999603629 ], [ 962299.892900000326335, 1944319.250099999830127 ], [ 962295.963299999944866, 1944346.301400000229478 ], [ 962295.708399999886751, 1944347.956599999219179 ], [ 962286.977500000037253, 1944391.043299999088049 ], [ 962286.559000000357628, 1944392.776200000196695 ], [ 962275.646300000138581, 1944427.4265 ], [ 962265.535000000149012, 1944458.9989 ], [ 962257.652400000020862, 1944487.637800000607967 ], [ 962236.495099999941885, 1944541.5844 ], [ 962221.39850000012666, 1944586.074500000104308 ], [ 962215.3443, 1944603.616399999707937 ], [ 962213.871299999766052, 1944608.044700000435114 ], [ 962200.368200000375509, 1944652.603900000452995 ], [ 962200.030500000342727, 1944654.275000000372529 ], [ 962195.104399999603629, 1944680.405600000172853 ], [ 962193.758500000461936, 1944685.68019999936223 ], [ 962188.546500000171363, 1944702.176200000569224 ], [ 962319.648900000378489, 1944671.260299999266863 ], [ 962316.599700000137091, 1944665.489399999380112 ], [ 962311.591300000436604, 1944624.441400000825524 ], [ 962311.353199999779463, 1944622.221699999645352 ], [ 962309.505300000309944, 1944566.28999999910593 ], [ 962309.412299999967217, 1944564.094900000840425 ], [ 962306.8739, 1944520.639499999582767 ], [ 962306.912299999967217, 1944518.852900000289083 ], [ 962308.520399999804795, 1944486.214999999850988 ], [ 962309.192800000309944, 1944480.582499999552965 ], [ 962317.130099999718368, 1944452.087899999693036 ], [ 962331.966300000436604, 1944405.659700000658631 ], [ 962334.135400000028312, 1944399.137000000104308 ], [ 962344.687199999578297, 1944368.107699999585748 ], [ 962344.994500000029802, 1944366.541999999433756 ], [ 962341.993200000375509, 1944330.750700000673532 ], [ 962342.137000000104308, 1944329.434100000187755 ], [ 962348.08629999961704, 1944302.949500000104308 ], [ 962348.289099999703467, 1944300.643899999558926 ], [ 962351.650899999774992, 1944259.464099999517202 ], [ 962348.473500000312924, 1944229.687999999150634 ], [ 962339.235600000247359, 1944177.700099999085069 ], [ 962338.781899999827147, 1944175.44679999910295 ], [ 962327.228799999691546, 1944136.396500000730157 ], [ 962326.726400000043213, 1944134.767899999395013 ], [ 962316.583100000396371, 1944102.823100000619888 ], [ 962313.962700000032783, 1944095.8059 ], [ 962288.577100000344217, 1944042.11089999973774 ], [ 962270.138000000268221, 1944013.629200000315905 ], [ 962266.268699999898672, 1944008.262900000438094 ], [ 962242.726300000213087, 1943977.289799999445677 ], [ 962241.440299999900162, 1943975.617900000885129 ], [ 962214.432099999859929, 1943942.407700000330806 ], [ 962212.547600000165403, 1943940.177899999544024 ], [ 962152.658900000154972, 1943870.543299999088049 ], [ 962150.943099999800324, 1943868.148700000718236 ], [ 962121.219499999657273, 1943823.847999999299645 ], [ 962089.563000000081956, 1943775.802200000733137 ], [ 962068.193400000222027, 1943747.881899999454618 ], [ 962067.016699999570847, 1943746.407700000330806 ], [ 962036.269700000062585, 1943716.431800000369549 ], [ 962034.534099999815226, 1943714.856899999082088 ], [ 961981.483199999667704, 1943669.7043999992311 ], [ 961979.622200000099838, 1943668.221599999815226 ], [ 961947.549800000153482, 1943643.478199999779463 ], [ 961941.298299999907613, 1943638.798499999567866 ], [ 961904.713600000366569, 1943612.800699999555945 ], [ 961897.767099999822676, 1943608.13910000026226 ], [ 961857.870199999772012, 1943582.685699999332428 ], [ 961855.382799999788404, 1943581.119799999520183 ], [ 961808.7648, 1943556.474099999293685 ], [ 961806.869699999690056, 1943555.447300000116229 ], [ 961773.31969999987632, 1943535.962999999523163 ], [ 961770.995799999684095, 1943534.98450000025332 ], [ 961710.099899999797344, 1943511.88539999909699 ], [ 961677.503700000233948, 1943500.647700000554323 ], [ 961648.352500000037253, 1943494.425599999725819 ], [ 961613.472000000067055, 1943485.776599999517202 ], [ 961611.948499999940395, 1943485.366599999368191 ], [ 961590.018000000156462, 1943477.419199999421835 ], [ 961584.939000000245869, 1943475.768999999389052 ], [ 961547.757799999788404, 1943469.757099999114871 ], [ 961521.559500000439584, 1943466.0493 ], [ 961515.298000000417233, 1943465.221100000664592 ], [ 961468.060600000433624, 1943459.272199999541044 ], [ 961461.116200000047684, 1943458.345300000160933 ], [ 961429.309399999678135, 1943453.870899999514222 ], [ 961427.426699999719858, 1943453.589400000870228 ], [ 961375.279900000430644, 1943444.237500000745058 ], [ 961372.824699999764562, 1943443.855200000107288 ], [ 961332.720999999903142, 1943438.439500000327826 ], [ 961197.475899999961257, 1943412.393300000578165 ], [ 961160.99170000012964, 1943405.9836 ], [ 961158.29590000025928, 1943405.4835 ], [ 961119.45160000026226, 1943394.078299999237061 ], [ 961117.554399999789894, 1943393.487700000405312 ], [ 961066.956399999558926, 1943376.6842 ], [ 961065.201100000180304, 1943375.988500000908971 ], [ 961035.034300000406802, 1943363.0548 ], [ 961029.271900000050664, 1943360.484400000423193 ], [ 960996.877999999560416, 1943345.01549999974668 ], [ 960991.416799999773502, 1943342.443299999460578 ], [ 960963.41260000038892, 1943329.4529 ], [ 960961.633600000292063, 1943328.604699999094009 ], [ 960924.534799999557436, 1943305.100299999117851 ], [ 960885.184700000099838, 1943280.85080000013113 ], [ 960883.520999999716878, 1943279.638900000602007 ], [ 960846.945899999700487, 1943250.753900000825524 ], [ 960844.944899999536574, 1943248.979599999263883 ], [ 960809.104399999603629, 1943216.887900000438094 ], [ 960783.356499999761581, 1943192.985200000926852 ], [ 960781.719600000418723, 1943191.4934 ], [ 960747.452399999834597, 1943172.204500000923872 ], [ 960745.591400000266731, 1943171.194299999624491 ], [ 960687.614799999631941, 1943142.112099999561906 ], [ 960685.707399999722838, 1943141.117000000551343 ], [ 960656.279500000178814, 1943124.992900000885129 ], [ 960649.89130000025034, 1943120.906400000676513 ], [ 960602.255499999970198, 1943081.757200000807643 ], [ 960556.267799999564886, 1943045.783099999651313 ], [ 960506.888500000350177, 1943015.467399999499321 ], [ 960501.539599999785423, 1943011.512499999254942 ], [ 960479.690299999900162, 1942993.608799999579787 ], [ 960478.082899999804795, 1942992.2237 ], [ 960427.174999999813735, 1942947.190400000661612 ], [ 960425.576500000432134, 1942945.81980000063777 ], [ 960396.657300000078976, 1942921.352099999785423 ], [ 960358.818099999800324, 1942896.43099999986589 ], [ 960349.832999999634922, 1942892.058000000193715 ], [ 960347.139999999664724, 1942890.679999999701977 ], [ 960313.271800000220537, 1942861.795299999415874 ], [ 960311.768299999646842, 1942860.580800000578165 ], [ 960276.683799999766052, 1942834.755799999460578 ], [ 960275.067699999548495, 1942833.526399999856949 ], [ 960239.692999999970198, 1942806.305800000205636 ], [ 960209.365699999965727, 1942785.752299999818206 ], [ 960204.89159999974072, 1942783.454600000753999 ], [ 960183.86780000012368, 1942777.196599999442697 ], [ 960179.303399999625981, 1942775.414599999785423 ], [ 960153.461500000208616, 1942764.412000000476837 ], [ 960152.11699999962002, 1942763.739900000393391 ], [ 960120.720200000330806, 1942742.763699999079108 ], [ 960117.759700000286102, 1942740.121500000357628 ], [ 960106.642900000326335, 1942729.707100000232458 ], [ 960086.362999999895692, 1942706.021500000730157 ], [ 960057.635999999940395, 1942664.965399999171495 ], [ 960055.808799999766052, 1942662.380100000649691 ], [ 960029.243700000457466, 1942638.340099999681115 ], [ 959994.2034, 1942607.736600000411272 ], [ 959992.916899999603629, 1942606.6831 ], [ 959970.554299999959767, 1942589.722100000828505 ], [ 959966.361200000159442, 1942586.821100000292063 ], [ 959947.364299999549985, 1942578.160900000482798 ], [ 959943.535099999979138, 1942576.533800000324845 ], [ 959919.769500000402331, 1942567.27140000090003 ], [ 959915.172899999655783, 1942565.691099999472499 ], [ 959889.0795, 1942557.473300000652671 ], [ 959885.832299999892712, 1942555.83809999935329 ], [ 959872.282599999569356, 1942547.419399999082088 ], [ 959870.42850000038743, 1942545.415899999439716 ], [ 959865.942599999718368, 1942540.067700000479817 ], [ 959860.713499999605119, 1942531.974199999123812 ], [ 959852.91399999987334, 1942515.252800000831485 ], [ 959838.129099999554455, 1942498.088300000876188 ], [ 959806.342199999839067, 1942480.637000000104308 ], [ 959804.675400000065565, 1942479.699200000613928 ], [ 959788.607800000347197, 1942467.109400000423193 ], [ 959784.544300000183284, 1942463.85050000064075 ], [ 959752.146399999968708, 1942433.766000000759959 ], [ 959750.630699999630451, 1942432.022700000554323 ], [ 959716.9046, 1942390.442299999296665 ], [ 959715.388299999758601, 1942388.21309999935329 ], [ 959697.039900000207126, 1942360.897199999541044 ], [ 959692.238400000147521, 1942353.7489 ], [ 959688.422500000335276, 1942347.850700000301003 ], [ 959669.463399999774992, 1942317.219900000840425 ], [ 959668.117899999953806, 1942315.099199999123812 ], [ 959609.730499999597669, 1942237.365199999883771 ], [ 959607.317599999718368, 1942234.127000000327826 ], [ 959568.619900000281632, 1942180.5504 ], [ 959567.160500000230968, 1942178.438799999654293 ], [ 959537.118400000035763, 1942133.564400000497699 ], [ 959511.361100000329316, 1942096.953700000420213 ], [ 959486.780799999833107, 1942055.550599999725819 ], [ 959471.354199999943376, 1942029.28830000013113 ], [ 959447.046900000423193, 1941987.018300000578165 ], [ 959445.949000000022352, 1941985.0811 ], [ 959419.589200000278652, 1941938.034099999815226 ], [ 959417.755300000309944, 1941935.483300000429153 ], [ 959379.575600000098348, 1941884.190899999812245 ], [ 959346.46100000012666, 1941846.53999999910593 ], [ 959341.697900000028312, 1941841.788499999791384 ], [ 959318.952100000344217, 1941822.149800000712276 ], [ 959315.527499999850988, 1941819.8805 ], [ 959299.650700000114739, 1941810.893899999558926 ], [ 959298.768099999986589, 1941810.31870000064373 ], [ 959275.440499999560416, 1941793.152000000700355 ], [ 959273.45920000039041, 1941791.9276 ], [ 959226.509300000034273, 1941763.667400000616908 ], [ 959183.144299999810755, 1941738.625800000503659 ], [ 959159.60259999986738, 1941713.185000000521541 ], [ 959148.518099999986589, 1941699.728800000622869 ], [ 959145.873200000263751, 1941696.436799999326468 ] ] ] ] } },
{ "type": "Feature", "properties": { "OBJECTID": 18, "CODE2": 0.0, "INDEXPAGE1": null, "LEVEL1": null, "NAME2": null, "RIVLEN1": 0.0, "UID1": 0.0, "INDEXPAGE2": ",43,59", "LEVEL2": ",43,2", "RIVLEN2": 4.8, "RIV_CD_1": 1025320.0, "RIV_NAM_1": ",43,õ", "UID2": 542.0, "CODE1": 0.0, "INDEXPAGE": null, "LEVEL": null, "NAME1": null, "RIVLEN": 0.0, "UID": 0.0, "Shape_Leng": 9594.1985603699995, "Shape_Area": 37502.014291799998 }, "geometry": { "type": "MultiPolygon", "coordinates": [ [ [ [ 954559.236100000329316, 1944615.142799999564886 ], [ 954557.260499999858439, 1944615.449799999594688 ], [ 954564.075899999588728, 1944659.331000000238419 ], [ 954534.060700000263751, 1944684.5965 ], [ 954522.268699999898672, 1944691.260700000450015 ], [ 954524.613599999807775, 1944686.912699999287724 ], [ 954520.957499999552965, 1944680.107899999246001 ], [ 954515.150399999693036, 1944677.380999999120831 ], [ 954511.063699999824166, 1944676.231200000271201 ], [ 954501.996100000105798, 1944674.098400000482798 ], [ 954497.855100000277162, 1944673.424499999731779 ], [ 954489.622700000181794, 1944672.885800000280142 ], [ 954485.947399999946356, 1944672.809100000187755 ], [ 954480.285899999551475, 1944672.78690000064671 ], [ 954478.286899999715388, 1944673.170299999415874 ], [ 954474.276300000026822, 1944673.978399999439716 ], [ 954466.563699999824166, 1944675.532600000500679 ], [ 954464.229700000025332, 1944676.20409999974072 ], [ 954427.358599999919534, 1944700.900499999523163 ], [ 954425.475999999791384, 1944702.2027000002563 ], [ 954280.294999999925494, 1944805.8278 ], [ 954205.092899999581277, 1944858.548599999397993 ], [ 954198.487499999813735, 1944863.548900000751019 ], [ 954152.084699999541044, 1944901.346400000154972 ], [ 954147.208100000396371, 1944917.7895 ], [ 954146.536100000143051, 1944920.055299999192357 ], [ 954145.556699999608099, 1944922.110600000247359 ], [ 954131.948099999688566, 1944939.272900000214577 ], [ 954128.451999999582767, 1944945.164100000634789 ], [ 954127.926699999719858, 1944948.3608 ], [ 954118.088200000114739, 1944948.65059999935329 ], [ 954105.339100000448525, 1944949.345100000500679 ], [ 954090.642300000414252, 1944950.386499999091029 ], [ 954076.355499999597669, 1944951.399000000208616 ], [ 954050.30530000012368, 1944953.52140000090003 ], [ 954040.790599999949336, 1944955.347699999809265 ], [ 954023.39130000025034, 1944966.855799999088049 ], [ 954005.732300000265241, 1944978.107200000435114 ], [ 954001.59499999973923, 1944982.106599999591708 ], [ 953989.910799999721348, 1944994.9276 ], [ 953977.775799999944866, 1945020.226299999281764 ], [ 953959.347099999897182, 1945065.022099999710917 ], [ 953960.424100000411272, 1945064.86849999986589 ], [ 953998.172100000083447, 1945068.49100000038743 ], [ 953999.196899999864399, 1945068.738900000229478 ], [ 954012.407399999909103, 1945038.924000000581145 ], [ 954029.507500000298023, 1945000.116699999198318 ], [ 954032.21239999961108, 1944993.877599999308586 ], [ 954050.496799999848008, 1944955.511600000783801 ], [ 954076.507100000046194, 1944953.3926 ], [ 954089.775200000032783, 1944952.452299999073148 ], [ 954105.464200000278652, 1944951.340399999171495 ], [ 954118.17200000025332, 1944950.648199999704957 ], [ 954127.985600000247359, 1944950.359200000762939 ], [ 954133.348500000312924, 1944953.372300000861287 ], [ 954140.540699999779463, 1944954.841199999675155 ], [ 954157.461500000208616, 1944955.004499999806285 ], [ 954164.409900000318885, 1944954.696699999272823 ], [ 954167.837500000372529, 1944953.5066 ], [ 954233.311200000345707, 1944908.53999999910593 ], [ 954235.046799999661744, 1944907.437100000679493 ], [ 954289.153599999845028, 1944875.238399999216199 ], [ 954291.059700000099838, 1944873.960100000724196 ], [ 954371.169700000435114, 1944813.926200000569224 ], [ 954373.750599999912083, 1944811.963700000196695 ], [ 954452.986499999649823, 1944748.31900000013411 ], [ 954457.000099999830127, 1944745.1195 ], [ 954491.2204, 1944718.321000000461936 ], [ 954511.152700000442564, 1944703.31870000064373 ], [ 954520.235500000417233, 1944695.030300000682473 ], [ 954535.348100000061095, 1944686.126000000163913 ], [ 954565.932099999859929, 1944660.381699999794364 ], [ 954589.441899999976158, 1944618.657299999147654 ], [ 954618.847500000149012, 1944583.547499999403954 ], [ 954653.592000000178814, 1944554.375900000333786 ], [ 954692.985000000335276, 1944530.71169999986887 ], [ 954736.331199999898672, 1944512.129599999636412 ], [ 954782.930200000293553, 1944498.206599999219179 ], [ 954832.078200000338256, 1944488.518300000578165 ], [ 954883.069600000046194, 1944482.6392 ], [ 954935.198300000280142, 1944480.1418999992311 ], [ 954987.747700000181794, 1944480.598300000652671 ], [ 955091.35010000038892, 1944488.6568 ], [ 955188.202200000174344, 1944503.376800000667572 ], [ 955232.325899999588728, 1944512.1579 ], [ 955272.644999999552965, 1944521.313100000843406 ], [ 955315.78249999973923, 1944533.369100000709295 ], [ 955358.220300000160933, 1944548.32740000076592 ], [ 955441.4375, 1944585.564300000667572 ], [ 955522.926900000311434, 1944630.159499999135733 ], [ 955603.365699999965727, 1944679.2664 ], [ 955763.720499999821186, 1944779.570800000801682 ], [ 955844.977699999697506, 1944825.054300000891089 ], [ 955927.800699999555945, 1944863.586400000378489 ], [ 956222.951700000092387, 1944992.398900000378489 ], [ 956370.781000000424683, 1945053.73369999974966 ], [ 956445.575699999928474, 1945081.129100000485778 ], [ 956521.2352, 1945105.376700000837445 ], [ 956565.508600000292063, 1945118.445299999788404 ], [ 956606.718100000172853, 1945129.699500000104308 ], [ 956645.686499999836087, 1945137.931900000199676 ], [ 956683.217000000178814, 1945141.9232 ], [ 956720.101999999955297, 1945140.448000000789762 ], [ 956757.11699999962002, 1945132.283800000324845 ], [ 956795.0307, 1945116.22440000064671 ], [ 956834.611100000329316, 1945091.085100000724196 ], [ 956876.474299999885261, 1945057.850700000301003 ], [ 956916.307699999772012, 1945022.238099999725819 ], [ 956992.033400000073016, 1944946.466199999675155 ], [ 957066.117600000463426, 1944868.896500000730157 ], [ 957142.872499999590218, 1944794.654200000688434 ], [ 957184.279199999757111, 1944753.9517 ], [ 957223.067099999636412, 1944709.573999999091029 ], [ 957297.124499999918044, 1944615.52140000090003 ], [ 957373.964599999599159, 1944523.655899999663234 ], [ 957416.176300000399351, 1944482.059699999168515 ], [ 957462.421500000171363, 1944445.181600000709295 ], [ 957491.262699999846518, 1944426.940300000831485 ], [ 957522.155100000090897, 1944411.030300000682473 ], [ 957589.064799999818206, 1944386.082299999892712 ], [ 957660.85149999987334, 1944370.198699999600649 ], [ 957735.295099999755621, 1944363.202099999412894 ], [ 957810.153800000436604, 1944364.918500000610948 ], [ 957883.184899999760091, 1944375.17090000025928 ], [ 957952.146300000138581, 1944393.778400000184774 ], [ 958014.872999999672174, 1944420.588700000196695 ], [ 958015.658800000324845, 1944418.750399999320507 ], [ 957952.802799999713898, 1944391.884800000116229 ], [ 957883.585900000296533, 1944373.2083 ], [ 957810.316200000233948, 1944362.922499999403954 ], [ 957735.224299999885261, 1944361.2007 ], [ 957660.54079999960959, 1944368.219900000840425 ], [ 957588.496899999678135, 1944384.160399999469519 ], [ 957521.3454, 1944409.198599999770522 ], [ 957490.268799999728799, 1944425.203400000929832 ], [ 957461.260499999858439, 1944443.550300000235438 ], [ 957414.847799999639392, 1944480.562000000849366 ], [ 957372.49280000012368, 1944522.2994 ], [ 957295.571999999694526, 1944614.261399999260902 ], [ 957221.528099999763072, 1944708.296900000423193 ], [ 957182.823800000362098, 1944752.579 ], [ 957141.476800000295043, 1944793.222799999639392 ], [ 957064.699099999852479, 1944867.486999999731779 ], [ 956990.60329999960959, 1944945.06900000013411 ], [ 956914.933299999684095, 1945020.7851 ], [ 956875.185399999842048, 1945056.3213 ], [ 956833.450400000438094, 1945089.4539 ], [ 956794.098600000143051, 1945114.448100000619888 ], [ 956756.506599999964237, 1945130.371200000867248 ], [ 956719.844700000248849, 1945138.457499999552965 ], [ 956683.283200000412762, 1945139.919800000265241 ], [ 956645.999699999578297, 1945135.954700000584126 ], [ 956607.188500000163913, 1945127.7555 ], [ 956566.05489999987185, 1945116.522099999710917 ], [ 956521.823300000280142, 1945103.465800000354648 ], [ 956446.224799999967217, 1945079.237800000235438 ], [ 956371.508200000040233, 1945051.870899999514222 ], [ 956223.734699999913573, 1944990.559399999678135 ], [ 955928.622399999760091, 1944861.763599999248981 ], [ 955845.888899999670684, 1944823.273199999704957 ], [ 955764.739500000141561, 1944777.850099999457598 ], [ 955604.416699999943376, 1944677.565700000151992 ], [ 955523.928199999965727, 1944628.42850000038743 ], [ 955442.326999999582767, 1944583.772099999710917 ], [ 955358.962100000120699, 1944546.469000000506639 ], [ 955316.384499999694526, 1944531.461500000208616 ], [ 955273.135700000450015, 1944519.374399999156594 ], [ 955232.74239999987185, 1944510.202299999073148 ], [ 955188.5477, 1944501.407199999317527 ], [ 955091.578099999576807, 1944486.669199999421835 ], [ 954987.833999999798834, 1944478.5998 ], [ 954935.159099999815226, 1944478.142400000244379 ], [ 954882.907200000248849, 1944480.645500000566244 ], [ 954831.769899999722838, 1944486.541400000452995 ], [ 954782.449599999934435, 1944496.263699999079108 ], [ 954735.648900000378489, 1944510.246999999508262 ], [ 954692.072200000286102, 1944528.927799999713898 ], [ 954652.427400000393391, 1944552.7434 ], [ 954617.427600000053644, 1944582.129300000146031 ], [ 954587.790699999779463, 1944617.515100000426173 ], [ 954565.695199999958277, 1944656.729599999263883 ], [ 954559.236100000329316, 1944615.142799999564886 ] ] ] ] } },
{ "type": "Feature", "properties": { "OBJECTID": 19, "CODE2": 0.0, "INDEXPAGE1": null, "LEVEL1": null, "NAME2": null, "RIVLEN1": 0.0, "UID1": 0.0, "INDEXPAGE2": ",43,59", "LEVEL2": ",43,2", "RIVLEN2": 5.46, "RIV_CD_1": 1025560.0, "RIV_NAM_1": ",43,õ", "UID2": 541.0, "CODE1": 0.0, "INDEXPAGE": null, "LEVEL": null, "NAME1": null, "RIVLEN": 0.0, "UID": 0.0, "Shape_Leng": 10864.333107099999, "Shape_Area": 10854.8849928 }, "geometry": { "type": "MultiPolygon", "coordinates": [ [ [ [ 946409.76630000025034, 1945567.503900000825524 ], [ 946408.729000000283122, 1945570.641000000759959 ], [ 946415.969200000166893, 1945565.67090000025928 ], [ 946432.402499999850988, 1945554.145099999383092 ], [ 946454.534500000067055, 1945538.261900000274181 ], [ 946481.862200000323355, 1945518.16609999909997 ], [ 946513.882799999788404, 1945494.002599999308586 ], [ 946550.093399999663234, 1945465.915999999269843 ], [ 946589.99100000038743, 1945434.051200000569224 ], [ 946633.072800000198185, 1945398.552799999713898 ], [ 946678.835900000296533, 1945359.565700000151992 ], [ 946726.777499999850988, 1945317.234400000423193 ], [ 946776.394500000402331, 1945271.703700000420213 ], [ 946827.184299999848008, 1945223.118300000205636 ], [ 946878.64879999961704, 1945171.618000000715256 ], [ 946981.551300000399351, 1945060.490499999374151 ], [ 947030.844899999909103, 1945004.327600000426173 ], [ 947077.214999999850988, 1944952.094799999147654 ], [ 947121.250099999830127, 1944903.754100000485778 ], [ 947163.530100000090897, 1944859.277200000360608 ], [ 947204.634600000455976, 1944818.635500000789762 ], [ 947245.143199999816716, 1944781.799900000914931 ], [ 947285.635499999858439, 1944748.740399999544024 ], [ 947326.691899999976158, 1944719.425799999386072 ], [ 947368.894100000150502, 1944693.8246 ], [ 947412.824900000356138, 1944671.90430000051856 ], [ 947459.06900000013411, 1944653.633199999108911 ], [ 947508.211600000038743, 1944638.980699999257922 ], [ 947560.837700000032783, 1944627.917700000107288 ], [ 947617.531600000336766, 1944620.415999999269843 ], [ 947678.875900000333786, 1944616.4485 ], [ 947745.474999999627471, 1944615.987700000405312 ], [ 947811.308400000445545, 1944615.705299999564886 ], [ 947870.335400000214577, 1944612.550699999555945 ], [ 947923.153500000014901, 1944606.920700000599027 ], [ 947970.38329999987036, 1944599.21199999935925 ], [ 948012.644500000402331, 1944589.821900000795722 ], [ 948050.556400000117719, 1944579.14809999987483 ], [ 948084.737900000065565, 1944567.589500000700355 ], [ 948115.810700000263751, 1944555.544099999591708 ], [ 948171.073699999600649, 1944531.6042 ], [ 948221.325899999588728, 1944510.508400000631809 ], [ 948271.549999999813735, 1944495.416400000452995 ], [ 948298.169700000435114, 1944491.111700000241399 ], [ 948326.673999999649823, 1944489.48369999974966 ], [ 948384.982900000177324, 1944492.440899999812245 ], [ 948441.597400000318885, 1944500.154999999329448 ], [ 948552.599899999797344, 1944519.12529999949038 ], [ 948608.418300000019372, 1944525.001700000837445 ], [ 948665.383799999952316, 1944524.872300000861287 ], [ 948724.171500000171363, 1944516.037399999797344 ], [ 948752.529699999839067, 1944508.058800000697374 ], [ 948754.502299999818206, 1944507.503900000825524 ], [ 948785.488900000229478, 1944495.8048 ], [ 948819.496399999596179, 1944483.163200000301003 ], [ 948858.557699999772012, 1944472.074999999254942 ], [ 948902.210400000214577, 1944462.660000000149012 ], [ 948949.947800000198185, 1944455.0526 ], [ 949001.264600000344217, 1944449.386099999770522 ], [ 949055.65610000025481, 1944445.792899999767542 ], [ 949112.617700000293553, 1944444.4054000005126 ], [ 949171.635400000028312, 1944445.355200000107288 ], [ 949293.895899999886751, 1944454.796599999070168 ], [ 949356.090599999763072, 1944463.5482 ], [ 949418.347199999727309, 1944475.165100000798702 ], [ 949480.151899999938905, 1944489.777300000190735 ], [ 949541.001299999654293, 1944507.515699999406934 ], [ 949600.392099999822676, 1944528.511299999430776 ], [ 949657.815200000070035, 1944552.892200000584126 ], [ 949712.553299999795854, 1944581.531600000336766 ], [ 949764.260200000368059, 1944614.560699999332428 ], [ 949812.976099999621511, 1944650.992000000551343 ], [ 949858.732599999755621, 1944689.832499999552965 ], [ 949901.56180000025779, 1944730.088700000196695 ], [ 949941.495799999684095, 1944770.766699999570847 ], [ 949978.567300000227988, 1944810.872700000181794 ], [ 950012.809999999590218, 1944849.413200000301003 ], [ 950044.258100000210106, 1944885.395400000736117 ], [ 950072.947800000198185, 1944917.827500000596046 ], [ 950098.918899999931455, 1944945.720599999651313 ], [ 950122.21999999973923, 1944968.089999999850988 ], [ 950142.925200000405312, 1944983.957299999892712 ], [ 950161.171799999661744, 1944992.323799999430776 ], [ 950177.064500000327826, 1944992.001199999824166 ], [ 950190.162100000306964, 1944981.904200000688434 ], [ 950202.896999999880791, 1944967.841099999845028 ], [ 950217.90639999974519, 1944955.519400000572205 ], [ 950254.947499999776483, 1944934.75620000064373 ], [ 950300.71860000025481, 1944917.832599999383092 ], [ 950354.613800000399351, 1944903.010199999436736 ], [ 950415.989299999549985, 1944888.551000000908971 ], [ 950484.205000000074506, 1944872.707599999383092 ], [ 950558.624699999578297, 1944853.728900000452995 ], [ 950638.606999999843538, 1944829.864399999380112 ], [ 950718.933299999684095, 1944802.3629 ], [ 950794.198300000280142, 1944772.811699999496341 ], [ 950863.475899999961257, 1944739.969100000336766 ], [ 950925.829599999822676, 1944702.593000000342727 ], [ 950980.300699999555945, 1944659.4539 ], [ 951004.31209999974817, 1944635.309800000861287 ], [ 951025.987300000153482, 1944609.270099999383092 ], [ 951045.219399999827147, 1944581.168600000441074 ], [ 951061.888899999670684, 1944550.852900000289083 ], [ 951075.876799999736249, 1944518.171700000762939 ], [ 951087.051199999637902, 1944483.018500000238419 ], [ 951085.145800000056624, 1944482.412799999117851 ], [ 951074.00069999974221, 1944517.473899999633431 ], [ 951060.089599999599159, 1944549.97580000013113 ], [ 951043.514399999752641, 1944580.119899999350309 ], [ 951024.390599999576807, 1944608.063500000163913 ], [ 951002.832200000062585, 1944633.962899999693036 ], [ 950978.966799999587238, 1944657.96030000038445 ], [ 950924.690299999900162, 1944700.94510000012815 ], [ 950862.53139999974519, 1944738.204199999570847 ], [ 950793.403900000266731, 1944770.97580000013113 ], [ 950718.243800000287592, 1944800.4858 ], [ 950637.997200000099838, 1944827.960200000554323 ], [ 950558.091699999757111, 1944851.801599999889731 ], [ 950483.731800000183284, 1944870.765000000596046 ], [ 950415.533900000154972, 1944886.604299999773502 ], [ 950354.119300000369549, 1944901.072699999436736 ], [ 950300.105700000189245, 1944915.927699999883771 ], [ 950254.106900000013411, 1944932.935499999672174 ], [ 950216.774600000120699, 1944953.8619 ], [ 950201.514200000092387, 1944966.389699999243021 ], [ 950188.800099999643862, 1944980.4298 ], [ 950176.365500000305474, 1944990.015699999406934 ], [ 950161.588999999687076, 1944990.315700000151992 ], [ 950143.962799999862909, 1944982.23369999974966 ], [ 950123.524299999698997, 1944966.570800000801682 ], [ 950100.343799999915063, 1944944.317199999466538 ], [ 950074.428299999795854, 1944916.483899999409914 ], [ 950045.759499999694526, 1944884.075200000777841 ], [ 950014.309899999760091, 1944848.091399999335408 ], [ 949980.048899999819696, 1944809.530099999159575 ], [ 949942.943500000052154, 1944769.387599999085069 ], [ 949902.96030000038445, 1944728.659399999305606 ], [ 949860.065000000409782, 1944688.341099999845028 ], [ 949814.222799999639392, 1944649.427899999544024 ], [ 949765.39850000012666, 1944612.915500000119209 ], [ 949713.556800000369549, 1944579.800100000575185 ], [ 949658.670699999667704, 1944551.083399999886751 ], [ 949601.11670000012964, 1944526.646999999880791 ], [ 949541.614699999801815, 1944505.612099999561906 ], [ 949480.661899999715388, 1944487.843499999493361 ], [ 949418.760700000450015, 1944473.208499999716878 ], [ 949356.413399999961257, 1944461.574699999764562 ], [ 949294.112399999983609, 1944452.808199999853969 ], [ 949171.728500000201166, 1944443.357200000435114 ], [ 949112.60950000025332, 1944442.4057 ], [ 949055.565799999982119, 1944443.795299999415874 ], [ 949001.088999999687076, 1944447.393999999389052 ], [ 948949.680700000375509, 1944453.070699999108911 ], [ 948901.8421, 1944460.694199999794364 ], [ 948858.073499999940395, 1944470.13429999910295 ], [ 948818.874200000427663, 1944481.261700000613928 ], [ 948784.787499999627471, 1944493.932600000873208 ], [ 948753.877299999818206, 1944505.602800000458956 ], [ 948752.238800000399351, 1944506.063799999654293 ], [ 948723.750599999912083, 1944514.0789 ], [ 948665.232200000435114, 1944522.873400000855327 ], [ 948608.520899999886751, 1944523.002299999818206 ], [ 948552.873200000263751, 1944517.143899999558926 ], [ 948441.900799999944866, 1944498.178600000217557 ], [ 948385.168899999931455, 1944490.4485 ], [ 948326.667500000447035, 1944487.481599999591708 ], [ 948297.952600000426173, 1944489.1217 ], [ 948271.100899999961257, 1944493.4638 ], [ 948220.649400000460446, 1944508.624099999666214 ], [ 948170.289300000295043, 1944529.7652000002563 ], [ 948115.051699999719858, 1944553.6941 ], [ 948084.056099999696016, 1944565.709599999710917 ], [ 948049.964999999850988, 1944577.237700000405312 ], [ 948012.15639999974519, 1944587.88230000063777 ], [ 947970.005099999718368, 1944597.247999999672174 ], [ 947922.886300000362098, 1944604.9386 ], [ 947870.175999999977648, 1944610.557099999859929 ], [ 947811.25069999974221, 1944613.706199999898672 ], [ 947745.465200000442564, 1944613.988500000908971 ], [ 947678.804399999789894, 1944614.449699999764562 ], [ 947617.335699999704957, 1944618.425300000235438 ], [ 947560.50040000025183, 1944625.945499999448657 ], [ 947507.719399999827147, 1944637.041200000792742 ], [ 947458.414800000376999, 1944651.74210000038147 ], [ 947412.009800000116229, 1944670.0768 ], [ 947367.927600000053644, 1944692.072499999776483 ], [ 947325.591099999845028, 1944717.755400000140071 ], [ 947284.42119999974966, 1944747.150800000876188 ], [ 947243.837600000202656, 1944780.284900000318885 ], [ 947203.25870000012219, 1944817.184499999508262 ], [ 947162.102500000037253, 1944857.877299999818206 ], [ 947119.786500000394881, 1944902.392000000923872 ], [ 947075.728400000371039, 1944950.757999999448657 ], [ 947029.346099999733269, 1945003.004599999636412 ], [ 946980.066300000064075, 1945059.151799999177456 ], [ 946877.207600000314415, 1945170.231699999421835 ], [ 946825.786100000143051, 1945221.689200000837445 ], [ 946775.027599999681115, 1945270.244699999690056 ], [ 946725.439899999648333, 1945315.748500000685453 ], [ 946677.525899999774992, 1945358.05519999936223 ], [ 946631.78870000038296, 1945397.020300000905991 ], [ 946588.731499999761581, 1945432.498500000685453 ], [ 946548.856800000183284, 1945464.345000000670552 ], [ 946512.667999999597669, 1945492.41469999961555 ], [ 946480.667799999937415, 1945516.56279999949038 ], [ 946453.359400000423193, 1945536.644400000572205 ], [ 946431.245600000023842, 1945552.514499999582767 ], [ 946414.829400000162423, 1945564.028300000354648 ], [ 946409.76630000025034, 1945567.503900000825524 ] ] ] ] } },
{ "type": "Feature", "properties": { "OBJECTID": 20, "CODE2": 0.0, "INDEXPAGE1": null, "LEVEL1": null, "NAME2": null, "RIVLEN1": 0.0, "UID1": 0.0, "INDEXPAGE2": ",43,59", "LEVEL2": ",43,2", "RIVLEN2": 11.0, "RIV_CD_1": 1025540.0, "RIV_NAM_1": ",43,õ", "UID2": 537.0, "CODE1": 0.0, "INDEXPAGE": null, "LEVEL": null, "NAME1": null, "RIVLEN": 0.0, "UID": 0.0, "Shape_Leng": 22399.7992481, "Shape_Area": 119260.198646 }, "geometry": { "type": "MultiPolygon", "coordinates": [ [ [ [ 946408.729000000283122, 1945570.641000000759959 ], [ 946409.76630000025034, 1945567.503900000825524 ], [ 946416.353799999691546, 1945547.583799999207258 ], [ 946429.425099999643862, 1945499.059900000691414 ], [ 946433.550699999555945, 1945439.063500000163913 ], [ 946435.344200000166893, 1945348.291600000113249 ], [ 946436.287800000049174, 1945256.493899999186397 ], [ 946436.334300000220537, 1945251.969399999827147 ], [ 946436.572499999776483, 1945228.801100000739098 ], [ 946426.527300000190735, 1945229.176300000399351 ], [ 946393.660899999551475, 1945230.403999999165535 ], [ 946392.176900000311434, 1945217.312599999830127 ], [ 946356.356300000101328, 1944901.318600000813603 ], [ 946358.788399999961257, 1944824.771199999377131 ], [ 946376.793800000101328, 1944694.82740000076592 ], [ 946378.445700000040233, 1944682.9054000005126 ], [ 946378.760499999858439, 1944615.411299999803305 ], [ 946391.761599999852479, 1944546.186899999156594 ], [ 946422.015300000086427, 1944327.615900000557303 ], [ 946452.175200000405312, 1944161.848200000822544 ], [ 946536.411500000394881, 1943838.54590000025928 ], [ 946570.083999999798834, 1943726.5768 ], [ 946599.164900000207126, 1943629.876199999824166 ], [ 946600.57120000012219, 1943625.199500000104308 ], [ 946607.5773, 1943603.6601 ], [ 946641.118599999696016, 1943500.541899999603629 ], [ 946668.974999999627471, 1943434.719799999147654 ], [ 946676.793300000019372, 1943416.245799999684095 ], [ 946714.137299999594688, 1943350.904699999839067 ], [ 946767.277400000020862, 1943286.493599999696016 ], [ 946773.848799999803305, 1943278.528400000184774 ], [ 946842.263000000268221, 1943210.945599999278784 ], [ 946852.449500000104308, 1943200.882999999448657 ], [ 946929.354100000113249, 1943140.482899999246001 ], [ 947001.17090000025928, 1943100.6097999997437 ], [ 947148.677799999713898, 1943046.609099999070168 ], [ 947199.073499999940395, 1943031.71309999935329 ], [ 947200.397199999541044, 1943031.321900000795722 ], [ 947232.581899999640882, 1943021.808599999174476 ], [ 947253.043200000189245, 1943015.760600000619888 ], [ 947350.872100000269711, 1943011.012800000607967 ], [ 947396.900100000202656, 1943011.2347 ], [ 947444.498499999754131, 1943015.374199999496341 ], [ 947530.054399999789894, 1943027.2686 ], [ 947634.524299999698997, 1943050.350299999117851 ], [ 947758.291899999603629, 1943088.775699999183416 ], [ 947820.582299999892712, 1943116.496899999678135 ], [ 947851.483500000089407, 1943131.744100000709295 ], [ 947868.852699999697506, 1943140.314400000497699 ], [ 947918.566800000146031, 1943163.581900000572205 ], [ 947985.136300000362098, 1943199.519799999892712 ], [ 948035.017799999564886, 1943225.136800000444055 ], [ 948060.723699999973178, 1943241.982300000265241 ], [ 948085.299499999731779, 1943258.087200000882149 ], [ 948120.22719999961555, 1943279.0307 ], [ 948154.552699999883771, 1943303.33500000089407 ], [ 948186.945700000040233, 1943323.620300000533462 ], [ 948219.190600000321865, 1943345.19789999909699 ], [ 948266.112099999561906, 1943387.464199999347329 ], [ 948320.410400000400841, 1943427.806199999526143 ], [ 948347.658200000412762, 1943451.9671 ], [ 948373.270399999804795, 1943469.653699999675155 ], [ 948402.225499999709427, 1943484.53319999948144 ], [ 948437.128299999982119, 1943503.752299999818206 ], [ 948471.164200000464916, 1943516.785399999469519 ], [ 948502.780399999581277, 1943526.802699999883771 ], [ 948535.548499999567866, 1943529.977399999275804 ], [ 948569.372899999842048, 1943529.798800000920892 ], [ 948621.995299999602139, 1943525.086400000378489 ], [ 948626.968500000424683, 1943523.97580000013113 ], [ 948662.699199999682605, 1943515.7917 ], [ 948696.449900000356138, 1943505.518500000238419 ], [ 948736.874699999578297, 1943489.52559999935329 ], [ 948781.832999999634922, 1943469.034099999815226 ], [ 948813.261500000022352, 1943445.189300000667572 ], [ 948847.9682, 1943418.0152000002563 ], [ 948889.430800000205636, 1943380.690600000321865 ], [ 948923.026200000196695, 1943341.1699 ], [ 948979.916699999943376, 1943261.074999999254942 ], [ 949018.386199999600649, 1943208.941199999302626 ], [ 949049.565999999642372, 1943165.79759999923408 ], [ 949067.2352, 1943136.905200000852346 ], [ 949101.967600000090897, 1943081.7325 ], [ 949132.887299999594688, 1943047.991900000721216 ], [ 949169.135800000280142, 1943015.824500000104308 ], [ 949247.112800000235438, 1942942.472400000318885 ], [ 949285.086099999956787, 1942904.329500000923872 ], [ 949308.368300000205636, 1942862.286599999293685 ], [ 949327.5477, 1942845.474099999293685 ], [ 949369.696600000374019, 1942805.682 ], [ 949418.621299999766052, 1942757.718000000342727 ], [ 949471.460400000214577, 1942707.615399999544024 ], [ 949504.486200000159442, 1942671.642400000244379 ], [ 949518.606200000271201, 1942645.609999999403954 ], [ 949548.862700000405312, 1942613.474199999123812 ], [ 949563.831500000320375, 1942591.64750000089407 ], [ 949572.678899999707937, 1942574.7346 ], [ 949589.785600000061095, 1942546.930099999532104 ], [ 949613.699400000274181, 1942516.894099999219179 ], [ 949629.790000000037253, 1942492.323599999770522 ], [ 949656.206699999980628, 1942456.927899999544024 ], [ 949692.587000000290573, 1942410.554099999368191 ], [ 949737.797600000165403, 1942353.82799999974668 ], [ 949770.229399999603629, 1942322.765599999576807 ], [ 949787.66440000012517, 1942298.420399999246001 ], [ 949817.381400000303984, 1942271.737500000745058 ], [ 949842.125199999660254, 1942252.131999999284744 ], [ 949861.898599999956787, 1942240.198000000789762 ], [ 949890.666400000452995, 1942229.404699999839067 ], [ 949931.834699999541044, 1942209.3509 ], [ 949958.697200000286102, 1942199.70409999974072 ], [ 949999.248599999584258, 1942189.98509999923408 ], [ 950036.827399999834597, 1942184.724199999123812 ], [ 950068.040400000289083, 1942177.224099999293685 ], [ 950104.775399999693036, 1942168.6875 ], [ 950132.759499999694526, 1942156.219499999657273 ], [ 950149.766699999570847, 1942148.691099999472499 ], [ 950177.168499999679625, 1942143.329 ], [ 950199.877899999730289, 1942139.593100000172853 ], [ 950214.712199999950826, 1942131.456199999898672 ], [ 950229.557699999772012, 1942115.622400000691414 ], [ 950239.047899999655783, 1942093.25620000064373 ], [ 950243.509700000286102, 1942067.559000000357628 ], [ 950239.80350000038743, 1942040.6908 ], [ 950226.861700000241399, 1942006.122899999842048 ], [ 950212.829199999570847, 1941970.449999999254942 ], [ 950188.410600000061095, 1941934.212099999189377 ], [ 950184.65500000026077, 1941937.12470000050962 ], [ 950181.185399999842048, 1941940.160000000149012 ], [ 950175.359400000423193, 1941921.24239999987185 ], [ 950161.690499999560416, 1941901.255200000479817 ], [ 950137.620699999853969, 1941864.917899999767542 ], [ 950117.761400000192225, 1941846.823400000110269 ], [ 950084.888600000180304, 1941829.566999999806285 ], [ 950061.669999999925494, 1941821.885700000450015 ], [ 950032.459800000302494, 1941812.868599999696016 ], [ 950003.287499999627471, 1941797.781099999323487 ], [ 949977.550800000317395, 1941783.360600000247359 ], [ 949959.582399999722838, 1941770.364800000563264 ], [ 949931.214399999938905, 1941746.414100000634789 ], [ 949911.641200000420213, 1941719.810100000351667 ], [ 949894.874900000169873, 1941692.604499999433756 ], [ 949890.254999999888241, 1941669.624900000169873 ], [ 949888.402700000442564, 1941640.3596 ], [ 949889.16330000013113, 1941620.180700000375509 ], [ 949894.896599999628961, 1941608.0987 ], [ 949901.723600000143051, 1941594.184599999338388 ], [ 949909.5159, 1941581.196000000461936 ], [ 949925.282399999909103, 1941559.13289999961853 ], [ 949943.084699999541044, 1941547.281700000166893 ], [ 949956.193699999712408, 1941542.982300000265241 ], [ 949979.770999999716878, 1941522.522600000724196 ], [ 949999.254099999554455, 1941507.606599999591708 ], [ 950016.707899999804795, 1941493.676999999210238 ], [ 950056.212000000290573, 1941481.3608 ], [ 950073.719200000166893, 1941472.67200000025332 ], [ 950138.268600000068545, 1941461.890100000426173 ], [ 950197.767099999822676, 1941448.634199999272823 ], [ 950228.856999999843538, 1941442.94789999909699 ], [ 950290.076399999670684, 1941433.101199999451637 ], [ 950331.144799999892712, 1941429.473400000482798 ], [ 950369.107599999755621, 1941421.801599999889731 ], [ 950398.254900000058115, 1941417.112099999561906 ], [ 950425.351300000213087, 1941415.32010000012815 ], [ 950469.32660000026226, 1941414.107100000604987 ], [ 950511.528500000014901, 1941413.88429999910295 ], [ 950531.261699999682605, 1941415.419700000435114 ], [ 950574.3295, 1941429.720899999141693 ], [ 950621.811599999666214, 1941437.2652000002563 ], [ 950667.517300000414252, 1941440.438999999314547 ], [ 950702.602300000376999, 1941440.6425 ], [ 950726.944799999706447, 1941436.8596 ], [ 950755.478600000031292, 1941432.173800000920892 ], [ 950774.123300000093877, 1941425.433599999174476 ], [ 950801.427600000053644, 1941415.782400000840425 ], [ 950824.467000000178814, 1941402.7043999992311 ], [ 950846.956500000320375, 1941386.758099999278784 ], [ 950896.111499999649823, 1941339.382099999114871 ], [ 950959.519600000232458, 1941276.52140000090003 ], [ 950986.205400000326335, 1941251.549200000241399 ], [ 950985.127100000157952, 1941203.862700000405312 ], [ 951037.012199999764562, 1941153.2347999997437 ], [ 951068.51659999974072, 1941116.301400000229478 ], [ 951092.161399999633431, 1941087.959499999880791 ], [ 951131.507299999706447, 1941031.28999999910593 ], [ 951138.015399999916553, 1941006.43610000051558 ], [ 951146.82079999987036, 1940985.621600000187755 ], [ 951159.392099999822676, 1940952.660299999639392 ], [ 951170.680900000035763, 1940930.902599999681115 ], [ 951178.05460000038147, 1940914.308900000527501 ], [ 951190.39809999987483, 1940882.3429000005126 ], [ 951208.356300000101328, 1940834.234300000593066 ], [ 951219.363800000399351, 1940781.712799999862909 ], [ 951228.214499999769032, 1940716.661800000816584 ], [ 951237.651399999856949, 1940674.407800000160933 ], [ 951247.992300000041723, 1940598.196100000292063 ], [ 951261.947900000028312, 1940541.9386 ], [ 951273.69579999987036, 1940475.356100000441074 ], [ 951278.842199999839067, 1940430.612299999222159 ], [ 951279.002199999988079, 1940391.878699999302626 ], [ 951272.657100000418723, 1940379.56110000051558 ], [ 951262.870299999602139, 1940352.384500000625849 ], [ 951244.162999999709427, 1940305.072499999776483 ], [ 951228.818599999882281, 1940271.915100000798702 ], [ 951216.210500000044703, 1940250.876700000837445 ], [ 951206.127399999648333, 1940236.763699999079108 ], [ 951200.238400000147521, 1940218.89780000038445 ], [ 951189.657800000160933, 1940189.595200000330806 ], [ 951182.279500000178814, 1940178.156999999657273 ], [ 951168.74100000038743, 1940166.404200000688434 ], [ 951160.689699999988079, 1940153.480599999427795 ], [ 951155.995500000193715, 1940141.494999999180436 ], [ 951153.681099999696016, 1940128.072100000455976 ], [ 951153.298299999907613, 1940104.311699999496341 ], [ 951151.299399999901652, 1940104.343900000676513 ], [ 951151.684700000099838, 1940128.259099999442697 ], [ 951154.059799999929965, 1940142.034900000318885 ], [ 951158.895499999634922, 1940154.381300000473857 ], [ 951167.203200000338256, 1940167.716700000688434 ], [ 951180.753800000064075, 1940179.480000000447035 ], [ 951187.854600000195205, 1940190.487999999895692 ], [ 951198.348399999551475, 1940219.550300000235438 ], [ 951204.323900000192225, 1940237.67850000038743 ], [ 951214.536999999545515, 1940251.973400000482798 ], [ 951227.048999999649823, 1940272.851500000804663 ], [ 951242.324799999594688, 1940305.860500000417233 ], [ 951260.999800000339746, 1940353.090800000354648 ], [ 951270.820199999958277, 1940380.36089999973774 ], [ 951277.001000000163913, 1940392.35950000025332 ], [ 951276.843399999663234, 1940430.493599999696016 ], [ 951271.716500000096858, 1940475.068 ], [ 951259.99100000038743, 1940541.523700000718236 ], [ 951246.025700000114739, 1940597.819900000467896 ], [ 951235.681699999608099, 1940674.05489999987185 ], [ 951226.244900000281632, 1940716.308599999174476 ], [ 951217.392400000244379, 1940781.372600000351667 ], [ 951206.430499999783933, 1940833.6765 ], [ 951188.529000000096858, 1940881.633199999108911 ], [ 951176.207399999722838, 1940913.542500000447035 ], [ 951168.878499999642372, 1940930.035599999129772 ], [ 951157.564799999818206, 1940951.841 ], [ 951144.965599999763072, 1940984.875700000673532 ], [ 951136.117899999953806, 1941005.790100000798702 ], [ 951129.662999999709427, 1941030.4408 ], [ 951090.569600000046194, 1941086.746600000187755 ], [ 951066.988400000147521, 1941115.012199999764562 ], [ 951035.550499999895692, 1941151.86769999936223 ], [ 950983.10869999974966, 1941203.038899999111891 ], [ 950984.186599999666214, 1941250.700500000268221 ], [ 950958.132500000298023, 1941275.081199999898672 ], [ 950894.713999999687076, 1941337.95240000076592 ], [ 950845.677400000393391, 1941385.214299999177456 ], [ 950823.392599999904633, 1941401.0154 ], [ 950800.594499999657273, 1941413.956399999558926 ], [ 950773.450199999846518, 1941423.550899999216199 ], [ 950754.972500000149012, 1941430.230900000780821 ], [ 950726.629300000146031, 1941434.88539999909699 ], [ 950702.453599999658763, 1941438.642300000414252 ], [ 950667.59250000026077, 1941438.440099999308586 ], [ 950622.037999999709427, 1941435.276900000870228 ], [ 950574.80449999962002, 1941427.772099999710917 ], [ 950531.660099999979138, 1941413.445499999448657 ], [ 950511.60080000013113, 1941411.884700000286102 ], [ 950469.293700000271201, 1941412.1081000007689 ], [ 950425.257699999958277, 1941413.322599999606609 ], [ 950398.029699999839067, 1941415.123400000855327 ], [ 950368.750500000081956, 1941419.834100000560284 ], [ 950330.858, 1941427.491599999368191 ], [ 950289.8295, 1941431.115900000557303 ], [ 950228.518500000238419, 1941440.97749999910593 ], [ 950197.369699999690056, 1941446.6744 ], [ 950137.886199999600649, 1941459.926999999210238 ], [ 950073.096599999815226, 1941470.749099999666214 ], [ 950055.465400000102818, 1941479.499299999326468 ], [ 950015.754300000146031, 1941491.880200000479817 ], [ 949998.02280000038445, 1941506.031400000676513 ], [ 949978.507100000046194, 1941520.972500000149012 ], [ 949955.187699999660254, 1941541.208100000396371 ], [ 949942.203300000168383, 1941545.466700000688434 ], [ 949923.869099999777973, 1941557.67200000025332 ], [ 949907.842799999751151, 1941580.098799999803305 ], [ 949899.965900000184774, 1941593.228199999779463 ], [ 949893.095999999903142, 1941607.229699999094009 ], [ 949887.181099999696016, 1941619.69480000063777 ], [ 949886.401100000366569, 1941640.385099999606609 ], [ 949888.268299999646842, 1941669.886299999430776 ], [ 949892.985399999655783, 1941693.349099999293685 ], [ 949909.982200000435114, 1941720.92879999987781 ], [ 949929.744199999608099, 1941747.789200000464916 ], [ 949958.349999999627471, 1941771.9408 ], [ 949976.472699999809265, 1941785.0482 ], [ 950002.339399999938905, 1941799.541500000283122 ], [ 950031.699699999764562, 1941814.726299999281764 ], [ 950061.061099999584258, 1941823.78999999910593 ], [ 950084.104799999855459, 1941831.4134 ], [ 950116.604799999855459, 1941848.474099999293685 ], [ 950136.090900000184774, 1941866.228700000792742 ], [ 950160.031899999827147, 1941902.371600000187755 ], [ 950173.537899999879301, 1941922.120500000193715 ], [ 950179.274699999950826, 1941940.748400000855327 ], [ 950184.535299999639392, 1941953.604100000113249 ], [ 950197.573800000362098, 1941967.3279 ], [ 950210.070600000210106, 1941986.091 ], [ 950216.014299999922514, 1941996.468499999493361 ], [ 950219.214800000190735, 1942015.616499999538064 ], [ 950220.814399999566376, 1942034.85050000064075 ], [ 950221.205199999734759, 1942050.164899999275804 ], [ 950217.302699999883771, 1942064.391200000420213 ], [ 950211.752899999730289, 1942079.711200000718236 ], [ 950205.106599999591708, 1942092.78969999961555 ], [ 950191.953999999910593, 1942106.367499999701977 ], [ 950173.498399999924004, 1942123.305299999192357 ], [ 950153.211099999956787, 1942135.758600000292063 ], [ 950132.903900000266731, 1942144.4408 ], [ 950108.739599999971688, 1942156.346400000154972 ], [ 950085.169099999591708, 1942163.341199999675155 ], [ 950051.694799999706447, 1942173.074500000104308 ], [ 950021.560499999672174, 1942179.432499999180436 ], [ 949989.51549999974668, 1942185.903899999335408 ], [ 949964.322999999858439, 1942188.9814 ], [ 949943.476099999621511, 1942193.275699999183416 ], [ 949925.381400000303984, 1942200.293299999088049 ], [ 949912.20299999974668, 1942208.989700000733137 ], [ 949893.548700000159442, 1942217.637399999424815 ], [ 949877.141699999570847, 1942221.417500000447035 ], [ 949858.719499999657273, 1942225.130899999290705 ], [ 949846.706199999898672, 1942229.456000000238419 ], [ 949826.33600000012666, 1942245.758099999278784 ], [ 949797.175800000317395, 1942270.294399999082088 ], [ 949782.895399999804795, 1942285.5055 ], [ 949760.847299999557436, 1942316.667899999767542 ], [ 949744.046000000089407, 1942333.855200000107288 ], [ 949718.625599999912083, 1942362.2719 ], [ 949699.94620000012219, 1942385.719699999317527 ], [ 949678.973699999973178, 1942415.145999999716878 ], [ 949659.103099999949336, 1942438.0318 ], [ 949642.068199999630451, 1942459.869599999859929 ], [ 949621.462700000032783, 1942480.53800000064075 ], [ 949607.033800000324845, 1942506.778599999845028 ], [ 949582.302199999801815, 1942538.44620000012219 ], [ 949569.6261, 1942554.216900000348687 ], [ 949555.750900000333786, 1942577.690999999642372 ], [ 949531.504200000315905, 1942613.152699999511242 ], [ 949511.381000000052154, 1942637.12470000050962 ], [ 949492.624499999918044, 1942665.531999999657273 ], [ 949471.158300000242889, 1942689.511 ], [ 949447.510800000280142, 1942711.2804000005126 ], [ 949378.74959999974817, 1942768.983200000599027 ], [ 949292.629200000315905, 1942855.60249999910593 ], [ 949262.846900000236928, 1942899.307 ], [ 949230.667600000277162, 1942939.046599999070168 ], [ 949206.380699999630451, 1942966.889000000432134 ], [ 949170.051400000229478, 1943003.344399999827147 ], [ 949131.018799999728799, 1943036.533800000324845 ], [ 949102.673799999989569, 1943068.711100000888109 ], [ 949074.583999999798834, 1943100.318800000473857 ], [ 949061.354700000025332, 1943118.933700000867248 ], [ 949040.425099999643862, 1943146.6809 ], [ 949023.832299999892712, 1943173.992000000551343 ], [ 949007.520999999716878, 1943205.692500000819564 ], [ 948978.286700000055134, 1943259.917400000616908 ], [ 948921.446600000374019, 1943339.941299999132752 ], [ 948887.993999999947846, 1943379.293999999761581 ], [ 948846.681599999777973, 1943416.48340000025928 ], [ 948812.040900000371039, 1943443.605900000780821 ], [ 948780.801699999719858, 1943467.307 ], [ 948736.091900000348687, 1943487.685200000181794 ], [ 948695.790000000037253, 1943503.629599999636412 ], [ 948662.184299999848008, 1943513.8586 ], [ 948621.885999999940395, 1943523.088899999856949 ], [ 948569.278199999593198, 1943527.800100000575185 ], [ 948535.639899999834597, 1943527.977700000628829 ], [ 948503.183100000023842, 1943524.833100000396371 ], [ 948471.775000000372529, 1943514.881699999794364 ], [ 948437.804999999701977, 1943501.753900000825524 ], [ 948417.654799999669194, 1943481.455600000917912 ], [ 948400.199000000022352, 1943472.5077 ], [ 948374.033300000242889, 1943457.613500000908971 ], [ 948335.339700000360608, 1943427.856499999761581 ], [ 948293.291199999861419, 1943398.6338 ], [ 948250.81180000025779, 1943366.055500000715256 ], [ 948219.68709999974817, 1943341.398499999195337 ], [ 948193.660500000230968, 1943323.481599999591708 ], [ 948168.229600000195205, 1943300.989900000393391 ], [ 948143.128200000151992, 1943282.215800000354648 ], [ 948127.837199999950826, 1943272.352399999275804 ], [ 948092.375, 1943248.028200000524521 ], [ 948063.482699999585748, 1943225.451500000432134 ], [ 948002.715400000102818, 1943182.896600000560284 ], [ 947961.752199999988079, 1943163.560599999502301 ], [ 947936.628100000321865, 1943150.262199999764562 ], [ 947893.240000000223517, 1943131.45549999922514 ], [ 947852.807400000281632, 1943114.777000000700355 ], [ 947804.173000000417233, 1943100.3114 ], [ 947740.82079999987036, 1943076.935100000351667 ], [ 947716.4545, 1943070.193399999290705 ], [ 947683.168600000441074, 1943056.886499999091029 ], [ 947652.049399999901652, 1943043.051599999889731 ], [ 947619.217000000178814, 1943037.387599999085069 ], [ 947577.643000000156462, 1943029.548599999397993 ], [ 947498.067400000058115, 1943015.4013 ], [ 947464.715699999593198, 1943009.223500000312924 ], [ 947442.280899999663234, 1943006.294199999421835 ], [ 947407.827600000426173, 1943006.708599999547005 ], [ 947349.541699999943376, 1943003.632799999788404 ], [ 947310.651200000196695, 1943005.0779 ], [ 947275.595099999569356, 1943008.723999999463558 ], [ 947252.456000000238419, 1943013.84940000064671 ], [ 947231.429100000299513, 1943020.0647 ], [ 947148.050099999643862, 1943044.709799999371171 ], [ 947000.336900000460446, 1943098.786000000312924 ], [ 946928.244400000199676, 1943138.81220000050962 ], [ 946851.125300000421703, 1943199.380899999290705 ], [ 946833.837799999862909, 1943216.4583 ], [ 946775.212799999862909, 1943274.370699999853969 ], [ 946772.371399999596179, 1943277.1776 ], [ 946712.486399999819696, 1943349.7642 ], [ 946674.998499999754131, 1943415.35700000077486 ], [ 946663.048000000417233, 1943443.594900000840425 ], [ 946639.243900000117719, 1943499.841900000348687 ], [ 946608.911199999973178, 1943593.095799999311566 ], [ 946598.663099999539554, 1943624.602399999275804 ], [ 946591.309100000187755, 1943649.05629999935627 ], [ 946572.94550000037998, 1943710.119799999520183 ], [ 946534.486200000159442, 1943838.005699999630451 ], [ 946450.221699999645352, 1944161.4167 ], [ 946420.04079999960959, 1944327.299699999392033 ], [ 946389.787899999879301, 1944545.8651 ], [ 946376.762199999764562, 1944615.220499999821186 ], [ 946376.447200000286102, 1944682.762800000607967 ], [ 946374.22690000012517, 1944698.786399999633431 ], [ 946356.793600000441074, 1944824.601700000464916 ], [ 946354.353400000371039, 1944901.399900000542402 ], [ 946390.111499999649823, 1945216.8421 ], [ 946391.657200000248849, 1945230.478000000119209 ], [ 946376.764899999834597, 1945231.028300000354648 ], [ 946380.22510000038892, 1945309.090600000694394 ], [ 946383.549800000153482, 1945390.847100000828505 ], [ 946384.058000000193715, 1945412.004699999466538 ], [ 946385.668700000271201, 1945479.041200000792742 ], [ 946386.675699999555945, 1945532.759800000116229 ], [ 946377.545400000177324, 1945564.577500000596046 ], [ 946356.799700000323355, 1945627.141200000420213 ], [ 946325.195299999788404, 1945687.695900000631809 ], [ 946305.868300000205636, 1945715.693099999800324 ], [ 946273.638399999588728, 1945765.403100000694394 ], [ 946267.403500000014901, 1945773.784299999475479 ], [ 946237.681699999608099, 1945813.7379 ], [ 946207.707299999892712, 1945847.517200000584126 ], [ 946200.400399999693036, 1945855.751700000837445 ], [ 946175.505499999970198, 1945885.870500000193715 ], [ 946102.631199999712408, 1945976.604800000786781 ], [ 946062.264499999582767, 1946011.531899999827147 ], [ 946058.876899999566376, 1946013.749199999496341 ], [ 945982.780100000090897, 1946063.557900000363588 ], [ 945981.339700000360608, 1946064.352299999445677 ], [ 945941.916699999943376, 1946086.096799999475479 ], [ 945730.393600000068545, 1946202.765699999406934 ], [ 945713.202600000426173, 1946213.049699999392033 ], [ 945626.631599999964237, 1946264.83809999935329 ], [ 945589.543600000441074, 1946286.610600000247359 ], [ 945506.847500000149012, 1946335.157299999147654 ], [ 945424.121600000187755, 1946389.6283 ], [ 945371.737599999643862, 1946420.796399999409914 ], [ 945371.990000000223517, 1946421.484099999070168 ], [ 945382.502999999560416, 1946450.137599999085069 ], [ 945382.822800000198185, 1946451.009199999272823 ], [ 945441.053199999965727, 1946416.659199999645352 ], [ 945450.135700000450015, 1946411.115800000727177 ], [ 945490.999900000169873, 1946386.1754 ], [ 945656.928600000217557, 1946289.267100000753999 ], [ 945755.558600000105798, 1946233.5756 ], [ 945847.792000000365078, 1946189.334300000220537 ], [ 945972.049499999731779, 1946124.880599999800324 ], [ 946050.204300000332296, 1946075.418700000271201 ], [ 946065.997100000269711, 1946062.86739999987185 ], [ 946067.127799999900162, 1946061.968800000846386 ], [ 946108.53899999987334, 1946029.057700000703335 ], [ 946150.95299999974668, 1945980.766200000420213 ], [ 946206.542399999685585, 1945903.657600000500679 ], [ 946253.82909999974072, 1945858.568900000303984 ], [ 946287.271999999880791, 1945803.7643 ], [ 946325.981999999843538, 1945738.832800000905991 ], [ 946356.963000000454485, 1945677.6097999997437 ], [ 946396.930900000035763, 1945606.317800000309944 ], [ 946408.729000000283122, 1945570.641000000759959 ] ] ] ] } },
{ "type": "Feature", "properties": { "OBJECTID": 21, "CODE2": 0.0, "INDEXPAGE1": null, "LEVEL1": null, "NAME2": null, "RIVLEN1": 0.0, "UID1": 0.0, "INDEXPAGE2": ",43", "LEVEL2": ",43", "RIVLEN2": 2.15, "RIV_CD_1": 1024920.0, "RIV_NAM_1": ",43", "UID2": 536.0, "CODE1": 0.0, "INDEXPAGE": null, "LEVEL": null, "NAME1": null, "RIVLEN": 0.0, "UID": 0.0, "Shape_Leng": 1567.80683028, "Shape_Area": 1562.3343285399999 }, "geometry": { "type": "MultiPolygon", "coordinates": [ [ [ [ 967748.605399999767542, 1946340.443299999460578 ], [ 967749.137600000016391, 1946342.371300000697374 ], [ 967788.27489999961108, 1946330.33699999935925 ], [ 967825.076100000180304, 1946321.8224 ], [ 967871.86849999986589, 1946305.829199999570847 ], [ 967908.18680000025779, 1946299.578600000590086 ], [ 967957.114400000311434, 1946289.901100000366569 ], [ 967981.931300000287592, 1946287.846400000154972 ], [ 968000.442200000397861, 1946290.693 ], [ 968028.279500000178814, 1946288.204299999400973 ], [ 968056.253100000321865, 1946287.258400000631809 ], [ 968075.803199999965727, 1946284.545099999755621 ], [ 968089.245299999602139, 1946280.580299999564886 ], [ 968108.007000000216067, 1946272.646299999207258 ], [ 968119.22829999960959, 1946269.988500000908971 ], [ 968128.716099999845028, 1946267.38260000012815 ], [ 968140.973399999551475, 1946263.686799999326468 ], [ 968171.717799999751151, 1946254.213400000706315 ], [ 968207.314699999988079, 1946243.936699999496341 ], [ 968243.581100000068545, 1946235.232599999755621 ], [ 968276.420300000347197, 1946230.457499999552965 ], [ 968291.619900000281632, 1946227.7017 ], [ 968307.205299999564886, 1946221.8618 ], [ 968338.4545, 1946203.591 ], [ 968396.885499999858439, 1946158.042899999767542 ], [ 968421.254499999806285, 1946140.728700000792742 ], [ 968431.923000000417233, 1946135.517799999564886 ], [ 968446.588200000114739, 1946131.45160000026226 ], [ 968466.05350000038743, 1946127.8586 ], [ 968485.965599999763072, 1946124.991699999198318 ], [ 968485.397300000302494, 1946124.77930000051856 ], [ 968485.428299999795854, 1946123.0493 ], [ 968465.729399999603629, 1946125.885500000789762 ], [ 968446.138799999840558, 1946129.501599999144673 ], [ 968431.21129999961704, 1946133.64049999974668 ], [ 968420.230000000447035, 1946139.004200000315905 ], [ 968395.691499999724329, 1946156.438799999654293 ], [ 968337.330500000156462, 1946201.932299999520183 ], [ 968306.343799999915063, 1946220.049699999392033 ], [ 968291.086500000208616, 1946225.76659999974072 ], [ 968276.098000000230968, 1946228.484200000762939 ], [ 968243.203200000338256, 1946233.267400000244379 ], [ 968206.80379999987781, 1946242.003399999812245 ], [ 968171.146099999547005, 1946252.29759999923408 ], [ 968140.390399999916553, 1946261.77449999935925 ], [ 968128.162700000219047, 1946265.461400000378489 ], [ 968118.733, 1946268.051300000399351 ], [ 968107.38300000037998, 1946270.739700000733137 ], [ 968088.571000000461936, 1946278.694900000467896 ], [ 968075.380699999630451, 1946282.58530000038445 ], [ 968056.081399999558926, 1946285.263900000602007 ], [ 968028.156600000336766, 1946286.208100000396371 ], [ 968000.506099999882281, 1946288.680099999532104 ], [ 967982.001799999736249, 1946285.834599999710917 ], [ 967956.837100000120699, 1946287.918099999427795 ], [ 967907.823300000280142, 1946297.612600000575185 ], [ 967871.372499999590218, 1946303.885900000110269 ], [ 967824.525999999605119, 1946319.897700000554323 ], [ 967787.755199999548495, 1946328.405300000682473 ], [ 967748.605399999767542, 1946340.443299999460578 ] ] ] ] } },
{ "type": "Feature", "properties": { "OBJECTID": 22, "CODE2": 0.0, "INDEXPAGE1": null, "LEVEL1": null, "NAME2": null, "RIVLEN1": 0.0, "UID1": 0.0, "INDEXPAGE2": ",43,59", "LEVEL2": ",43,2", "RIVLEN2": 32.7, "RIV_CD_1": 1024930.0, "RIV_NAM_1": "źõ", "UID2": 534.0, "CODE1": 0.0, "INDEXPAGE": null, "LEVEL": null, "NAME1": null, "RIVLEN": 0.0, "UID": 0.0, "Shape_Leng": 17956.9719387, "Shape_Area": 759205.66796400002 }, "geometry": { "type": "MultiPolygon", "coordinates": [ [ [ [ 966368.299300000071526, 1940567.434299999848008 ], [ 966373.41260000038892, 1940603.648499999195337 ], [ 966375.771399999968708, 1940605.234400000423193 ], [ 966388.021599999628961, 1940612.917400000616908 ], [ 966389.873200000263751, 1940614.692800000309944 ], [ 966398.137699999846518, 1940623.497700000181794 ], [ 966399.118800000287592, 1940624.796599999070168 ], [ 966428.683400000445545, 1940665.341499999165535 ], [ 966457.152499999850988, 1940707.9539 ], [ 966492.622600000351667, 1940760.449400000274181 ], [ 966526.205599999986589, 1940808.207299999892712 ], [ 966527.700199999846518, 1940810.291300000622869 ], [ 966549.923000000417233, 1940837.621600000187755 ], [ 966551.006400000303984, 1940839.253200000151992 ], [ 966578.462899999693036, 1940885.762900000438094 ], [ 966590.521499999798834, 1940906.034 ], [ 966592.306599999777973, 1940909.523399999365211 ], [ 966599.819199999794364, 1940928.708499999716878 ], [ 966600.681099999696016, 1940932.501800000667572 ], [ 966603.433699999935925, 1940954.388299999758601 ], [ 966603.565499999560416, 1940955.778799999505281 ], [ 966603.309299999848008, 1941002.1743 ], [ 966603.205900000408292, 1941004.119999999180436 ], [ 966598.16440000012517, 1941047.305600000545382 ], [ 966597.222000000067055, 1941051.891100000590086 ], [ 966593.635200000368059, 1941068.591499999165535 ], [ 966574.678600000217557, 1941120.084100000560284 ], [ 966553.580799999646842, 1941157.672700000926852 ], [ 966552.38260000012815, 1941159.888000000268221 ], [ 966523.302099999971688, 1941228.322300000116229 ], [ 966522.218299999833107, 1941230.907999999821186 ], [ 966505.960500000044703, 1941271.419399999082088 ], [ 966505.471900000236928, 1941272.56220000050962 ], [ 966497.839599999599159, 1941289.510500000789762 ], [ 966495.540000000037253, 1941293.898700000718236 ], [ 966473.44440000038594, 1941330.973200000822544 ], [ 966469.215400000102818, 1941338.459599999710917 ], [ 966442.998200000263751, 1941387.0844 ], [ 966417.406000000424683, 1941428.828600000590086 ], [ 966416.118700000457466, 1941430.977399999275804 ], [ 966381.042000000365078, 1941492.221100000664592 ], [ 966379.263199999928474, 1941495.214500000700355 ], [ 966335.276499999687076, 1941567.880000000819564 ], [ 966334.690899999812245, 1941568.874600000679493 ], [ 966272.400299999862909, 1941676.691700000315905 ], [ 966245.175499999895692, 1941723.92 ], [ 966197.283900000154972, 1941800.788599999621511 ], [ 966195.091799999587238, 1941804.216900000348687 ], [ 966160.168100000359118, 1941850.480599999427795 ], [ 966158.1875, 1941852.787399999797344 ], [ 966102.460900000296533, 1941912.65819999948144 ], [ 966101.046900000423193, 1941914.119100000709295 ], [ 966080.079199999570847, 1941935.39919999986887 ], [ 966076.502700000070035, 1941939.656899999827147 ], [ 966059.123499999754131, 1941965.867799999192357 ], [ 966056.117999999783933, 1941970.6349 ], [ 966040.292200000025332, 1941996.72069999948144 ], [ 966039.299599999561906, 1941998.31900000013411 ], [ 966008.1875, 1942043.935100000351667 ], [ 966005.045099999755621, 1942049.843599999323487 ], [ 965992.595099999569356, 1942074.92369999922812 ], [ 965976.331899999640882, 1942109.080399999395013 ], [ 965959.107800000347197, 1942140.9901 ], [ 965946.218799999915063, 1942179.522700000554323 ], [ 965928.759600000455976, 1942229.945699999108911 ], [ 965913.037100000306964, 1942276.833699999377131 ], [ 965912.297899999655783, 1942279.5131 ], [ 965895.52419999986887, 1942344.730200000107288 ], [ 965894.807900000363588, 1942346.53999999910593 ], [ 965882.656899999827147, 1942375.625600000843406 ], [ 965857.02309999987483, 1942434.937699999660254 ], [ 965854.563500000163913, 1942444.139399999752641 ], [ 965851.651100000366569, 1942455.035700000822544 ], [ 965851.369599999859929, 1942456.13880000077188 ], [ 965843.120400000363588, 1942491.302699999883771 ], [ 965842.481900000013411, 1942493.031899999827147 ], [ 965823.689899999648333, 1942535.568099999800324 ], [ 965822.928299999795854, 1942537.050200000405312 ], [ 965809.112099999561906, 1942563.207499999552965 ], [ 965775.854799999855459, 1942615.862400000914931 ], [ 965736.507299999706447, 1942678.914000000804663 ], [ 965734.697100000455976, 1942681.781899999827147 ], [ 965707.820199999958277, 1942721.096100000664592 ], [ 965705.835500000044703, 1942723.810200000181794 ], [ 965698.783900000154972, 1942733.183800000697374 ], [ 965641.454300000332296, 1942809.391000000759959 ], [ 965590.098899999633431, 1942877.799499999731779 ], [ 965548.564899999648333, 1942930.439999999478459 ], [ 965521.617499999701977, 1942959.211799999698997 ], [ 965520.184000000357628, 1942960.83 ], [ 965487.660699999891222, 1943010.2171 ], [ 965452.148599999956787, 1943063.416600000113249 ], [ 965450.144500000402331, 1943066.497999999672174 ], [ 965404.831500000320375, 1943136.605799999088049 ], [ 965404.234600000083447, 1943137.631100000813603 ], [ 965354.202100000344217, 1943225.535700000822544 ], [ 965319.117899999953806, 1943289.396199999377131 ], [ 965285.354299999773502, 1943354.4682 ], [ 965284.177400000393391, 1943356.781899999827147 ], [ 965274.838499999605119, 1943377.526900000870228 ], [ 965272.471400000154972, 1943382.223099999129772 ], [ 965251.143099999986589, 1943413.199899999424815 ], [ 965246.211199999786913, 1943419.6743 ], [ 965205.720700000412762, 1943465.380200000479817 ], [ 965183.849200000055134, 1943489.10219999961555 ], [ 965182.473000000230968, 1943490.623800000175834 ], [ 965149.923000000417233, 1943537.5789 ], [ 965148.400200000032783, 1943539.632200000807643 ], [ 965115.150999999605119, 1943574.698000000789762 ], [ 965113.542100000195205, 1943576.315300000831485 ], [ 965073.946000000461936, 1943614.973099999129772 ], [ 965071.948300000280142, 1943616.7774 ], [ 965033.97690000012517, 1943650.686699999496341 ], [ 965003.049800000153482, 1943676.422499999403954 ], [ 964962.816800000146031, 1943706.768799999728799 ], [ 964960.621199999935925, 1943708.377800000831485 ], [ 964892.583399999886751, 1943753.811699999496341 ], [ 964852.997600000351667, 1943779.699899999424815 ], [ 964814.141900000162423, 1943803.909700000658631 ], [ 964795.059399999678135, 1943815.0778 ], [ 964791.835099999792874, 1943817.606000000610948 ], [ 964774.15610000025481, 1943834.212999999523163 ], [ 964773.082100000232458, 1943835.341700000688434 ], [ 964746.247700000181794, 1943880.976299999281764 ], [ 964745.066399999894202, 1943882.959300000220537 ], [ 964717.608500000089407, 1943928.161499999463558 ], [ 964717.591000000014901, 1943928.190300000831485 ], [ 964714.392500000074506, 1943931.775299999862909 ], [ 964702.415699999779463, 1943944.5055 ], [ 964701.102699999697506, 1943945.415999999269843 ], [ 964679.214100000448525, 1943960.347400000318885 ], [ 964650.473500000312924, 1943977.36600000038743 ], [ 964648.810300000011921, 1943978.341600000858307 ], [ 964616.307099999859929, 1943995.183599999174476 ], [ 964614.817300000227988, 1943995.918299999088049 ], [ 964596.791799999773502, 1944003.849500000476837 ], [ 964580.045199999585748, 1944011.2182 ], [ 964578.223600000143051, 1944011.909800000488758 ], [ 964534.043600000441074, 1944027.630200000479817 ], [ 964501.142400000244379, 1944038.122199999168515 ], [ 964495.798899999819696, 1944039.422700000926852 ], [ 964468.0318, 1944043.542300000786781 ], [ 964466.094499999657273, 1944043.815400000661612 ], [ 964414.275799999944866, 1944045.10869999974966 ], [ 964408.126899999566376, 1944044.906899999827147 ], [ 964381.692599999718368, 1944043.364700000733137 ], [ 964376.847199999727309, 1944044.829600000753999 ], [ 964356.53870000038296, 1944051.930700000375509 ], [ 964325.568599999882281, 1944063.403100000694394 ], [ 964289.116200000047684, 1944086.815500000491738 ], [ 964253.127000000327826, 1944105.9846 ], [ 964217.88289999961853, 1944124.4682 ], [ 964216.140399999916553, 1944125.343000000342727 ], [ 964170.154900000430644, 1944147.558700000867248 ], [ 964122.976599999703467, 1944171.63120000064373 ], [ 964081.036899999715388, 1944189.072100000455976 ], [ 964032.732599999755621, 1944213.395899999886751 ], [ 964030.138899999670684, 1944214.663899999111891 ], [ 963981.106700000353158, 1944232.432199999690056 ], [ 963979.073300000280142, 1944233.097400000318885 ], [ 963936.802799999713898, 1944244.116100000217557 ], [ 963935.271099999547005, 1944244.603000000119209 ], [ 963905.031899999827147, 1944255.0767 ], [ 963863.186099999584258, 1944271.419600000604987 ], [ 963822.8898, 1944292.472799999639392 ], [ 963820.605700000189245, 1944293.689099999144673 ], [ 963797.706399999558926, 1944312.117599999532104 ], [ 963796.472400000318885, 1944313.190999999642372 ], [ 963758.449799999594688, 1944349.875700000673532 ], [ 963756.801799999549985, 1944351.780600000172853 ], [ 963719.861100000329316, 1944398.384199999272823 ], [ 963717.0943, 1944401.951199999079108 ], [ 963704.518099999986589, 1944418.164300000295043 ], [ 963701.387900000438094, 1944421.360999999567866 ], [ 963680.776600000448525, 1944437.903200000524521 ], [ 963676.813299999572337, 1944440.511199999600649 ], [ 963654.9216, 1944453.232200000435114 ], [ 963653.573099999688566, 1944453.921299999579787 ], [ 963610.295699999667704, 1944469.732799999415874 ], [ 963605.417799999937415, 1944471.2303 ], [ 963586.003499999642372, 1944476.958200000226498 ], [ 963583.895299999974668, 1944477.342499999329448 ], [ 963539.686300000175834, 1944484.99210000038147 ], [ 963488.471599999815226, 1944495.2006 ], [ 963440.459099999628961, 1944511.189500000327826 ], [ 963438.159699999727309, 1944511.983300000429153 ], [ 963406.712600000202656, 1944526.231799999251962 ], [ 963404.798700000159442, 1944527.121099999174476 ], [ 963345.43680000025779, 1944555.132400000467896 ], [ 963343.610100000165403, 1944556.061799999326468 ], [ 963314.143799999728799, 1944571.548599999397993 ], [ 963307.063699999824166, 1944574.857200000435114 ], [ 963253.474399999715388, 1944596.963899999856949 ], [ 963245.225899999961257, 1944600.424599999561906 ], [ 963206.573900000192225, 1944616.953099999576807 ], [ 963204.248399999924004, 1944617.89750000089407 ], [ 963158.44579999987036, 1944627.740399999544024 ], [ 963155.090599999763072, 1944628.335899999365211 ], [ 963143.658099999651313, 1944630.101800000295043 ], [ 963139.828499999828637, 1944629.480200000107288 ], [ 963124.2648, 1944626.727600000798702 ], [ 963121.187199999578297, 1944624.027899999171495 ], [ 963121.06209999974817, 1944623.916400000452995 ], [ 963100.184700000099838, 1944605.301699999719858 ], [ 963096.811300000175834, 1944602.37529999949038 ], [ 963068.24309999961406, 1944602.227099999785423 ], [ 963066.783300000242889, 1944602.456800000742078 ], [ 963025.553700000047684, 1944621.028599999845028 ], [ 963024.013299999758601, 1944621.9298 ], [ 962992.524299999698997, 1944643.54839999973774 ], [ 962991.149699999950826, 1944644.21680000051856 ], [ 962968.721800000406802, 1944654.523900000378489 ], [ 962964.764899999834597, 1944656.245899999514222 ], [ 962943.749400000087917, 1944664.731699999421835 ], [ 962941.323499999940395, 1944665.582000000402331 ], [ 962932.778900000266731, 1944667.9222999997437 ], [ 962930.795599999837577, 1944667.8585 ], [ 962920.503399999812245, 1944666.818600000813603 ], [ 962918.975399999879301, 1944665.776499999687076 ], [ 962912.698599999770522, 1944660.8344 ], [ 962911.506799999624491, 1944658.141100000590086 ], [ 962907.20920000039041, 1944648.123400000855327 ], [ 962901.865100000053644, 1944625.509500000625849 ], [ 962898.860000000335276, 1944619.457000000402331 ], [ 962895.828599999658763, 1944616.7127 ], [ 962891.3136, 1944614.559900000691414 ], [ 962881.479600000195205, 1944615.420800000429153 ], [ 962879.596300000324845, 1944615.989700000733137 ], [ 962871.989900000393391, 1944626.363399999216199 ], [ 962870.607200000435114, 1944628.511099999770522 ], [ 962863.361499999649823, 1944642.31110000051558 ], [ 962862.14159999974072, 1944645.094699999317527 ], [ 962855.867899999953806, 1944661.748800000175834 ], [ 962855.381799999624491, 1944662.677799999713898 ], [ 962826.152300000190735, 1944664.606499999761581 ], [ 962824.826799999922514, 1944664.676100000739098 ], [ 962793.344499999657273, 1944665.595599999651313 ], [ 962791.56969999987632, 1944665.905300000682473 ], [ 962749.067699999548495, 1944675.208799999207258 ], [ 962686.756299999542534, 1944691.376900000497699 ], [ 962628.340900000184774, 1944709.8596 ], [ 962581.132500000298023, 1944724.409199999645352 ], [ 962578.97620000038296, 1944725.033500000834465 ], [ 962532.437599999830127, 1944736.049799999222159 ], [ 962530.752500000409782, 1944736.328500000759959 ], [ 962501.128800000064075, 1944739.422399999573827 ], [ 962494.676400000229478, 1944739.840399999171495 ], [ 962445.996000000275671, 1944739.604800000786781 ], [ 962410.905500000342727, 1944734.256300000473857 ], [ 962405.453099999576807, 1944732.425200000405312 ], [ 962377.559100000187755, 1944719.462400000542402 ], [ 962373.941300000064075, 1944718.0483 ], [ 962358.488400000147521, 1944712.586899999529123 ], [ 962356.00789999961853, 1944710.86879999935627 ], [ 962349.876600000075996, 1944706.264399999752641 ], [ 962342.005599999800324, 1944699.89809999987483 ], [ 962328.568599999882281, 1944688.066999999806285 ], [ 962319.648900000378489, 1944671.260299999266863 ], [ 962188.546500000171363, 1944702.176200000569224 ], [ 962183.514600000344217, 1944718.102399999275804 ], [ 962181.943300000391901, 1944722.590800000354648 ], [ 962174.435300000011921, 1944742.30599999986589 ], [ 962173.935700000263751, 1944743.541799999773502 ], [ 962155.580299999564886, 1944784.54759999923408 ], [ 962154.825500000268221, 1944785.9671 ], [ 962138.138299999758601, 1944812.523499999195337 ], [ 962125.891400000080466, 1944831.322100000455976 ], [ 962109.540000000037253, 1944852.940500000491738 ], [ 962078.715599999763072, 1944884.513000000268221 ], [ 962057.034900000318885, 1944906.937100000679493 ], [ 962048.900600000284612, 1944915.350199999287724 ], [ 962047.578099999576807, 1944916.885900000110269 ], [ 962016.037999999709427, 1944957.6623 ], [ 962014.895600000396371, 1944959.169199999421835 ], [ 961995.323099999688566, 1944985.158399999141693 ], [ 961992.090900000184774, 1944990.239800000563264 ], [ 961977.879800000227988, 1945020.494000000879169 ], [ 961975.128800000064075, 1945026.693499999120831 ], [ 961960.66579999960959, 1945060.5811 ], [ 961959.252999999560416, 1945063.8914 ], [ 961957.519700000062585, 1945069.745400000363588 ], [ 961951.085799999535084, 1945097.740800000727177 ], [ 961950.915599999949336, 1945100.74860000051558 ], [ 961951.0636, 1945112.433199999853969 ], [ 961950.640599999576807, 1945113.3267 ], [ 961938.048899999819696, 1945134.918199999257922 ], [ 961936.263399999588728, 1945136.914300000295043 ], [ 961905.605200000107288, 1945170.796800000593066 ], [ 961901.151700000278652, 1945176.550799999386072 ], [ 961889.101099999621511, 1945205.941800000146031 ], [ 961882.146499999798834, 1945223.4013 ], [ 961880.677600000053644, 1945227.756400000303984 ], [ 961866.263600000180304, 1945307.842599999159575 ], [ 961865.287299999967217, 1945313.841499999165535 ], [ 961860.746299999766052, 1945346.285299999639392 ], [ 961852.104799999855459, 1945413.42989999987185 ], [ 961852.260700000450015, 1945419.393999999389052 ], [ 961855.261400000192225, 1945441.110500000417233 ], [ 961855.70990000013262, 1945443.622400000691414 ], [ 961857.544499999843538, 1945453.377499999478459 ], [ 961857.356800000183284, 1945455.0493 ], [ 961852.751899999566376, 1945491.1656 ], [ 961842.447999999858439, 1945559.018200000748038 ], [ 961823.267500000074506, 1945704.336200000718236 ], [ 961815.842000000178814, 1945756.433599999174476 ], [ 961815.322200000286102, 1945760.371799999848008 ], [ 961797.736999999731779, 1945898.4517 ], [ 961782.732900000177324, 1946020.010500000789762 ], [ 961782.667899999767542, 1946022.022299999371171 ], [ 961782.03760000038892, 1946050.731300000101328 ], [ 961762.78830000013113, 1946198.751299999654293 ], [ 961744.787399999797344, 1946340.860999999567866 ], [ 961744.043300000019372, 1946347.117799999192357 ], [ 961713.289800000376999, 1946637.939200000837445 ], [ 961713.175999999977648, 1946640.591299999505281 ], [ 961712.313099999912083, 1946669.723999999463558 ], [ 961806.943699999712408, 1946683.0176 ], [ 961808.60840000025928, 1946684.667999999597669 ], [ 961808.635599999688566, 1946692.900699999183416 ], [ 961815.713800000026822, 1946654.227399999275804 ], [ 961825.509200000204146, 1946600.707299999892712 ], [ 961825.67920000012964, 1946599.677300000563264 ], [ 961834.872000000439584, 1946518.41330000013113 ], [ 961835.332100000232458, 1946514.053899999707937 ], [ 961847.832799999974668, 1946380.413200000301003 ], [ 961848.494400000199676, 1946374.415500000119209 ], [ 961865.01659999974072, 1946236.338999999687076 ], [ 961882.102800000458956, 1946090.907500000670552 ], [ 961896.061599999666214, 1945951.574799999594688 ], [ 961907.326200000010431, 1945824.925499999895692 ], [ 961907.41330000013113, 1945824.307800000533462 ], [ 961913.520999999716878, 1945793.1908 ], [ 961913.438699999824166, 1945791.459300000220537 ], [ 961904.717400000430644, 1945743.770500000566244 ], [ 961904.8902000002563, 1945740.813500000163913 ], [ 961910.409599999897182, 1945680.316600000485778 ], [ 961934.254800000227988, 1945498.0691 ], [ 961943.912499999627471, 1945426.353499999269843 ], [ 961944.388899999670684, 1945422.681500000879169 ], [ 961951.883500000461936, 1945347.401000000536442 ], [ 961953.733500000089407, 1945333.398499999195337 ], [ 961952.623499999754131, 1945318.530300000682473 ], [ 961946.438699999824166, 1945303.656300000846386 ], [ 961945.89850000012666, 1945299.778400000184774 ], [ 961945.666699999943376, 1945272.854399999603629 ], [ 961945.728099999949336, 1945269.574300000444055 ], [ 961946.277400000020862, 1945256.297800000756979 ], [ 961946.561099999584258, 1945254.980200000107288 ], [ 961963.783999999985099, 1945197.539300000295043 ], [ 961964.490100000053644, 1945195.30629999935627 ], [ 961979.461099999956787, 1945149.184000000357628 ], [ 961980.293300000019372, 1945147.492799999192357 ], [ 961994.545599999837577, 1945119.548599999397993 ], [ 962016.500099999830127, 1945084.758899999782443 ], [ 962017.808600000105798, 1945082.708699999377131 ], [ 962036.873399999924004, 1945060.310699999332428 ], [ 962037.652499999850988, 1945059.466700000688434 ], [ 962047.278400000184774, 1945053.228199999779463 ], [ 962049.402800000272691, 1945051.928600000217557 ], [ 962060.950000000186265, 1945046.964299999177456 ], [ 962063.325799999758601, 1945046.003699999302626 ], [ 962077.938299999572337, 1945040.867499999701977 ], [ 962082.349899999797344, 1945039.442099999636412 ], [ 962118.667100000195205, 1945028.225099999457598 ], [ 962123.495400000363588, 1945026.662000000476837 ], [ 962143.614900000393391, 1945019.822300000116229 ], [ 962144.831100000068545, 1945019.376199999824166 ], [ 962181.818699999712408, 1945003.227800000458956 ], [ 962186.3454, 1944999.748400000855327 ], [ 962204.832000000402331, 1944984.297700000926852 ], [ 962206.021099999547005, 1944983.088300000876188 ], [ 962230.252299999818206, 1944957.703500000759959 ], [ 962269.118900000117719, 1944935.332599999383092 ], [ 962285.563699999824166, 1944928.692399999126792 ], [ 962300.239000000059605, 1944922.3838 ], [ 962305.797600000165403, 1944918.663799999281764 ], [ 962311.589999999850988, 1944914.0526 ], [ 962357.956799999810755, 1944893.865000000223517 ], [ 962367.982300000265241, 1944889.9594 ], [ 962441.950000000186265, 1944865.357100000604987 ], [ 962477.570299999788404, 1944856.206900000572205 ], [ 962502.666899999603629, 1944849.760199999436736 ], [ 962585.138000000268221, 1944828.941600000485778 ], [ 962588.738599999807775, 1944828.056399999186397 ], [ 962667.136900000274181, 1944809.864199999719858 ], [ 962703.223299999721348, 1944801.656400000676513 ], [ 962723.833499999716878, 1944796.968599999323487 ], [ 962766.95990000013262, 1944785.847100000828505 ], [ 962819.182000000029802, 1944774.489900000393391 ], [ 962822.379499999806285, 1944773.770600000396371 ], [ 962880.626500000245869, 1944752.249900000169873 ], [ 962883.875199999660254, 1944751.143500000238419 ], [ 962990.299800000153482, 1944719.955199999734759 ], [ 963002.134200000204146, 1944716.418400000780821 ], [ 963037.830500000156462, 1944705.27280000038445 ], [ 963073.256400000303984, 1944693.454800000414252 ], [ 963112.477099999785423, 1944679.617799999192357 ], [ 963204.64919999986887, 1944651.932199999690056 ], [ 963228.139999999664724, 1944646.701099999248981 ], [ 963242.714100000448525, 1944643.752299999818206 ], [ 963298.371000000275671, 1944632.314999999478459 ], [ 963311.577600000426173, 1944629.668500000610948 ], [ 963319.797799999825656, 1944628.377499999478459 ], [ 963353.17339999973774, 1944625.403100000694394 ], [ 963366.022900000214577, 1944623.151000000536442 ], [ 963376.117700000293553, 1944619.6085 ], [ 963386.163200000301003, 1944615.339500000700355 ], [ 963399.876000000163913, 1944610.097400000318885 ], [ 963429.955400000326335, 1944600.191099999472499 ], [ 963438.623800000175834, 1944596.221200000494719 ], [ 963463.273199999704957, 1944583.8772 ], [ 963534.564399999566376, 1944550.921800000593066 ], [ 963616.071000000461936, 1944515.218000000342727 ], [ 963659.879800000227988, 1944496.888599999248981 ], [ 963661.894199999980628, 1944496.119599999859929 ], [ 963711.806699999608099, 1944479.364700000733137 ], [ 963712.844100000336766, 1944478.719100000336766 ], [ 963725.016900000162423, 1944467.1327 ], [ 963727.513799999840558, 1944464.281099999323487 ], [ 963743.329800000414252, 1944441.8443 ], [ 963745.403500000014901, 1944438.329600000753999 ], [ 963752.846900000236928, 1944421.726299999281764 ], [ 963754.942499999888241, 1944417.730200000107288 ], [ 963767.626899999566376, 1944394.598099999129772 ], [ 963770.149000000208616, 1944390.756899999454618 ], [ 963777.468100000172853, 1944380.067500000819564 ], [ 963782.062800000421703, 1944373.357200000435114 ], [ 963783.004800000227988, 1944372.313100000843406 ], [ 963807.592000000178814, 1944347.364399999380112 ], [ 963829.236600000411272, 1944328.1897 ], [ 963855.887299999594688, 1944314.8004 ], [ 963882.509800000116229, 1944305.154899999499321 ], [ 963883.934899999760091, 1944304.687599999830127 ], [ 963927.248999999836087, 1944293.439799999818206 ], [ 963928.822499999776483, 1944292.962099999189377 ], [ 963956.28899999987334, 1944283.446399999782443 ], [ 963961.716099999845028, 1944281.281500000506639 ], [ 963991.559299999848008, 1944265.332699999213219 ], [ 963997.583999999798834, 1944261.81220000050962 ], [ 964034.96239999961108, 1944237.989299999549985 ], [ 964040.857300000265241, 1944234.556600000709295 ], [ 964069.612700000405312, 1944219.1381 ], [ 964071.364500000141561, 1944218.2599 ], [ 964124.55379999987781, 1944197.170099999755621 ], [ 964126.571000000461936, 1944196.410000000149012 ], [ 964166.622299999929965, 1944182.4054000005126 ], [ 964200.187400000169873, 1944171.24860000051558 ], [ 964219.458399999886751, 1944161.699400000274181 ], [ 964241.161799999885261, 1944147.544700000435114 ], [ 964283.311499999836087, 1944121.549599999561906 ], [ 964284.9079, 1944120.630300000309944 ], [ 964312.95299999974668, 1944107.126900000497699 ], [ 964313.750199999660254, 1944106.917300000786781 ], [ 964325.924599999561906, 1944105.563699999824166 ], [ 964328.193099999800324, 1944105.489199999719858 ], [ 964340.362800000235438, 1944106.950799999758601 ], [ 964368.217799999751151, 1944110.467499999329448 ], [ 964373.791799999773502, 1944110.863399999216199 ], [ 964405.685399999842048, 1944112.5132 ], [ 964411.158300000242889, 1944111.519200000911951 ], [ 964436.295400000177324, 1944105.441199999302626 ], [ 964440.133100000210106, 1944104.123500000685453 ], [ 964444.572999999858439, 1944102.541300000622869 ], [ 964455.262000000104308, 1944098.732200000435114 ], [ 964456.583100000396371, 1944098.023299999535084 ], [ 964480.785000000149012, 1944084.752299999818206 ], [ 964511.902800000272691, 1944066.790999999269843 ], [ 964541.029099999926984, 1944054.45890000090003 ], [ 964581.650399999693036, 1944038.2829 ], [ 964583.47719999961555, 1944037.702099999412894 ], [ 964626.740699999965727, 1944026.404899999499321 ], [ 964678.331100000068545, 1944014.210999999195337 ], [ 964715.649500000290573, 1944002.539899999275804 ], [ 964768.550200000405312, 1943977.234899999573827 ], [ 964826.107200000435114, 1943950.7643 ], [ 964828.292200000025332, 1943949.720599999651313 ], [ 964871.17200000025332, 1943928.097400000318885 ], [ 964873.211500000208616, 1943926.5121 ], [ 964915.315399999730289, 1943891.022199999541044 ], [ 964960.636699999682605, 1943859.09940000064671 ], [ 965011.893199999816716, 1943816.906300000846386 ], [ 965014.610299999825656, 1943814.653300000354648 ], [ 965059.071700000204146, 1943775.050200000405312 ], [ 965061.30379999987781, 1943773.114099999889731 ], [ 965122.942599999718368, 1943721.345599999651313 ], [ 965175.538800000213087, 1943677.7171 ], [ 965219.518699999898672, 1943640.386600000783801 ], [ 965226.010300000198185, 1943634.5304000005126 ], [ 965256.532300000078976, 1943604.856799999251962 ], [ 965260.979100000113249, 1943600.244699999690056 ], [ 965281.4534, 1943578.080600000917912 ], [ 965282.517099999822676, 1943576.901599999517202 ], [ 965307.272699999623001, 1943547.995799999684095 ], [ 965308.476300000213087, 1943546.240599999204278 ], [ 965337.127000000327826, 1943500.55210000090301 ], [ 965369.643099999986589, 1943450.319499999284744 ], [ 965384.424300000071526, 1943424.971999999135733 ], [ 965400.831000000238419, 1943398.0241 ], [ 965401.882500000298023, 1943396.335799999535084 ], [ 965445.486600000411272, 1943328.581800000742078 ], [ 965447.295199999585748, 1943325.484899999573827 ], [ 965487.63370000012219, 1943250.845799999311566 ], [ 965524.2204, 1943184.597799999639392 ], [ 965576.730899999849498, 1943081.575300000607967 ], [ 965607.818500000052154, 1943019.195699999108911 ], [ 965609.518199999816716, 1943015.8596 ], [ 965658.067300000227988, 1942928.582900000736117 ], [ 965659.783800000324845, 1942925.639499999582767 ], [ 965688.99930000025779, 1942880.3246 ], [ 965690.449000000022352, 1942878.261299999430776 ], [ 965721.07120000012219, 1942835.628599999472499 ], [ 965763.173999999649823, 1942765.8429000005126 ], [ 965785.426500000059605, 1942729.946000000461936 ], [ 965786.692800000309944, 1942727.872700000181794 ], [ 965819.680800000205636, 1942668.647099999710917 ], [ 965821.196000000461936, 1942666.07120000012219 ], [ 965858.203700000420213, 1942608.679400000721216 ], [ 965885.280199999921024, 1942565.945599999278784 ], [ 965950.771099999547005, 1942450.065400000661612 ], [ 965979.909099999815226, 1942391.506100000813603 ], [ 965981.682500000111759, 1942387.9868 ], [ 966025.558000000193715, 1942313.726500000804663 ], [ 966048.323800000362098, 1942275.265799999237061 ], [ 966049.834499999880791, 1942273.096400000154972 ], [ 966092.1239, 1942215.481599999591708 ], [ 966094.037999999709427, 1942212.946000000461936 ], [ 966097.457799999974668, 1942208.807900000363588 ], [ 966104.840499999932945, 1942200.956399999558926 ], [ 966134.504800000227988, 1942170.545 ], [ 966150.529799999669194, 1942143.642899999395013 ], [ 966162.663599999621511, 1942112.744999999180436 ], [ 966179.051900000311434, 1942046.428400000557303 ], [ 966186.214200000278652, 1942013.386800000444055 ], [ 966190.173499999567866, 1941997.415500000119209 ], [ 966192.327200000174344, 1941989.631999999284744 ], [ 966193.329599999822676, 1941986.224899999797344 ], [ 966231.804800000041723, 1941895.753699999302626 ], [ 966233.565100000239909, 1941891.643799999728799 ], [ 966263.465699999593198, 1941824.401699999347329 ], [ 966265.012299999594688, 1941821.401399999856949 ], [ 966305.882500000298023, 1941750.06870000064373 ], [ 966308.286500000394881, 1941746.3268 ], [ 966357.232099999673665, 1941671.488199999555945 ], [ 966394.779799999669194, 1941607.269600000232458 ], [ 966432.963000000454485, 1941536.229699999094009 ], [ 966437.194799999706447, 1941527.713600000366569 ], [ 966454.65639999974519, 1941490.811300000175834 ], [ 966456.203599999658763, 1941487.669800000265241 ], [ 966512.076999999582767, 1941376.309399999678135 ], [ 966546.222400000318885, 1941309.523600000888109 ], [ 966580.379399999976158, 1941249.80210000090301 ], [ 966592.971800000406802, 1941204.33049999922514 ], [ 966593.696600000374019, 1941201.756300000473857 ], [ 966605.446000000461936, 1941165.066500000655651 ], [ 966628.370799999684095, 1941093.479100000113249 ], [ 966628.749900000169873, 1941091.848899999633431 ], [ 966633.748300000093877, 1941063.760099999606609 ], [ 966634.605299999937415, 1941057.879000000655651 ], [ 966638.549200000241399, 1941016.169800000265241 ], [ 966641.058000000193715, 1940945.307900000363588 ], [ 966641.186099999584258, 1940941.192900000140071 ], [ 966635.895499999634922, 1940920.495200000703335 ], [ 966635.716699999757111, 1940913.861099999397993 ], [ 966634.734600000083447, 1940906.605599999427795 ], [ 966630.215900000184774, 1940890.022600000724196 ], [ 966629.39740000013262, 1940888.18129999935627 ], [ 966612.945000000298023, 1940852.048800000920892 ], [ 966581.52350000012666, 1940805.5494 ], [ 966533.755499999970198, 1940734.340900000184774 ], [ 966531.480899999849498, 1940731.004200000315905 ], [ 966488.029199999757111, 1940672.189999999478459 ], [ 966486.629800000227988, 1940670.269500000402331 ], [ 966467.109699999913573, 1940642.825400000438094 ], [ 966462.722699999809265, 1940636.414799999445677 ], [ 966427.911799999885261, 1940581.670199999585748 ], [ 966406.319600000046194, 1940545.256400000303984 ], [ 966404.589399999938905, 1940543.918600000441074 ], [ 966356.784400000236928, 1940519.738800000399351 ], [ 966360.940100000239909, 1940527.95160000026226 ], [ 966379.267599999904633, 1940562.406099999323487 ], [ 966378.675200000405312, 1940564.190500000491738 ], [ 966374.204400000162423, 1940565.986500000581145 ], [ 966368.299300000071526, 1940567.434299999848008 ] ] ] ] } },
{ "type": "Feature", "properties": { "OBJECTID": 23, "CODE2": 0.0, "INDEXPAGE1": null, "LEVEL1": null, "NAME2": null, "RIVLEN1": 0.0, "UID1": 0.0, "INDEXPAGE2": ",43,59", "LEVEL2": ",43,2", "RIVLEN2": 7.72, "RIV_CD_1": 1024910.0, "RIV_NAM_1": ",43,õ", "UID2": 531.0, "CODE1": 0.0, "INDEXPAGE": null, "LEVEL": null, "NAME1": null, "RIVLEN": 0.0, "UID": 0.0, "Shape_Leng": 15672.356211800001, "Shape_Area": 152627.69326199999 }, "geometry": { "type": "MultiPolygon", "coordinates": [ [ [ [ 967749.137600000016391, 1946342.371300000697374 ], [ 967748.605399999767542, 1946340.443299999460578 ], [ 967699.545400000177324, 1946352.467399999499321 ], [ 967683.547500000335276, 1946355.5252 ], [ 967673.313000000081956, 1946359.502399999648333 ], [ 967673.317400000058115, 1946357.360400000587106 ], [ 967664.010900000110269, 1946349.7182 ], [ 967642.724299999885261, 1946338.127900000661612 ], [ 967621.942499999888241, 1946327.4002 ], [ 967635.956199999898672, 1946291.0844 ], [ 967640.441100000403821, 1946277.828500000759959 ], [ 967641.228900000452995, 1946275.576400000602007 ], [ 967681.017699999734759, 1946173.226399999111891 ], [ 967681.74170000012964, 1946171.402799999341369 ], [ 967692.253600000403821, 1946148.690700000151992 ], [ 967693.801199999637902, 1946145.1754 ], [ 967731.445000000298023, 1946049.732899999246001 ], [ 967731.785799999721348, 1946048.947200000286102 ], [ 967735.653300000354648, 1946044.299799999222159 ], [ 967749.65639999974519, 1946029.1502 ], [ 967750.870900000445545, 1946027.558599999174476 ], [ 967758.97759999986738, 1946009.619599999859929 ], [ 967759.814899999648333, 1946007.304700000211596 ], [ 967769.326500000432134, 1945973.916200000792742 ], [ 967770.633600000292063, 1945970.128699999302626 ], [ 967788.916500000283122, 1945923.615599999204278 ], [ 967790.638299999758601, 1945918.601600000634789 ], [ 967808.327100000344217, 1945861.860500000417233 ], [ 967809.919200000353158, 1945857.630799999460578 ], [ 967825.450400000438094, 1945821.654999999329448 ], [ 967826.575899999588728, 1945817.542500000447035 ], [ 967836.070199999958277, 1945775.079199999570847 ], [ 967836.674899999983609, 1945771.340199999511242 ], [ 967841.426500000059605, 1945737.847799999639392 ], [ 967841.557400000281632, 1945736.704800000414252 ], [ 967847.685499999672174, 1945668.921299999579787 ], [ 967853.785099999979138, 1945606.299699999392033 ], [ 967853.830599999986589, 1945604.977600000798702 ], [ 967854.120799999684095, 1945554.230399999767542 ], [ 967854.1546, 1945550.658800000324845 ], [ 967854.324400000274181, 1945542.311000000685453 ], [ 967854.968100000172853, 1945525.540899999439716 ], [ 967858.231300000101328, 1945458.086300000548363 ], [ 967857.706799999810755, 1945424.6086 ], [ 967852.99959999974817, 1945375.328500000759959 ], [ 967840.985999999567866, 1945275.864800000563264 ], [ 967838.5455, 1945224.902300000190735 ], [ 967838.035600000061095, 1945165.1053 ], [ 967833.487099999561906, 1945043.987400000914931 ], [ 967830.275000000372529, 1944983.652799999341369 ], [ 967830.535799999721348, 1944972.02419999986887 ], [ 967831.702499999664724, 1944954.213600000366569 ], [ 967833.761199999600649, 1944909.255400000140071 ], [ 967833.17119999974966, 1944886.973300000652671 ], [ 967830.513600000180304, 1944868.066099999472499 ], [ 967825.047500000335276, 1944854.966700000688434 ], [ 967817.95299999974668, 1944850.173800000920892 ], [ 967818.064299999736249, 1944846.897700000554323 ], [ 967818.7171, 1944837.528400000184774 ], [ 967825.231100000441074, 1944821.345499999821186 ], [ 967831.60950000025332, 1944812.754899999126792 ], [ 967992.526899999938905, 1944666.611400000751019 ], [ 968002.017500000074506, 1944659.740299999713898 ], [ 968038.993900000117719, 1944631.778899999335408 ], [ 968079.104199999943376, 1944600.21309999935329 ], [ 968122.450799999758601, 1944564.824200000613928 ], [ 968169.136300000362098, 1944525.393999999389052 ], [ 968219.261099999770522, 1944481.705600000917912 ], [ 968236.708700000308454, 1944466.19679999910295 ], [ 968262.707600000314415, 1944448.186200000345707 ], [ 968265.963499999605119, 1944445.715900000184774 ], [ 968447.161399999633431, 1944301.4561 ], [ 968460.181599999777973, 1944299.975700000301003 ], [ 968475.725499999709427, 1944303.527200000360608 ], [ 968493.584400000050664, 1944311.695299999788404 ], [ 968513.567800000309944, 1944323.9824 ], [ 968535.508200000040233, 1944339.867799999192357 ], [ 968559.249800000339746, 1944358.824300000444055 ], [ 968611.582999999634922, 1944403.874900000169873 ], [ 968669.422799999825656, 1944454.940300000831485 ], [ 968731.669700000435114, 1944507.855599999427795 ], [ 968797.224299999885261, 1944558.45299999974668 ], [ 968864.979700000025332, 1944602.555600000545382 ], [ 968899.368200000375509, 1944620.882500000298023 ], [ 968933.894299999810755, 1944636.017400000244379 ], [ 968968.435499999672174, 1944647.442199999466538 ], [ 969002.856499999761581, 1944654.630699999630451 ], [ 969037.017599999904633, 1944657.053899999707937 ], [ 969070.706500000320375, 1944654.351199999451637 ], [ 969103.714999999850988, 1944646.9594 ], [ 969136.163099999539554, 1944635.279200000688434 ], [ 969168.193699999712408, 1944619.686200000345707 ], [ 969199.951899999752641, 1944600.554099999368191 ], [ 969231.584499999880791, 1944578.254699999466538 ], [ 969263.244400000199676, 1944553.1535 ], [ 969327.190000000409782, 1944496.053899999707937 ], [ 969392.978799999691546, 1944432.182499999180436 ], [ 969461.757000000216067, 1944364.494300000369549 ], [ 969534.676699999719858, 1944295.935799999162555 ], [ 969612.886699999682605, 1944229.453099999576807 ], [ 969697.545699999667704, 1944167.982799999415874 ], [ 969742.632299999706447, 1944140.0603 ], [ 969789.775299999862909, 1944114.486400000751019 ], [ 969814.151800000108778, 1944102.701199999079108 ], [ 969820.32909999974072, 1944099.868699999526143 ], [ 969824.125, 1944098.1722999997437 ], [ 969829.449199999682605, 1944096.020099999383092 ], [ 969852.055700000375509, 1944089.282299999147654 ], [ 969874.467400000430644, 1944085.14809999987483 ], [ 969893.921799999661744, 1944082.981499999761581 ], [ 969907.628100000321865, 1944082.148700000718236 ], [ 969912.81180000025779, 1944082.012700000777841 ], [ 969912.759399999864399, 1944080.0142 ], [ 969907.541199999861419, 1944080.151100000366569 ], [ 969893.75040000025183, 1944080.989099999889731 ], [ 969874.175099999643862, 1944083.169099999591708 ], [ 969851.58739999961108, 1944087.335799999535084 ], [ 969828.78760000038892, 1944094.13120000064373 ], [ 969823.348699999973178, 1944096.329700000584126 ], [ 969819.501400000415742, 1944098.048900000751019 ], [ 969813.299999999813735, 1944100.8925 ], [ 969788.862999999895692, 1944112.706800000742078 ], [ 969741.628499999642372, 1944138.330299999564886 ], [ 969696.43059999961406, 1944166.321900000795722 ], [ 969611.650100000202656, 1944227.880400000140071 ], [ 969533.343700000084937, 1944294.445000000298023 ], [ 969460.370900000445545, 1944363.053400000557303 ], [ 969391.581299999728799, 1944430.752800000831485 ], [ 969325.827399999834597, 1944494.590500000864267 ], [ 969261.956399999558926, 1944551.623199999332428 ], [ 969230.386599999852479, 1944576.653100000694394 ], [ 969198.858799999579787, 1944598.878599999472499 ], [ 969167.238499999977648, 1944617.927699999883771 ], [ 969135.384800000116229, 1944633.434499999508262 ], [ 969103.155799999833107, 1944645.035900000482798 ], [ 969070.406700000166893, 1944652.369599999859929 ], [ 969037.008399999700487, 1944655.049100000411272 ], [ 969003.13289999961853, 1944652.646199999377131 ], [ 968968.955400000326335, 1944645.508500000461936 ], [ 968934.611100000329316, 1944634.148800000548363 ], [ 968900.240899999625981, 1944619.0822 ], [ 968865.997100000269711, 1944600.832399999722838 ], [ 968798.38219999987632, 1944556.8213 ], [ 968732.928600000217557, 1944506.301799999549985 ], [ 968670.731999999843538, 1944453.429300000891089 ], [ 968612.896599999628961, 1944402.367900000885129 ], [ 968560.526200000196695, 1944357.2851 ], [ 968536.718799999915063, 1944338.276100000366569 ], [ 968514.67920000012964, 1944322.31900000013411 ], [ 968494.527300000190735, 1944309.928099999204278 ], [ 968476.370699999853969, 1944301.6239 ], [ 968460.294499999843538, 1944297.9507 ], [ 968446.365299999713898, 1944299.534600000828505 ], [ 968264.736399999819696, 1944444.137499999254942 ], [ 968261.533699999563396, 1944446.567500000819564 ], [ 968235.469100000336766, 1944464.62360000051558 ], [ 968217.940600000321865, 1944480.204500000923872 ], [ 968167.834499999880791, 1944523.876700000837445 ], [ 968121.173600000329316, 1944563.2862 ], [ 968077.853799999691546, 1944598.653100000694394 ], [ 968037.772699999623001, 1944630.196000000461936 ], [ 968000.828200000338256, 1944658.133300000801682 ], [ 967991.2648, 1944665.057 ], [ 967830.120799999684095, 1944811.406300000846386 ], [ 967823.472599999979138, 1944820.360300000756979 ], [ 967816.744699999690056, 1944837.074699999764562 ], [ 967816.067400000058115, 1944846.794299999251962 ], [ 967815.955000000074506, 1944850.106000000610948 ], [ 967810.561900000087917, 1944853.0768 ], [ 967806.24199999962002, 1944860.630999999120831 ], [ 967802.872999999672174, 1944872.163899999111891 ], [ 967800.356800000183284, 1944887.041600000113249 ], [ 967797.49100000038743, 1944924.294600000604987 ], [ 967796.861299999989569, 1944967.317099999636412 ], [ 967797.683600000105798, 1945011.035900000482798 ], [ 967799.174300000071526, 1945050.3783 ], [ 967800.549599999561906, 1945080.271099999547005 ], [ 967800.949000000022352, 1945090.088600000366569 ], [ 967801.033900000154972, 1945093.43779999949038 ], [ 967801.112099999561906, 1945103.586400000378489 ], [ 967804.4057, 1945208.331599999219179 ], [ 967818.956100000068545, 1945415.537499999627471 ], [ 967822.879800000227988, 1945467.605200000107288 ], [ 967824.722799999639392, 1945493.76659999974072 ], [ 967825.567300000227988, 1945506.375 ], [ 967825.919900000095367, 1945513.189200000837445 ], [ 967823.949199999682605, 1945566.872400000691414 ], [ 967810.48369999974966, 1945671.931800000369549 ], [ 967808.872999999672174, 1945698.211899999529123 ], [ 967808.77170000039041, 1945711.412599999457598 ], [ 967808.937599999830127, 1945720.4748 ], [ 967807.987900000065565, 1945749.196100000292063 ], [ 967799.297600000165403, 1945804.194399999454618 ], [ 967795.877399999648333, 1945818.300599999725819 ], [ 967794.0, 1945825.509199999272823 ], [ 967793.706500000320375, 1945826.449699999764562 ], [ 967780.620699999853969, 1945858.1119 ], [ 967744.464900000020862, 1945944.029699999839067 ], [ 967726.102300000376999, 1945989.052999999374151 ], [ 967723.410299999639392, 1945997.902699999511242 ], [ 967720.151300000026822, 1946011.307700000703335 ], [ 967719.651999999769032, 1946013.19649999961257 ], [ 967713.403199999593198, 1946033.917600000277162 ], [ 967712.402099999599159, 1946036.56900000013411 ], [ 967696.302799999713898, 1946073.518699999898672 ], [ 967694.434200000017881, 1946078.219399999827147 ], [ 967670.665599999949336, 1946141.536399999633431 ], [ 967619.151300000026822, 1946268.4222999997437 ], [ 967598.761500000022352, 1946319.218399999663234 ], [ 967598.793899999931455, 1946322.050699999555945 ], [ 967605.309100000187755, 1946343.157999999821186 ], [ 967604.525299999862909, 1946343.981799999251962 ], [ 967473.302199999801815, 1946404.951999999582767 ], [ 967469.538900000043213, 1946406.868000000715256 ], [ 967449.142599999904633, 1946417.99349999986589 ], [ 967445.792200000025332, 1946419.271999999880791 ], [ 967418.282599999569356, 1946429.488700000569224 ], [ 967417.529099999926984, 1946430.540500000119209 ], [ 967388.4545, 1946479.541200000792742 ], [ 967386.066399999894202, 1946481.115299999713898 ], [ 967370.060399999842048, 1946491.05599999986589 ], [ 967322.808100000023842, 1946515.411800000816584 ], [ 967277.124800000339746, 1946542.933000000193715 ], [ 967255.876299999654293, 1946562.568900000303984 ], [ 967229.736100000329316, 1946596.081499999389052 ], [ 967212.574799999594688, 1946617.927300000563264 ], [ 967210.252899999730289, 1946620.93019999936223 ], [ 967204.6886, 1946637.431600000709295 ], [ 967204.023900000378489, 1946639.5504 ], [ 967203.888000000268221, 1946657.679400000721216 ], [ 967203.832799999974668, 1946659.900900000706315 ], [ 967200.551500000059605, 1946684.304400000721216 ], [ 967200.054399999789894, 1946687.026200000196695 ], [ 967189.003299999982119, 1946712.772600000724196 ], [ 967188.088700000196695, 1946715.718299999833107 ], [ 967187.575100000016391, 1946752.582499999552965 ], [ 967187.516200000420213, 1946755.653100000694394 ], [ 967186.990299999713898, 1946766.332299999892712 ], [ 967186.277999999932945, 1946773.571900000795722 ], [ 967173.744800000451505, 1946813.011700000613928 ], [ 967166.877700000070035, 1946835.1403 ], [ 967165.787499999627471, 1946837.866599999368191 ], [ 967150.678399999625981, 1946871.559100000187755 ], [ 967149.124499999918044, 1946874.180700000375509 ], [ 967132.664599999785423, 1946897.221400000154972 ], [ 967130.885800000280142, 1946899.854900000616908 ], [ 967112.66579999960959, 1946927.357699999585748 ], [ 967110.877700000070035, 1946930.439300000667572 ], [ 967094.168499999679625, 1946960.291400000452995 ], [ 967092.847799999639392, 1946963.270099999383092 ], [ 967081.8277000002563, 1946989.521299999207258 ], [ 967080.866100000217557, 1946992.323300000280142 ], [ 967073.112499999813735, 1947015.57660000026226 ], [ 967072.448300000280142, 1947018.997400000691414 ], [ 967067.448400000110269, 1947045.857799999415874 ], [ 967059.114799999631941, 1947083.094799999147654 ], [ 967057.49959999974817, 1947103.131899999454618 ], [ 967041.380599999800324, 1947141.94539999961853 ], [ 967031.834400000050664, 1947147.487199999392033 ], [ 967029.0921, 1947149.89670000039041 ], [ 967024.753100000321865, 1947155.758099999278784 ], [ 967023.031600000336766, 1947160.056500000879169 ], [ 967019.769999999552965, 1947171.904999999329448 ], [ 967019.134999999776483, 1947174.101399999111891 ], [ 967005.345800000242889, 1947192.169600000604987 ], [ 967003.447599999606609, 1947194.575300000607967 ], [ 966981.298600000329316, 1947210.652899999171495 ], [ 966978.473199999891222, 1947212.657400000840425 ], [ 966943.754999999888241, 1947232.677999999374151 ], [ 966921.570199999958277, 1947245.232300000265241 ], [ 966918.993599999696016, 1947246.587200000882149 ], [ 966887.405199999921024, 1947259.166400000452995 ], [ 966884.29619999974966, 1947260.4474 ], [ 966857.777200000360608, 1947272.696900000795722 ], [ 966855.46030000038445, 1947273.907299999147654 ], [ 966838.306800000369549, 1947286.212300000712276 ], [ 966836.426500000059605, 1947287.360600000247359 ], [ 966813.496000000275671, 1947298.715800000354648 ], [ 966811.357400000095367, 1947299.935699999332428 ], [ 966789.533099999651313, 1947314.136 ], [ 966783.669999999925494, 1947316.855100000277162 ], [ 966774.361299999989569, 1947320.867900000885129 ], [ 966773.053299999795854, 1947321.475400000810623 ], [ 966759.885800000280142, 1947327.814300000667572 ], [ 966758.465599999763072, 1947328.352299999445677 ], [ 966744.307099999859929, 1947333.257400000467896 ], [ 966742.636800000444055, 1947333.559299999848008 ], [ 966726.760599999688566, 1947335.892899999395013 ], [ 966709.650000000372529, 1947338.24269999936223 ], [ 966689.79009999986738, 1947341.552400000393391 ], [ 966672.807199999690056, 1947345.72859999909997 ], [ 966614.042999999597669, 1947354.615599999204278 ], [ 966572.149000000208616, 1947357.663200000301003 ], [ 966550.504800000227988, 1947359.948000000789762 ], [ 966525.135300000198185, 1947360.235400000587106 ], [ 966510.63289999961853, 1947357.279799999669194 ], [ 966496.264399999752641, 1947351.819499999284744 ], [ 966494.224100000225008, 1947351.007799999788404 ], [ 966475.796299999579787, 1947335.99070000089705 ], [ 966473.335799999535084, 1947333.937100000679493 ], [ 966442.164300000295043, 1947301.682499999180436 ], [ 966418.03139999974519, 1947276.094799999147654 ], [ 966415.381299999542534, 1947273.396800000220537 ], [ 966390.199400000274181, 1947253.571399999782443 ], [ 966387.675400000065565, 1947251.650399999693036 ], [ 966368.497499999590218, 1947239.575400000438094 ], [ 966366.714999999850988, 1947238.527200000360608 ], [ 966352.852400000207126, 1947232.443 ], [ 966351.578900000080466, 1947231.823899999260902 ], [ 966343.551900000311434, 1947227.110999999567866 ], [ 966338.704199999570847, 1947223.9134 ], [ 966323.74349999986589, 1947206.88880000077188 ], [ 966320.129999999888241, 1947206.106699999421835 ], [ 966262.384899999946356, 1947205.675899999216199 ], [ 966259.570000000298023, 1947205.863199999555945 ], [ 966248.11780000012368, 1947209.241499999538064 ], [ 966247.61809999961406, 1947209.337300000712276 ], [ 966179.367899999953806, 1947207.352700000628829 ], [ 966175.467799999751151, 1947207.386600000783801 ], [ 966145.658499999903142, 1947208.343499999493361 ], [ 966135.278599999845028, 1947208.718900000676513 ], [ 966134.620900000445545, 1947208.8838 ], [ 966087.979399999603629, 1947222.709000000730157 ], [ 966084.72719999961555, 1947222.887900000438094 ], [ 966060.312699999660254, 1947223.476700000464916 ], [ 966005.517599999904633, 1947225.623999999836087 ], [ 965934.048799999989569, 1947223.993100000545382 ], [ 965932.08420000039041, 1947224.78940000012517 ], [ 965922.716199999675155, 1947228.709000000730157 ], [ 965918.277900000102818, 1947230.385900000110269 ], [ 965906.145800000056624, 1947234.4704 ], [ 965867.247700000181794, 1947235.552799999713898 ], [ 965804.747499999590218, 1947234.740599999204278 ], [ 965745.486999999731779, 1947232.386700000613928 ], [ 965644.881299999542534, 1947230.206499999389052 ], [ 965609.24100000038743, 1947228.90819999948144 ], [ 965604.144799999892712, 1947228.762299999594688 ], [ 965489.248399999924004, 1947227.748500000685453 ], [ 965486.582600000314415, 1947227.751800000667572 ], [ 965380.291899999603629, 1947228.364 ], [ 965379.239900000393391, 1947228.409499999135733 ], [ 965354.477699999697506, 1947230.171299999579787 ], [ 965350.129499999806285, 1947230.139699999243021 ], [ 965259.056200000457466, 1947224.9276 ], [ 965218.083800000138581, 1947223.926699999719858 ], [ 965101.318900000303984, 1947225.705800000578165 ], [ 964984.858500000089407, 1947225.936000000685453 ], [ 964941.649600000120699, 1947227.698899999260902 ], [ 964935.116600000299513, 1947228.459499999880791 ], [ 964926.121799999848008, 1947229.643999999389052 ], [ 964924.787200000137091, 1947230.600999999791384 ], [ 964912.458200000226498, 1947241.3629 ], [ 964907.477500000037253, 1947243.297700000926852 ], [ 964900.525899999774992, 1947245.863099999725819 ], [ 964892.5921, 1947252.825500000268221 ], [ 964879.879900000058115, 1947262.510299999266863 ], [ 964875.338800000026822, 1947270.743300000205636 ], [ 964863.808100000023842, 1947278.872700000181794 ], [ 964857.385300000198185, 1947279.678899999707937 ], [ 964858.042200000025332, 1947281.605100000277162 ], [ 964862.756099999882281, 1947297.015799999237061 ], [ 964877.907700000330806, 1947288.459300000220537 ], [ 964885.697900000028312, 1947283.665899999439716 ], [ 964897.207700000144541, 1947282.4671 ], [ 964915.659300000406802, 1947274.327500000596046 ], [ 964926.394299999810755, 1947268.18129999935627 ], [ 964931.788499999791384, 1947263.155899999663234 ], [ 964935.939500000327826, 1947259.5176 ], [ 964963.888399999588728, 1947248.180500000715256 ], [ 964966.425999999977648, 1947247.166200000792742 ], [ 964974.480000000447035, 1947244.8268 ], [ 964989.862200000323355, 1947244.130100000649691 ], [ 964991.406000000424683, 1947244.1634 ], [ 965007.885700000450015, 1947246.472899999469519 ], [ 965009.299999999813735, 1947246.681900000199676 ], [ 965017.974700000137091, 1947248.080700000748038 ], [ 965023.907800000160933, 1947249.659700000658631 ], [ 965056.72580000013113, 1947267.510500000789762 ], [ 965058.3284, 1947268.254899999126792 ], [ 965064.8454, 1947269.317600000649691 ], [ 965070.692999999970198, 1947267.0472 ], [ 965087.186200000345707, 1947253.004799999296665 ], [ 965089.902400000020862, 1947252.760600000619888 ], [ 965116.576399999670684, 1947252.947200000286102 ], [ 965119.130400000140071, 1947252.842800000682473 ], [ 965140.495699999853969, 1947251.800799999386072 ], [ 965165.099100000225008, 1947250.737099999561906 ], [ 965166.2341, 1947251.01659999974072 ], [ 965176.958700000308454, 1947255.928999999538064 ], [ 965197.199900000356138, 1947274.612700000405312 ], [ 965197.849399999715388, 1947274.814300000667572 ], [ 965201.723899999633431, 1947275.927699999883771 ], [ 965213.502600000239909, 1947263.783099999651313 ], [ 965217.763399999588728, 1947260.033299999311566 ], [ 965226.652200000360608, 1947253.57179999910295 ], [ 965230.3597999997437, 1947251.6097999997437 ], [ 965243.733900000341237, 1947248.5921 ], [ 965263.420699999667704, 1947248.403000000864267 ], [ 965308.495799999684095, 1947247.810599999502301 ], [ 965309.500900000333786, 1947247.786800000816584 ], [ 965341.087799999862909, 1947246.135199999436736 ], [ 965350.024100000038743, 1947245.3081 ], [ 965396.171299999579787, 1947239.943299999460578 ], [ 965398.959300000220537, 1947239.66950000077486 ], [ 965423.097400000318885, 1947239.022299999371171 ], [ 965425.646499999798834, 1947239.004799999296665 ], [ 965454.516200000420213, 1947239.942399999126792 ], [ 965457.498100000433624, 1947240.103199999779463 ], [ 965491.323099999688566, 1947242.939799999818206 ], [ 965494.005800000391901, 1947243.205600000917912 ], [ 965515.447200000286102, 1947245.919199999421835 ], [ 965518.693300000391901, 1947246.088300000876188 ], [ 965564.183899999596179, 1947247.128799999132752 ], [ 965689.325100000016391, 1947249.735200000926852 ], [ 965696.838000000454485, 1947249.961899999529123 ], [ 965754.710900000296533, 1947252.1338 ], [ 965756.385999999940395, 1947252.179199999198318 ], [ 965832.710400000214577, 1947251.775800000876188 ], [ 965834.400600000284612, 1947251.748199999332428 ], [ 965895.447900000028312, 1947249.271999999880791 ], [ 965896.887000000104308, 1947249.270199999213219 ], [ 965958.443400000222027, 1947251.22440000064671 ], [ 965959.670400000177324, 1947251.215399999171495 ], [ 966004.917100000195205, 1947249.9145 ], [ 966061.401700000278652, 1947249.302300000563264 ], [ 966100.729899999685585, 1947246.254300000146031 ], [ 966135.162200000137091, 1947237.935000000521541 ], [ 966149.397300000302494, 1947232.564999999478459 ], [ 966170.299899999983609, 1947233.1261 ], [ 966234.802000000141561, 1947232.898399999365211 ], [ 966257.272199999541044, 1947235.885700000450015 ], [ 966273.719399999827147, 1947238.337799999862909 ], [ 966275.729899999685585, 1947238.690099999308586 ], [ 966291.456199999898672, 1947246.147900000214577 ], [ 966293.363400000147521, 1947247.203600000590086 ], [ 966316.629099999554455, 1947268.49970000050962 ], [ 966318.869500000029802, 1947270.522299999371171 ], [ 966325.792299999855459, 1947275.91609999909997 ], [ 966335.303100000135601, 1947282.946699999272823 ], [ 966338.556599999777973, 1947285.085100000724196 ], [ 966345.77489999961108, 1947286.759600000455976 ], [ 966356.655600000172853, 1947288.7061 ], [ 966360.978699999861419, 1947289.669600000604987 ], [ 966381.645299999974668, 1947299.34569999948144 ], [ 966383.811900000087917, 1947300.46030000038445 ], [ 966407.549399999901652, 1947313.331800000742078 ], [ 966409.38260000012815, 1947314.589400000870228 ], [ 966425.485100000165403, 1947327.276000000536442 ], [ 966426.869800000451505, 1947328.751599999144673 ], [ 966439.525999999605119, 1947343.711400000378489 ], [ 966439.947700000368059, 1947344.972999999299645 ], [ 966441.426500000059605, 1947353.1754 ], [ 966442.316499999724329, 1947357.330299999564886 ], [ 966445.044999999925494, 1947366.571599999442697 ], [ 966446.957200000062585, 1947370.544399999082088 ], [ 966453.763100000098348, 1947376.643799999728799 ], [ 966457.442999999970198, 1947379.410900000482798 ], [ 966467.090400000102818, 1947384.810499999672174 ], [ 966472.744099999777973, 1947387.462300000712276 ], [ 966493.01410000026226, 1947395.212099999189377 ], [ 966532.655600000172853, 1947405.239399999380112 ], [ 966609.902900000102818, 1947426.891000000759959 ], [ 966635.215400000102818, 1947432.394799999892712 ], [ 966668.156299999915063, 1947442.047399999573827 ], [ 966685.448900000192225, 1947442.888599999248981 ], [ 966689.549300000071526, 1947442.14809999987483 ], [ 966697.749800000339746, 1947439.936200000345707 ], [ 966702.268699999898672, 1947437.75 ], [ 966712.388700000010431, 1947432.002299999818206 ], [ 966716.881799999624491, 1947428.831599999219179 ], [ 966725.806499999947846, 1947421.967000000178814 ], [ 966728.864099999889731, 1947419.3805 ], [ 966734.105100000277162, 1947414.7149 ], [ 966734.9375, 1947412.000900000333786 ], [ 966735.564799999818206, 1947406.468000000342727 ], [ 966735.196800000034273, 1947405.941199999302626 ], [ 966720.181599999777973, 1947406.494300000369549 ], [ 966714.777200000360608, 1947407.934399999678135 ], [ 966704.922100000083447, 1947411.029100000858307 ], [ 966693.356399999931455, 1947414.26380000077188 ], [ 966688.910799999721348, 1947414.88910000026226 ], [ 966681.221900000236928, 1947415.850400000810623 ], [ 966673.190299999900162, 1947418.17820000089705 ], [ 966672.256400000303984, 1947418.738700000569224 ], [ 966662.044999999925494, 1947425.7588 ], [ 966657.128700000233948, 1947425.914300000295043 ], [ 966649.71059999987483, 1947425.9068 ], [ 966648.24349999986589, 1947425.7325 ], [ 966634.592400000430644, 1947423.865800000727177 ], [ 966617.715200000442564, 1947412.671800000593066 ], [ 966615.266699999570847, 1947404.899800000712276 ], [ 966615.736499999649823, 1947397.111500000581145 ], [ 966622.309799999929965, 1947389.7621 ], [ 966636.657999999821186, 1947386.586400000378489 ], [ 966659.549200000241399, 1947385.915100000798702 ], [ 966672.896200000308454, 1947378.7643 ], [ 966680.217899999581277, 1947374.745699999853969 ], [ 966693.503700000233948, 1947368.107100000604987 ], [ 966695.181200000457466, 1947367.251499999314547 ], [ 966711.214399999938905, 1947357.427400000393391 ], [ 966713.158800000324845, 1947356.321000000461936 ], [ 966738.185200000181794, 1947347.720599999651313 ], [ 966755.766200000420213, 1947342.189200000837445 ], [ 966757.374200000427663, 1947341.737600000575185 ], [ 966763.798700000159442, 1947341.191999999806285 ], [ 966767.862900000065565, 1947340.768699999898672 ], [ 966775.430700000375509, 1947338.418800000101328 ], [ 966780.219800000078976, 1947336.756400000303984 ], [ 966797.978500000201166, 1947326.711799999698997 ], [ 966800.210799999535084, 1947325.361600000411272 ], [ 966829.424800000153482, 1947306.964800000190735 ], [ 966832.472400000318885, 1947305.51630000025034 ], [ 966865.999800000339746, 1947292.883500000461936 ], [ 966869.523000000044703, 1947291.0472999997437 ], [ 966906.607900000177324, 1947269.245799999684095 ], [ 966910.002700000070035, 1947267.323400000110269 ], [ 966942.059600000269711, 1947249.4518 ], [ 966945.773299999535084, 1947247.25870000012219 ], [ 966981.159099999815226, 1947226.1107 ], [ 966984.475300000049174, 1947224.44620000012219 ], [ 967012.722299999557436, 1947210.78940000012517 ], [ 967013.583300000056624, 1947210.308800000697374 ], [ 967054.118400000035763, 1947186.066400000825524 ], [ 967056.356499999761581, 1947183.3651 ], [ 967072.216900000348687, 1947162.989399999380112 ], [ 967072.750599999912083, 1947161.21059999987483 ], [ 967076.125099999830127, 1947149.066999999806285 ], [ 967084.896800000220537, 1947117.3454 ], [ 967096.202499999664724, 1947066.548000000417233 ], [ 967115.771800000220537, 1947003.627100000157952 ], [ 967144.921000000089407, 1946942.488500000908971 ], [ 967168.146999999880791, 1946895.212600000202656 ], [ 967168.769500000402331, 1946893.870799999684095 ], [ 967188.327800000086427, 1946834.464199999347329 ], [ 967204.581399999558926, 1946785.551300000399351 ], [ 967204.874200000427663, 1946784.5921 ], [ 967211.9534, 1946756.387499999254942 ], [ 967212.721800000406802, 1946753.079900000244379 ], [ 967218.112499999813735, 1946716.181099999696016 ], [ 967218.763000000268221, 1946711.937400000169873 ], [ 967227.873499999754131, 1946659.332699999213219 ], [ 967229.044400000013411, 1946654.355499999597669 ], [ 967247.251799999736249, 1946614.056399999186397 ], [ 967249.048299999907613, 1946610.594900000840425 ], [ 967267.751699999906123, 1946584.1776 ], [ 967269.560499999672174, 1946581.995100000873208 ], [ 967288.611299999989569, 1946563.959599999710917 ], [ 967291.324199999682605, 1946561.956299999728799 ], [ 967328.099499999545515, 1946538.372899999842048 ], [ 967331.733500000089407, 1946536.453700000420213 ], [ 967369.756299999542534, 1946518.9967 ], [ 967372.962700000032783, 1946518.056500000879169 ], [ 967402.657100000418723, 1946512.110400000587106 ], [ 967403.554299999959767, 1946511.814999999478459 ], [ 967446.110000000335276, 1946477.222200000658631 ], [ 967448.693300000391901, 1946475.5756 ], [ 967469.11670000012964, 1946463.939200000837445 ], [ 967471.596199999563396, 1946463.085899999365211 ], [ 967492.917000000365078, 1946456.334100000560284 ], [ 967496.628700000233948, 1946454.417099999263883 ], [ 967526.73450000025332, 1946438.541899999603629 ], [ 967595.654900000430644, 1946403.027699999511242 ], [ 967629.418999999761581, 1946385.170199999585748 ], [ 967642.400799999944866, 1946379.19510000012815 ], [ 967655.957299999892712, 1946373.578099999576807 ], [ 967666.575899999588728, 1946368.6184 ], [ 967673.30489999987185, 1946363.437699999660254 ], [ 967673.308699999935925, 1946361.603800000622869 ], [ 967684.283999999985099, 1946357.4199 ], [ 967699.971199999563396, 1946354.421399999409914 ], [ 967749.137600000016391, 1946342.371300000697374 ] ] ] ] } },
{ "type": "Feature", "properties": { "OBJECTID": 24, "CODE2": 0.0, "INDEXPAGE1": null, "LEVEL1": null, "NAME2": null, "RIVLEN1": 0.0, "UID1": 0.0, "INDEXPAGE2": ",43", "LEVEL2": ",43", "RIVLEN2": 1.3, "RIV_CD_1": 1025340.0, "RIV_NAM_1": ",43", "UID2": 515.0, "CODE1": 0.0, "INDEXPAGE": null, "LEVEL": null, "NAME1": null, "RIVLEN": 0.0, "UID": 0.0, "Shape_Leng": 2315.52477881, "Shape_Area": 2310.5152125300001 }, "geometry": { "type": "MultiPolygon", "coordinates": [ [ [ [ 950042.372899999842048, 1950431.268300000578165 ], [ 950041.550900000147521, 1950429.445900000631809 ], [ 950040.7966, 1950429.786100000143051 ], [ 950038.22510000038892, 1950428.206000000238419 ], [ 950033.71100000012666, 1950418.432600000873208 ], [ 950031.082600000314415, 1950408.714500000700355 ], [ 950028.3284, 1950394.835999999195337 ], [ 950025.543600000441074, 1950376.147299999371171 ], [ 950022.81180000025779, 1950351.96199999935925 ], [ 950020.214900000020862, 1950321.591399999335408 ], [ 950017.834599999710917, 1950284.34569999948144 ], [ 950015.752100000157952, 1950239.534399999305606 ], [ 950014.04839999973774, 1950186.466499999165535 ], [ 950012.80460000038147, 1950124.450799999758601 ], [ 950012.10120000038296, 1950052.769500000402331 ], [ 950008.065399999730289, 1949977.546499999240041 ], [ 949997.399600000120699, 1949905.566999999806285 ], [ 949981.056699999608099, 1949837.078700000420213 ], [ 949959.988099999725819, 1949772.300499999895692 ], [ 949935.144600000232458, 1949711.450999999418855 ], [ 949907.477099999785423, 1949654.748199999332428 ], [ 949877.935899999924004, 1949602.409900000318885 ], [ 949847.470999999903142, 1949554.654200000688434 ], [ 949817.032399999909103, 1949511.6985 ], [ 949787.569600000046194, 1949473.760700000450015 ], [ 949760.032300000078976, 1949441.058900000527501 ], [ 949735.369800000451505, 1949413.81110000051558 ], [ 949714.531700000166893, 1949392.235300000756979 ], [ 949698.4671, 1949376.549699999392033 ], [ 949692.825699999928474, 1949371.325300000607967 ], [ 949690.914300000295043, 1949372.279999999329448 ], [ 949697.089300000108778, 1949377.998700000345707 ], [ 949713.114000000059605, 1949393.645199999213219 ], [ 949733.909300000406802, 1949415.176699999719858 ], [ 949758.526100000366569, 1949442.374099999666214 ], [ 949786.0148, 1949475.018200000748038 ], [ 949815.426500000059605, 1949512.890100000426173 ], [ 949845.811700000427663, 1949555.770300000905991 ], [ 949876.221400000154972, 1949603.4397 ], [ 949905.706699999980628, 1949655.67879999987781 ], [ 949933.318799999542534, 1949712.268200000748038 ], [ 949958.10950000025332, 1949772.988500000908971 ], [ 949979.130699999630451, 1949837.620799999684095 ], [ 949995.434700000099838, 1949905.9463 ], [ 950006.073900000192225, 1949977.746999999508262 ], [ 950010.10259999986738, 1950052.832900000736117 ], [ 950010.805499999783933, 1950124.480699999257922 ], [ 950012.049800000153482, 1950186.5186 ], [ 950013.754300000146031, 1950239.6129 ], [ 950015.838399999774992, 1950284.455900000408292 ], [ 950018.221099999733269, 1950321.740199999883771 ], [ 950020.822100000455976, 1950352.159399999305606 ], [ 950023.560999999754131, 1950376.406899999827147 ], [ 950026.358099999837577, 1950395.178099999204278 ], [ 950029.134899999946356, 1950409.170499999076128 ], [ 950031.825199999846518, 1950419.117599999532104 ], [ 950036.663499999791384, 1950429.5929000005126 ], [ 950040.652700000442564, 1950432.044199999421835 ], [ 950042.372899999842048, 1950431.268300000578165 ] ] ] ] } },
{ "type": "Feature", "properties": { "OBJECTID": 25, "CODE2": 0.0, "INDEXPAGE1": null, "LEVEL1": null, "NAME2": null, "RIVLEN1": 0.0, "UID1": 0.0, "INDEXPAGE2": ",43", "LEVEL2": ",43", "RIVLEN2": 3.55, "RIV_CD_1": 1024880.0, "RIV_NAM_1": ",43", "UID2": 507.0, "CODE1": 0.0, "INDEXPAGE": null, "LEVEL": null, "NAME1": null, "RIVLEN": 0.0, "UID": 0.0, "Shape_Leng": 8835.7330044800001, "Shape_Area": 8824.4294026700009 }, "geometry": { "type": "MultiPolygon", "coordinates": [ [ [ [ 970315.444899999536574, 1951956.171599999070168 ], [ 970317.331199999898672, 1951955.227399999275804 ], [ 970326.557000000029802, 1951950.6096 ], [ 970412.55559999961406, 1951915.821000000461936 ], [ 970466.790699999779463, 1951894.896299999207258 ], [ 970582.751400000415742, 1951847.02250000089407 ], [ 970633.707499999552965, 1951828.930600000545382 ], [ 970706.854000000283122, 1951798.275000000372529 ], [ 970764.930399999953806, 1951778.285499999299645 ], [ 970818.506299999542534, 1951760.283900000154972 ], [ 970860.349399999715388, 1951745.852600000798702 ], [ 970889.408300000242889, 1951735.171399999409914 ], [ 970915.136300000362098, 1951725.861400000751019 ], [ 970938.496399999596179, 1951716.493100000545382 ], [ 970969.818900000303984, 1951700.248700000345707 ], [ 971003.111100000329316, 1951686.771099999547005 ], [ 971032.387600000016391, 1951674.079500000923872 ], [ 971045.925400000065565, 1951657.458499999716878 ], [ 971066.519299999810755, 1951633.941400000825524 ], [ 971082.915199999697506, 1951609.642699999734759 ], [ 971106.136900000274181, 1951581.6706000007689 ], [ 971123.703599999658763, 1951541.20240000076592 ], [ 971120.049300000071526, 1951520.691999999806285 ], [ 971116.923600000329316, 1951493.954500000923872 ], [ 971105.413399999961257, 1951435.475400000810623 ], [ 971088.374699999578297, 1951380.659499999135733 ], [ 971072.457700000144541, 1951348.099999999627471 ], [ 971052.289099999703467, 1951319.213400000706315 ], [ 971044.449400000274181, 1951291.122199999168515 ], [ 971023.210500000044703, 1951216.28969999961555 ], [ 971014.244900000281632, 1951165.457599999383092 ], [ 971012.048100000247359, 1951106.149700000882149 ], [ 971009.952399999834597, 1951036.863500000908971 ], [ 971014.691499999724329, 1950964.682199999690056 ], [ 971022.383899999782443, 1950910.155999999493361 ], [ 971026.222199999727309, 1950894.871500000357628 ], [ 971044.590099999681115, 1950801.287200000137091 ], [ 971056.748300000093877, 1950727.014399999752641 ], [ 971078.979000000283122, 1950623.411599999293685 ], [ 971083.346300000324845, 1950599.23369999974966 ], [ 971095.417700000107288, 1950539.77250000089407 ], [ 971102.4545, 1950498.0636 ], [ 971116.36670000012964, 1950430.887299999594688 ], [ 971128.465400000102818, 1950368.301100000739098 ], [ 971144.153599999845028, 1950312.154200000688434 ], [ 971159.413099999539554, 1950240.339600000530481 ], [ 971167.694799999706447, 1950184.774399999529123 ], [ 971177.831500000320375, 1950135.114 ], [ 971182.934000000357628, 1950090.464800000190735 ], [ 971195.323599999770522, 1949983.192299999296665 ], [ 971199.621700000017881, 1949891.622300000861287 ], [ 971200.926300000399351, 1949874.330900000408292 ], [ 971239.856700000353158, 1949600.042700000107288 ], [ 971237.791899999603629, 1949600.363900000229478 ], [ 971198.946999999694526, 1949874.050000000745058 ], [ 971197.626000000163913, 1949891.500099999830127 ], [ 971193.329800000414252, 1949983.030600000172853 ], [ 971180.947900000028312, 1950090.236600000411272 ], [ 971175.855200000107288, 1950134.800000000745058 ], [ 971165.725300000049174, 1950184.426799999549985 ], [ 971157.44469999987632, 1950239.984200000762939 ], [ 971142.211099999956787, 1950311.676899999380112 ], [ 971126.517900000326335, 1950367.841600000858307 ], [ 971114.40639999974519, 1950430.494899999350309 ], [ 971100.489199999719858, 1950497.694499999284744 ], [ 971093.451799999922514, 1950539.407299999147654 ], [ 971081.382799999788404, 1950598.857200000435114 ], [ 971077.017500000074506, 1950623.0241 ], [ 971054.783300000242889, 1950726.64299999922514 ], [ 971042.622299999929965, 1950800.9331 ], [ 971024.270499999634922, 1950894.4353 ], [ 971020.419099999591708, 1950909.771800000220537 ], [ 971012.701500000432134, 1950964.476800000295043 ], [ 971007.951200000010431, 1951036.828199999406934 ], [ 971010.049999999813735, 1951106.216900000348687 ], [ 971012.252199999988079, 1951165.669199999421835 ], [ 971021.259399999864399, 1951216.737400000914931 ], [ 971042.525000000372529, 1951291.663899999111891 ], [ 971050.455099999904633, 1951320.078700000420213 ], [ 971070.729799999855459, 1951349.1173 ], [ 971086.511099999770522, 1951381.39949999935925 ], [ 971103.472500000149012, 1951435.966600000858307 ], [ 971114.946999999694526, 1951494.264000000432134 ], [ 971118.070600000210106, 1951520.9836 ], [ 971121.629599999636412, 1951540.9594 ], [ 971104.416500000283122, 1951580.613099999725819 ], [ 971081.313500000163913, 1951608.442199999466538 ], [ 971064.932300000451505, 1951632.718900000676513 ], [ 971044.397900000214577, 1951656.168199999257922 ], [ 971031.145200000144541, 1951672.438999999314547 ], [ 971002.338299999944866, 1951684.92710000090301 ], [ 970968.981800000183284, 1951698.430800000205636 ], [ 970937.662200000137091, 1951714.673800000920892 ], [ 970914.423899999819696, 1951723.993200000375509 ], [ 970888.723199999891222, 1951733.293199999257922 ], [ 970859.67850000038743, 1951743.969200000166893 ], [ 970817.861999999731779, 1951758.3914 ], [ 970764.286700000055134, 1951776.392799999564886 ], [ 970706.14159999974072, 1951796.405999999493361 ], [ 970632.986100000329316, 1951827.065300000831485 ], [ 970582.035099999979138, 1951845.1554000005126 ], [ 970466.049300000071526, 1951893.03940000012517 ], [ 970411.820899999700487, 1951913.96169999986887 ], [ 970325.73340000025928, 1951948.786299999803305 ], [ 970303.066200000233948, 1951960.131799999624491 ], [ 970296.807599999941885, 1951952.64919999986887 ], [ 970281.506000000052154, 1951937.842800000682473 ], [ 970264.143099999986589, 1951918.283500000834465 ], [ 970241.272900000214577, 1951898.575200000777841 ], [ 970212.049100000411272, 1951883.611500000581145 ], [ 970171.116600000299513, 1951871.756400000303984 ], [ 970133.460699999704957, 1951866.815999999642372 ], [ 970108.370699999853969, 1951859.45130000077188 ], [ 970076.541100000031292, 1951836.863399999216199 ], [ 970051.740799999795854, 1951810.933900000527501 ], [ 970031.962600000202656, 1951800.706199999898672 ], [ 970014.696899999864399, 1951795.262199999764562 ], [ 970001.570199999958277, 1951797.354900000616908 ], [ 969989.097599999979138, 1951803.786499999463558 ], [ 969970.763399999588728, 1951821.738399999216199 ], [ 969957.064399999566376, 1951843.776200000196695 ], [ 969943.277400000020862, 1951859.856300000101328 ], [ 969931.914599999785423, 1951867.459799999371171 ], [ 969910.821399999782443, 1951868.324899999424815 ], [ 969894.74170000012964, 1951857.954600000753999 ], [ 969883.250900000333786, 1951847.997500000521541 ], [ 969865.380499999970198, 1951827.374600000679493 ], [ 969852.4534, 1951815.577099999412894 ], [ 969834.17989999987185, 1951810.664899999275804 ], [ 969806.021499999798834, 1951808.413100000470877 ], [ 969769.80350000038743, 1951808.760600000619888 ], [ 969755.223299999721348, 1951814.04839999973774 ], [ 969739.296900000423193, 1951822.852099999785423 ], [ 969724.266800000332296, 1951825.877699999138713 ], [ 969705.685399999842048, 1951823.167400000616908 ], [ 969688.413800000213087, 1951815.774599999189377 ], [ 969669.654099999926984, 1951805.572000000625849 ], [ 969655.388100000098348, 1951807.679400000721216 ], [ 969640.412899999879301, 1951815.024800000712276 ], [ 969633.42090000025928, 1951818.1491 ], [ 969618.383899999782443, 1951828.180099999532104 ], [ 969606.021599999628961, 1951840.2949 ], [ 969590.949500000104308, 1951856.196599999442697 ], [ 969582.160799999721348, 1951881.781700000166893 ], [ 969584.193300000391901, 1951903.693299999460578 ], [ 969598.918700000271201, 1951941.0559 ], [ 969615.655500000342727, 1951983.761299999430776 ], [ 969628.133899999782443, 1952018.9759 ], [ 969631.703700000420213, 1952046.982699999585748 ], [ 969629.501299999654293, 1952069.8445999994874 ], [ 969619.933600000105798, 1952092.184100000187755 ], [ 969612.058899999596179, 1952105.14809999987483 ], [ 969603.589800000190735, 1952117.599300000816584 ], [ 969592.028099999763072, 1952127.398 ], [ 969575.126699999906123, 1952139.313699999824166 ], [ 969558.284799999557436, 1952145.998199999332428 ], [ 969537.803999999538064, 1952149.497400000691414 ], [ 969516.738900000229478, 1952149.403699999675155 ], [ 969493.323499999940395, 1952146.18129999935627 ], [ 969477.053999999538064, 1952140.302999999374151 ], [ 969455.497899999842048, 1952131.8893 ], [ 969432.969100000336766, 1952111.370899999514222 ], [ 969407.546299999579787, 1952085.94480000063777 ], [ 969392.596499999985099, 1952078.887900000438094 ], [ 969383.185300000011921, 1952074.9616 ], [ 969374.412499999627471, 1952079.57010000012815 ], [ 969370.970700000412762, 1952092.200200000777841 ], [ 969371.980499999597669, 1952104.356499999761581 ], [ 969361.583100000396371, 1952156.432 ], [ 969363.67200000025332, 1952171.2895 ], [ 969362.500099999830127, 1952180.129799999296665 ], [ 969363.857099999673665, 1952185.082800000905991 ], [ 969365.654299999587238, 1952171.029200000688434 ], [ 969363.6102, 1952156.490199999883771 ], [ 969373.996199999935925, 1952104.471699999645352 ], [ 969372.992200000211596, 1952092.385900000110269 ], [ 969376.112599999643862, 1952080.9353 ], [ 969383.282999999821186, 1952077.168600000441074 ], [ 969391.784500000067055, 1952080.715299999341369 ], [ 969406.378399999812245, 1952087.6042 ], [ 969431.588399999774992, 1952112.817500000819564 ], [ 969454.425699999555945, 1952133.616800000891089 ], [ 969476.35080000013113, 1952142.174599999561906 ], [ 969492.842299999669194, 1952148.133099999278784 ], [ 969516.597500000149012, 1952151.402300000190735 ], [ 969537.969100000336766, 1952151.497400000691414 ], [ 969558.827800000086427, 1952147.933499999344349 ], [ 969576.084800000302494, 1952141.0844 ], [ 969593.252799999900162, 1952128.980499999597669 ], [ 969605.089800000190735, 1952118.9485 ], [ 969613.740799999795854, 1952106.230000000447035 ], [ 969621.715699999593198, 1952093.101199999451637 ], [ 969631.461400000378489, 1952070.345899999141693 ], [ 969633.714999999850988, 1952046.9518 ], [ 969630.089999999850988, 1952018.51039999909699 ], [ 969617.528900000266731, 1951983.0625 ], [ 969600.779400000348687, 1951940.324699999764562 ], [ 969586.157700000330806, 1951903.225099999457598 ], [ 969584.191200000233948, 1951882.024800000712276 ], [ 969592.699199999682605, 1951857.256699999794364 ], [ 969607.447200000286102, 1951841.697000000625849 ], [ 969619.649299999698997, 1951829.739099999889731 ], [ 969634.390300000086427, 1951819.9057 ], [ 969641.261199999600649, 1951816.8355 ], [ 969655.988699999637902, 1951809.611600000411272 ], [ 969669.285600000061095, 1951807.647299999371171 ], [ 969687.540900000371039, 1951817.5757 ], [ 969705.138600000180304, 1951825.107999999076128 ], [ 969724.321399999782443, 1951827.905899999663234 ], [ 969739.993999999947846, 1951824.7511 ], [ 969756.052799999713898, 1951815.874199999496341 ], [ 969770.164099999703467, 1951810.756400000303984 ], [ 969805.951299999840558, 1951810.413100000470877 ], [ 969833.837799999862909, 1951812.643100000917912 ], [ 969851.464900000020862, 1951817.38150000013411 ], [ 969863.94620000012219, 1951828.772399999201298 ], [ 969881.833700000308454, 1951849.41469999961555 ], [ 969893.53940000012517, 1951859.5581 ], [ 969910.270200000144541, 1951870.348400000482798 ], [ 969932.558799999766052, 1951869.434299999848008 ], [ 969944.616799999959767, 1951861.365499999374151 ], [ 969958.681599999777973, 1951844.961400000378489 ], [ 969972.334099999628961, 1951822.998299999162555 ], [ 969990.281299999915063, 1951805.425499999895692 ], [ 970002.201500000432134, 1951799.278699999675155 ], [ 970014.545699999667704, 1951797.310799999162555 ], [ 970031.197200000286102, 1951802.56110000051558 ], [ 970050.526399999856949, 1951812.556600000709295 ], [ 970075.228400000371039, 1951838.383199999108911 ], [ 970107.486499999649823, 1951861.275399999693036 ], [ 970133.0466, 1951868.778000000864267 ], [ 970170.706100000068545, 1951873.718900000676513 ], [ 970211.308799999766052, 1951885.478399999439716 ], [ 970240.149000000208616, 1951900.245799999684095 ], [ 970262.736800000071526, 1951919.710699999704957 ], [ 970280.061300000175834, 1951939.226700000464916 ], [ 970295.341699999757111, 1951954.012599999085069 ], [ 970302.547100000083447, 1951962.6272 ], [ 970315.444899999536574, 1951956.171599999070168 ] ] ] ] } },
{ "type": "Feature", "properties": { "OBJECTID": 26, "CODE2": 0.0, "INDEXPAGE1": null, "LEVEL1": null, "NAME2": null, "RIVLEN1": 0.0, "UID1": 0.0, "INDEXPAGE2": ",43", "LEVEL2": ",43", "RIVLEN2": 4.39, "RIV_CD_1": 1024900.0, "RIV_NAM_1": ",43", "UID2": 505.0, "CODE1": 0.0, "INDEXPAGE": null, "LEVEL": null, "NAME1": null, "RIVLEN": 0.0, "UID": 0.0, "Shape_Leng": 2952.7278385700001, "Shape_Area": 2947.1844382600002 }, "geometry": { "type": "MultiPolygon", "coordinates": [ [ [ [ 970317.331199999898672, 1951955.227399999275804 ], [ 970315.444899999536574, 1951956.171599999070168 ], [ 970326.612099999561906, 1951967.2642 ], [ 970343.3277000002563, 1951980.770300000905991 ], [ 970432.850700000301003, 1952064.884800000116229 ], [ 970442.46239999961108, 1952077.041999999433756 ], [ 970512.206199999898672, 1952111.195599999278784 ], [ 970742.511599999852479, 1952201.082000000402331 ], [ 970802.038200000301003, 1952200.558599999174476 ], [ 970829.88219999987632, 1952178.322599999606609 ], [ 970841.561200000345707, 1952173.113900000229478 ], [ 970855.942800000309944, 1952172.075300000607967 ], [ 970875.151899999938905, 1952174.868100000545382 ], [ 970892.663900000043213, 1952186.611099999397993 ], [ 970905.507000000216067, 1952207.880899999290705 ], [ 970918.801300000399351, 1952219.042099999263883 ], [ 970928.5777000002563, 1952222.364399999380112 ], [ 970951.69649999961257, 1952238.201400000602007 ], [ 970970.781299999915063, 1952244.866699999198318 ], [ 970999.713600000366569, 1952253.7533 ], [ 971044.878600000403821, 1952253.462600000202656 ], [ 971066.044700000435114, 1952254.640900000929832 ], [ 971082.606700000353158, 1952255.170399999246001 ], [ 971101.4222999997437, 1952259.05460000038147 ], [ 971119.666299999691546, 1952268.286299999803305 ], [ 971139.589599999599159, 1952279.780200000852346 ], [ 971149.830500000156462, 1952289.604599999263883 ], [ 971169.485299999825656, 1952300.054300000891089 ], [ 971188.515700000338256, 1952310.012800000607967 ], [ 971219.550200000405312, 1952320.538100000470877 ], [ 971248.668899999931455, 1952326.026000000536442 ], [ 971266.985600000247359, 1952329.875399999320507 ], [ 971285.566599999554455, 1952339.574999999254942 ], [ 971295.05559999961406, 1952352.371999999508262 ], [ 971298.855600000359118, 1952364.901200000196695 ], [ 971311.446899999864399, 1952378.824999999254942 ], [ 971336.434299999848008, 1952396.42989999987185 ], [ 971357.669700000435114, 1952410.735200000926852 ], [ 971380.458499999716878, 1952420.662200000137091 ], [ 971418.75829999987036, 1952439.817500000819564 ], [ 971445.997800000011921, 1952446.513299999758601 ], [ 971477.529000000096858, 1952455.925599999725819 ], [ 971504.862999999895692, 1952458.278999999165535 ], [ 971523.095800000242889, 1952456.184599999338388 ], [ 971546.303399999625981, 1952441.987700000405312 ], [ 971562.242600000463426, 1952425.669600000604987 ], [ 971575.302099999971688, 1952409.983999999240041 ], [ 971587.120099999941885, 1952399.927500000223517 ], [ 971596.728699999861419, 1952396.786399999633431 ], [ 971597.439299999736249, 1952396.557199999690056 ], [ 971597.779900000430644, 1952394.346799999475479 ], [ 971596.111399999819696, 1952394.8849 ], [ 971586.124499999918044, 1952398.149599999189377 ], [ 971573.875599999912083, 1952408.57289999909699 ], [ 971560.757000000216067, 1952424.3293999992311 ], [ 971545.047399999573827, 1952440.412399999797344 ], [ 971522.42920000012964, 1952454.248800000175834 ], [ 971504.834400000050664, 1952456.269899999722838 ], [ 971477.9046, 1952453.95130000077188 ], [ 971446.522599999792874, 1952444.583599999547005 ], [ 971419.452499999664724, 1952437.92960000038147 ], [ 971381.305399999953806, 1952418.850400000810623 ], [ 971358.635400000028312, 1952408.975299999117851 ], [ 971337.568599999882281, 1952394.783500000834465 ], [ 971312.780399999581277, 1952377.318900000303984 ], [ 971300.638700000010431, 1952363.8925 ], [ 971296.86809999961406, 1952351.459899999201298 ], [ 971286.898900000378489, 1952338.0153 ], [ 971267.666500000283122, 1952327.975700000301003 ], [ 971249.059700000099838, 1952324.065300000831485 ], [ 971220.058899999596179, 1952318.599600000306964 ], [ 971189.30489999987185, 1952308.169399999082088 ], [ 971170.417999999597669, 1952298.286000000312924 ], [ 971151.014200000092387, 1952287.969799999147654 ], [ 971140.798700000159442, 1952278.169600000604987 ], [ 971120.61780000012368, 1952266.527200000360608 ], [ 971102.08739999961108, 1952257.15059999935329 ], [ 971082.84250000026077, 1952253.177699999883771 ], [ 971066.13219999987632, 1952252.643500000238419 ], [ 971044.927699999883771, 1952251.46309999935329 ], [ 971000.007399999536574, 1952251.7522 ], [ 970971.404500000178814, 1952242.96680000051856 ], [ 970952.606900000013411, 1952236.401799999177456 ], [ 970929.480899999849498, 1952220.559900000691414 ], [ 970919.799599999561906, 1952217.269899999722838 ], [ 970907.046699999831617, 1952206.563300000503659 ], [ 970894.145999999716878, 1952185.197799999266863 ], [ 970875.888500000350177, 1952172.954900000244379 ], [ 970856.015399999916553, 1952170.065700000151992 ], [ 970841.067300000227988, 1952171.145199999213219 ], [ 970828.834400000050664, 1952176.6009 ], [ 970801.330099999904633, 1952198.565500000491738 ], [ 970742.879399999976158, 1952199.079500000923872 ], [ 970513.010599999688566, 1952109.363500000908971 ], [ 970443.749099999666214, 1952075.44620000012219 ], [ 970434.3273, 1952063.528899999335408 ], [ 970344.642199999652803, 1951979.2621 ], [ 970327.948300000280142, 1951965.773700000718236 ], [ 970317.331199999898672, 1951955.227399999275804 ] ] ] ] } },
{ "type": "Feature", "properties": { "OBJECTID": 27, "CODE2": 0.0, "INDEXPAGE1": null, "LEVEL1": null, "NAME2": null, "RIVLEN1": 0.0, "UID1": 0.0, "INDEXPAGE2": ",43", "LEVEL2": ",43", "RIVLEN2": 3.2, "RIV_CD_1": 1025370.0, "RIV_NAM_1": ",43", "UID2": 476.0, "CODE1": 0.0, "INDEXPAGE": null, "LEVEL": null, "NAME1": null, "RIVLEN": 0.0, "UID": 0.0, "Shape_Leng": 4597.7366961799999, "Shape_Area": 4592.0086716100004 }, "geometry": { "type": "MultiPolygon", "coordinates": [ [ [ [ 948572.425599999725819, 1955755.3597999997437 ], [ 948571.652800000272691, 1955757.2051 ], [ 948797.508600000292063, 1955842.382099999114871 ], [ 948822.261500000022352, 1955863.677200000733137 ], [ 949073.503399999812245, 1956459.431900000199676 ], [ 949127.387000000104308, 1956562.662000000476837 ], [ 949435.608500000089407, 1956779.717800000682473 ], [ 949538.509899999946356, 1956860.78940000012517 ], [ 949632.838700000196695, 1956955.358200000599027 ], [ 949779.605299999937415, 1957059.088500000536442 ], [ 949830.188299999572337, 1957093.2467 ], [ 949861.307900000363588, 1957132.5033 ], [ 949864.057300000451505, 1957144.993699999526143 ], [ 949893.676099999807775, 1957331.607699999585748 ], [ 949931.262099999934435, 1957425.858799999579787 ], [ 949940.8761, 1957447.23960000090301 ], [ 949942.699500000104308, 1957446.419700000435114 ], [ 949933.103199999779463, 1957425.078199999406934 ], [ 949895.615600000135601, 1957331.074100000783801 ], [ 949866.022499999962747, 1957144.621799999848008 ], [ 949863.161100000143051, 1957131.622999999672174 ], [ 949831.563099999912083, 1957091.762700000777841 ], [ 949780.74170000012964, 1957057.443600000813603 ], [ 949634.13289999961853, 1956953.824699999764562 ], [ 949539.841000000014901, 1956859.292999999597669 ], [ 949436.80350000038743, 1956778.114099999889731 ], [ 949128.934799999929965, 1956561.306700000539422 ], [ 949075.313699999824166, 1956458.5793999992311 ], [ 948823.92119999974966, 1955862.467800000682473 ], [ 948798.544700000435114, 1955840.636099999770522 ], [ 948572.425599999725819, 1955755.3597999997437 ] ] ] ] } },
{ "type": "Feature", "properties": { "OBJECTID": 28, "CODE2": 0.0, "INDEXPAGE1": null, "LEVEL1": null, "NAME2": null, "RIVLEN1": 0.0, "UID1": 0.0, "INDEXPAGE2": ",43", "LEVEL2": ",43", "RIVLEN2": 7.3, "RIV_CD_1": 1025360.0, "RIV_NAM_1": ",ұ3õ", "UID2": 468.0, "CODE1": 0.0, "INDEXPAGE": null, "LEVEL": null, "NAME1": null, "RIVLEN": 0.0, "UID": 0.0, "Shape_Leng": 15217.354017199999, "Shape_Area": 133984.151144 }, "geometry": { "type": "MultiPolygon", "coordinates": [ [ [ [ 948571.652800000272691, 1955757.2051 ], [ 948572.425599999725819, 1955755.3597999997437 ], [ 948463.865299999713898, 1955705.229000000283122 ], [ 948464.084400000050664, 1955666.4835 ], [ 948456.789800000376999, 1955638.877399999648333 ], [ 948470.891699999570847, 1955642.534399999305606 ], [ 948470.798999999649823, 1955641.322499999776483 ], [ 948421.088499999605119, 1955396.67989999987185 ], [ 948403.269399999640882, 1955304.082299999892712 ], [ 948402.761500000022352, 1955301.497099999338388 ], [ 948355.910199999809265, 1955069.934399999678135 ], [ 948355.156700000166893, 1955066.5168999992311 ], [ 948321.833800000138581, 1954922.062699999660254 ], [ 948309.25760000012815, 1954872.66469999961555 ], [ 948308.559100000187755, 1954869.815099999308586 ], [ 948301.95409999974072, 1954842.088600000366569 ], [ 948301.266499999910593, 1954839.128599999472499 ], [ 948292.653699999675155, 1954794.879799999296665 ], [ 948289.006699999794364, 1954769.973200000822544 ], [ 948288.793800000101328, 1954768.284499999135733 ], [ 948286.645299999974668, 1954748.006999999284744 ], [ 948284.5159, 1954722.596999999135733 ], [ 948284.090300000272691, 1954720.0439 ], [ 948280.168300000019372, 1954697.169800000265241 ], [ 948279.674100000411272, 1954694.184699999168515 ], [ 948270.128700000233948, 1954635.264499999582767 ], [ 948257.723799999803305, 1954587.18779999949038 ], [ 948257.468799999915063, 1954586.115399999544024 ], [ 948242.884700000286102, 1954519.924200000241399 ], [ 948228.808500000275671, 1954457.486400000751019 ], [ 948214.241899999789894, 1954397.968299999833107 ], [ 948200.472299999557436, 1954343.262900000438094 ], [ 948191.253200000151992, 1954306.636199999600649 ], [ 948190.969600000418723, 1954305.732699999585748 ], [ 948181.952200000174344, 1954282.823999999091029 ], [ 948178.981700000353158, 1954275.8004 ], [ 948169.173200000077486, 1954254.521500000730157 ], [ 948168.109400000423193, 1954252.765699999406934 ], [ 948154.732599999755621, 1954233.151200000196695 ], [ 948153.124200000427663, 1954230.895700000226498 ], [ 948111.886599999852479, 1954182.213999999687076 ], [ 948033.816700000315905, 1954092.678400000557303 ], [ 947975.455199999734759, 1954025.501900000497699 ], [ 947960.166199999861419, 1954006.9649 ], [ 947916.112499999813735, 1953953.750099999830127 ], [ 947817.66260000038892, 1953825.2347 ], [ 947767.28870000038296, 1953768.18129999935627 ], [ 947766.403099999763072, 1953767.160299999639392 ], [ 947728.097599999979138, 1953721.800599999725819 ], [ 947724.744800000451505, 1953717.88539999909699 ], [ 947674.540599999949336, 1953660.966700000688434 ], [ 947597.149799999780953, 1953564.28690000064671 ], [ 947594.854299999773502, 1953560.96199999935925 ], [ 947581.482099999673665, 1953537.900900000706315 ], [ 947580.043700000271201, 1953535.602099999785423 ], [ 947552.625799999572337, 1953500.97829999960959 ], [ 947437.159799999557436, 1953365.432199999690056 ], [ 947392.257500000298023, 1953306.659700000658631 ], [ 947365.546500000171363, 1953271.181199999526143 ], [ 947323.411299999803305, 1953214.871799999848008 ], [ 947320.818799999542534, 1953211.190899999812245 ], [ 947293.887600000016391, 1953169.996099999174476 ], [ 947293.339100000448525, 1953169.184699999168515 ], [ 947278.7829, 1953153.713199999183416 ], [ 947277.378399999812245, 1953152.98960000090301 ], [ 947264.639499999582767, 1953146.88260000012815 ], [ 947263.487999999895692, 1953146.362299999222159 ], [ 947248.876500000245869, 1953140.279899999499321 ], [ 947244.902599999681115, 1953137.400699999183416 ], [ 947233.958999999798834, 1953126.315400000661612 ], [ 947233.53139999974519, 1953125.780799999833107 ], [ 947222.164900000207126, 1953110.20890000090003 ], [ 947201.049200000241399, 1953081.280799999833107 ], [ 947198.303000000305474, 1953077.627699999138713 ], [ 947160.525399999693036, 1953030.989900000393391 ], [ 947128.275600000284612, 1952989.1831 ], [ 947125.900500000454485, 1952985.121300000697374 ], [ 947100.5011, 1952938.364900000393391 ], [ 947098.038399999961257, 1952933.87529999949038 ], [ 947065.45299999974668, 1952877.014799999073148 ], [ 947042.171500000171363, 1952829.071699999272823 ], [ 947041.267699999734759, 1952826.94480000063777 ], [ 947035.98589999973774, 1952811.418500000610948 ], [ 947035.46129999961704, 1952809.83559999987483 ], [ 947032.838499999605119, 1952797.122700000181794 ], [ 947029.279400000348687, 1952757.305299999192357 ], [ 947029.132100000046194, 1952754.238700000569224 ], [ 947028.669200000353158, 1952717.342800000682473 ], [ 947028.597400000318885, 1952712.898499999195337 ], [ 947023.572499999776483, 1952642.807099999859929 ], [ 947020.827200000174344, 1952595.61570000089705 ], [ 947020.612800000235438, 1952590.825799999758601 ], [ 947017.686700000427663, 1952503.488900000229478 ], [ 947012.068900000303984, 1952405.970000000670552 ], [ 947011.906299999915063, 1952401.455199999734759 ], [ 947010.681300000287592, 1952359.167400000616908 ], [ 946999.033099999651313, 1952140.129699999466538 ], [ 946993.232200000435114, 1952012.250600000843406 ], [ 946993.043300000019372, 1952007.800899999216199 ], [ 946991.849499999545515, 1951977.401399999856949 ], [ 946991.707100000232458, 1951974.065400000661612 ], [ 946988.247000000439584, 1951907.3553 ], [ 946980.512600000016391, 1951603.260800000280142 ], [ 946942.698300000280142, 1951581.35080000013113 ], [ 946951.411199999973178, 1951880.082499999552965 ], [ 946958.839100000448525, 1951998.297399999573827 ], [ 946963.638299999758601, 1952100.279100000858307 ], [ 946966.893899999558926, 1952175.341499999165535 ], [ 946972.784699999727309, 1952274.694499999284744 ], [ 946978.29009999986738, 1952389.947000000625849 ], [ 946984.254700000397861, 1952480.349300000816584 ], [ 946996.184299999848008, 1952702.10050000064075 ], [ 946998.939600000157952, 1952731.909700000658631 ], [ 946999.179399999789894, 1952734.817900000140071 ], [ 947002.301699999719858, 1952787.276499999687076 ], [ 947003.988400000147521, 1952819.511499999091029 ], [ 947004.277599999681115, 1952821.501000000163913 ], [ 947008.28899999987334, 1952841.763599999248981 ], [ 947008.726400000043213, 1952843.81870000064373 ], [ 947015.453200000338256, 1952865.255300000309944 ], [ 947017.484699999913573, 1952871.369799999520183 ], [ 947023.290000000037253, 1952887.086100000888109 ], [ 947023.870500000193715, 1952888.354299999773502 ], [ 947032.307400000281632, 1952904.360200000926852 ], [ 947050.180800000205636, 1952937.563799999654293 ], [ 947052.240299999713898, 1952939.910700000822544 ], [ 947070.255699999630451, 1952959.913499999791384 ], [ 947071.700299999676645, 1952961.614499999210238 ], [ 947087.538599999621511, 1952981.750900000333786 ], [ 947089.584400000050664, 1952984.314099999144673 ], [ 947126.057599999941885, 1953012.424599999561906 ], [ 947126.758399999700487, 1953013.102600000798702 ], [ 947161.332200000062585, 1953052.6162 ], [ 947164.800900000147521, 1953056.79759999923408 ], [ 947212.621199999935925, 1953118.08809999935329 ], [ 947229.19649999961257, 1953139.332399999722838 ], [ 947248.130599999800324, 1953165.485200000926852 ], [ 947250.950699999928474, 1953169.380300000309944 ], [ 947270.142799999564886, 1953195.889499999582767 ], [ 947272.456899999640882, 1953199.322699999436736 ], [ 947294.645399999804795, 1953233.073599999770522 ], [ 947297.144700000062585, 1953236.578299999237061 ], [ 947349.917600000277162, 1953298.703500000759959 ], [ 947365.5472999997437, 1953320.801899999380112 ], [ 947366.589399999938905, 1953322.348899999633431 ], [ 947377.671699999831617, 1953339.206199999898672 ], [ 947378.990799999795854, 1953341.1732 ], [ 947411.811999999918044, 1953387.1601 ], [ 947441.288800000213087, 1953423.319700000807643 ], [ 947443.554399999789894, 1953425.810499999672174 ], [ 947473.565600000321865, 1953456.085899999365211 ], [ 947484.659799999557436, 1953465.385900000110269 ], [ 947488.751799999736249, 1953469.173800000920892 ], [ 947504.749400000087917, 1953486.026900000870228 ], [ 947612.385999999940395, 1953619.216 ], [ 947665.423499999567866, 1953680.079199999570847 ], [ 947666.270800000056624, 1953681.1217 ], [ 947701.863099999725819, 1953729.089800000190735 ], [ 947809.536899999715388, 1953865.509600000455976 ], [ 947862.250500000081956, 1953928.443199999630451 ], [ 947863.31940000038594, 1953929.7027000002563 ], [ 947912.460799999535084, 1953985.042999999597669 ], [ 948007.411700000055134, 1954097.903699999675155 ], [ 948010.641499999910593, 1954101.597500000149012 ], [ 948051.127999999560416, 1954147.149700000882149 ], [ 948051.895200000144541, 1954148.040699999779463 ], [ 948089.108, 1954192.787200000137091 ], [ 948117.025299999862909, 1954228.137900000438094 ], [ 948118.799899999983609, 1954230.603900000452995 ], [ 948136.775700000114739, 1954257.903799999505281 ], [ 948138.817300000227988, 1954261.0779 ], [ 948160.089599999599159, 1954308.22829999960959 ], [ 948161.489900000393391, 1954312.1085 ], [ 948173.512000000104308, 1954345.9649 ], [ 948174.389200000092387, 1954348.999500000849366 ], [ 948176.065499999560416, 1954356.8958 ], [ 948183.557500000111759, 1954392.186799999326468 ], [ 948203.756400000303984, 1954483.856200000271201 ], [ 948204.215400000102818, 1954485.773700000718236 ], [ 948231.857900000177324, 1954593.8585 ], [ 948243.767900000326335, 1954648.087899999693036 ], [ 948253.061200000345707, 1954684.641200000420213 ], [ 948253.303700000047684, 1954685.665400000289083 ], [ 948272.762400000356138, 1954776.712300000712276 ], [ 948272.986299999989569, 1954777.9825 ], [ 948279.871700000017881, 1954822.411299999803305 ], [ 948282.142900000326335, 1954845.240299999713898 ], [ 948282.988699999637902, 1954852.143799999728799 ], [ 948291.196000000461936, 1954885.787499999627471 ], [ 948292.291100000031292, 1954890.50730000063777 ], [ 948329.182900000363588, 1955066.387900000438094 ], [ 948369.616100000217557, 1955284.1119 ], [ 948392.447300000116229, 1955396.845799999311566 ], [ 948420.411700000055134, 1955538.997300000861287 ], [ 948438.563500000163913, 1955634.045800000429153 ], [ 948439.067300000227988, 1955634.202099999412894 ], [ 948454.682599999941885, 1955638.331000000238419 ], [ 948462.083599999547005, 1955666.74379999935627 ], [ 948461.417700000107288, 1955784.557900000363588 ], [ 948407.800099999643862, 1956419.136099999770522 ], [ 948403.960799999535084, 1956592.226399999111891 ], [ 948418.001799999736249, 1956681.036000000312924 ], [ 948465.070000000298023, 1956775.987600000575185 ], [ 948542.332299999892712, 1956920.668299999088049 ], [ 948583.085400000214577, 1957010.955399999395013 ], [ 948600.778699999675155, 1957127.505300000309944 ], [ 948614.10190000012517, 1957243.568499999120831 ], [ 948636.519899999722838, 1957377.326500000432134 ], [ 948658.911999999545515, 1957454.029400000348687 ], [ 948716.612999999895692, 1957592.4222999997437 ], [ 948774.959999999962747, 1957698.432499999180436 ], [ 948838.578300000168383, 1957806.778899999335408 ], [ 948946.82039999961853, 1957850.58 ], [ 949003.591099999845028, 1957882.8794 ], [ 949058.115299999713898, 1957936.778000000864267 ], [ 949129.246100000105798, 1957992.696399999782443 ], [ 949253.512799999676645, 1958058.132500000298023 ], [ 949355.425200000405312, 1958122.435799999162555 ], [ 949420.432799999602139, 1958191.992799999192357 ], [ 949421.893500000238419, 1958190.627699999138713 ], [ 949356.709999999962747, 1958120.882500000298023 ], [ 949254.513500000350177, 1958056.400000000372529 ], [ 949130.338600000366569, 1957991.012199999764562 ], [ 949059.440100000239909, 1957935.2763 ], [ 949004.809000000357628, 1957881.272199999541044 ], [ 948947.693500000052154, 1957848.776599999517202 ], [ 948839.958200000226498, 1957805.180500000715256 ], [ 948776.697999999858439, 1957697.4441 ], [ 948718.416699999943376, 1957591.553099999204278 ], [ 948660.799999999813735, 1957453.362500000745058 ], [ 948638.472099999897182, 1957376.879599999636412 ], [ 948616.082100000232458, 1957243.289100000634789 ], [ 948602.760700000450015, 1957127.2412 ], [ 948585.020800000056624, 1957010.383500000461936 ], [ 948544.127199999988079, 1956919.785199999809265 ], [ 948466.847799999639392, 1956775.0724 ], [ 948419.92879999987781, 1956680.42200000025332 ], [ 948405.963399999774992, 1956592.091299999505281 ], [ 948409.797399999573827, 1956419.242499999701977 ], [ 948463.416500000283122, 1955784.64780000038445 ], [ 948463.852900000289083, 1955707.4254 ], [ 948571.652800000272691, 1955757.2051 ] ] ] ] } },
{ "type": "Feature", "properties": { "OBJECTID": 29, "CODE2": 0.0, "INDEXPAGE1": null, "LEVEL1": null, "NAME2": null, "RIVLEN1": 0.0, "UID1": 0.0, "INDEXPAGE2": ",43", "LEVEL2": ",43", "RIVLEN2": 3.26, "RIV_CD_1": 1025250.0, "RIV_NAM_1": "ȭ43õ", "UID2": 459.0, "CODE1": 0.0, "INDEXPAGE": null, "LEVEL": null, "NAME1": null, "RIVLEN": 0.0, "UID": 0.0, "Shape_Leng": 5505.4201848900002, "Shape_Area": 6475.3049273500001 }, "geometry": { "type": "MultiPolygon", "coordinates": [ [ [ [ 957895.597500000149012, 1959751.111300000920892 ], [ 957966.341199999675155, 1959739.988299999386072 ], [ 958023.52419999986887, 1959672.915500000119209 ], [ 958141.913599999621511, 1959577.659199999645352 ], [ 958144.470900000073016, 1959577.988399999216199 ], [ 958373.829300000332296, 1959609.7972999997437 ], [ 958375.897499999962747, 1959610.018300000578165 ], [ 958643.613400000147521, 1959624.719000000506639 ], [ 958843.050999999977648, 1959662.589199999347329 ], [ 958855.275200000032783, 1959666.262199999764562 ], [ 958884.372399999760091, 1959672.984200000762939 ], [ 958917.024799999780953, 1959677.991599999368191 ], [ 958952.307099999859929, 1959680.954500000923872 ], [ 959026.902599999681115, 1959679.417099999263883 ], [ 959064.420099999755621, 1959674.25 ], [ 959100.797399999573827, 1959665.709000000730157 ], [ 959135.117600000463426, 1959653.453700000420213 ], [ 959166.443500000052154, 1959637.143400000408292 ], [ 959203.9057, 1959608.817099999636412 ], [ 959204.004300000146031, 1959606.236099999397993 ], [ 959165.371500000357628, 1959635.447599999606609 ], [ 959134.316100000403821, 1959651.61710000038147 ], [ 959100.230999999679625, 1959663.78830000013113 ], [ 959064.05449999962002, 1959672.282199999317527 ], [ 959026.745099999941885, 1959677.4206000007689 ], [ 958952.370299999602139, 1959678.953600000590086 ], [ 958917.260200000368059, 1959676.005100000649691 ], [ 958884.749499999918044, 1959671.019500000402331 ], [ 958855.788399999961257, 1959664.3289 ], [ 958843.526499999687076, 1959660.644600000232458 ], [ 958643.855200000107288, 1959622.730100000277162 ], [ 958376.058600000105798, 1959608.025000000372529 ], [ 958374.072900000028312, 1959607.81279999949038 ], [ 958144.735799999907613, 1959576.006799999624491 ], [ 958141.323900000192225, 1959575.567600000649691 ], [ 958022.270899999886751, 1959671.357899999246001 ], [ 957964.666199999861419, 1959736.204199999570847 ], [ 957895.329800000414252, 1959747.105900000780821 ], [ 957834.236299999989569, 1959745.7335 ], [ 957798.512299999594688, 1959740.27309999987483 ], [ 957753.195000000298023, 1959729.597100000828505 ], [ 957587.976999999955297, 1959678.214500000700355 ], [ 957587.696000000461936, 1959674.442399999126792 ], [ 957582.537299999967217, 1959562.979399999603629 ], [ 957580.406600000336766, 1959534.476800000295043 ], [ 957581.200199999846518, 1959480.22580000013113 ], [ 957581.127299999818206, 1959477.344100000336766 ], [ 957518.993400000035763, 1959346.598300000652671 ], [ 957516.916600000113249, 1959342.2686 ], [ 957451.40500000026077, 1959207.940999999642372 ], [ 957450.400700000114739, 1959205.748099999502301 ], [ 957430.461199999786913, 1959160.278400000184774 ], [ 957344.144000000320375, 1959137.3421 ], [ 957340.46169999986887, 1959136.388599999248981 ], [ 957255.750500000081956, 1959122.2039 ], [ 957251.091300000436604, 1959121.3728 ], [ 957031.278599999845028, 1959081.025100000202656 ], [ 957028.019500000402331, 1959080.142400000244379 ], [ 956960.70920000039041, 1959059.380300000309944 ], [ 956960.120000000111759, 1959061.2906 ], [ 957027.463299999944866, 1959082.062999999150634 ], [ 957030.836099999956787, 1959082.976399999111891 ], [ 957250.7352, 1959123.340099999681115 ], [ 957255.409799999557436, 1959124.173900000751019 ], [ 957340.045199999585748, 1959138.345899999141693 ], [ 957343.636800000444055, 1959139.275900000706315 ], [ 957429.016400000080466, 1959161.96169999986887 ], [ 957448.576299999840558, 1959206.5658 ], [ 957449.597400000318885, 1959208.7956000007689 ], [ 957515.116799999959767, 1959343.13910000026226 ], [ 957517.189299999736249, 1959347.459699999541044 ], [ 957579.139399999752641, 1959477.818900000303984 ], [ 957579.200600000098348, 1959480.236300000920892 ], [ 957578.406600000336766, 1959534.5395 ], [ 957580.543600000441074, 1959563.128399999812245 ], [ 957583.688099999912083, 1959674.463700000196695 ], [ 957584.191800000146031, 1959681.224600000306964 ], [ 957752.14159999974072, 1959733.456900000572205 ], [ 957797.750599999912083, 1959744.20160000026226 ], [ 957833.887900000438094, 1959749.725099999457598 ], [ 957895.597500000149012, 1959751.111300000920892 ] ] ] ] } },
{ "type": "Feature", "properties": { "OBJECTID": 30, "CODE2": 0.0, "INDEXPAGE1": null, "LEVEL1": null, "NAME2": null, "RIVLEN1": 0.0, "UID1": 0.0, "INDEXPAGE2": ",43", "LEVEL2": ",43", "RIVLEN2": 2.26, "RIV_CD_1": 1025240.0, "RIV_NAM_1": ",43", "UID2": 452.0, "CODE1": 0.0, "INDEXPAGE": null, "LEVEL": null, "NAME1": null, "RIVLEN": 0.0, "UID": 0.0, "Shape_Leng": 3863.1241331699998, "Shape_Area": 7706.1372081199997 }, "geometry": { "type": "MultiPolygon", "coordinates": [ [ [ [ 958014.023199999704957, 1960584.569700000807643 ], [ 957965.470499999821186, 1960574.391100000590086 ], [ 957920.364599999971688, 1960571.165999999269843 ], [ 957881.134399999864399, 1960575.380100000649691 ], [ 957864.976800000295043, 1960575.426999999210238 ], [ 957850.869300000369549, 1960572.8333 ], [ 957838.369800000451505, 1960567.823599999770522 ], [ 957827.142300000414252, 1960560.618000000715256 ], [ 957806.790400000289083, 1960540.097899999469519 ], [ 957787.414499999955297, 1960513.018200000748038 ], [ 957766.361899999901652, 1960481.077600000426173 ], [ 957740.98340000025928, 1960446.086899999529123 ], [ 957708.627500000409782, 1960409.885700000450015 ], [ 957688.950500000268221, 1960391.849300000816584 ], [ 957666.542999999597669, 1960374.200799999758601 ], [ 957641.050800000317395, 1960357.143899999558926 ], [ 957612.142699999734759, 1960340.901499999687076 ], [ 957579.487200000323355, 1960325.695000000298023 ], [ 957542.754900000058115, 1960311.744999999180436 ], [ 957501.626899999566376, 1960299.136499999091029 ], [ 957455.763700000010431, 1960286.153799999505281 ], [ 957405.625, 1960272.345799999311566 ], [ 957351.865500000305474, 1960257.858300000429153 ], [ 957236.168700000271201, 1960227.447000000625849 ], [ 956990.792000000365078, 1960165.074100000783801 ], [ 956871.817499999888241, 1960135.511099999770522 ], [ 956713.068199999630451, 1960096.573300000280142 ], [ 956528.376199999824166, 1960051.953700000420213 ], [ 956527.446999999694526, 1960055.842700000852346 ], [ 956712.121799999848008, 1960100.458100000396371 ], [ 956870.857099999673665, 1960139.3925 ], [ 956989.817300000227988, 1960168.951999999582767 ], [ 957235.167899999767542, 1960231.318199999630451 ], [ 957350.837000000290573, 1960261.722300000488758 ], [ 957404.574000000022352, 1960276.203600000590086 ], [ 957454.688400000333786, 1960290.004899999126792 ], [ 957500.496199999935925, 1960302.971999999135733 ], [ 957541.457799999974668, 1960315.529400000348687 ], [ 957577.931300000287592, 1960329.381100000813603 ], [ 957610.316800000146031, 1960344.46199999935925 ], [ 957638.956600000150502, 1960360.553600000217557 ], [ 957664.190700000151992, 1960377.437699999660254 ], [ 957686.359000000171363, 1960394.897900000214577 ], [ 957705.779000000096858, 1960412.698699999600649 ], [ 957737.86629999987781, 1960448.599500000476837 ], [ 957763.072599999606609, 1960483.352700000628829 ], [ 957784.118200000375509, 1960515.282600000500679 ], [ 957803.725399999879301, 1960542.685699999332428 ], [ 957824.612900000065565, 1960563.745799999684095 ], [ 957836.529799999669194, 1960571.393699999898672 ], [ 957849.752899999730289, 1960576.693499999120831 ], [ 957864.61809999961406, 1960579.4265 ], [ 957881.354399999603629, 1960579.377900000661612 ], [ 957920.435999999754131, 1960575.179700000211596 ], [ 957964.915199999697506, 1960578.359999999403954 ], [ 958013.023299999535084, 1960588.44539999961853 ], [ 958062.797899999655783, 1960603.7489 ], [ 958112.266400000080466, 1960622.564500000327826 ], [ 958159.46889999974519, 1960643.18099999986589 ], [ 958202.452499999664724, 1960663.886099999770522 ], [ 958239.267300000414252, 1960682.967399999499321 ], [ 958267.969700000248849, 1960698.714500000700355 ], [ 958278.662299999967217, 1960704.798000000417233 ], [ 958286.897900000214577, 1960709.584000000730157 ], [ 958290.812599999830127, 1960707.254000000655651 ], [ 958288.623200000263751, 1960705.95890000090003 ], [ 958280.65500000026077, 1960701.331499999389052 ], [ 958269.920099999755621, 1960695.223799999803305 ], [ 958241.14919999986887, 1960679.439099999144673 ], [ 958204.240299999713898, 1960660.3092 ], [ 958161.137299999594688, 1960639.546599999070168 ], [ 958113.778199999593198, 1960618.861700000241399 ], [ 958064.097599999979138, 1960599.965399999171495 ], [ 958014.023199999704957, 1960584.569700000807643 ] ] ] ] } },
{ "type": "Feature", "properties": { "OBJECTID": 31, "CODE2": 0.0, "INDEXPAGE1": null, "LEVEL1": null, "NAME2": null, "RIVLEN1": 0.0, "UID1": 0.0, "INDEXPAGE2": ",43", "LEVEL2": ",43", "RIVLEN2": 1.68, "RIV_CD_1": 1025230.0, "RIV_NAM_1": ",뵿õ", "UID2": 443.0, "CODE1": 0.0, "INDEXPAGE": null, "LEVEL": null, "NAME1": null, "RIVLEN": 0.0, "UID": 0.0, "Shape_Leng": 4035.5530542699998, "Shape_Area": 8049.64488678 }, "geometry": { "type": "MultiPolygon", "coordinates": [ [ [ [ 956495.964599999599159, 1960884.850299999117851 ], [ 956473.18709999974817, 1960879.002299999818206 ], [ 956468.949799999594688, 1960879.247099999338388 ], [ 956429.290400000289083, 1960886.017300000414252 ], [ 956402.494099999777973, 1960878.925899999216199 ], [ 956400.421900000423193, 1960878.037100000306964 ], [ 956387.227900000289083, 1960865.576899999752641 ], [ 956367.74199999962002, 1960837.427200000733137 ], [ 956365.389000000432134, 1960833.824500000104308 ], [ 956348.660099999979138, 1960801.590199999511242 ], [ 956348.187199999578297, 1960800.513699999079108 ], [ 956330.586600000038743, 1960756.637599999085069 ], [ 956329.956699999980628, 1960755.354399999603629 ], [ 956313.677600000053644, 1960734.748199999332428 ], [ 956310.802600000053644, 1960732.14640000090003 ], [ 956288.85219999961555, 1960713.690400000661612 ], [ 956287.846699999645352, 1960712.86089999973774 ], [ 956253.532399999909103, 1960689.184599999338388 ], [ 956189.13370000012219, 1960650.204 ], [ 956113.953999999910593, 1960611.309499999508262 ], [ 956074.098500000312924, 1960585.1699 ], [ 956073.052699999883771, 1960584.360500000417233 ], [ 956046.8454, 1960563.720200000330806 ], [ 956044.140700000338256, 1960561.296700000762939 ], [ 956034.084699999541044, 1960540.972699999809265 ], [ 956033.976099999621511, 1960537.367000000551343 ], [ 956033.9682, 1960513.854900000616908 ], [ 956033.996000000275671, 1960509.826199999079108 ], [ 956036.57039999961853, 1960483.714500000700355 ], [ 956035.63260000012815, 1960479.495699999853969 ], [ 956026.528900000266731, 1960448.0197 ], [ 956015.607499999925494, 1960411.189099999144673 ], [ 956014.185399999842048, 1960406.643100000917912 ], [ 956001.006599999964237, 1960365.747199999168515 ], [ 955987.004399999976158, 1960331.716 ], [ 955984.343799999915063, 1960327.380799999460578 ], [ 955950.812400000169873, 1960290.190400000661612 ], [ 955912.520499999634922, 1960249.832900000736117 ], [ 955911.409099999815226, 1960248.907199999317527 ], [ 955882.229799999855459, 1960226.72580000013113 ], [ 955880.695600000210106, 1960226.061799999326468 ], [ 955832.149400000460446, 1960211.19480000063777 ], [ 955831.140100000426173, 1960210.818900000303984 ], [ 955803.146599999628961, 1960195.479699999094009 ], [ 955799.375300000421703, 1960192.825400000438094 ], [ 955734.928399999625981, 1960145.165899999439716 ], [ 955731.068199999630451, 1960143.2588 ], [ 955701.430499999783933, 1960133.860400000587106 ], [ 955700.221900000236928, 1960137.671700000762939 ], [ 955729.569799999706447, 1960146.978199999779463 ], [ 955732.837600000202656, 1960148.592800000682473 ], [ 955797.035600000061095, 1960196.068199999630451 ], [ 955801.028599999845028, 1960198.878499999642372 ], [ 955829.472900000400841, 1960214.464800000190735 ], [ 955830.865199999883771, 1960214.983200000599027 ], [ 955879.311900000087917, 1960229.81980000063777 ], [ 955880.196299999952316, 1960230.202500000596046 ], [ 955908.918499999679625, 1960252.036399999633431 ], [ 955909.78139999974519, 1960252.755100000649691 ], [ 955947.874499999918044, 1960292.902899999171495 ], [ 955981.128200000151992, 1960329.785399999469519 ], [ 955983.42879999987781, 1960333.534 ], [ 955997.249099999666214, 1960367.123199999332428 ], [ 956010.374400000087917, 1960407.85329999960959 ], [ 956011.78249999973923, 1960412.354399999603629 ], [ 956023.05460000038147, 1960450.396099999547005 ], [ 956031.756699999794364, 1960480.48589999973774 ], [ 956032.528599999845028, 1960483.9583 ], [ 956029.998999999836087, 1960509.615800000727177 ], [ 956029.969800000078976, 1960513.84180000051856 ], [ 956029.977699999697506, 1960537.427899999544024 ], [ 956030.114299999549985, 1960541.964600000530481 ], [ 956040.898599999956787, 1960563.760500000789762 ], [ 956044.271800000220537, 1960566.7829 ], [ 956070.592000000178814, 1960587.512000000104308 ], [ 956071.774600000120699, 1960588.427400000393391 ], [ 956111.938699999824166, 1960614.768799999728799 ], [ 956187.177600000053644, 1960653.693800000473857 ], [ 956251.362700000405312, 1960692.545099999755621 ], [ 956285.434600000269711, 1960716.054400000721216 ], [ 956286.293300000019372, 1960716.762800000607967 ], [ 956308.173600000329316, 1960735.159900000318885 ], [ 956310.747100000269711, 1960737.488800000399351 ], [ 956326.555100000463426, 1960757.498800000175834 ], [ 956326.931400000117719, 1960758.2652000002563 ], [ 956344.50040000025183, 1960802.0625 ], [ 956345.051500000059605, 1960803.316999999806285 ], [ 956361.932099999859929, 1960835.843599999323487 ], [ 956364.423499999567866, 1960839.65819999948144 ], [ 956383.311599999666214, 1960866.961100000888109 ], [ 956384.190999999642372, 1960868.208499999716878 ], [ 956398.192900000140071, 1960881.431800000369549 ], [ 956401.1875, 1960882.716199999675155 ], [ 956429.106999999843538, 1960890.104900000616908 ], [ 956469.402900000102818, 1960883.225999999791384 ], [ 956472.796000000089407, 1960883.029999999329448 ], [ 956494.784699999727309, 1960888.675499999895692 ], [ 956530.1727, 1960901.661299999803305 ], [ 956534.809000000357628, 1960903.126199999824166 ], [ 956565.129300000146031, 1960905.549200000241399 ], [ 956566.657700000330806, 1960906.151699999347329 ], [ 956580.122000000439584, 1960912.231100000441074 ], [ 956607.197599999606609, 1960923.374199999496341 ], [ 956661.464800000190735, 1960942.869300000369549 ], [ 956715.97580000013113, 1960961.493899999186397 ], [ 956743.320700000040233, 1960971.531999999657273 ], [ 956756.995799999684095, 1960976.907999999821186 ], [ 956767.531299999915063, 1960981.473600000143051 ], [ 956785.877000000327826, 1960991.618899999186397 ], [ 956801.985799999907613, 1961003.225600000470877 ], [ 956830.504300000146031, 1961029.975600000470877 ], [ 956858.385200000368059, 1961059.468299999833107 ], [ 956889.844399999827147, 1961089.133300000801682 ], [ 956954.114000000059605, 1961146.31900000013411 ], [ 956981.402900000102818, 1961176.52280000038445 ], [ 956997.091000000014901, 1961201.268699999898672 ], [ 957024.861299999989569, 1961252.791899999603629 ], [ 957033.63150000013411, 1961264.759099999442697 ], [ 957045.270899999886751, 1961277.497400000691414 ], [ 957072.646499999798834, 1961300.905999999493361 ], [ 957114.083599999547005, 1961328.00029999949038 ], [ 957152.525600000284612, 1961353.136199999600649 ], [ 957152.07079999987036, 1961349.698200000450015 ], [ 957151.833700000308454, 1961347.906500000506639 ], [ 957151.111800000071526, 1961347.434399999678135 ], [ 957117.066300000064075, 1961325.1733 ], [ 957075.049800000153482, 1961297.700099999085069 ], [ 957048.056599999777973, 1961274.618599999696016 ], [ 957036.728900000452995, 1961262.221400000154972 ], [ 957028.249800000339746, 1961250.651399999856949 ], [ 957000.543600000441074, 1961199.247199999168515 ], [ 956984.597799999639392, 1961174.094699999317527 ], [ 956956.934799999929965, 1961143.476800000295043 ], [ 956892.5455, 1961086.184499999508262 ], [ 956861.211900000460446, 1961056.6381 ], [ 956833.327399999834597, 1961027.1415 ], [ 956804.532800000160933, 1961000.132500000298023 ], [ 956788.020800000056624, 1960988.235300000756979 ], [ 956769.297799999825656, 1960977.881400000303984 ], [ 956758.522699999623001, 1960973.211899999529123 ], [ 956744.74129999987781, 1960967.794099999591708 ], [ 956717.3114, 1960957.724899999797344 ], [ 956662.787100000306964, 1960939.095799999311566 ], [ 956608.635200000368059, 1960919.642100000753999 ], [ 956581.706100000068545, 1960908.559299999848008 ], [ 956568.214599999599159, 1960902.467499999329448 ], [ 956566.041699999943376, 1960901.61089999973774 ], [ 956535.580500000156462, 1960899.176799999549985 ], [ 956531.464800000190735, 1960897.876299999654293 ], [ 956495.964599999599159, 1960884.850299999117851 ] ] ] ] } },
{ "type": "Feature", "properties": { "OBJECTID": 32, "CODE2": 0.0, "INDEXPAGE1": null, "LEVEL1": null, "NAME2": null, "RIVLEN1": 0.0, "UID1": 0.0, "INDEXPAGE2": ",43", "LEVEL2": ",43", "RIVLEN2": 4.5, "RIV_CD_1": 1025590.0, "RIV_NAM_1": ",43", "UID2": 439.0, "CODE1": 0.0, "INDEXPAGE": null, "LEVEL": null, "NAME1": null, "RIVLEN": 0.0, "UID": 0.0, "Shape_Leng": 1514.4260309199999, "Shape_Area": 2954.1139376299998 }, "geometry": { "type": "MultiPolygon", "coordinates": [ [ [ [ 951681.24239999987185, 1961821.021299999207258 ], [ 951706.782700000330806, 1961819.813100000843406 ], [ 951743.259300000034273, 1961821.363600000739098 ], [ 951781.639000000432134, 1961829.645099999383092 ], [ 951836.912499999627471, 1961856.891000000759959 ], [ 951842.225300000049174, 1961860.5515 ], [ 951844.435899999924004, 1961857.219100000336766 ], [ 951838.941399999894202, 1961853.433299999684095 ], [ 951782.964499999769032, 1961825.840700000524521 ], [ 951743.769600000232458, 1961817.383300000801682 ], [ 951706.77309999987483, 1961815.810499999672174 ], [ 951680.669099999591708, 1961817.045499999076128 ], [ 951652.99100000038743, 1961823.793299999088049 ], [ 951612.978000000119209, 1961842.8333 ], [ 951584.045199999585748, 1961871.446699999272823 ], [ 951554.028400000184774, 1961898.420199999585748 ], [ 951535.717199999839067, 1961911.797499999403954 ], [ 951505.610500000417233, 1961930.801100000739098 ], [ 951490.550400000065565, 1961943.689999999478459 ], [ 951477.896800000220537, 1961961.700200000777841 ], [ 951485.095599999651313, 1961958.409399999305606 ], [ 951493.532700000330806, 1961946.40059999935329 ], [ 951507.990000000223517, 1961934.027599999681115 ], [ 951537.966300000436604, 1961915.106300000101328 ], [ 951556.550499999895692, 1961901.529500000178814 ], [ 951586.788900000043213, 1961874.356799999251962 ], [ 951615.307900000363588, 1961846.152699999511242 ], [ 951654.337700000032783, 1961827.580600000917912 ], [ 951681.24239999987185, 1961821.021299999207258 ] ] ], [ [ [ 951441.786100000143051, 1962003.52140000090003 ], [ 951446.125099999830127, 1961997.423000000417233 ], [ 951388.267400000244379, 1962027.935399999842048 ], [ 951352.470999999903142, 1962051.108200000599027 ], [ 951331.666100000031292, 1962073.030899999663234 ], [ 951317.40500000026077, 1962096.272900000214577 ], [ 951322.15749999973923, 1962094.703199999406934 ], [ 951323.116399999707937, 1962094.610200000926852 ], [ 951334.854899999685585, 1962075.479299999773502 ], [ 951355.043499999679625, 1962054.206000000238419 ], [ 951390.290500000119209, 1962031.388900000602007 ], [ 951441.396800000220537, 1962004.437000000849366 ], [ 951441.786100000143051, 1962003.52140000090003 ] ] ], [ [ [ 951297.220999999903142, 1962139.892899999395013 ], [ 951294.774000000208616, 1962134.982300000265241 ], [ 951263.300699999555945, 1962220.084499999880791 ], [ 951252.481599999591708, 1962240.154899999499321 ], [ 951224.050300000235438, 1962279.686699999496341 ], [ 951223.640700000338256, 1962280.25620000064373 ], [ 951227.789099999703467, 1962281.336400000378489 ], [ 951255.878600000403821, 1962242.2796 ], [ 951266.953599999658763, 1962221.7347 ], [ 951297.220999999903142, 1962139.892899999395013 ] ] ] ] } },
{ "type": "Feature", "properties": { "OBJECTID": 33, "CODE2": 0.0, "INDEXPAGE1": null, "LEVEL1": null, "NAME2": null, "RIVLEN1": 0.0, "UID1": 0.0, "INDEXPAGE2": ",43", "LEVEL2": ",43", "RIVLEN2": 3.05, "RIV_CD_1": 1025190.0, "RIV_NAM_1": ",43", "UID2": 436.0, "CODE1": 0.0, "INDEXPAGE": null, "LEVEL": null, "NAME1": null, "RIVLEN": 0.0, "UID": 0.0, "Shape_Leng": 6318.4157240300001, "Shape_Area": 12602.0668885 }, "geometry": { "type": "MultiPolygon", "coordinates": [ [ [ [ 958018.444799999706447, 1962410.034199999645352 ], [ 958036.583800000138581, 1962404.54590000025928 ], [ 958056.264399999752641, 1962408.239800000563264 ], [ 958058.399000000208616, 1962397.039000000804663 ], [ 958059.75789999961853, 1962389.386700000613928 ], [ 958061.966500000096858, 1962375.8925 ], [ 958083.476400000043213, 1962352.1436 ], [ 958108.571800000034273, 1962328.199400000274181 ], [ 958144.679100000299513, 1962303.212500000372529 ], [ 958153.728400000371039, 1962296.024399999529123 ], [ 958165.839300000108778, 1962286.515799999237061 ], [ 958210.463800000026822, 1962248.995200000703335 ], [ 958245.31969999987632, 1962222.691500000655651 ], [ 958259.400500000454485, 1962220.445000000298023 ], [ 958278.075899999588728, 1962226.976600000634789 ], [ 958316.625300000421703, 1962246.551000000908971 ], [ 958345.066899999976158, 1962255.133600000292063 ], [ 958368.258799999952316, 1962266.588999999687076 ], [ 958422.239099999889731, 1962288.894300000742078 ], [ 958439.696299999952316, 1962293.917899999767542 ], [ 958447.034300000406802, 1962297.700300000607967 ], [ 958473.1091, 1962314.097400000318885 ], [ 958500.933699999935925, 1962311.6546 ], [ 958554.578499999828637, 1962294.126900000497699 ], [ 958585.854799999855459, 1962297.544299999251962 ], [ 958625.766699999570847, 1962305.301799999549985 ], [ 958645.5943, 1962314.448999999091029 ], [ 958674.707100000232458, 1962329.684299999848008 ], [ 958701.545699999667704, 1962348.301300000399351 ], [ 958744.159799999557436, 1962365.281400000676513 ], [ 958752.428899999707937, 1962370.880999999120831 ], [ 958783.630199999548495, 1962358.364099999889731 ], [ 958803.020100000314415, 1962368.2171 ], [ 958873.497899999842048, 1962392.174699999392033 ], [ 958917.271800000220537, 1962402.450999999418855 ], [ 958945.686599999666214, 1962405.978499999269843 ], [ 958968.713999999687076, 1962414.366800000891089 ], [ 958997.887600000016391, 1962428.734999999403954 ], [ 959008.536199999973178, 1962433.8585 ], [ 959022.847000000067055, 1962438.401000000536442 ], [ 959045.661199999973178, 1962458.045800000429153 ], [ 959071.425999999977648, 1962474.453600000590086 ], [ 959081.529799999669194, 1962478.71309999935329 ], [ 959090.737499999813735, 1962483.770500000566244 ], [ 959140.769700000062585, 1962505.810100000351667 ], [ 959161.281600000336766, 1962521.55629999935627 ], [ 959185.366899999789894, 1962548.467199999839067 ], [ 959205.230700000189245, 1962564.993200000375509 ], [ 959223.57120000012219, 1962566.157600000500679 ], [ 959273.088299999944866, 1962567.16330000013113 ], [ 959290.963399999774992, 1962566.472500000149012 ], [ 959332.536899999715388, 1962564.938200000673532 ], [ 959346.911500000394881, 1962565.899599999189377 ], [ 959380.479600000195205, 1962562.616599999368191 ], [ 959395.563900000415742, 1962562.71680000051856 ], [ 959411.484299999661744, 1962561.98619999922812 ], [ 959475.129599999636412, 1962561.519899999722838 ], [ 959504.075799999758601, 1962562.994100000709295 ], [ 959571.820199999958277, 1962561.782299999147654 ], [ 959588.034699999727309, 1962562.139499999582767 ], [ 959645.209300000220537, 1962552.633099999278784 ], [ 959690.905299999751151, 1962566.133099999278784 ], [ 959698.489000000059605, 1962596.86570000089705 ], [ 959771.974899999797344, 1962610.386 ], [ 959822.2341, 1962617.911299999803305 ], [ 959868.591099999845028, 1962621.0866 ], [ 959897.091400000266731, 1962620.779799999669194 ], [ 959918.166799999773502, 1962619.217599999159575 ], [ 959932.601300000213087, 1962618.2027000002563 ], [ 959970.995299999602139, 1962610.218599999323487 ], [ 960002.266200000420213, 1962602.831399999558926 ], [ 960037.646399999968708, 1962597.182099999859929 ], [ 960102.456399999558926, 1962576.4507 ], [ 960146.154699999839067, 1962559.935100000351667 ], [ 960192.21169999986887, 1962543.416799999773502 ], [ 960207.371600000187755, 1962540.135700000450015 ], [ 960359.426699999719858, 1962487.293800000101328 ], [ 960380.203499999828637, 1962481.611400000751019 ], [ 960404.712199999950826, 1962463.124099999666214 ], [ 960405.901999999769032, 1962458.9309 ], [ 960390.959999999962747, 1962468.480900000780821 ], [ 960379.4527000002563, 1962477.671399999409914 ], [ 960358.24170000012964, 1962483.472799999639392 ], [ 960206.288599999621511, 1962536.279100000858307 ], [ 960191.109199999831617, 1962539.564400000497699 ], [ 960144.772900000214577, 1962556.182800000533462 ], [ 960101.139600000344217, 1962572.673900000751019 ], [ 960036.716900000348687, 1962593.281500000506639 ], [ 960001.490399999544024, 1962598.906199999153614 ], [ 959970.128499999642372, 1962606.314799999818206 ], [ 959932.051500000059605, 1962614.2331000007689 ], [ 959917.878800000064075, 1962615.229599999263883 ], [ 959896.92200000025332, 1962616.782999999821186 ], [ 959868.706399999558926, 1962617.086799999698997 ], [ 959822.667500000447035, 1962613.933199999853969 ], [ 959772.63289999961853, 1962606.441500000655651 ], [ 959701.752299999818206, 1962593.40059999935329 ], [ 959694.237700000405312, 1962562.948400000110269 ], [ 959645.460500000044703, 1962548.53800000064075 ], [ 959587.748300000093877, 1962558.1338 ], [ 959571.828599999658763, 1962557.783099999651313 ], [ 959504.141699999570847, 1962558.993899999186397 ], [ 959475.216599999926984, 1962557.520700000226498 ], [ 959411.377899999730289, 1962557.988399999216199 ], [ 959395.485500000417233, 1962558.717800000682473 ], [ 959380.297799999825656, 1962558.616900000721216 ], [ 959346.849999999627471, 1962561.8881 ], [ 959332.596699999645352, 1962560.934900000691414 ], [ 959290.812400000169873, 1962562.477 ], [ 959273.051599999889731, 1962563.16330000013113 ], [ 959223.738499999977648, 1962562.161699999123812 ], [ 959206.785500000230968, 1962561.085400000214577 ], [ 959188.150200000032783, 1962545.581599999219179 ], [ 959164.012299999594688, 1962518.6118 ], [ 959142.822399999946356, 1962502.345100000500679 ], [ 959092.509300000034273, 1962480.181900000199676 ], [ 959083.273599999956787, 1962475.108999999240041 ], [ 959073.28969999961555, 1962470.900000000372529 ], [ 959048.051900000311434, 1962454.8279 ], [ 959024.83629999961704, 1962434.837500000372529 ], [ 959010.015300000086427, 1962430.13289999961853 ], [ 958999.637699999846518, 1962425.13990000076592 ], [ 958970.286199999973178, 1962410.683900000527501 ], [ 958946.629099999554455, 1962402.066400000825524 ], [ 958917.977099999785423, 1962398.509400000795722 ], [ 958874.60080000013113, 1962388.32660000026226 ], [ 958804.577100000344217, 1962364.523199999704957 ], [ 958783.824699999764562, 1962353.978000000119209 ], [ 958752.911799999885261, 1962366.379000000655651 ], [ 958746.042700000107288, 1962361.72749999910593 ], [ 958703.449699999764562, 1962344.755899999290705 ], [ 958676.781600000336766, 1962326.257099999114871 ], [ 958647.3597999997437, 1962310.86009999923408 ], [ 958627.003399999812245, 1962301.468900000676513 ], [ 958586.454400000162423, 1962293.5877 ], [ 958554.155899999663234, 1962290.058499999344349 ], [ 958500.127600000239909, 1962307.711500000208616 ], [ 958474.099200000055134, 1962309.9967 ], [ 958449.018199999816716, 1962294.224600000306964 ], [ 958441.179299999959767, 1962290.184000000357628 ], [ 958423.559600000269711, 1962285.113700000569224 ], [ 958369.909500000067055, 1962262.94480000063777 ], [ 958346.540000000037253, 1962251.401499999687076 ], [ 958318.119699999690056, 1962242.825500000268221 ], [ 958279.648000000044703, 1962223.2906 ], [ 958259.767599999904633, 1962216.337500000372529 ], [ 958243.706199999898672, 1962218.899900000542402 ], [ 958207.971300000324845, 1962245.86710000038147 ], [ 958163.317400000058115, 1962283.4123 ], [ 958151.250199999660254, 1962292.886499999091029 ], [ 958142.295400000177324, 1962299.999500000849366 ], [ 958106.038599999621511, 1962325.090099999681115 ], [ 958080.610700000077486, 1962349.351399999111891 ], [ 958058.211099999956787, 1962374.082599999383092 ], [ 958055.816300000064075, 1962388.714199999347329 ], [ 958054.466599999926984, 1962396.315099999308586 ], [ 958053.083100000396371, 1962403.574400000274181 ], [ 958036.360999999567866, 1962400.435900000855327 ], [ 958015.922600000165403, 1962406.619899999350309 ], [ 958008.534500000067055, 1962417.602800000458956 ], [ 958000.705599999986589, 1962457.373099999502301 ], [ 957989.454300000332296, 1962522.5296 ], [ 957984.453200000338256, 1962536.574200000613928 ], [ 957929.940899999812245, 1962561.108899999409914 ], [ 957893.586500000208616, 1962583.735400000587106 ], [ 957847.3443, 1962612.048499999567866 ], [ 957805.123499999754131, 1962640.450899999588728 ], [ 957768.223199999891222, 1962670.824999999254942 ], [ 957772.870600000023842, 1962718.280099999159575 ], [ 957782.528699999675155, 1962764.509800000116229 ], [ 957770.814100000075996, 1962776.1086 ], [ 957749.940200000070035, 1962789.328500000759959 ], [ 957752.0795, 1962792.706399999558926 ], [ 957773.319500000216067, 1962779.254699999466538 ], [ 957786.887400000356138, 1962765.820900000631809 ], [ 957776.82880000025034, 1962717.674699999392033 ], [ 957772.410299999639392, 1962672.557099999859929 ], [ 957807.51549999974668, 1962643.660700000822544 ], [ 957849.505099999718368, 1962615.413899999111891 ], [ 957895.686900000087917, 1962587.137700000777841 ], [ 957931.826299999840558, 1962564.645099999383092 ], [ 957987.648199999704957, 1962539.5208 ], [ 957993.33600000012666, 1962523.547800000756979 ], [ 958004.637799999676645, 1962458.099500000476837 ], [ 958012.302000000141561, 1962419.165899999439716 ], [ 958018.444799999706447, 1962410.034199999645352 ] ] ] ] } },
{ "type": "Feature", "properties": { "OBJECTID": 34, "CODE2": 0.0, "INDEXPAGE1": null, "LEVEL1": null, "NAME2": null, "RIVLEN1": 0.0, "UID1": 0.0, "INDEXPAGE2": ",43", "LEVEL2": ",43", "RIVLEN2": 5.83, "RIV_CD_1": 1025200.0, "RIV_NAM_1": ",43", "UID2": 424.0, "CODE1": 0.0, "INDEXPAGE": null, "LEVEL": null, "NAME1": null, "RIVLEN": 0.0, "UID": 0.0, "Shape_Leng": 10800.5014863, "Shape_Area": 52148.7007199 }, "geometry": { "type": "MultiPolygon", "coordinates": [ [ [ [ 963523.344100000336766, 1964191.822300000116229 ], [ 963511.251199999824166, 1964183.880999999120831 ], [ 963509.057400000281632, 1964182.721799999475479 ], [ 963500.436700000427663, 1964181.555400000885129 ], [ 963498.311099999584258, 1964181.33559999987483 ], [ 963484.648599999956787, 1964184.564899999648333 ], [ 963466.996199999935925, 1964190.104800000786781 ], [ 963465.340499999932945, 1964190.241499999538064 ], [ 963456.916899999603629, 1964190.70549999922514 ], [ 963455.762400000356138, 1964190.449100000783801 ], [ 963446.718100000172853, 1964187.339400000870228 ], [ 963445.724499999545515, 1964186.653699999675155 ], [ 963437.479600000195205, 1964174.427200000733137 ], [ 963436.16370000038296, 1964168.291500000283122 ], [ 963436.690299999900162, 1964158.885099999606609 ], [ 963423.443500000052154, 1964126.905899999663234 ], [ 963423.259499999694526, 1964126.049900000914931 ], [ 963419.798999999649823, 1964097.417700000107288 ], [ 963419.70299999974668, 1964096.301899999380112 ], [ 963431.326299999840558, 1964046.966199999675155 ], [ 963444.153699999675155, 1963999.358999999240041 ], [ 963444.561300000175834, 1963997.700099999085069 ], [ 963449.761599999852479, 1963966.333100000396371 ], [ 963461.2023, 1963946.267699999734759 ], [ 963461.806499999947846, 1963944.651399999856949 ], [ 963464.165300000458956, 1963937.639000000432134 ], [ 963462.815899999812245, 1963935.04839999973774 ], [ 963453.891099999658763, 1963922.785700000822544 ], [ 963452.233099999837577, 1963920.597300000488758 ], [ 963440.454300000332296, 1963906.063799999654293 ], [ 963434.00789999961853, 1963899.456900000572205 ], [ 963425.175999999977648, 1963891.443900000303984 ], [ 963408.849899999797344, 1963877.512900000438094 ], [ 963407.082700000144541, 1963875.46680000051856 ], [ 963398.536100000143051, 1963865.284299999475479 ], [ 963396.860799999907613, 1963862.477700000628829 ], [ 963385.263399999588728, 1963841.064600000157952 ], [ 963383.611399999819696, 1963838.07880000025034 ], [ 963377.742300000041723, 1963828.427200000733137 ], [ 963376.395299999974668, 1963826.2654 ], [ 963362.841000000014901, 1963808.582000000402331 ], [ 963355.439799999818206, 1963804.837300000712276 ], [ 963350.854899999685585, 1963802.411499999463558 ], [ 963343.552600000053644, 1963798.15430000051856 ], [ 963340.778400000184774, 1963797.307900000363588 ], [ 963321.969700000248849, 1963792.511399999260902 ], [ 963318.95409999974072, 1963791.722200000658631 ], [ 963302.04700000025332, 1963787.035399999469519 ], [ 963298.82660000026226, 1963785.908099999651313 ], [ 963265.235399999655783, 1963753.17259999923408 ], [ 963235.812800000421703, 1963711.55379999987781 ], [ 963234.384999999776483, 1963708.343000000342727 ], [ 963228.289900000207126, 1963693.193099999800324 ], [ 963227.207200000062585, 1963691.029100000858307 ], [ 963221.019700000062585, 1963680.071399999782443 ], [ 963219.535799999721348, 1963677.408500000834465 ], [ 963201.920300000347197, 1963645.42710000090301 ], [ 963198.183000000193715, 1963638.973899999633431 ], [ 963186.98340000025928, 1963622.413200000301003 ], [ 963173.154500000178814, 1963605.431800000369549 ], [ 963138.570700000040233, 1963572.473300000652671 ], [ 963095.874099999666214, 1963544.082299999892712 ], [ 963073.996399999596179, 1963534.9013 ], [ 963046.017099999822676, 1963526.115299999713898 ], [ 962983.64919999986887, 1963508.157999999821186 ], [ 962955.327399999834597, 1963498.28690000064671 ], [ 962932.952899999916553, 1963487.385800000280142 ], [ 962924.829199999570847, 1963481.373500000685453 ], [ 962912.880900000222027, 1963469.718299999833107 ], [ 962895.146300000138581, 1963450.836400000378489 ], [ 962872.784699999727309, 1963425.899700000882149 ], [ 962846.904900000430644, 1963396.035599999129772 ], [ 962818.612099999561906, 1963362.3695 ], [ 962759.146999999880791, 1963288.061000000685453 ], [ 962703.169999999925494, 1963211.910399999469519 ], [ 962679.25040000025183, 1963175.965600000694394 ], [ 962659.497100000269711, 1963142.924799999222159 ], [ 962645.020899999886751, 1963113.948300000280142 ], [ 962636.379099999554455, 1963089.355799999088049 ], [ 962629.65500000026077, 1963063.113199999555945 ], [ 962623.700199999846518, 1963034.229599999263883 ], [ 962613.647099999710917, 1962971.097799999639392 ], [ 962605.313799999654293, 1962905.158900000154972 ], [ 962597.762099999934435, 1962841.490900000557303 ], [ 962590.052899999544024, 1962785.188300000503659 ], [ 962585.836500000208616, 1962761.347100000828505 ], [ 962581.210900000296533, 1962741.204700000584126 ], [ 962569.680700000375509, 1962707.578199999406934 ], [ 962554.2204, 1962672.219499999657273 ], [ 962535.630099999718368, 1962635.7577 ], [ 962492.512600000016391, 1962563.91609999909997 ], [ 962446.088399999774992, 1962499.287200000137091 ], [ 962431.262900000438094, 1962480.624500000849366 ], [ 962414.430100000463426, 1962459.869100000709295 ], [ 962377.213100000284612, 1962414.8586 ], [ 962339.461600000038743, 1962369.918500000610948 ], [ 962282.691599999554455, 1962303.193099999800324 ], [ 962272.854199999943376, 1962286.982899999246001 ], [ 962273.197200000286102, 1962284.0022 ], [ 962252.399000000208616, 1962248.676000000908971 ], [ 962240.839900000020862, 1962221.720899999141693 ], [ 962234.244699999690056, 1962195.669199999421835 ], [ 962231.949099999852479, 1962162.156199999153614 ], [ 962234.580099999904633, 1962141.996200000867248 ], [ 962238.813000000081956, 1962121.93099999986589 ], [ 962257.167399999685585, 1961988.585400000214577 ], [ 962263.340200000442564, 1961934.959000000730157 ], [ 962260.269299999810755, 1961872.109200000762939 ], [ 962252.393099999986589, 1961779.788899999111891 ], [ 962242.00789999961853, 1961691.66609999909997 ], [ 962232.071100000292063, 1961658.891000000759959 ], [ 962220.503700000233948, 1961630.360300000756979 ], [ 962200.571999999694526, 1961602.5713 ], [ 962171.505099999718368, 1961547.091199999675155 ], [ 962124.919400000013411, 1961480.4945 ], [ 962080.798000000417233, 1961420.754899999126792 ], [ 962043.249200000427663, 1961382.831399999558926 ], [ 961994.048700000159442, 1961329.679199999198318 ], [ 961949.869800000451505, 1961288.355499999597669 ], [ 961919.756000000052154, 1961278.98450000025332 ], [ 961839.413800000213087, 1961246.7116 ], [ 961794.265399999916553, 1961227.140599999576807 ], [ 961744.143299999646842, 1961195.043400000780821 ], [ 961712.399699999950826, 1961170.571399999782443 ], [ 961671.53110000025481, 1961130.030799999833107 ], [ 961635.737200000323355, 1961082.07660000026226 ], [ 961580.090400000102818, 1960991.998199999332428 ], [ 961537.574799999594688, 1960933.102299999445677 ], [ 961487.556699999608099, 1960881.633300000801682 ], [ 961450.018500000238419, 1960855.461500000208616 ], [ 961403.227400000207126, 1960818.310100000351667 ], [ 961368.150700000114739, 1960788.741699999198318 ], [ 961333.175999999977648, 1960749.151399999856949 ], [ 961310.674700000323355, 1960723.881400000303984 ], [ 961298.190700000151992, 1960697.83500000089407 ], [ 961276.639600000344217, 1960666.645300000905991 ], [ 961272.537100000306964, 1960643.085799999535084 ], [ 961265.315700000151992, 1960576.822699999436736 ], [ 961261.310700000263751, 1960542.414799999445677 ], [ 961266.891099999658763, 1960445.193199999630451 ], [ 961262.991899999789894, 1960401.512299999594688 ], [ 961250.7966, 1960322.697100000455976 ], [ 961245.093999999575317, 1960279.852299999445677 ], [ 961218.802600000053644, 1960192.485200000926852 ], [ 961203.925599999725819, 1960143.748400000855327 ], [ 961187.4222999997437, 1960100.082699999213219 ], [ 961150.955900000408292, 1960022.6875 ], [ 961133.281299999915063, 1959982.179099999368191 ], [ 961105.121899999678135, 1959922.458200000226498 ], [ 961100.341599999926984, 1959907.606799999251962 ], [ 961093.694600000046194, 1959918.968100000172853 ], [ 961092.102500000037253, 1959920.325999999418855 ], [ 961095.7955, 1959936.635700000450015 ], [ 961114.871700000017881, 1959968.690899999812245 ], [ 961146.347199999727309, 1960040.068600000813603 ], [ 961188.670800000429153, 1960130.96680000051856 ], [ 961216.684200000017881, 1960221.630799999460578 ], [ 961238.159099999815226, 1960287.172700000926852 ], [ 961240.309399999678135, 1960351.783700000494719 ], [ 961249.192999999970198, 1960419.7686 ], [ 961251.290500000119209, 1960503.64780000038445 ], [ 961255.7659, 1960597.587600000202656 ], [ 961260.383899999782443, 1960669.7018 ], [ 961284.560700000263751, 1960699.224500000476837 ], [ 961298.681599999777973, 1960731.977600000798702 ], [ 961324.443900000303984, 1960768.25899999961257 ], [ 961350.32799999974668, 1960788.526200000196695 ], [ 961390.373999999836087, 1960829.794299999251962 ], [ 961441.293399999849498, 1960866.123199999332428 ], [ 961487.07660000026226, 1960908.0066 ], [ 961506.392699999734759, 1960926.862199999392033 ], [ 961553.018799999728799, 1960981.5778 ], [ 961595.428600000217557, 1961049.746500000357628 ], [ 961637.032399999909103, 1961112.030500000342727 ], [ 961672.765999999828637, 1961158.357999999076128 ], [ 961713.677000000141561, 1961197.142000000923872 ], [ 961762.973199999891222, 1961229.346899999305606 ], [ 961797.230100000277162, 1961250.44789999909699 ], [ 961834.043499999679625, 1961266.576199999079108 ], [ 961915.161000000312924, 1961298.948300000280142 ], [ 961940.268400000408292, 1961309.120799999684095 ], [ 961953.640800000168383, 1961317.599099999293685 ], [ 961987.870199999772012, 1961353.009099999442697 ], [ 962042.051599999889731, 1961410.267400000244379 ], [ 962080.3284, 1961449.117000000551343 ], [ 962152.850899999961257, 1961545.924499999731779 ], [ 962191.85840000025928, 1961605.665300000458956 ], [ 962214.332000000402331, 1961645.218399999663234 ], [ 962224.178399999625981, 1961680.421900000423193 ], [ 962235.643799999728799, 1961738.449100000783801 ], [ 962244.471199999563396, 1961805.5559 ], [ 962245.002299999818206, 1961866.766100000590086 ], [ 962246.192499999888241, 1961954.886 ], [ 962243.365699999965727, 1962016.0625 ], [ 962236.601300000213087, 1962065.275399999693036 ], [ 962226.00069999974221, 1962111.925899999216199 ], [ 962217.089499999769032, 1962145.96309999935329 ], [ 962215.677299999631941, 1962171.902300000190735 ], [ 962227.229100000113249, 1962207.2259 ], [ 962232.96100000012666, 1962245.834599999710917 ], [ 962272.0614, 1962293.87470000050962 ], [ 962279.441999999806285, 1962305.545399999246001 ], [ 962336.405100000090897, 1962372.496400000527501 ], [ 962374.141499999910593, 1962417.418400000780821 ], [ 962411.336600000038743, 1962462.402300000190735 ], [ 962428.144700000062585, 1962483.127399999648333 ], [ 962442.897300000302494, 1962501.6985 ], [ 962489.169099999591708, 1962566.114900000393391 ], [ 962532.130599999800324, 1962637.697000000625849 ], [ 962550.604399999603629, 1962673.930099999532104 ], [ 962565.95160000026226, 1962709.029999999329448 ], [ 962577.360799999907613, 1962742.303600000217557 ], [ 962581.916799999773502, 1962762.143200000748038 ], [ 962586.102099999785423, 1962785.807900000363588 ], [ 962593.795800000429153, 1962841.997600000351667 ], [ 962601.34499999973923, 1962905.645099999383092 ], [ 962609.688400000333786, 1962971.66300000064075 ], [ 962619.765700000338256, 1963034.948000000789762 ], [ 962625.758200000040233, 1963064.013599999248981 ], [ 962632.549100000411272, 1963090.517000000923872 ], [ 962641.331899999640882, 1963115.510700000450015 ], [ 962655.987700000405312, 1963144.846899999305606 ], [ 962675.86809999961406, 1963178.100299999117851 ], [ 962699.893000000156462, 1963214.203199999406934 ], [ 962755.974000000394881, 1963290.495300000533462 ], [ 962815.520200000144541, 1963364.905300000682473 ], [ 962843.863300000317395, 1963398.631300000473857 ], [ 962869.785199999809265, 1963428.543999999761581 ], [ 962892.200299999676645, 1963453.540200000628829 ], [ 962910.026399999856949, 1963472.519500000402331 ], [ 962922.231999999843538, 1963484.425599999725819 ], [ 962930.870400000363588, 1963490.818900000303984 ], [ 962953.788399999961257, 1963501.9847999997437 ], [ 962982.437199999578297, 1963511.969900000840425 ], [ 963044.864900000393391, 1963529.944299999624491 ], [ 963072.620799999684095, 1963538.660199999809265 ], [ 963093.97649999987334, 1963547.622300000861287 ], [ 963136.065499999560416, 1963575.609200000762939 ], [ 963170.213399999774992, 1963608.152200000360608 ], [ 963183.770800000056624, 1963624.800200000405312 ], [ 963194.792899999767542, 1963641.098400000482798 ], [ 963198.438799999654293, 1963647.393699999898672 ], [ 963216.03830000013113, 1963679.346100000664592 ], [ 963217.532399999909103, 1963682.027499999850988 ], [ 963223.676199999637902, 1963692.9079 ], [ 963224.641200000420213, 1963694.83669999986887 ], [ 963230.702399999834597, 1963709.902000000700355 ], [ 963232.319899999536574, 1963713.53940000012517 ], [ 963262.182099999859929, 1963755.780200000852346 ], [ 963296.670099999755621, 1963789.389499999582767 ], [ 963300.851099999621511, 1963790.8531 ], [ 963317.913900000043213, 1963795.583100000396371 ], [ 963320.969499999657273, 1963796.3827 ], [ 963339.700299999676645, 1963801.159399999305606 ], [ 963341.940700000151992, 1963801.8429000005126 ], [ 963348.912299999967217, 1963805.907299999147654 ], [ 963353.602300000376999, 1963808.388599999248981 ], [ 963360.222299999557436, 1963811.738099999725819 ], [ 963373.104199999943376, 1963828.544199999421835 ], [ 963374.337299999780953, 1963830.523299999535084 ], [ 963380.152499999850988, 1963840.086100000888109 ], [ 963381.756000000052154, 1963842.9846 ], [ 963393.384800000116229, 1963864.455299999564886 ], [ 963395.267300000414252, 1963867.609099999070168 ], [ 963404.038200000301003, 1963878.058900000527501 ], [ 963406.022900000214577, 1963880.356899999082088 ], [ 963422.534400000236928, 1963894.446000000461936 ], [ 963431.231100000441074, 1963902.336400000378489 ], [ 963437.463899999856949, 1963908.724300000816584 ], [ 963449.08559999987483, 1963923.063999999314547 ], [ 963450.680900000035763, 1963925.169600000604987 ], [ 963459.407599999569356, 1963937.160000000149012 ], [ 963459.833100000396371, 1963937.977 ], [ 963458.037999999709427, 1963943.3136 ], [ 963457.569600000046194, 1963944.566500000655651 ], [ 963445.934100000187755, 1963964.973799999803305 ], [ 963440.641699999570847, 1963996.895099999383092 ], [ 963440.281499999575317, 1963998.361600000411272 ], [ 963427.448200000450015, 1964045.9912 ], [ 963415.664499999955297, 1964096.007500000298023 ], [ 963415.821299999952316, 1964097.82909999974072 ], [ 963419.311900000087917, 1964126.711300000548363 ], [ 963419.610700000077486, 1964128.1009 ], [ 963432.647199999541044, 1964159.572499999776483 ], [ 963432.14159999974072, 1964168.604599999263883 ], [ 963433.732300000265241, 1964176.02170000039041 ], [ 963442.831799999810755, 1964189.5154 ], [ 963444.89879999961704, 1964190.942099999636412 ], [ 963454.675599999725819, 1964194.303600000217557 ], [ 963456.58739999961108, 1964194.7281 ], [ 963465.615000000223517, 1964194.230900000780821 ], [ 963467.768799999728799, 1964194.053099999204278 ], [ 963485.708499999716878, 1964188.422900000587106 ], [ 963498.572499999776483, 1964185.382400000467896 ], [ 963499.962899999693036, 1964185.526200000196695 ], [ 963507.817499999888241, 1964186.588899999856949 ], [ 963509.215300000272691, 1964187.327500000596046 ], [ 963521.04700000025332, 1964195.097300000488758 ], [ 963524.15749999973923, 1964197.424200000241399 ], [ 963564.021200000308454, 1964229.928099999204278 ], [ 963565.160799999721348, 1964230.878499999642372 ], [ 963578.045400000177324, 1964243.348899999633431 ], [ 963580.826100000180304, 1964240.475700000301003 ], [ 963567.835199999623001, 1964227.902599999681115 ], [ 963566.565100000239909, 1964226.8432 ], [ 963526.619500000029802, 1964194.272600000724196 ], [ 963523.344100000336766, 1964191.822300000116229 ] ] ] ] } },
{ "type": "Feature", "properties": { "OBJECTID": 35, "CODE2": 0.0, "INDEXPAGE1": null, "LEVEL1": null, "NAME2": null, "RIVLEN1": 0.0, "UID1": 0.0, "INDEXPAGE2": ",41", "LEVEL2": ",41", "RIVLEN2": 15.3, "RIV_CD_1": 1025640.0, "RIV_NAM_1": ",41", "UID2": 477.0, "CODE1": 0.0, "INDEXPAGE": null, "LEVEL": null, "NAME1": null, "RIVLEN": 0.0, "UID": 0.0, "Shape_Leng": 582.62974079699995, "Shape_Area": 578.21625984000002 }, "geometry": { "type": "MultiPolygon", "coordinates": [ [ [ [ 935246.611299999989569, 1950793.922800000756979 ], [ 935240.781499999575317, 1950776.870699999853969 ], [ 935238.685499999672174, 1950776.920499999076128 ], [ 935244.697999999858439, 1950794.50650000013411 ], [ 935246.724299999885261, 1950802.0395 ], [ 935252.8602, 1950834.358799999579787 ], [ 935254.399400000460446, 1950841.309900000691414 ], [ 935255.328499999828637, 1950849.058199999853969 ], [ 935265.60950000025332, 1950952.5121 ], [ 935266.349100000225008, 1950960.138000000268221 ], [ 935275.040599999949336, 1951063.567299999296665 ], [ 935275.05530000012368, 1951063.557800000533462 ], [ 935276.974799999967217, 1951062.708399999886751 ], [ 935268.340400000102818, 1950959.957800000905991 ], [ 935267.599200000055134, 1950952.316700000315905 ], [ 935257.315999999642372, 1950848.840299999341369 ], [ 935256.372800000011921, 1950840.973899999633431 ], [ 935254.818699999712408, 1950833.9561 ], [ 935248.674499999731779, 1950801.592800000682473 ], [ 935246.611299999989569, 1950793.922800000756979 ] ] ] ] } },
{ "type": "Feature", "properties": { "OBJECTID": 36, "CODE2": 0.0, "INDEXPAGE1": null, "LEVEL1": null, "NAME2": null, "RIVLEN1": 0.0, "UID1": 0.0, "INDEXPAGE2": ",43", "LEVEL2": ",43", "RIVLEN2": 3.65, "RIV_CD_1": 1025180.0, "RIV_NAM_1": ",43", "UID2": 420.0, "CODE1": 0.0, "INDEXPAGE": null, "LEVEL": null, "NAME1": null, "RIVLEN": 0.0, "UID": 0.0, "Shape_Leng": 6213.0919313799996, "Shape_Area": 6206.6831767100002 }, "geometry": { "type": "MultiPolygon", "coordinates": [ [ [ [ 959906.181099999696016, 1964692.225299999117851 ], [ 959934.284300000406802, 1964687.99100000038743 ], [ 960017.803600000217557, 1964674.759400000795722 ], [ 960042.126899999566376, 1964667.449500000104308 ], [ 960106.474299999885261, 1964641.104900000616908 ], [ 960201.238199999555945, 1964600.678099999204278 ], [ 960320.24100000038743, 1964547.543700000271201 ], [ 960366.105499999597669, 1964525.574200000613928 ], [ 960375.679100000299513, 1964520.988399999216199 ], [ 960383.442599999718368, 1964520.2708 ], [ 960383.375799999572337, 1964518.269200000911951 ], [ 960375.138500000350177, 1964519.030600000172853 ], [ 960365.267500000074506, 1964523.758899999782443 ], [ 960319.401499999687076, 1964545.729100000113249 ], [ 960200.438500000163913, 1964598.84569999948144 ], [ 960105.703300000168383, 1964639.260299999266863 ], [ 960041.458899999968708, 1964665.562699999660254 ], [ 960017.357400000095367, 1964672.8059 ], [ 959933.979000000283122, 1964686.0153 ], [ 959906.50719999987632, 1964690.15430000051856 ], [ 959877.338200000114739, 1964675.630599999800324 ], [ 959852.841099999845028, 1964663.022600000724196 ], [ 959835.676500000059605, 1964651.843599999323487 ], [ 959804.4523, 1964628.590199999511242 ], [ 959764.867200000211596, 1964598.605599999427795 ], [ 959715.563799999654293, 1964555.6513 ], [ 959684.776300000026822, 1964531.305500000715256 ], [ 959663.963000000454485, 1964517.320499999448657 ], [ 959614.78830000013113, 1964481.502800000831485 ], [ 959583.622499999590218, 1964463.926599999889731 ], [ 959566.687300000339746, 1964456.932600000873208 ], [ 959547.7045, 1964449.464700000360608 ], [ 959523.625300000421703, 1964444.08699999935925 ], [ 959498.400200000032783, 1964438.643500000238419 ], [ 959472.493599999696016, 1964430.314400000497699 ], [ 959451.867999999783933, 1964427.277000000700355 ], [ 959434.479799999855459, 1964428.422800000756979 ], [ 959417.376500000245869, 1964433.606100000441074 ], [ 959380.005099999718368, 1964439.773399999365211 ], [ 959353.970700000412762, 1964444.208699999377131 ], [ 959337.547500000335276, 1964446.493599999696016 ], [ 959320.531299999915063, 1964446.326899999752641 ], [ 959276.306699999608099, 1964438.37470000050962 ], [ 959251.461600000038743, 1964432.916999999433756 ], [ 959221.966599999926984, 1964425.4057 ], [ 959193.643799999728799, 1964419.5307 ], [ 959176.498700000345707, 1964414.857100000604987 ], [ 959161.619199999608099, 1964408.9517 ], [ 959142.420800000429153, 1964398.568199999630451 ], [ 959113.412999999709427, 1964377.49100000038743 ], [ 959103.577200000174344, 1964371.720799999311566 ], [ 959080.387600000016391, 1964359.290999999269843 ], [ 959073.616100000217557, 1964356.3235 ], [ 959051.595300000160933, 1964349.003699999302626 ], [ 959000.169700000435114, 1964326.440099999308586 ], [ 958976.783599999733269, 1964319.453099999576807 ], [ 958946.892199999652803, 1964309.719100000336766 ], [ 958938.370699999853969, 1964305.741900000721216 ], [ 958922.935100000351667, 1964296.730200000107288 ], [ 958905.317400000058115, 1964278.608999999240041 ], [ 958870.242499999701977, 1964230.816199999302626 ], [ 958855.53830000013113, 1964206.438400000333786 ], [ 958842.18099999986589, 1964177.748500000685453 ], [ 958830.883899999782443, 1964162.38289999961853 ], [ 958820.72719999961555, 1964154.433700000867248 ], [ 958806.42960000038147, 1964149.857699999585748 ], [ 958790.943799999542534, 1964148.890000000596046 ], [ 958767.252799999900162, 1964156.1919 ], [ 958753.905500000342727, 1964163.031500000506639 ], [ 958739.535799999721348, 1964181.739099999889731 ], [ 958731.572599999606609, 1964196.216099999845028 ], [ 958724.319500000216067, 1964218.631999999284744 ], [ 958719.076000000350177, 1964226.369000000879169 ], [ 958710.873399999924004, 1964233.06220000050962 ], [ 958676.867200000211596, 1964254.8267 ], [ 958670.596099999733269, 1964261.770500000566244 ], [ 958659.953200000338256, 1964276.795800000429153 ], [ 958644.879599999636412, 1964290.1228 ], [ 958614.662100000306964, 1964306.832000000402331 ], [ 958601.508600000292063, 1964310.08669999986887 ], [ 958590.77240000013262, 1964310.577099999412894 ], [ 958581.771800000220537, 1964309.752000000327826 ], [ 958575.302199999801815, 1964307.7796 ], [ 958558.397099999710917, 1964299.746200000867248 ], [ 958541.386199999600649, 1964288.42090000025928 ], [ 958517.733, 1964265.7347999997437 ], [ 958491.008600000292063, 1964249.074100000783801 ], [ 958480.279299999587238, 1964245.966700000688434 ], [ 958457.210400000214577, 1964245.379200000315905 ], [ 958447.70160000026226, 1964243.1118 ], [ 958401.364199999719858, 1964215.543099999427795 ], [ 958382.806300000287592, 1964201.870200000703335 ], [ 958340.223000000230968, 1964150.31279999949038 ], [ 958332.611800000071526, 1964142.782400000840425 ], [ 958318.152499999850988, 1964134.279999999329448 ], [ 958285.108, 1964122.524800000712276 ], [ 958274.2652000002563, 1964083.687000000849366 ], [ 958250.287100000306964, 1964059.4112 ], [ 958237.996500000357628, 1964049.88289999961853 ], [ 958230.918600000441074, 1964046.229699999094009 ], [ 958221.40610000025481, 1964041.315199999138713 ], [ 958201.117499999701977, 1964035.593499999493361 ], [ 958179.676699999719858, 1964034.940099999308586 ], [ 958146.724799999967217, 1964040.726700000464916 ], [ 958123.153699999675155, 1964046.545 ], [ 958122.690499999560416, 1964046.68779999949038 ], [ 958112.485600000247359, 1964049.993000000715256 ], [ 958105.169300000183284, 1964052.3585 ], [ 958081.536299999803305, 1964059.539000000804663 ], [ 958061.494400000199676, 1964065.559399999678135 ], [ 958048.531499999575317, 1964068.099199999123812 ], [ 958036.144000000320375, 1964067.970300000160933 ], [ 958024.030600000172853, 1964062.595300000160933 ], [ 958005.480200000107288, 1964051.657199999317527 ], [ 957991.025799999944866, 1964047.826400000602007 ], [ 957985.255900000222027, 1964047.3596 ], [ 957975.517699999734759, 1964046.576999999582767 ], [ 957952.60259999986738, 1964047.380300000309944 ], [ 957937.739799999631941, 1964047.609400000423193 ], [ 957932.472000000067055, 1964047.686499999836087 ], [ 957932.316100000403821, 1964047.657500000670552 ], [ 957910.708999999798834, 1964043.347999999299645 ], [ 957891.041699999943376, 1964038.9221 ], [ 957866.32120000012219, 1964034.55629999935627 ], [ 957836.748200000263751, 1964027.669199999421835 ], [ 957800.110999999567866, 1964016.988299999386072 ], [ 957774.227699999697506, 1964007.023700000718236 ], [ 957737.058000000193715, 1963990.715199999511242 ], [ 957716.855200000107288, 1963978.310900000855327 ], [ 957703.816499999724329, 1963969.086899999529123 ], [ 957702.342000000178814, 1963970.49269999936223 ], [ 957715.753700000233948, 1963979.980599999427795 ], [ 957736.128899999894202, 1963992.490800000727177 ], [ 957773.466500000096858, 1964008.872899999842048 ], [ 957799.470999999903142, 1964018.884199999272823 ], [ 957836.24129999987781, 1964029.603900000452995 ], [ 957865.920300000347197, 1964036.515599999576807 ], [ 957890.648199999704957, 1964040.882799999788404 ], [ 957910.293899999931455, 1964045.30379999987781 ], [ 957931.936999999918044, 1964049.620500000193715 ], [ 957932.301500000059605, 1964049.688500000163913 ], [ 957937.769000000320375, 1964049.6085 ], [ 957952.652999999932945, 1964049.379000000655651 ], [ 957975.472500000149012, 1964048.579 ], [ 957985.095599999651313, 1964049.352399999275804 ], [ 957990.6864, 1964049.80460000038147 ], [ 958004.701899999752641, 1964053.519200000911951 ], [ 958023.114400000311434, 1964064.376000000163913 ], [ 958035.710500000044703, 1964069.965199999511242 ], [ 958048.715200000442564, 1964070.10050000064075 ], [ 958061.975300000049174, 1964067.502399999648333 ], [ 958082.114500000141561, 1964061.4528 ], [ 958105.767500000074506, 1964054.266200000420213 ], [ 958113.100599999539554, 1964051.895300000905991 ], [ 958123.292999999597669, 1964048.594100000336766 ], [ 958123.688099999912083, 1964048.472400000318885 ], [ 958147.137799999676645, 1964042.684000000357628 ], [ 958179.820600000210106, 1964036.944700000807643 ], [ 958200.811200000345707, 1964037.584300000220537 ], [ 958220.668399999849498, 1964043.184399999678135 ], [ 958230.000900000333786, 1964048.005799999460578 ], [ 958236.916600000113249, 1964051.575300000607967 ], [ 958248.957700000144541, 1964060.910299999639392 ], [ 958272.478900000452995, 1964084.723500000312924 ], [ 958283.461199999786913, 1964124.060900000855327 ], [ 958317.303199999965727, 1964136.099899999797344 ], [ 958331.383200000040233, 1964144.379200000315905 ], [ 958338.745500000193715, 1964151.6634 ], [ 958381.421900000423193, 1964203.333399999886751 ], [ 958400.257500000298023, 1964217.210999999195337 ], [ 958446.941399999894202, 1964244.9857 ], [ 958456.950199999846518, 1964247.372500000521541 ], [ 958479.970800000242889, 1964247.958699999377131 ], [ 958490.186200000345707, 1964250.917300000786781 ], [ 958516.498999999836087, 1964267.32149999961257 ], [ 958540.130499999970198, 1964289.986600000411272 ], [ 958557.408999999985099, 1964301.4901 ], [ 958574.5777000002563, 1964309.648800000548363 ], [ 958581.384899999946356, 1964311.724099999293685 ], [ 958590.726599999703467, 1964312.580600000917912 ], [ 958601.797100000083447, 1964312.074899999424815 ], [ 958615.39850000012666, 1964308.709300000220537 ], [ 958646.039200000464916, 1964291.766100000590086 ], [ 958661.450799999758601, 1964278.1403 ], [ 958672.159099999815226, 1964263.022600000724196 ], [ 958678.171000000089407, 1964256.365900000557303 ], [ 958712.048200000077486, 1964234.684000000357628 ], [ 958720.566800000146031, 1964227.732899999246001 ], [ 958726.134100000374019, 1964219.518100000917912 ], [ 958733.416100000031292, 1964197.012800000607967 ], [ 958741.214200000278652, 1964182.836100000888109 ], [ 958755.217199999839067, 1964164.605900000780821 ], [ 958768.008799999952316, 1964158.050899999216199 ], [ 958791.183600000105798, 1964150.908099999651313 ], [ 958806.056800000369549, 1964151.837600000202656 ], [ 958819.776800000108778, 1964156.228800000622869 ], [ 958829.435600000433624, 1964163.78830000013113 ], [ 958840.452499999664724, 1964178.77250000089407 ], [ 958853.770999999716878, 1964207.379300000146031 ], [ 958868.577200000174344, 1964231.926200000569224 ], [ 958903.787499999627471, 1964279.903400000184774 ], [ 958921.691800000146031, 1964298.319299999624491 ], [ 958937.441999999806285, 1964307.514699999243021 ], [ 958946.157100000418723, 1964311.582399999722838 ], [ 958976.18790000025183, 1964321.361700000241399 ], [ 958999.479199999943376, 1964328.32039999961853 ], [ 959050.876799999736249, 1964350.871600000187755 ], [ 959072.898000000044703, 1964358.191600000485778 ], [ 959079.512900000438094, 1964361.090399999171495 ], [ 959102.598699999973178, 1964373.464700000360608 ], [ 959112.316999999806285, 1964379.165999999269843 ], [ 959141.353000000119209, 1964400.263599999248981 ], [ 959160.771900000050664, 1964410.7664 ], [ 959175.865100000053644, 1964416.7566 ], [ 959193.177400000393391, 1964421.47580000013113 ], [ 959221.51659999974072, 1964427.3542 ], [ 959251.000199999660254, 1964434.862600000575185 ], [ 959275.915199999697506, 1964440.3355 ], [ 959320.343299999833107, 1964448.324300000444055 ], [ 959337.676300000399351, 1964448.494200000539422 ], [ 959354.276499999687076, 1964446.184699999168515 ], [ 959380.335799999535084, 1964441.745100000873208 ], [ 959417.831100000068545, 1964435.557399999350309 ], [ 959434.840099999681115, 1964430.402599999681115 ], [ 959451.787200000137091, 1964429.285900000482798 ], [ 959472.038800000213087, 1964432.268300000578165 ], [ 959497.882100000046194, 1964440.576899999752641 ], [ 959523.196600000374019, 1964446.03969999961555 ], [ 959547.117200000211596, 1964451.381999999284744 ], [ 959565.939799999818206, 1964458.78690000064671 ], [ 959582.746700000017881, 1964465.727900000289083 ], [ 959613.705099999904633, 1964483.18720000050962 ], [ 959662.816499999724329, 1964518.958799999207258 ], [ 959683.597000000067055, 1964532.921700000762939 ], [ 959714.286399999633431, 1964557.189999999478459 ], [ 959763.605399999767542, 1964600.157999999821186 ], [ 959803.251699999906123, 1964630.188699999824166 ], [ 959834.532800000160933, 1964653.4847 ], [ 959851.835500000044703, 1964664.753499999642372 ], [ 959876.435200000181794, 1964677.414300000295043 ], [ 959906.181099999696016, 1964692.225299999117851 ] ] ] ] } },
{ "type": "Feature", "properties": { "OBJECTID": 37, "CODE2": 0.0, "INDEXPAGE1": null, "LEVEL1": null, "NAME2": null, "RIVLEN1": 0.0, "UID1": 0.0, "INDEXPAGE2": ",43", "LEVEL2": ",43", "RIVLEN2": 4.71, "RIV_CD_1": 1025210.0, "RIV_NAM_1": ",43", "UID2": 470.0, "CODE1": 0.0, "INDEXPAGE": null, "LEVEL": null, "NAME1": null, "RIVLEN": 0.0, "UID": 0.0, "Shape_Leng": 5442.3379084500002, "Shape_Area": 5436.23637409 }, "geometry": { "type": "MultiPolygon", "coordinates": [ [ [ [ 963504.270399999804795, 1957955.622500000521541 ], [ 963529.394500000402331, 1957953.181600000709295 ], [ 963556.856999999843538, 1957947.408299999311566 ], [ 963579.805700000375509, 1957940.622999999672174 ], [ 963592.618900000117719, 1957936.400000000372529 ], [ 963648.414300000295043, 1957913.24100000038743 ], [ 963654.748599999584258, 1957910.371899999678135 ], [ 963656.095099999569356, 1957909.840500000864267 ], [ 963665.010800000280142, 1957906.695699999108911 ], [ 963666.551099999807775, 1957906.1524 ], [ 963670.7829, 1957904.059699999168515 ], [ 963678.778599999845028, 1957898.918099999427795 ], [ 963680.836199999786913, 1957896.082499999552965 ], [ 963685.351599999703467, 1957888.170399999246001 ], [ 963700.202800000086427, 1957880.502800000831485 ], [ 963747.285199999809265, 1957854.66190000064671 ], [ 963783.905299999751151, 1957833.8619 ], [ 963817.824599999934435, 1957814.791999999433756 ], [ 963873.169999999925494, 1957784.439500000327826 ], [ 963919.206399999558926, 1957758.873800000175834 ], [ 963978.380800000391901, 1957726.471000000834465 ], [ 964005.544800000265241, 1957711.468699999153614 ], [ 964036.339999999850988, 1957692.348099999129772 ], [ 964082.46030000038445, 1957661.124600000679493 ], [ 964097.288900000043213, 1957651.221400000154972 ], [ 964102.312300000339746, 1957647.871099999174476 ], [ 964103.556200000457466, 1957646.6239 ], [ 964135.689600000157952, 1957626.346599999815226 ], [ 964141.669499999843538, 1957622.789599999785423 ], [ 964164.192599999718368, 1957607.760900000110269 ], [ 964179.025100000202656, 1957597.8651 ], [ 964184.038099999539554, 1957594.515100000426173 ], [ 964185.294400000013411, 1957593.255200000479817 ], [ 964231.321299999952316, 1957563.692500000819564 ], [ 964237.941899999976158, 1957560.217700000852346 ], [ 964247.36670000012964, 1957554.114499999210238 ], [ 964262.519799999892712, 1957542.567500000819564 ], [ 964264.849899999797344, 1957540.283800000324845 ], [ 964274.911399999633431, 1957531.03319999948144 ], [ 964279.984699999913573, 1957524.700400000438094 ], [ 964310.496399999596179, 1957488.762399999424815 ], [ 964348.818300000391901, 1957450.331399999558926 ], [ 964364.903199999593198, 1957433.331000000238419 ], [ 964376.325799999758601, 1957422.435100000351667 ], [ 964388.242499999701977, 1957414.160900000482798 ], [ 964392.117499999701977, 1957412.579199999570847 ], [ 964398.946800000034273, 1957411.280200000852346 ], [ 964402.761800000444055, 1957410.496099999174476 ], [ 964409.026499999687076, 1957406.803600000217557 ], [ 964411.005400000140071, 1957405.965800000354648 ], [ 964412.170599999837577, 1957405.959599999710917 ], [ 964432.930200000293553, 1957409.789899999275804 ], [ 964451.765700000338256, 1957413.287100000306964 ], [ 964455.225399999879301, 1957413.970000000670552 ], [ 964467.316700000315905, 1957414.779699999839067 ], [ 964471.360000000335276, 1957415.070699999108911 ], [ 964493.16399999987334, 1957415.074300000444055 ], [ 964499.268299999646842, 1957415.980900000780821 ], [ 964501.624099999666214, 1957415.6886 ], [ 964503.674200000241399, 1957415.295 ], [ 964503.608900000341237, 1957413.346300000324845 ], [ 964503.596400000154972, 1957413.3333 ], [ 964505.597400000318885, 1957412.863199999555945 ], [ 964507.42989999987185, 1957412.241499999538064 ], [ 964507.597400000318885, 1957412.362299999222159 ], [ 964510.522099999710917, 1957412.681099999696016 ], [ 964512.52419999986887, 1957413.098899999633431 ], [ 964519.043300000019372, 1957413.267899999395013 ], [ 964519.55350000038743, 1957412.881100000813603 ], [ 964548.549399999901652, 1957405.963500000536442 ], [ 964575.693699999712408, 1957392.398299999535084 ], [ 964584.725499999709427, 1957371.1436 ], [ 964587.236200000159442, 1957314.873800000175834 ], [ 964585.243800000287592, 1957314.677500000223517 ], [ 964582.744300000369549, 1957370.693900000303984 ], [ 964574.14159999974072, 1957390.938999999314547 ], [ 964547.861499999649823, 1957404.072300000116229 ], [ 964518.680499999783933, 1957411.034 ], [ 964518.394100000150502, 1957411.251299999654293 ], [ 964512.756199999712408, 1957411.105100000277162 ], [ 964510.83530000038445, 1957410.70409999974072 ], [ 964508.338999999687076, 1957410.432 ], [ 964507.763799999840558, 1957410.017100000753999 ], [ 964505.04619999974966, 1957410.938999999314547 ], [ 964502.790000000037253, 1957411.469200000166893 ], [ 964502.42879999987781, 1957411.661800000816584 ], [ 964499.707100000232458, 1957412.190300000831485 ], [ 964501.195000000298023, 1957413.72719999961555 ], [ 964499.292500000447035, 1957413.963300000876188 ], [ 964493.31180000025779, 1957413.075099999085069 ], [ 964471.432000000029802, 1957413.071399999782443 ], [ 964467.455199999734759, 1957412.785299999639392 ], [ 964455.486800000071526, 1957411.983899999409914 ], [ 964452.141800000332296, 1957411.323599999770522 ], [ 964433.294099999591708, 1957407.824100000783801 ], [ 964412.348199999891222, 1957403.9594 ], [ 964410.594600000418723, 1957403.968800000846386 ], [ 964408.125300000421703, 1957405.014000000432134 ], [ 964402.033200000412762, 1957408.604800000786781 ], [ 964398.558799999766052, 1957409.318900000303984 ], [ 964391.547399999573827, 1957410.652599999681115 ], [ 964387.283099999651313, 1957412.393200000748038 ], [ 964375.058100000023842, 1957420.881300000473857 ], [ 964363.486200000159442, 1957431.919800000265241 ], [ 964347.384200000204146, 1957448.938300000503659 ], [ 964309.024299999698997, 1957487.407400000840425 ], [ 964278.442200000397861, 1957523.42820000089705 ], [ 964273.44620000012219, 1957529.66440000012517 ], [ 964263.473299999721348, 1957538.833599999547005 ], [ 964261.20920000039041, 1957541.052699999883771 ], [ 964246.215800000354648, 1957552.477900000289083 ], [ 964236.932000000029802, 1957558.489900000393391 ], [ 964230.314600000157952, 1957561.96309999935329 ], [ 964184.031700000166893, 1957591.690099999308586 ], [ 964182.762400000356138, 1957592.962899999693036 ], [ 964177.914300000295043, 1957596.20299999974668 ], [ 964163.083100000396371, 1957606.097799999639392 ], [ 964140.602900000289083, 1957621.097899999469519 ], [ 964134.644999999552965, 1957624.641799999400973 ], [ 964102.299300000071526, 1957645.053099999204278 ], [ 964101.037399999797344, 1957646.318299999460578 ], [ 964096.17960000038147, 1957649.5581 ], [ 964081.344800000078976, 1957659.465600000694394 ], [ 964035.252000000327826, 1957690.670399999246001 ], [ 964004.533599999733269, 1957709.7434 ], [ 963977.417399999685585, 1957724.719200000166893 ], [ 963918.24100000038743, 1957757.123099999502301 ], [ 963872.20409999974072, 1957782.689099999144673 ], [ 963816.853900000452995, 1957813.044099999591708 ], [ 963782.921699999831617, 1957832.121400000527501 ], [ 963746.310499999672174, 1957852.916300000622869 ], [ 963699.263100000098348, 1957878.737999999895692 ], [ 963683.908599999733269, 1957886.665500000119209 ], [ 963679.154000000096858, 1957894.9967 ], [ 963677.381199999712408, 1957897.4397 ], [ 963669.796099999919534, 1957902.317399999126792 ], [ 963665.772599999792874, 1957904.307099999859929 ], [ 963662.168800000101328, 1957905.578199999406934 ], [ 963655.395499999634922, 1957907.967299999669194 ], [ 963653.968799999915063, 1957908.5304000005126 ], [ 963647.61849999986589, 1957911.406700000166893 ], [ 963591.921799999661744, 1957934.524700000882149 ], [ 963579.209300000220537, 1957938.714600000530481 ], [ 963556.36710000038147, 1957945.468299999833107 ], [ 963529.091300000436604, 1957951.202500000596046 ], [ 963504.139700000174344, 1957953.626499999314547 ], [ 963486.007399999536574, 1957954.24210000038147 ], [ 963453.961199999786913, 1957955.57010000012815 ], [ 963436.498200000263751, 1957953.899000000208616 ], [ 963426.014600000344217, 1957948.756300000473857 ], [ 963413.976599999703467, 1957942.286699999123812 ], [ 963402.567699999548495, 1957938.158399999141693 ], [ 963337.594499999657273, 1957914.64809999987483 ], [ 963318.499499999918044, 1957906.543299999088049 ], [ 963271.832799999974668, 1957889.518300000578165 ], [ 963262.708499999716878, 1957886.189600000157952 ], [ 963196.885999999940395, 1957862.009999999776483 ], [ 963161.967199999839067, 1957849.1074 ], [ 963148.814199999906123, 1957844.247199999168515 ], [ 963119.058699999935925, 1957834.374500000849366 ], [ 963108.556099999696016, 1957832.267000000923872 ], [ 963103.9682, 1957831.346400000154972 ], [ 963100.949599999934435, 1957830.74070000089705 ], [ 963090.059399999678135, 1957828.474099999293685 ], [ 963048.775399999693036, 1957814.027000000700355 ], [ 963036.068300000391901, 1957809.097999999299645 ], [ 963033.46100000012666, 1957808.0866 ], [ 963031.031899999827147, 1957806.280300000682473 ], [ 963028.518799999728799, 1957803.32149999961257 ], [ 963024.966500000096858, 1957799.13910000026226 ], [ 963020.863499999977648, 1957794.398600000888109 ], [ 963016.917600000277162, 1957790.5176 ], [ 963008.872499999590218, 1957782.604699999094009 ], [ 962997.441100000403821, 1957773.343699999153614 ], [ 962994.605299999937415, 1957771.877499999478459 ], [ 962982.546099999919534, 1957765.933000000193715 ], [ 962942.839800000190735, 1957753.895400000736117 ], [ 962941.427600000053644, 1957753.462200000882149 ], [ 962921.67920000012964, 1957747.405500000342727 ], [ 962902.650200000032783, 1957740.929199999198318 ], [ 962877.789900000207126, 1957731.6327 ], [ 962842.455099999904633, 1957717.882200000807643 ], [ 962805.321600000374019, 1957702.577500000596046 ], [ 962746.619500000029802, 1957679.10359999909997 ], [ 962695.75690000038594, 1957656.671 ], [ 962621.525000000372529, 1957623.5176 ], [ 962584.899000000208616, 1957607.616599999368191 ], [ 962532.807099999859929, 1957585.012199999764562 ], [ 962493.121700000017881, 1957567.840600000694394 ], [ 962431.879499999806285, 1957541.034800000488758 ], [ 962357.560800000093877, 1957505.335799999535084 ], [ 962289.444899999536574, 1957471.06220000050962 ], [ 962224.602400000207126, 1957439.630999999120831 ], [ 962222.594700000248849, 1957439.309900000691414 ], [ 962221.186999999918044, 1957441.109300000593066 ], [ 962223.995500000193715, 1957441.558700000867248 ], [ 962288.559500000439584, 1957472.854800000786781 ], [ 962356.678600000217557, 1957507.130000000819564 ], [ 962431.045599999837577, 1957542.85219999961555 ], [ 962492.323900000192225, 1957569.673800000920892 ], [ 962532.012299999594688, 1957586.846699999645352 ], [ 962584.102800000458956, 1957609.450400000438094 ], [ 962620.7193, 1957625.347400000318885 ], [ 962694.94579999987036, 1957658.498400000855327 ], [ 962745.844700000248849, 1957680.947000000625849 ], [ 962804.56940000038594, 1957704.429999999701977 ], [ 962841.711600000038743, 1957719.738199999555945 ], [ 962877.0773, 1957733.500600000843406 ], [ 962901.977900000289083, 1957742.81220000050962 ], [ 962921.063799999654293, 1957749.308000000193715 ], [ 962941.438699999824166, 1957755.556800000369549 ], [ 962942.256699999794364, 1957755.807700000703335 ], [ 962981.809200000017881, 1957767.798800000920892 ], [ 962993.704199999570847, 1957773.662200000137091 ], [ 962996.341400000266731, 1957775.025800000876188 ], [ 963007.539300000295043, 1957784.097500000149012 ], [ 963019.404500000178814, 1957795.767699999734759 ], [ 963023.448699999600649, 1957800.440400000661612 ], [ 963029.655799999833107, 1957807.748400000855327 ], [ 963032.485500000417233, 1957809.852600000798702 ], [ 963041.7652000002563, 1957813.452199999243021 ], [ 963048.083599999547005, 1957815.903000000864267 ], [ 963089.523199999704957, 1957830.404500000178814 ], [ 963089.672100000083447, 1957830.435499999672174 ], [ 963100.549300000071526, 1957832.699400000274181 ], [ 963116.222900000400841, 1957835.844499999657273 ], [ 963118.545300000347197, 1957836.310599999502301 ], [ 963148.152800000272691, 1957846.134199999272823 ], [ 963156.893099999986589, 1957849.363800000399351 ], [ 963196.194899999536574, 1957863.886 ], [ 963262.021300000138581, 1957888.066999999806285 ], [ 963271.22620000038296, 1957891.425100000575185 ], [ 963317.7659, 1957908.403899999335408 ], [ 963336.863300000317395, 1957916.509600000455976 ], [ 963386.455099999904633, 1957934.454299999400973 ], [ 963413.158900000154972, 1957944.116900000721216 ], [ 963425.10080000013113, 1957950.534800000488758 ], [ 963435.945000000298023, 1957955.854399999603629 ], [ 963453.907100000418723, 1957957.573400000110269 ], [ 963486.082700000144541, 1957956.240000000223517 ], [ 963504.270399999804795, 1957955.622500000521541 ] ] ] ] } },
{ "type": "Feature", "properties": { "OBJECTID": 38, "CODE2": 0.0, "INDEXPAGE1": null, "LEVEL1": null, "NAME2": null, "RIVLEN1": 0.0, "UID1": 0.0, "INDEXPAGE2": ",43", "LEVEL2": ",43", "RIVLEN2": 8.51, "RIV_CD_1": 1025220.0, "RIV_NAM_1": ",43", "UID2": 435.0, "CODE1": 0.0, "INDEXPAGE": null, "LEVEL": null, "NAME1": null, "RIVLEN": 0.0, "UID": 0.0, "Shape_Leng": 16856.241197899999, "Shape_Area": 54433.337585100002 }, "geometry": { "type": "MultiPolygon", "coordinates": [ [ [ [ 957461.142500000074506, 1961124.3114 ], [ 957483.105899999849498, 1961123.022199999541044 ], [ 957517.229100000113249, 1961127.319399999454618 ], [ 957569.3277000002563, 1961139.947200000286102 ], [ 957620.243700000457466, 1961155.119200000539422 ], [ 957663.659099999815226, 1961169.201099999248981 ], [ 957685.228699999861419, 1961174.355100000277162 ], [ 957699.892799999564886, 1961177.858999999240041 ], [ 957712.133899999782443, 1961177.171299999579787 ], [ 957767.4216, 1961162.362800000235438 ], [ 957787.713499999605119, 1961152.779400000348687 ], [ 957800.542399999685585, 1961142.399700000882149 ], [ 957814.722500000149012, 1961125.522700000554323 ], [ 957836.49100000038743, 1961086.1217 ], [ 957836.618700000457466, 1961085.89049999974668 ], [ 957836.677699999883771, 1961085.816999999806285 ], [ 957850.706899999640882, 1961068.3388 ], [ 957857.932500000111759, 1961061.746400000527501 ], [ 957870.492899999953806, 1961050.286599999293685 ], [ 957878.861899999901652, 1961045.5252 ], [ 957898.418399999849498, 1961034.398900000378489 ], [ 957934.010599999688566, 1961021.346200000494719 ], [ 957998.504900000058115, 1961007.661599999293685 ], [ 958044.733300000429153, 1960997.818399999290705 ], [ 958060.991600000299513, 1960990.776900000870228 ], [ 958071.931499999947846, 1960980.521099999547005 ], [ 958078.864599999971688, 1960968.330900000408292 ], [ 958097.875599999912083, 1960929.615000000223517 ], [ 958122.124699999578297, 1960879.794700000435114 ], [ 958122.419499999843538, 1960879.188999999314547 ], [ 958126.165400000289083, 1960871.404899999499321 ], [ 958127.548799999989569, 1960868.8991 ], [ 958145.289200000464916, 1960839.400399999693036 ], [ 958154.848299999721348, 1960827.587300000712276 ], [ 958160.878800000064075, 1960820.134600000455976 ], [ 958169.351099999621511, 1960811.909600000828505 ], [ 958197.289300000295043, 1960791.147700000554323 ], [ 958243.071100000292063, 1960761.810100000351667 ], [ 958265.410000000149012, 1960747.179199999198318 ], [ 958334.983300000429153, 1960701.611700000241399 ], [ 958436.429700000211596, 1960619.38539999909699 ], [ 958489.80599999986589, 1960577.868000000715256 ], [ 958574.122000000439584, 1960512.285199999809265 ], [ 958685.644199999980628, 1960424.799799999222159 ], [ 958739.754099999554455, 1960375.875099999830127 ], [ 958763.836900000460446, 1960349.679400000721216 ], [ 958782.959099999628961, 1960323.244999999180436 ], [ 958799.862300000153482, 1960295.059699999168515 ], [ 958813.583300000056624, 1960268.25139999948442 ], [ 958829.181300000287592, 1960228.214199999347329 ], [ 958878.943500000052154, 1960080.7434 ], [ 958929.120000000111759, 1959934.463400000706315 ], [ 958939.08669999986887, 1959912.079800000414252 ], [ 958947.819099999964237, 1959898.59180000051856 ], [ 958949.580799999646842, 1959895.8706 ], [ 958951.544499999843538, 1959893.680400000885129 ], [ 958958.711500000208616, 1959885.687000000849366 ], [ 958963.13219999987632, 1959880.75650000013411 ], [ 958967.974100000225008, 1959876.512399999424815 ], [ 958983.458499999716878, 1959862.939899999648333 ], [ 958996.794200000353158, 1959855.314300000667572 ], [ 959020.639700000174344, 1959844.536000000312924 ], [ 959049.169800000265241, 1959834.183499999344349 ], [ 959088.128700000233948, 1959820.8158 ], [ 959136.923600000329316, 1959801.405200000852346 ], [ 959170.677600000053644, 1959781.3224 ], [ 959189.066999999806285, 1959764.750499999150634 ], [ 959198.292000000365078, 1959753.21680000051856 ], [ 959210.92200000025332, 1959734.101700000464916 ], [ 959214.863499999977648, 1959727.570499999448657 ], [ 959222.150100000202656, 1959715.495799999684095 ], [ 959224.595999999903142, 1959711.442800000309944 ], [ 959234.132799999788404, 1959682.36739999987185 ], [ 959247.710400000214577, 1959613.902899999171495 ], [ 959266.4545, 1959537.752699999138713 ], [ 959276.814000000245869, 1959504.553300000727177 ], [ 959288.856200000271201, 1959478.836100000888109 ], [ 959315.062400000169873, 1959432.871099999174476 ], [ 959353.187599999830127, 1959376.5175 ], [ 959405.484299999661744, 1959309.287100000306964 ], [ 959449.693699999712408, 1959266.991100000217557 ], [ 959539.09250000026077, 1959196.8849 ], [ 959636.027999999932945, 1959123.191400000825524 ], [ 959667.67949999962002, 1959099.128799999132752 ], [ 959699.269500000402331, 1959069.517699999734759 ], [ 959743.541400000452995, 1959017.429199999198318 ], [ 959807.537700000219047, 1958942.734099999070168 ], [ 959842.654199999757111, 1958910.800000000745058 ], [ 959901.697200000286102, 1958868.710799999535084 ], [ 960013.929700000211596, 1958797.68099999986589 ], [ 960047.071800000034273, 1958772.5877 ], [ 960073.179100000299513, 1958746.563799999654293 ], [ 960103.472000000067055, 1958707.093699999153614 ], [ 960135.028699999675155, 1958658.602700000628829 ], [ 960174.619800000451505, 1958595.108799999579787 ], [ 960193.210099999792874, 1958565.599199999123812 ], [ 960221.500799999572337, 1958522.241499999538064 ], [ 960244.650399999693036, 1958490.3158 ], [ 960265.549800000153482, 1958460.887599999085069 ], [ 960282.424999999813735, 1958440.129300000146031 ], [ 960291.260999999940395, 1958429.757500000298023 ], [ 960313.84389999974519, 1958397.274599999189377 ], [ 960329.996700000017881, 1958374.714400000870228 ], [ 960345.532999999821186, 1958350.836400000378489 ], [ 960358.439199999906123, 1958331.472999999299645 ], [ 960429.203300000168383, 1958242.005200000479817 ], [ 960449.12569999974221, 1958214.6831 ], [ 960477.110700000077486, 1958176.303999999538064 ], [ 960492.759399999864399, 1958154.843000000342727 ], [ 960514.208200000226498, 1958126.963600000366569 ], [ 960567.056099999696016, 1958058.270700000226498 ], [ 960596.019199999980628, 1958020.623800000175834 ], [ 960615.254499999806285, 1957997.0932 ], [ 960681.994599999859929, 1957934.792899999767542 ], [ 960698.637699999846518, 1957915.886 ], [ 960730.446999999694526, 1957892.619300000369549 ], [ 960766.519899999722838, 1957864.348899999633431 ], [ 960815.698800000362098, 1957820.808800000697374 ], [ 960854.344899999909103, 1957783.4781 ], [ 960874.940399999730289, 1957764.255899999290705 ], [ 960893.301900000311434, 1957741.406500000506639 ], [ 960905.835799999535084, 1957726.115299999713898 ], [ 960911.520399999804795, 1957716.0987 ], [ 960921.934100000187755, 1957704.387499999254942 ], [ 960924.213100000284612, 1957702.475999999791384 ], [ 960927.454900000244379, 1957701.149299999698997 ], [ 960930.792200000025332, 1957699.002299999818206 ], [ 960948.828499999828637, 1957680.7928 ], [ 960974.807000000029802, 1957652.274900000542402 ], [ 960993.032999999821186, 1957632.145199999213219 ], [ 961007.998800000175834, 1957617.36089999973774 ], [ 961023.344499999657273, 1957604.473799999803305 ], [ 961040.619699999690056, 1957593.515799999237061 ], [ 961070.156600000336766, 1957576.19480000063777 ], [ 961086.251799999736249, 1957567.032400000840425 ], [ 961096.756199999712408, 1957561.078600000590086 ], [ 961109.178899999707937, 1957553.055299999192357 ], [ 961124.345200000330806, 1957545.897199999541044 ], [ 961128.843000000342727, 1957543.913899999111891 ], [ 961136.679299999959767, 1957540.003599999472499 ], [ 961137.536799999885261, 1957539.609200000762939 ], [ 961138.761800000444055, 1957538.753000000491738 ], [ 961139.770200000144541, 1957536.648399999365211 ], [ 961140.205699999816716, 1957535.826400000602007 ], [ 961140.861399999819696, 1957535.073100000619888 ], [ 961140.042299999855459, 1957533.2982 ], [ 961191.832999999634922, 1957499.474600000306964 ], [ 961199.34360000025481, 1957494.476399999111891 ], [ 961233.16440000012517, 1957466.9364 ], [ 961241.294800000265241, 1957461.934900000691414 ], [ 961246.720599999651313, 1957459.646800000220537 ], [ 961248.075899999588728, 1957458.849899999797344 ], [ 961250.705599999986589, 1957455.237199999392033 ], [ 961254.442099999636412, 1957452.958100000396371 ], [ 961256.985500000417233, 1957451.894999999552965 ], [ 961261.158800000324845, 1957450.923100000247359 ], [ 961264.8602, 1957449.56389999948442 ], [ 961273.944600000046194, 1957443.517699999734759 ], [ 961282.430100000463426, 1957437.61460000090301 ], [ 961285.543200000189245, 1957436.54839999973774 ], [ 961289.248599999584258, 1957435.93889999948442 ], [ 961292.629900000058115, 1957436.410700000822544 ], [ 961303.752999999560416, 1957435.8816 ], [ 961316.207499999552965, 1957435.715299999341369 ], [ 961322.895399999804795, 1957435.7697 ], [ 961326.173499999567866, 1957435.652300000190735 ], [ 961332.724600000306964, 1957434.43779999949038 ], [ 961338.290000000037253, 1957433.948300000280142 ], [ 961351.9079, 1957434.4956 ], [ 961356.983199999667704, 1957435.837999999523163 ], [ 961359.304299999959767, 1957436.215500000864267 ], [ 961384.147199999541044, 1957430.882200000807643 ], [ 961440.520499999634922, 1957420.458599999547005 ], [ 961498.713200000114739, 1957412.3651 ], [ 961542.292100000195205, 1957418.416999999433756 ], [ 961557.769000000320375, 1957402.59940000064671 ], [ 961575.614900000393391, 1957378.503399999812245 ], [ 961599.695899999700487, 1957349.3048 ], [ 961622.029000000096858, 1957322.225400000810623 ], [ 961654.154500000178814, 1957292.982599999755621 ], [ 961659.007699999958277, 1957292.401499999687076 ], [ 961678.667200000025332, 1957299.294199999421835 ], [ 961721.6102, 1957310.331399999558926 ], [ 961722.041299999691546, 1957310.559000000357628 ], [ 961724.728799999691546, 1957314.033399999141693 ], [ 961728.274299999698997, 1957315.323999999091029 ], [ 961740.005099999718368, 1957318.150499999523163 ], [ 961753.337299999780953, 1957321.368200000375509 ], [ 961775.090499999932945, 1957327.230200000107288 ], [ 961796.415000000037253, 1957335.173599999397993 ], [ 961819.724399999715388, 1957344.176100000739098 ], [ 961848.561700000427663, 1957351.289799999445677 ], [ 961875.277099999599159, 1957356.035700000822544 ], [ 961897.205799999646842, 1957357.308399999514222 ], [ 961924.895200000144541, 1957355.351600000634789 ], [ 961965.109000000171363, 1957349.459499999880791 ], [ 961975.832000000402331, 1957345.133899999782443 ], [ 962000.794300000183284, 1957332.285700000822544 ], [ 962023.44620000012219, 1957319.189799999818206 ], [ 962036.529799999669194, 1957313.272299999371171 ], [ 962046.622299999929965, 1957310.689400000497699 ], [ 962071.32799999974668, 1957305.959499999880791 ], [ 962091.017699999734759, 1957299.746899999678135 ], [ 962096.740199999883771, 1957296.8575 ], [ 962107.326500000432134, 1957291.283099999651313 ], [ 962111.456699999980628, 1957289.721699999645352 ], [ 962115.99349999986589, 1957289.437599999830127 ], [ 962121.430800000205636, 1957289.308700000867248 ], [ 962125.601099999621511, 1957289.64640000090003 ], [ 962143.322200000286102, 1957208.511900000274181 ], [ 962140.334999999962747, 1957210.697000000625849 ], [ 962137.200299999676645, 1957211.473400000482798 ], [ 962125.16330000013113, 1957213.076899999752641 ], [ 962123.650000000372529, 1957216.103900000452995 ], [ 962123.530500000342727, 1957219.953099999576807 ], [ 962123.30460000038147, 1957220.704 ], [ 962120.300900000147521, 1957221.679700000211596 ], [ 962098.541400000452995, 1957227.773399999365211 ], [ 962095.251299999654293, 1957229.400299999862909 ], [ 962087.972699999809265, 1957234.787100000306964 ], [ 962079.16399999987334, 1957241.931399999186397 ], [ 962055.954699999652803, 1957257.359400000423193 ], [ 962035.773599999956787, 1957270.771999999880791 ], [ 962011.345099999569356, 1957284.36710000038147 ], [ 961976.969200000166893, 1957301.534 ], [ 961961.378299999982119, 1957305.915400000289083 ], [ 961932.956799999810755, 1957307.416300000622869 ], [ 961895.466500000096858, 1957312.274299999698997 ], [ 961874.154900000430644, 1957314.257099999114871 ], [ 961869.51630000025034, 1957314.191800000146031 ], [ 961839.111700000241399, 1957313.1042 ], [ 961815.438799999654293, 1957309.051899999380112 ], [ 961782.552600000053644, 1957299.990399999544024 ], [ 961734.166000000201166, 1957280.375499999150634 ], [ 961689.597099999897182, 1957264.378900000825524 ], [ 961671.416299999691546, 1957257.338300000876188 ], [ 961668.414300000295043, 1957256.754499999806285 ], [ 961659.455500000156462, 1957256.362400000914931 ], [ 961639.220499999821186, 1957256.2018 ], [ 961614.094800000078976, 1957275.1689 ], [ 961573.254499999806285, 1957341.143200000748038 ], [ 961563.022699999623001, 1957357.671800000593066 ], [ 961551.326700000092387, 1957384.731899999082088 ], [ 961508.791400000452995, 1957387.5472 ], [ 961430.7045, 1957393.912100000306964 ], [ 961381.450100000016391, 1957403.78969999961555 ], [ 961334.503999999724329, 1957415.675200000405312 ], [ 961297.336199999786913, 1957422.90059999935329 ], [ 961280.892599999904633, 1957426.726800000295043 ], [ 961265.902099999599159, 1957431.214999999850988 ], [ 961264.995099999941885, 1957431.729699999094009 ], [ 961254.111899999901652, 1957437.875399999320507 ], [ 961233.801799999549985, 1957449.599300000816584 ], [ 961211.86849999986589, 1957464.35080000013113 ], [ 961192.333599999547005, 1957478.969499999657273 ], [ 961188.881199999712408, 1957481.282400000840425 ], [ 961183.426599999889731, 1957484.936799999326468 ], [ 961179.504099999554455, 1957487.5647 ], [ 961148.843299999833107, 1957507.830600000917912 ], [ 961116.46059999987483, 1957529.485200000926852 ], [ 961065.997499999590218, 1957561.0625 ], [ 961065.651300000026822, 1957561.270600000396371 ], [ 961033.294200000353158, 1957580.719499999657273 ], [ 961012.091900000348687, 1957593.8277000002563 ], [ 961005.557699999772012, 1957598.220899999141693 ], [ 960988.177600000053644, 1957615.777100000530481 ], [ 960979.685300000011921, 1957624.571900000795722 ], [ 960965.173000000417233, 1957639.6009 ], [ 960934.973100000061095, 1957671.3202 ], [ 960932.947200000286102, 1957670.0614 ], [ 960922.13399999961257, 1957681.864700000733137 ], [ 960920.260200000368059, 1957684.763599999248981 ], [ 960916.713200000114739, 1957692.599600000306964 ], [ 960912.853099999949336, 1957696.058900000527501 ], [ 960900.744300000369549, 1957703.796 ], [ 960894.821100000292063, 1957707.580800000578165 ], [ 960888.773599999956787, 1957711.3816 ], [ 960887.685100000351667, 1957711.587300000712276 ], [ 960886.925499999895692, 1957711.621400000527501 ], [ 960882.565299999900162, 1957715.023399999365211 ], [ 960882.21030000038445, 1957715.934900000691414 ], [ 960882.210400000214577, 1957717.83420000039041 ], [ 960882.785799999721348, 1957718.880799999460578 ], [ 960883.655500000342727, 1957720.775399999693036 ], [ 960884.653800000436604, 1957722.39949999935925 ], [ 960884.690200000070035, 1957723.608899999409914 ], [ 960884.303600000217557, 1957724.457000000402331 ], [ 960883.415599999949336, 1957726.404699999839067 ], [ 960875.547799999825656, 1957739.411800000816584 ], [ 960875.6398, 1957751.04700000025332 ], [ 960868.437800000421703, 1957767.069499999284744 ], [ 960852.948699999600649, 1957782.0471 ], [ 960814.340900000184774, 1957819.340700000524521 ], [ 960765.239500000141561, 1957862.812300000339746 ], [ 960729.239900000393391, 1957891.025299999862909 ], [ 960697.281200000084937, 1957914.401200000196695 ], [ 960680.558699999935925, 1957933.398299999535084 ], [ 960613.791799999773502, 1957995.723600000143051 ], [ 960599.989299999549985, 1958012.60840000025928 ], [ 960594.4527000002563, 1958019.381300000473857 ], [ 960497.368599999696016, 1958145.573100000619888 ], [ 960491.159099999815226, 1958153.644300000742078 ], [ 960475.394000000320375, 1958175.26490000076592 ], [ 960427.61089999973774, 1958240.7956000007689 ], [ 960400.329599999822676, 1958275.287599999457598 ], [ 960356.820700000040233, 1958330.296499999240041 ], [ 960343.863199999555945, 1958349.7368 ], [ 960328.345200000330806, 1958373.58669999986887 ], [ 960312.210199999623001, 1958396.121999999508262 ], [ 960289.675499999895692, 1958428.535700000822544 ], [ 960280.888199999928474, 1958438.850299999117851 ], [ 960263.957399999722838, 1958459.676899999380112 ], [ 960243.026100000366569, 1958489.150100000202656 ], [ 960219.85329999960959, 1958521.107799999415874 ], [ 960191.527099999599159, 1958564.520099999383092 ], [ 960172.925800000317395, 1958594.0471 ], [ 960133.34250000026077, 1958657.5285 ], [ 960101.838800000026822, 1958705.938100000843406 ], [ 960071.673799999989569, 1958745.241399999707937 ], [ 960045.756599999964237, 1958771.075799999758601 ], [ 960012.789599999785423, 1958796.036399999633431 ], [ 959900.581399999558926, 1958867.050899999216199 ], [ 959841.396999999880791, 1958909.24100000038743 ], [ 959806.100499999709427, 1958941.3388 ], [ 959742.020499999634922, 1959016.13150000013411 ], [ 959697.819600000046194, 1959068.136600000783801 ], [ 959666.387600000016391, 1959097.599600000306964 ], [ 959635.317400000058115, 1959121.220200000330806 ], [ 959537.870600000023842, 1959195.302500000223517 ], [ 959448.38260000012815, 1959265.478499999269843 ], [ 959403.996299999766052, 1959307.943800000473857 ], [ 959351.568799999542534, 1959375.342299999669194 ], [ 959313.363599999807775, 1959431.814300000667572 ], [ 959287.079599999822676, 1959477.9156 ], [ 959274.945899999700487, 1959503.828299999237061 ], [ 959264.527900000102818, 1959537.215399999171495 ], [ 959245.758200000040233, 1959613.4693 ], [ 959232.195299999788404, 1959681.85950000025332 ], [ 959222.767099999822676, 1959710.604100000113249 ], [ 959222.409699999727309, 1959711.196399999782443 ], [ 959209.231499999761581, 1959733.033700000494719 ], [ 959206.35010000038892, 1959737.394600000232458 ], [ 959196.673999999649823, 1959752.039000000804663 ], [ 959187.607499999925494, 1959763.374500000849366 ], [ 959169.485799999907613, 1959779.7051 ], [ 959136.037399999797344, 1959799.606100000441074 ], [ 959087.434399999678135, 1959818.940400000661612 ], [ 959048.504300000146031, 1959832.2982 ], [ 959022.306400000117719, 1959841.804400000721216 ], [ 959019.885900000110269, 1959842.682700000703335 ], [ 958995.884200000204146, 1959853.531600000336766 ], [ 958995.092199999839067, 1959853.98450000025332 ], [ 958984.556599999777973, 1959860.008899999782443 ], [ 958982.291699999943376, 1959861.303999999538064 ], [ 958961.724000000394881, 1959879.332299999892712 ], [ 958947.987700000405312, 1959894.652599999681115 ], [ 958937.323699999600649, 1959911.124199999496341 ], [ 958935.917999999597669, 1959914.281400000676513 ], [ 958935.760099999606609, 1959914.635800000280142 ], [ 958927.25760000012815, 1959933.731000000610948 ], [ 958877.050900000147521, 1960080.09940000064671 ], [ 958831.133899999782443, 1960216.174699999392033 ], [ 958827.301799999549985, 1960227.531400000676513 ], [ 958811.757299999706447, 1960267.43099999986589 ], [ 958798.113300000317395, 1960294.089099999517202 ], [ 958786.980499999597669, 1960312.6524 ], [ 958782.294599999673665, 1960320.466 ], [ 958781.288800000213087, 1960322.14299999922514 ], [ 958762.285799999721348, 1960348.412699999287724 ], [ 958755.137799999676645, 1960356.187699999660254 ], [ 958741.14919999986887, 1960371.4035 ], [ 958738.344700000248849, 1960374.454 ], [ 958684.355200000107288, 1960423.269899999722838 ], [ 958591.12540000025183, 1960496.405600000172853 ], [ 958572.891400000080466, 1960510.709599999710917 ], [ 958435.1864, 1960617.819700000807643 ], [ 958333.803199999965727, 1960699.994799999520183 ], [ 958241.984000000171363, 1960760.132200000807643 ], [ 958235.6864, 1960764.1678 ], [ 958196.152300000190735, 1960789.501700000837445 ], [ 958168.052899999544024, 1960810.383400000631809 ], [ 958164.328700000420213, 1960813.998999999836087 ], [ 958159.400200000032783, 1960818.783700000494719 ], [ 958143.647599999792874, 1960838.250900000333786 ], [ 958125.816399999894202, 1960867.900399999693036 ], [ 958124.388100000098348, 1960870.487700000405312 ], [ 958120.620000000111759, 1960878.318 ], [ 958111.788099999539554, 1960896.46309999935329 ], [ 958096.079400000162423, 1960928.7369 ], [ 958077.096800000406802, 1960967.395300000905991 ], [ 958070.343299999833107, 1960979.269500000402331 ], [ 958059.877999999560416, 1960989.08049999922514 ], [ 958044.121799999848008, 1960995.9046 ], [ 957998.088600000366569, 1961005.706299999728799 ], [ 957940.706399999558926, 1961017.881699999794364 ], [ 957933.456100000068545, 1961019.420099999755621 ], [ 957897.574099999852479, 1961032.579 ], [ 957892.739699999801815, 1961035.329500000923872 ], [ 957890.019899999722838, 1961036.876900000497699 ], [ 957869.310399999842048, 1961048.659299999475479 ], [ 957849.244800000451505, 1961066.966399999335408 ], [ 957846.034400000236928, 1961070.966099999845028 ], [ 957845.003800000064075, 1961072.250099999830127 ], [ 957834.951999999582767, 1961084.773199999704957 ], [ 957813.466599999926984, 1961123.66190000064671 ], [ 957813.066700000315905, 1961124.385600000619888 ], [ 957799.135400000028312, 1961140.966399999335408 ], [ 957786.642699999734759, 1961151.074100000783801 ], [ 957766.730499999597669, 1961160.478199999779463 ], [ 957765.3909, 1961160.83699999935925 ], [ 957734.71999999973923, 1961169.05210000090301 ], [ 957711.815799999982119, 1961175.186799999326468 ], [ 957700.072800000198185, 1961175.8465 ], [ 957692.935600000433624, 1961174.141000000759959 ], [ 957664.200799999758601, 1961167.275100000202656 ], [ 957620.837600000202656, 1961153.21000000089407 ], [ 957569.848899999633431, 1961138.0164 ], [ 957517.590499999932945, 1961125.349899999797344 ], [ 957483.172799999825656, 1961121.015599999576807 ], [ 957460.925900000147521, 1961122.321399999782443 ], [ 957429.573200000450015, 1961127.325799999758601 ], [ 957426.259700000286102, 1961127.854699999094009 ], [ 957409.387000000104308, 1961131.218699999153614 ], [ 957402.239900000393391, 1961132.6436 ], [ 957366.109699999913573, 1961143.3728 ], [ 957346.555800000205636, 1961150.36849999986589 ], [ 957342.786999999545515, 1961151.716900000348687 ], [ 957294.25829999987036, 1961169.07880000025034 ], [ 957253.591599999926984, 1961184.481100000441074 ], [ 957248.293899999931455, 1961188.853199999779463 ], [ 957233.14879999961704, 1961201.352800000458956 ], [ 957213.312599999830127, 1961221.7039 ], [ 957200.536799999885261, 1961235.902599999681115 ], [ 957194.911999999545515, 1961246.49379999935627 ], [ 957182.071000000461936, 1961278.45920000039041 ], [ 957172.969700000248849, 1961308.205399999395013 ], [ 957170.920099999755621, 1961330.240499999374151 ], [ 957174.104700000025332, 1961376.998700000345707 ], [ 957187.260800000280142, 1961494.330800000578165 ], [ 957186.698900000192225, 1961519.378499999642372 ], [ 957176.475700000301003, 1961569.755100000649691 ], [ 957170.688699999824166, 1961604.714800000190735 ], [ 957170.1722999997437, 1961639.451500000432134 ], [ 957171.048000000417233, 1961738.16190000064671 ], [ 957165.661299999803305, 1961760.972300000488758 ], [ 957164.21129999961704, 1961780.889799999073148 ], [ 957161.484899999573827, 1961828.180800000205636 ], [ 957156.139399999752641, 1961890.546800000593066 ], [ 957158.186700000427663, 1961903.036699999123812 ], [ 957168.230999999679625, 1961956.028200000524521 ], [ 957172.327899999916553, 1961993.018200000748038 ], [ 957173.623100000433624, 1962069.143300000578165 ], [ 957176.887600000016391, 1962115.924699999392033 ], [ 957181.932199999690056, 1962139.755599999800324 ], [ 957184.924100000411272, 1962187.5131 ], [ 957190.041400000452995, 1962221.275100000202656 ], [ 957198.754499999806285, 1962267.340700000524521 ], [ 957200.294800000265241, 1962300.344699999317527 ], [ 957199.04619999974966, 1962319.628399999812245 ], [ 957187.357599999755621, 1962381.972400000318885 ], [ 957182.505599999800324, 1962403.792700000107288 ], [ 957191.283099999651313, 1962508.335100000724196 ], [ 957194.783800000324845, 1962538.804400000721216 ], [ 957195.286399999633431, 1962543.1798 ], [ 957193.744199999608099, 1962556.066099999472499 ], [ 957183.823900000192225, 1962583.970499999821186 ], [ 957168.469499999657273, 1962615.364900000393391 ], [ 957148.995699999853969, 1962645.21199999935925 ], [ 957084.9704, 1962719.957100000232458 ], [ 957086.488699999637902, 1962721.2577 ], [ 957150.598799999803305, 1962646.413599999621511 ], [ 957170.21129999961704, 1962616.354000000283122 ], [ 957185.669599999673665, 1962584.747099999338388 ], [ 957195.702800000086427, 1962556.525399999693036 ], [ 957197.299399999901652, 1962543.184499999508262 ], [ 957196.80350000038743, 1962538.868200000375509 ], [ 957193.27280000038445, 1962508.137299999594688 ], [ 957184.523299999535084, 1962403.929199999198318 ], [ 957189.316499999724329, 1962382.373700000345707 ], [ 957201.033499999903142, 1962319.878200000151992 ], [ 957202.29700000025332, 1962300.362700000405312 ], [ 957200.745000000111759, 1962267.107200000435114 ], [ 957192.012500000186265, 1962220.939400000497699 ], [ 957186.91399999987334, 1962187.300300000235438 ], [ 957183.918300000019372, 1962139.4846 ], [ 957178.872299999929965, 1962115.64670000039041 ], [ 957175.621199999935925, 1962069.056600000709295 ], [ 957174.325199999846518, 1961992.890900000929832 ], [ 957170.209599999710917, 1961955.731599999591708 ], [ 957160.155600000172853, 1961902.68889999948442 ], [ 957158.152599999681115, 1961890.4693 ], [ 957163.479199999943376, 1961828.323699999600649 ], [ 957166.206399999558926, 1961781.019899999722838 ], [ 957167.643699999898672, 1961761.276499999687076 ], [ 957173.049399999901652, 1961738.386 ], [ 957172.171699999831617, 1961639.457499999552965 ], [ 957172.685499999672174, 1961604.893899999558926 ], [ 957178.442300000227988, 1961570.1173 ], [ 957188.693599999882281, 1961519.601500000804663 ], [ 957189.262500000186265, 1961494.241499999538064 ], [ 957176.096300000324845, 1961376.819199999794364 ], [ 957172.925599999725819, 1961330.2653 ], [ 957174.941399999894202, 1961308.594499999657273 ], [ 957183.957899999804795, 1961279.125499999150634 ], [ 957196.727500000037253, 1961247.3377 ], [ 957202.187300000339746, 1961237.057299999520183 ], [ 957214.771999999880791, 1961223.070900000631809 ], [ 957234.504900000058115, 1961202.825799999758601 ], [ 957254.609000000171363, 1961186.2335 ], [ 957294.949199999682605, 1961170.955 ], [ 957366.731499999761581, 1961145.273700000718236 ], [ 957402.720999999903142, 1961134.586200000718236 ], [ 957426.612900000065565, 1961129.82289999909699 ], [ 957453.223399999551475, 1961125.575500000268221 ], [ 957461.142500000074506, 1961124.3114 ] ] ] ] } },
{ "type": "Feature", "properties": { "OBJECTID": 39, "CODE2": 0.0, "INDEXPAGE1": null, "LEVEL1": null, "NAME2": null, "RIVLEN1": 0.0, "UID1": 0.0, "INDEXPAGE2": ",43", "LEVEL2": ",43", "RIVLEN2": 4.45, "RIV_CD_1": 1025271.0, "RIV_NAM_1": "û43õ", "UID2": 3760.0, "CODE1": 0.0, "INDEXPAGE": null, "LEVEL": null, "NAME1": null, "RIVLEN": 0.0, "UID": 0.0, "Shape_Leng": 8886.3244839199997, "Shape_Area": 38819.1745878 }, "geometry": { "type": "MultiPolygon", "coordinates": [ [ [ [ 957886.551099999807775, 1952611.706900000572205 ], [ 957905.963299999944866, 1952605.935599999502301 ], [ 957912.951700000092387, 1952603.351299999281764 ], [ 957933.498999999836087, 1952595.752800000831485 ], [ 957935.082600000314415, 1952595.193800000473857 ], [ 957945.172799999825656, 1952591.632099999114871 ], [ 957969.678000000305474, 1952583.004799999296665 ], [ 957996.128899999894202, 1952573.717399999499321 ], [ 958025.73589999973774, 1952560.144799999892712 ], [ 958054.578599999658763, 1952549.475099999457598 ], [ 958068.466199999675155, 1952544.333100000396371 ], [ 958104.229500000365078, 1952532.387000000104308 ], [ 958142.525600000284612, 1952518.590800000354648 ], [ 958162.895600000396371, 1952511.252499999478459 ], [ 958223.202200000174344, 1952490.309100000187755 ], [ 958269.041199999861419, 1952472.601500000804663 ], [ 958272.07039999961853, 1952471.98589999973774 ], [ 958275.911299999803305, 1952471.20549999922514 ], [ 958273.946100000292063, 1952469.003799999132752 ], [ 958259.278099999763072, 1952452.570800000801682 ], [ 958227.520800000056624, 1952465.925000000745058 ], [ 958180.857800000347197, 1952484.706499999389052 ], [ 958133.83600000012666, 1952499.93129999935627 ], [ 958125.298200000077486, 1952503.2179000005126 ], [ 958108.636800000444055, 1952509.631899999454618 ], [ 958108.796699999831617, 1952511.510299999266863 ], [ 958102.382000000216067, 1952513.943600000813603 ], [ 958097.188900000415742, 1952514.880899999290705 ], [ 958096.242899999953806, 1952515.565700000151992 ], [ 958090.108300000429153, 1952519.926699999719858 ], [ 958083.491499999538064, 1952521.951199999079108 ], [ 958075.873800000175834, 1952523.731100000441074 ], [ 958073.053999999538064, 1952525.465500000864267 ], [ 958065.930800000205636, 1952530.001800000667572 ], [ 958060.152200000360608, 1952531.741900000721216 ], [ 958055.69649999961257, 1952532.255400000140071 ], [ 958055.2807, 1952534.886700000613928 ], [ 958054.50069999974221, 1952534.830900000408292 ], [ 958045.780500000342727, 1952534.207499999552965 ], [ 958036.738900000229478, 1952537.034600000828505 ], [ 958036.066200000233948, 1952540.246999999508262 ], [ 958027.937599999830127, 1952539.960400000214577 ], [ 958024.761500000022352, 1952540.477099999785423 ], [ 958016.631299999542534, 1952543.629200000315905 ], [ 958003.176799999549985, 1952549.378799999132752 ], [ 957989.242700000293553, 1952557.050100000575185 ], [ 957972.22620000038296, 1952565.449400000274181 ], [ 957970.080000000074506, 1952566.50870000012219 ], [ 957956.493400000035763, 1952571.839099999517202 ], [ 957940.941800000146031, 1952577.98960000090301 ], [ 957935.38329999987036, 1952579.778599999845028 ], [ 957913.251000000163913, 1952586.462300000712276 ], [ 957892.118599999696016, 1952592.844100000336766 ], [ 957863.838600000366569, 1952600.301899999380112 ], [ 957818.615799999795854, 1952607.949899999424815 ], [ 957802.218500000424683, 1952609.206700000911951 ], [ 957773.703099999576807, 1952610.008199999108911 ], [ 957753.137000000104308, 1952609.337899999693036 ], [ 957729.908400000073016, 1952607.350099999457598 ], [ 957724.654400000348687, 1952606.900399999693036 ], [ 957694.088200000114739, 1952599.875700000673532 ], [ 957650.201000000350177, 1952586.13429999910295 ], [ 957608.030899999663234, 1952568.205299999564886 ], [ 957571.364199999719858, 1952545.658700000494719 ], [ 957522.5472999997437, 1952514.729800000786781 ], [ 957469.907300000078976, 1952479.193 ], [ 957388.894799999892712, 1952428.092800000682473 ], [ 957346.222299999557436, 1952405.917999999597669 ], [ 957306.76549999974668, 1952392.552899999544024 ], [ 957268.981900000013411, 1952383.667199999094009 ], [ 957228.819500000216067, 1952378.602800000458956 ], [ 957177.739299999549985, 1952378.834599999710917 ], [ 957093.602400000207126, 1952377.423000000417233 ], [ 957006.520399999804795, 1952376.746799999848008 ], [ 956918.703900000080466, 1952376.889000000432134 ], [ 956903.918600000441074, 1952376.912900000810623 ], [ 956815.148199999704957, 1952376.4156 ], [ 956737.35840000025928, 1952376.7895 ], [ 956685.779199999757111, 1952378.020300000905991 ], [ 956664.574000000022352, 1952378.5263 ], [ 956618.597699999809265, 1952376.071900000795722 ], [ 956561.291500000283122, 1952372.7763 ], [ 956533.002500000409782, 1952371.149299999698997 ], [ 956510.338399999774992, 1952369.976299999281764 ], [ 956451.739599999971688, 1952366.943399999290705 ], [ 956410.133899999782443, 1952364.58390000090003 ], [ 956403.072499999776483, 1952364.183499999344349 ], [ 956401.338200000114739, 1952364.19510000012815 ], [ 956352.322800000198185, 1952364.523499999195337 ], [ 956270.128999999724329, 1952365.740499999374151 ], [ 956230.10080000013113, 1952365.233799999579787 ], [ 956221.19469999987632, 1952365.255999999120831 ], [ 956159.287399999797344, 1952365.410700000822544 ], [ 956098.989500000141561, 1952365.45160000026226 ], [ 956065.331799999810755, 1952365.480799999088049 ], [ 956049.378700000233948, 1952365.685599999502301 ], [ 956045.550300000235438, 1952365.716 ], [ 956041.755400000140071, 1952365.68019999936223 ], [ 956019.778300000354648, 1952365.473200000822544 ], [ 956004.291500000283122, 1952363.146500000730157 ], [ 955979.768400000408292, 1952357.1392 ], [ 955937.612700000405312, 1952349.446399999782443 ], [ 955845.670800000429153, 1952327.803600000217557 ], [ 955839.325199999846518, 1952326.307900000363588 ], [ 955816.597099999897182, 1952319.491399999707937 ], [ 955751.94510000012815, 1952303.45130000077188 ], [ 955682.832299999892712, 1952286.9452 ], [ 955660.78110000025481, 1952281.676999999210238 ], [ 955649.842299999669194, 1952279.0636 ], [ 955625.353699999861419, 1952273.905799999833107 ], [ 955570.213000000454485, 1952266.272099999710917 ], [ 955537.221499999985099, 1952261.879300000146031 ], [ 955512.515399999916553, 1952259.041799999773502 ], [ 955481.052500000223517, 1952256.370300000533462 ], [ 955391.192200000397861, 1952248.32149999961257 ], [ 955304.791500000283122, 1952240.444199999794364 ], [ 955191.302899999544024, 1952231.141699999570847 ], [ 955073.39879999961704, 1952218.613800000399351 ], [ 955069.39159999974072, 1952218.255699999630451 ], [ 954995.259899999946356, 1952211.632200000807643 ], [ 954928.803999999538064, 1952206.01799999922514 ], [ 954900.689199999906123, 1952204.780300000682473 ], [ 954860.322700000368059, 1952203.003499999642372 ], [ 954828.065000000409782, 1952201.245899999514222 ], [ 954789.121399999596179, 1952203.572300000116229 ], [ 954736.493999999947846, 1952204.2522 ], [ 954686.212500000372529, 1952208.068499999120831 ], [ 954670.05449999962002, 1952209.233999999240041 ], [ 954650.801500000059605, 1952213.005200000479817 ], [ 954633.136900000274181, 1952216.587899999693036 ], [ 954615.048700000159442, 1952221.322499999776483 ], [ 954551.494900000281632, 1952238.854399999603629 ], [ 954480.856499999761581, 1952255.044600000604987 ], [ 954397.358, 1952274.0822 ], [ 954344.628899999894202, 1952283.829299999400973 ], [ 954298.887099999934435, 1952289.790699999779463 ], [ 954242.387199999764562, 1952295.389399999752641 ], [ 954175.701999999582767, 1952301.162200000137091 ], [ 954137.270200000144541, 1952305.735200000926852 ], [ 954117.333899999968708, 1952306.960799999535084 ], [ 954113.495299999602139, 1952306.971300000324845 ], [ 954111.536899999715388, 1952307.14159999974072 ], [ 954107.242600000463426, 1952307.924200000241399 ], [ 954104.347400000318885, 1952308.6294 ], [ 954102.390800000168383, 1952309.129599999636412 ], [ 954100.310600000433624, 1952309.569599999114871 ], [ 954099.045800000429153, 1952309.837200000882149 ], [ 954096.400000000372529, 1952310.450999999418855 ], [ 954092.764200000092387, 1952310.990199999883771 ], [ 954086.588200000114739, 1952311.32289999909699 ], [ 954083.409300000406802, 1952311.31980000063777 ], [ 954079.912999999709427, 1952311.329199999570847 ], [ 954079.640700000338256, 1952311.329900000244379 ], [ 954076.181699999608099, 1952311.278300000354648 ], [ 954072.95160000026226, 1952311.055600000545382 ], [ 954069.542399999685585, 1952310.9638 ], [ 954064.19440000038594, 1952310.982200000435114 ], [ 954061.805900000035763, 1952311.104900000616908 ], [ 954059.848299999721348, 1952311.425200000405312 ], [ 954057.540900000371039, 1952311.757400000467896 ], [ 954055.3739, 1952312.17879999987781 ], [ 954052.977500000037253, 1952312.691299999132752 ], [ 954050.870500000193715, 1952313.112400000914931 ], [ 954047.923899999819696, 1952313.537900000810623 ], [ 954045.526300000026822, 1952313.840600000694394 ], [ 954041.838399999774992, 1952313.980200000107288 ], [ 954035.612099999561906, 1952314.253200000151992 ], [ 954032.724000000394881, 1952314.408500000834465 ], [ 954026.792999999597669, 1952315.709599999710917 ], [ 954024.107099999673665, 1952316.283700000494719 ], [ 954021.788599999621511, 1952316.426000000908971 ], [ 953996.549300000071526, 1952318.599600000306964 ], [ 953989.663900000043213, 1952318.996099999174476 ], [ 953985.616600000299513, 1952319.22749999910593 ], [ 953979.020200000144541, 1952319.462600000202656 ], [ 953974.642099999822676, 1952319.525800000876188 ], [ 953969.864199999719858, 1952319.591299999505281 ], [ 953955.047500000335276, 1952319.220300000160933 ], [ 953956.798499999567866, 1952323.172399999573827 ], [ 953960.177299999631941, 1952330.798800000920892 ], [ 953968.074599999934435, 1952330.816700000315905 ], [ 953970.281700000166893, 1952330.425100000575185 ], [ 953975.033200000412762, 1952329.150299999862909 ], [ 953977.719899999909103, 1952328.706199999898672 ], [ 953985.495400000363588, 1952328.394899999722838 ], [ 953994.549700000323355, 1952327.926899999380112 ], [ 953998.754900000058115, 1952327.3147 ], [ 954002.1886, 1952326.356799999251962 ], [ 954005.332000000402331, 1952325.330399999395013 ], [ 954008.467199999839067, 1952324.653999999165535 ], [ 954016.018799999728799, 1952323.584100000560284 ], [ 954019.895700000226498, 1952323.253599999472499 ], [ 954024.55350000038743, 1952323.1689 ], [ 954027.862099999561906, 1952323.131300000473857 ], [ 954031.420699999667704, 1952323.102299999445677 ], [ 954034.579400000162423, 1952323.065500000491738 ], [ 954053.900000000372529, 1952320.723500000312924 ], [ 954056.016800000332296, 1952320.282400000840425 ], [ 954059.413499999791384, 1952319.874500000849366 ], [ 954062.349299999885261, 1952319.299100000411272 ], [ 954066.335699999704957, 1952318.878000000491738 ], [ 954069.094399999827147, 1952318.8333 ], [ 954072.162999999709427, 1952318.777000000700355 ], [ 954078.683699999935925, 1952319.352099999785423 ], [ 954083.652300000190735, 1952319.425599999725819 ], [ 954086.841000000014901, 1952319.398700000718236 ], [ 954091.718500000424683, 1952319.242799999192357 ], [ 954094.524600000120699, 1952318.708000000566244 ], [ 954097.949500000104308, 1952317.980100000277162 ], [ 954104.079199999570847, 1952316.468000000342727 ], [ 954108.046000000089407, 1952316.127000000327826 ], [ 954110.974200000055134, 1952315.991399999707937 ], [ 954117.100999999791384, 1952315.808900000527501 ], [ 954129.42989999987185, 1952314.5537 ], [ 954132.013899999670684, 1952313.600299999117851 ], [ 954134.766800000332296, 1952312.4561 ], [ 954137.598299999721348, 1952311.041500000283122 ], [ 954140.988900000229478, 1952309.504000000655651 ], [ 954143.871000000275671, 1952308.219100000336766 ], [ 954146.854700000025332, 1952307.243599999696016 ], [ 954150.407399999909103, 1952306.317800000309944 ], [ 954150.418499999679625, 1952306.314999999478459 ], [ 954153.972099999897182, 1952305.3564 ], [ 954160.625099999830127, 1952304.49129999987781 ], [ 954176.943900000303984, 1952303.4847999997437 ], [ 954188.284099999815226, 1952304.284199999645352 ], [ 954195.071000000461936, 1952306.047399999573827 ], [ 954197.761800000444055, 1952306.785399999469519 ], [ 954198.324599999934435, 1952306.939799999818206 ], [ 954201.596199999563396, 1952307.462099999189377 ], [ 954205.556300000287592, 1952307.751000000163913 ], [ 954209.305100000463426, 1952307.780999999493361 ], [ 954212.133799999952316, 1952307.674499999731779 ], [ 954219.819199999794364, 1952307.385199999436736 ], [ 954227.825100000016391, 1952307.162599999457598 ], [ 954264.761300000362098, 1952303.297399999573827 ], [ 954271.626199999824166, 1952302.81110000051558 ], [ 954276.691300000064075, 1952302.234300000593066 ], [ 954280.018299999646842, 1952301.886700000613928 ], [ 954283.324400000274181, 1952301.3893 ], [ 954287.639600000344217, 1952300.776599999517202 ], [ 954292.393899999558926, 1952300.031500000506639 ], [ 954296.219200000166893, 1952299.411399999633431 ], [ 954299.884899999946356, 1952298.8421 ], [ 954305.179999999701977, 1952298.284099999815226 ], [ 954310.845599999651313, 1952297.834100000560284 ], [ 954317.021599999628961, 1952297.501299999654293 ], [ 954322.306300000287592, 1952296.873400000855327 ], [ 954327.921900000423193, 1952296.42369999922812 ], [ 954333.47580000013113, 1952295.654400000348687 ], [ 954337.011099999770522, 1952295.005799999460578 ], [ 954340.875199999660254, 1952294.1656 ], [ 954345.040599999949336, 1952293.573599999770522 ], [ 954347.737800000235438, 1952293.229399999603629 ], [ 954352.133799999952316, 1952292.786100000143051 ], [ 954355.690000000409782, 1952292.297399999573827 ], [ 954360.496199999935925, 1952291.912000000476837 ], [ 954365.843399999663234, 1952291.753499999642372 ], [ 954367.992499999701977, 1952291.732100000604987 ], [ 954398.726300000213087, 1952285.140900000929832 ], [ 954423.922500000335276, 1952279.516200000420213 ], [ 954463.08669999986887, 1952270.773499999195337 ], [ 954524.251899999566376, 1952255.223500000312924 ], [ 954540.190000000409782, 1952250.310499999672174 ], [ 954540.478699999861419, 1952250.088999999687076 ], [ 954540.776800000108778, 1952249.757500000298023 ], [ 954541.105200000107288, 1952249.4759 ], [ 954541.48369999974966, 1952249.223999999463558 ], [ 954541.792999999597669, 1952249.112400000914931 ], [ 954550.809000000357628, 1952247.085100000724196 ], [ 954553.587600000202656, 1952247.020300000905991 ], [ 954555.296900000423193, 1952247.001299999654293 ], [ 954556.266400000080466, 1952246.966099999845028 ], [ 954556.965699999593198, 1952246.892400000244379 ], [ 954565.81209999974817, 1952244.936000000685453 ], [ 954609.502299999818206, 1952232.89780000038445 ], [ 954615.083499999716878, 1952231.053600000217557 ], [ 954628.442099999636412, 1952226.6393 ], [ 954642.438900000415742, 1952223.225999999791384 ], [ 954664.800599999725819, 1952219.428300000727177 ], [ 954680.081600000150502, 1952216.887900000438094 ], [ 954702.10219999961555, 1952214.731499999761581 ], [ 954738.22580000013113, 1952214.109400000423193 ], [ 954746.393099999986589, 1952213.719799999147654 ], [ 954780.919599999673665, 1952212.07289999909699 ], [ 954839.271800000220537, 1952210.81279999949038 ], [ 954876.497100000269711, 1952212.44400000013411 ], [ 954940.876000000163913, 1952216.609899999573827 ], [ 955007.893500000238419, 1952222.551000000908971 ], [ 955047.410400000400841, 1952226.529200000688434 ], [ 955109.747999999672174, 1952232.185399999842048 ], [ 955188.206899999640882, 1952239.185200000181794 ], [ 955267.455500000156462, 1952246.1809 ], [ 955349.741100000217557, 1952252.820499999448657 ], [ 955406.944299999624491, 1952257.314400000497699 ], [ 955476.019500000402331, 1952262.9847 ], [ 955498.111200000159442, 1952264.806399999186397 ], [ 955499.511300000362098, 1952264.9189 ], [ 955500.431499999947846, 1952265.014000000432134 ], [ 955501.301400000229478, 1952265.059399999678135 ], [ 955551.479199999943376, 1952271.809800000861287 ], [ 955628.254999999888241, 1952283.756799999624491 ], [ 955687.5307, 1952296.356799999251962 ], [ 955767.407999999821186, 1952316.314400000497699 ], [ 955838.363900000229478, 1952331.641100000590086 ], [ 955845.699300000444055, 1952333.161499999463558 ], [ 955866.414800000376999, 1952337.469699999317527 ], [ 955907.810600000433624, 1952347.015900000929832 ], [ 955947.877500000409782, 1952356.669099999591708 ], [ 955968.498700000345707, 1952360.188100000843406 ], [ 955977.627399999648333, 1952362.4287 ], [ 955986.447499999776483, 1952364.9408 ], [ 955993.221599999815226, 1952366.164300000295043 ], [ 956004.947100000455976, 1952368.001299999654293 ], [ 956044.316700000315905, 1952370.590800000354648 ], [ 956051.14130000025034, 1952370.044600000604987 ], [ 956063.144899999722838, 1952369.67090000025928 ], [ 956067.854500000365078, 1952369.915699999779463 ], [ 956070.026499999687076, 1952370.424000000581145 ], [ 956072.239099999889731, 1952371.062000000849366 ], [ 956089.4671, 1952371.869999999180436 ], [ 956137.689699999988079, 1952371.883300000801682 ], [ 956198.89850000012666, 1952372.067399999126792 ], [ 956229.872700000181794, 1952371.2028 ], [ 956258.523000000044703, 1952371.330299999564886 ], [ 956340.464100000448525, 1952371.484099999070168 ], [ 956356.547799999825656, 1952371.388499999418855 ], [ 956368.694199999794364, 1952369.6645 ], [ 956377.28000000026077, 1952369.468800000846386 ], [ 956385.438099999912083, 1952369.665300000458956 ], [ 956391.028099999763072, 1952370.045399999246001 ], [ 956395.109400000423193, 1952370.5735 ], [ 956404.389299999922514, 1952371.173900000751019 ], [ 956422.101800000295043, 1952370.969699999317527 ], [ 956439.53760000038892, 1952371.366800000891089 ], [ 956505.059799999929965, 1952376.25620000064373 ], [ 956559.270299999974668, 1952380.046299999579787 ], [ 956607.211600000038743, 1952383.559800000861287 ], [ 956635.448400000110269, 1952384.879000000655651 ], [ 956669.890700000338256, 1952383.906099999323487 ], [ 956731.911600000225008, 1952382.656400000676513 ], [ 956797.956500000320375, 1952382.444900000467896 ], [ 956876.928999999538064, 1952382.6645 ], [ 956942.087199999950826, 1952383.007500000298023 ], [ 956980.0636, 1952383.045299999415874 ], [ 957038.64850000012666, 1952384.21309999935329 ], [ 957111.89049999974668, 1952383.953299999237061 ], [ 957169.822200000286102, 1952384.474700000137091 ], [ 957204.302899999544024, 1952385.081000000238419 ], [ 957227.518600000068545, 1952385.847100000828505 ], [ 957270.947999999858439, 1952390.58420000039041 ], [ 957279.763000000268221, 1952392.126700000837445 ], [ 957296.767699999734759, 1952396.0548 ], [ 957313.469200000166893, 1952401.233999999240041 ], [ 957341.71999999973923, 1952412.709499999880791 ], [ 957363.076799999922514, 1952422.962099999189377 ], [ 957374.98369999974966, 1952428.826500000432134 ], [ 957390.868999999947846, 1952438.418500000610948 ], [ 957411.430900000035763, 1952451.454299999400973 ], [ 957459.909699999727309, 1952482.7149 ], [ 957504.344899999909103, 1952511.148 ], [ 957533.716699999757111, 1952530.404699999839067 ], [ 957550.063900000415742, 1952540.393999999389052 ], [ 957575.777099999599159, 1952557.7708 ], [ 957592.905199999921024, 1952567.9759 ], [ 957613.787200000137091, 1952579.170700000599027 ], [ 957629.77240000013262, 1952586.882799999788404 ], [ 957651.958100000396371, 1952595.101700000464916 ], [ 957676.355499999597669, 1952603.79869999922812 ], [ 957701.895100000314415, 1952611.11009999923408 ], [ 957718.870600000023842, 1952615.17820000089705 ], [ 957750.32010000012815, 1952619.109400000423193 ], [ 957771.340099999681115, 1952622.426300000399351 ], [ 957792.902599999681115, 1952622.501499999314547 ], [ 957795.833300000056624, 1952622.235400000587106 ], [ 957812.316200000233948, 1952620.738800000399351 ], [ 957842.028699999675155, 1952617.601700000464916 ], [ 957862.124200000427663, 1952616.2652000002563 ], [ 957886.551099999807775, 1952611.706900000572205 ] ] ] ] } },
{ "type": "Feature", "properties": { "OBJECTID": 40, "CODE2": 0.0, "INDEXPAGE1": null, "LEVEL1": null, "NAME2": null, "RIVLEN1": 0.0, "UID1": 0.0, "INDEXPAGE2": ",43", "LEVEL2": ",43", "RIVLEN2": 5.2, "RIV_CD_1": 1025280.0, "RIV_NAM_1": ",43", "UID2": 489.0, "CODE1": 0.0, "INDEXPAGE": null, "LEVEL": null, "NAME1": null, "RIVLEN": 0.0, "UID": 0.0, "Shape_Leng": 11165.1021865, "Shape_Area": 11156.922587200001 }, "geometry": { "type": "MultiPolygon", "coordinates": [ [ [ [ 955199.829699999652803, 1955121.566999999806285 ], [ 955231.656000000424683, 1955118.745400000363588 ], [ 955284.364099999889731, 1955154.805400000885129 ], [ 955330.625500000081956, 1955152.349700000137091 ], [ 955376.443400000222027, 1955145.9857 ], [ 955413.60259999986738, 1955137.127399999648333 ], [ 955448.3421, 1955121.024900000542402 ], [ 955477.894199999980628, 1955091.170199999585748 ], [ 955494.95920000039041, 1955050.435000000521541 ], [ 955522.079199999570847, 1955016.897399999201298 ], [ 955568.391200000420213, 1954979.763399999588728 ], [ 955627.37569999974221, 1954955.714299999177456 ], [ 955664.106800000183284, 1954953.506300000473857 ], [ 955731.092400000430644, 1954970.372500000521541 ], [ 955860.50760000012815, 1954994.676999999210238 ], [ 955933.830400000326335, 1955005.621899999678135 ], [ 955984.921699999831617, 1954986.417099999263883 ], [ 956020.549700000323355, 1954961.20549999922514 ], [ 956085.596699999645352, 1954894.074500000104308 ], [ 956123.06209999974817, 1954843.966600000858307 ], [ 956182.626500000245869, 1954740.432499999180436 ], [ 956224.414800000376999, 1954664.864 ], [ 956283.946899999864399, 1954578.792899999767542 ], [ 956376.246000000275671, 1954481.522900000214577 ], [ 956450.707200000062585, 1954424.304199999198318 ], [ 956473.072599999606609, 1954409.012199999764562 ], [ 956514.190299999900162, 1954383.894799999892712 ], [ 956527.687199999578297, 1954376.962300000712276 ], [ 956542.121199999935925, 1954375.174699999392033 ], [ 956557.384499999694526, 1954375.29079999960959 ], [ 956574.409799999557436, 1954380.1557 ], [ 956586.440100000239909, 1954386.002699999138713 ], [ 956603.044900000095367, 1954399.167999999597669 ], [ 956631.736299999989569, 1954422.3871 ], [ 956701.802000000141561, 1954481.529200000688434 ], [ 956730.149000000208616, 1954504.9518 ], [ 956757.130800000391901, 1954527.41330000013113 ], [ 956793.233, 1954558.53800000064075 ], [ 956809.681099999696016, 1954571.541600000113249 ], [ 956828.276100000366569, 1954592.81220000050962 ], [ 956848.469499999657273, 1954617.58699999935925 ], [ 956866.578099999576807, 1954643.001000000163913 ], [ 956894.63260000012815, 1954677.490199999883771 ], [ 956906.17119999974966, 1954689.866599999368191 ], [ 956916.969399999827147, 1954698.801799999549985 ], [ 956937.230000000447035, 1954710.457900000736117 ], [ 956962.227300000376999, 1954725.415300000458956 ], [ 956987.616200000047684, 1954741.9243 ], [ 956996.873999999836087, 1954747.456399999558926 ], [ 957017.764600000344217, 1954756.513299999758601 ], [ 957034.592000000178814, 1954760.5168999992311 ], [ 957050.240500000305474, 1954762.35700000077486 ], [ 957103.265399999916553, 1954762.535199999809265 ], [ 957123.781299999915063, 1954761.52419999986887 ], [ 957145.18099999986589, 1954759.497600000351667 ], [ 957164.863300000317395, 1954757.006100000813603 ], [ 957188.507500000298023, 1954751.698699999600649 ], [ 957216.245900000445545, 1954744.596899999305606 ], [ 957246.7341, 1954730.263000000268221 ], [ 957272.269500000402331, 1954712.237199999392033 ], [ 957298.285600000061095, 1954693.031600000336766 ], [ 957322.501600000075996, 1954666.471999999135733 ], [ 957522.69440000038594, 1954472.081499999389052 ], [ 957593.312400000169873, 1954399.846799999475479 ], [ 957646.782599999569356, 1954333.804400000721216 ], [ 957667.437699999660254, 1954294.711500000208616 ], [ 957690.327100000344217, 1954188.984999999403954 ], [ 957732.862499999813735, 1954049.916799999773502 ], [ 957773.133899999782443, 1953904.972899999469519 ], [ 957800.614699999801815, 1953820.109999999403954 ], [ 957885.583300000056624, 1953608.23960000090301 ], [ 957948.843399999663234, 1953470.920700000599027 ], [ 957963.504200000315905, 1953449.359099999070168 ], [ 957989.727699999697506, 1953424.665899999439716 ], [ 958008.502100000157952, 1953419.688200000673532 ], [ 958023.838200000114739, 1953415.622199999168515 ], [ 958037.800400000065565, 1953412.035000000149012 ], [ 958059.144899999722838, 1953407.471699999645352 ], [ 958113.853799999691546, 1953392.630400000140071 ], [ 958131.751299999654293, 1953386.494899999350309 ], [ 958151.4057, 1953376.546499999240041 ], [ 958174.19510000012815, 1953364.191800000146031 ], [ 958195.621899999678135, 1953351.214400000870228 ], [ 958205.077899999916553, 1953344.099099999293685 ], [ 958214.911600000225008, 1953335.172800000756979 ], [ 958265.920199999585748, 1953277.562000000849366 ], [ 958274.160899999551475, 1953267.2039 ], [ 958279.573400000110269, 1953256.652100000530481 ], [ 958283.963800000026822, 1953246.530999999493361 ], [ 958289.510099999606609, 1953228.365399999544024 ], [ 958295.358, 1953194.988399999216199 ], [ 958319.119599999859929, 1952951.89780000038445 ], [ 958326.216099999845028, 1952870.831700000911951 ], [ 958327.975599999539554, 1952849.317299999296665 ], [ 958327.260700000450015, 1952810.9824 ], [ 958326.350399999879301, 1952800.124900000169873 ], [ 958316.447700000368059, 1952692.074100000783801 ], [ 958310.544999999925494, 1952638.469799999147654 ], [ 958305.477800000458956, 1952576.716399999335408 ], [ 958302.641099999658763, 1952552.271299999207258 ], [ 958301.232400000095367, 1952516.841600000858307 ], [ 958293.96889999974519, 1952470.566700000315905 ], [ 958291.998999999836087, 1952464.271199999377131 ], [ 958290.153199999593198, 1952465.066800000146031 ], [ 958292.016699999570847, 1952471.022700000554323 ], [ 958299.239299999549985, 1952517.037100000306964 ], [ 958300.646499999798834, 1952552.4265 ], [ 958303.488099999725819, 1952576.9134 ], [ 958308.554800000041723, 1952638.661000000312924 ], [ 958314.458499999716878, 1952692.274800000712276 ], [ 958324.35869999974966, 1952800.299699999392033 ], [ 958325.263000000268221, 1952811.084699999541044 ], [ 958325.974899999797344, 1952849.254300000146031 ], [ 958324.224100000225008, 1952870.66300000064075 ], [ 958317.128800000064075, 1952951.713300000876188 ], [ 958293.375599999912083, 1953194.718299999833107 ], [ 958287.56209999974817, 1953227.89919999986887 ], [ 958282.084699999541044, 1953245.839099999517202 ], [ 958277.764999999664724, 1953255.7971 ], [ 958272.472699999809265, 1953266.11460000090301 ], [ 958264.388500000350177, 1953276.276100000366569 ], [ 958213.487099999561906, 1953333.765799999237061 ], [ 958203.802199999801815, 1953342.557 ], [ 958194.500199999660254, 1953349.556399999186397 ], [ 958173.200299999676645, 1953362.457000000402331 ], [ 958150.477699999697506, 1953374.775499999523163 ], [ 958130.972000000067055, 1953384.648600000888109 ], [ 958113.267300000414252, 1953390.718000000342727 ], [ 958058.673899999819696, 1953405.528000000864267 ], [ 958037.34250000026077, 1953410.088500000536442 ], [ 958023.333300000056624, 1953413.687699999660254 ], [ 958006.661299999803305, 1953418.107899999246001 ], [ 957988.725700000301003, 1953422.863199999555945 ], [ 957961.974100000225008, 1953448.05379999987781 ], [ 957947.096900000236928, 1953469.933700000867248 ], [ 957883.746399999596179, 1953607.448799999430776 ], [ 957798.73369999974966, 1953819.429099999368191 ], [ 957771.21889999974519, 1953904.397099999710917 ], [ 957730.943099999800324, 1954049.356699999421835 ], [ 957688.390800000168383, 1954188.480200000107288 ], [ 957665.541799999773502, 1954294.020300000905991 ], [ 957645.105999999679625, 1954332.698000000789762 ], [ 957591.817400000058115, 1954398.516200000420213 ], [ 957521.283099999651313, 1954470.665200000628829 ], [ 957321.065200000070035, 1954665.08 ], [ 957296.940399999730289, 1954691.539599999785423 ], [ 957271.099200000055134, 1954710.6162 ], [ 957245.724499999545515, 1954728.528400000184774 ], [ 957215.566599999554455, 1954742.707100000232458 ], [ 957188.040500000119209, 1954749.754499999806285 ], [ 957164.518099999986589, 1954755.034499999135733 ], [ 957144.961199999786913, 1954757.510199999436736 ], [ 957123.637900000438094, 1954759.5296 ], [ 957103.219399999827147, 1954760.535800000652671 ], [ 957050.360999999567866, 1954760.3581000007689 ], [ 957034.941200000233948, 1954758.5449 ], [ 957018.39850000012666, 1954754.609099999070168 ], [ 956997.78830000013113, 1954745.673599999397993 ], [ 956988.674300000071526, 1954740.227600000798702 ], [ 956963.285899999551475, 1954723.718900000676513 ], [ 956938.241899999789894, 1954708.7336 ], [ 956918.113300000317395, 1954697.153400000184774 ], [ 956907.545300000347197, 1954688.408700000494719 ], [ 956896.140999999828637, 1954676.176200000569224 ], [ 956868.169200000353158, 1954641.788899999111891 ], [ 956850.060200000181794, 1954616.374099999666214 ], [ 956829.803999999538064, 1954591.522299999371171 ], [ 956811.065200000070035, 1954570.087300000712276 ], [ 956794.506199999712408, 1954556.996099999174476 ], [ 956758.423200000077486, 1954525.887900000438094 ], [ 956731.425300000235438, 1954503.41300000064075 ], [ 956703.083499999716878, 1954479.994599999859929 ], [ 956633.010099999606609, 1954420.845899999141693 ], [ 956604.294900000095367, 1954397.607599999755621 ], [ 956587.510800000280142, 1954384.300200000405312 ], [ 956575.126799999736249, 1954378.281400000676513 ], [ 956557.672100000083447, 1954373.293700000271201 ], [ 956542.005499999970198, 1954373.174499999731779 ], [ 956527.089399999938905, 1954375.021800000220537 ], [ 956513.211199999786913, 1954382.150100000202656 ], [ 956471.986499999649823, 1954407.332900000736117 ], [ 956449.532999999821186, 1954422.685100000351667 ], [ 956374.903599999845028, 1954480.033099999651313 ], [ 956282.390399999916553, 1954577.528599999845028 ], [ 956222.713600000366569, 1954663.809100000187755 ], [ 956180.885099999606609, 1954739.450099999085069 ], [ 956121.38910000026226, 1954842.865599999204278 ], [ 956084.071999999694526, 1954892.775000000372529 ], [ 956019.243200000375509, 1954959.680800000205636 ], [ 955983.977099999785423, 1954984.636399999260902 ], [ 955933.612499999813735, 1955003.568099999800324 ], [ 955860.839800000190735, 1954992.705199999734759 ], [ 955731.521399999968708, 1954968.4189 ], [ 955664.295300000347197, 1954951.49210000038147 ], [ 955626.926400000229478, 1954953.738399999216199 ], [ 955567.367300000041723, 1954978.021800000220537 ], [ 955520.660299999639392, 1955015.472500000149012 ], [ 955493.225399999879301, 1955049.399599999189377 ], [ 955476.200199999846518, 1955090.039799999445677 ], [ 955447.174499999731779, 1955119.362600000575185 ], [ 955412.943799999542534, 1955135.2292 ], [ 955376.073300000280142, 1955144.018699999898672 ], [ 955330.434700000099838, 1955150.357699999585748 ], [ 955284.934299999848008, 1955152.77309999987483 ], [ 955232.193400000222027, 1955116.690600000321865 ], [ 955199.394700000062585, 1955119.598500000312924 ], [ 955117.262600000016391, 1955149.251000000163913 ], [ 955082.396999999880791, 1955161.971000000834465 ], [ 955043.976300000213087, 1955168.146199999377131 ], [ 954994.997299999929965, 1955201.533500000834465 ], [ 954984.805700000375509, 1955212.277300000190735 ], [ 954980.243300000205636, 1955217.747999999672174 ], [ 954976.754300000146031, 1955222.271999999880791 ], [ 954971.212299999780953, 1955227.9221 ], [ 954961.452100000344217, 1955232.268200000748038 ], [ 954956.652200000360608, 1955233.152200000360608 ], [ 954951.979399999603629, 1955234.550499999895692 ], [ 954943.816800000146031, 1955237.55489999987185 ], [ 954935.241399999707937, 1955247.8728 ], [ 954931.25789999961853, 1955249.5176 ], [ 954927.075400000438094, 1955251.720499999821186 ], [ 954924.706299999728799, 1955252.264399999752641 ], [ 954925.153599999845028, 1955254.212899999693036 ], [ 954927.776700000278652, 1955253.6108 ], [ 954932.107200000435114, 1955251.329900000244379 ], [ 954936.462299999780953, 1955249.531600000336766 ], [ 954945.011099999770522, 1955239.245699999853969 ], [ 954952.611899999901652, 1955236.448100000619888 ], [ 954957.121199999935925, 1955235.0987 ], [ 954962.048100000247359, 1955234.191299999132752 ], [ 954972.372999999672174, 1955229.593699999153614 ], [ 954978.2648, 1955223.587099999189377 ], [ 954981.804700000211596, 1955218.996999999508262 ], [ 954986.256099999882281, 1955213.653300000354648 ], [ 954996.300400000065565, 1955203.064899999648333 ], [ 955044.733900000341237, 1955170.0494 ], [ 955082.902700000442564, 1955163.914599999785423 ], [ 955117.944600000046194, 1955151.130300000309944 ], [ 955199.829699999652803, 1955121.566999999806285 ] ] ] ] } },
{ "type": "Feature", "properties": { "OBJECTID": 41, "CODE2": 0.0, "INDEXPAGE1": null, "LEVEL1": null, "NAME2": null, "RIVLEN1": 0.0, "UID1": 0.0, "INDEXPAGE2": ",43", "LEVEL2": ",43", "RIVLEN2": 9.02, "RIV_CD_1": 1025290.0, "RIV_NAM_1": ",43", "UID2": 474.0, "CODE1": 0.0, "INDEXPAGE": null, "LEVEL": null, "NAME1": null, "RIVLEN": 0.0, "UID": 0.0, "Shape_Leng": 16974.028689399998, "Shape_Area": 119321.00344499999 }, "geometry": { "type": "MultiPolygon", "coordinates": [ [ [ [ 959414.501500000245869, 1955845.19539999961853 ], [ 959416.050400000065565, 1955842.984300000593066 ], [ 959438.262199999764562, 1955811.276200000196695 ], [ 959438.112599999643862, 1955809.477700000628829 ], [ 959433.539200000464916, 1955806.32039999961853 ], [ 959465.864299999549985, 1955697.947200000286102 ], [ 959472.080799999646842, 1955597.964099999517202 ], [ 959486.577899999916553, 1955597.886900000274181 ], [ 959486.986899999901652, 1955582.720300000160933 ], [ 959487.749200000427663, 1955545.649800000712276 ], [ 959487.023599999956787, 1955510.756400000303984 ], [ 959486.381799999624491, 1955474.326999999582767 ], [ 959484.777900000102818, 1955455.07880000025034 ], [ 959482.518699999898672, 1955417.52449999935925 ], [ 959479.260200000368059, 1955385.673499999567866 ], [ 959474.275999999605119, 1955348.863600000739098 ], [ 959467.997499999590218, 1955303.6535 ], [ 959461.010599999688566, 1955239.914100000634789 ], [ 959460.464200000278652, 1955235.908299999311566 ], [ 959458.409900000318885, 1955220.844900000840425 ], [ 959448.420699999667704, 1955180.862700000405312 ], [ 959438.285500000230968, 1955151.027599999681115 ], [ 959418.3136, 1955092.985200000926852 ], [ 959386.875500000081956, 1954999.166999999433756 ], [ 959345.985999999567866, 1954878.168999999761581 ], [ 959323.229100000113249, 1954805.83669999986887 ], [ 959306.57010000012815, 1954759.802200000733137 ], [ 959287.804700000211596, 1954710.560200000181794 ], [ 959237.910099999979138, 1954580.453500000759959 ], [ 959214.121399999596179, 1954520.85190000012517 ], [ 959192.164800000376999, 1954465.529100000858307 ], [ 959171.686300000175834, 1954413.697100000455976 ], [ 959146.111800000071526, 1954352.895500000566244 ], [ 959118.696700000204146, 1954291.833799999207258 ], [ 959087.062699999660254, 1954217.5494 ], [ 959067.792899999767542, 1954173.068299999460578 ], [ 959052.950600000098348, 1954137.810200000181794 ], [ 959041.072999999858439, 1954107.404500000178814 ], [ 959028.944799999706447, 1954074.981000000610948 ], [ 959023.203999999910593, 1954053.789300000295043 ], [ 959015.06900000013411, 1954014.72690000012517 ], [ 959008.573800000362098, 1953971.987099999561906 ], [ 959004.39670000039041, 1953936.562300000339746 ], [ 958997.633399999700487, 1953886.656500000506639 ], [ 958985.983900000341237, 1953799.5504 ], [ 958974.901399999856949, 1953713.800699999555945 ], [ 958967.318300000391901, 1953665.74860000051558 ], [ 958916.470200000330806, 1953348.94510000012815 ], [ 958910.747600000351667, 1953310.499600000679493 ], [ 958909.651399999856949, 1953266.061699999496341 ], [ 958907.990100000053644, 1953199.964700000360608 ], [ 958909.027099999599159, 1953098.046399999409914 ], [ 958908.603799999691546, 1953012.869699999690056 ], [ 958909.812800000421703, 1952948.89670000039041 ], [ 958910.561999999918044, 1952909.337099999189377 ], [ 958909.930900000035763, 1952858.369100000709295 ], [ 958911.92200000025332, 1952807.996899999678135 ], [ 958916.221199999563396, 1952781.843599999323487 ], [ 958923.608599999919534, 1952757.453199999406934 ], [ 958934.406499999575317, 1952735.253799999132752 ], [ 958948.331600000150502, 1952714.617200000211596 ], [ 958964.537999999709427, 1952696.2676 ], [ 958987.49129999987781, 1952672.1743 ], [ 959004.663499999791384, 1952649.341199999675155 ], [ 959012.169800000265241, 1952641.643999999389052 ], [ 958965.030899999663234, 1952616.064300000667572 ], [ 958967.278099999763072, 1952623.209799999371171 ], [ 958966.677699999883771, 1952628.730900000780821 ], [ 958965.205299999564886, 1952633.826899999752641 ], [ 958955.094200000166893, 1952657.3421 ], [ 958946.300499999895692, 1952674.822599999606609 ], [ 958937.368400000035763, 1952688.855000000447035 ], [ 958935.949599999934435, 1952688.972500000149012 ], [ 958930.075600000098348, 1952685.944900000467896 ], [ 958927.544099999591708, 1952693.005799999460578 ], [ 958927.692099999636412, 1952694.5044 ], [ 958926.356499999761581, 1952700.8892 ], [ 958922.936900000087917, 1952710.123999999836087 ], [ 958915.750300000421703, 1952723.407400000840425 ], [ 958905.314899999648333, 1952744.215399999171495 ], [ 958893.833499999716878, 1952775.115199999883771 ], [ 958891.29839999973774, 1952785.255000000819564 ], [ 958889.09499999973923, 1952797.612199999392033 ], [ 958886.875, 1952814.357899999246001 ], [ 958886.419999999925494, 1952826.54590000025928 ], [ 958886.626699999906123, 1952840.959499999880791 ], [ 958886.400299999862909, 1952884.834699999541044 ], [ 958886.911799999885261, 1952949.008600000292063 ], [ 958886.934200000017881, 1952951.3476 ], [ 958888.631699999794364, 1953026.121200000867248 ], [ 958887.567099999636412, 1953113.474999999627471 ], [ 958888.161000000312924, 1953200.660000000149012 ], [ 958890.194299999624491, 1953257.758300000801682 ], [ 958891.501600000075996, 1953285.511199999600649 ], [ 958894.817599999718368, 1953320.690700000151992 ], [ 958896.961600000038743, 1953336.603499999269843 ], [ 958899.135599999688566, 1953352.536100000143051 ], [ 958906.814199999906123, 1953437.314200000837445 ], [ 958910.015599999576807, 1953469.735300000756979 ], [ 958916.095800000242889, 1953509.628399999812245 ], [ 958923.996799999848008, 1953547.9222999997437 ], [ 958928.14919999986887, 1953576.839700000360608 ], [ 958937.416199999861419, 1953629.491100000217557 ], [ 958950.574900000356138, 1953703.403999999165535 ], [ 958963.250199999660254, 1953784.146999999880791 ], [ 958975.133899999782443, 1953868.292999999597669 ], [ 958985.460500000044703, 1953945.359899999573827 ], [ 958991.974399999715388, 1953989.748999999836087 ], [ 958998.539200000464916, 1954030.539100000634789 ], [ 959004.308600000105798, 1954057.0987 ], [ 959010.640100000426173, 1954080.366499999538064 ], [ 959018.875599999912083, 1954110.1217 ], [ 959032.877799999900162, 1954150.932299999520183 ], [ 959050.832200000062585, 1954198.059399999678135 ], [ 959084.861200000159442, 1954273.4507 ], [ 959120.812300000339746, 1954356.878799999132752 ], [ 959184.011800000444055, 1954503.848500000312924 ], [ 959192.511699999682605, 1954528.814099999144673 ], [ 959216.568900000303984, 1954595.661499999463558 ], [ 959265.946600000374019, 1954748.852600000798702 ], [ 959266.923999999649823, 1954751.417300000786781 ], [ 959305.484699999913573, 1954852.604100000113249 ], [ 959386.693199999630451, 1955090.724500000476837 ], [ 959404.537200000137091, 1955152.786699999123812 ], [ 959427.538900000043213, 1955246.699899999424815 ], [ 959444.043300000019372, 1955361.300000000745058 ], [ 959446.339999999850988, 1955379.611099999397993 ], [ 959452.801500000059605, 1955459.197599999606609 ], [ 959455.477300000376999, 1955513.033600000664592 ], [ 959456.789599999785423, 1955598.045499999076128 ], [ 959470.076999999582767, 1955597.9748 ], [ 959463.883200000040233, 1955697.594900000840425 ], [ 959431.809100000187755, 1955805.126000000163913 ], [ 959425.510900000110269, 1955800.778000000864267 ], [ 959413.007399999536574, 1955819.917600000277162 ], [ 959385.816700000315905, 1955853.5801 ], [ 959356.239699999801815, 1955884.026499999687076 ], [ 959339.476400000043213, 1955899.150299999862909 ], [ 959308.904400000348687, 1955922.9543999992311 ], [ 959281.632399999536574, 1955939.493599999696016 ], [ 959253.707799999974668, 1955953.597200000658631 ], [ 959248.766499999910593, 1955954.893100000917912 ], [ 959231.287100000306964, 1955957.55519999936223 ], [ 959198.782700000330806, 1955963.895999999716878 ], [ 959196.213100000284612, 1955963.789799999445677 ], [ 959191.179700000211596, 1955960.9276 ], [ 959187.979899999685585, 1955960.754699999466538 ], [ 959179.204599999822676, 1955961.02140000090003 ], [ 959139.936099999584258, 1955966.118699999526143 ], [ 959044.290400000289083, 1955984.77140000090003 ], [ 958976.69400000013411, 1955999.575999999418855 ], [ 958952.264200000092387, 1956003.584699999541044 ], [ 958902.909799999557436, 1956012.504300000146031 ], [ 958856.010599999688566, 1956020.711200000718236 ], [ 958856.74959999974817, 1956028.084499999880791 ], [ 958855.512699999846518, 1956028.571000000461936 ], [ 958825.585199999623001, 1956032.618899999186397 ], [ 958809.899699999950826, 1956036.141200000420213 ], [ 958803.763799999840558, 1956038.382999999448657 ], [ 958803.088200000114739, 1956039.156400000676513 ], [ 958802.776499999687076, 1956040.6875 ], [ 958804.133500000461936, 1956051.304700000211596 ], [ 958796.002199999988079, 1956054.2851 ], [ 958784.580900000408292, 1956059.030899999663234 ], [ 958772.290300000458956, 1956064.806199999526143 ], [ 958763.127399999648333, 1956069.242900000885129 ], [ 958749.865799999795854, 1956076.203099999576807 ], [ 958737.505499999970198, 1956083.01799999922514 ], [ 958725.318900000303984, 1956090.181500000879169 ], [ 958709.910400000400841, 1956099.592700000852346 ], [ 958690.463600000366569, 1956111.289799999445677 ], [ 958668.086900000460446, 1956124.681900000199676 ], [ 958632.056499999947846, 1956145.925799999386072 ], [ 958597.435200000181794, 1956168.514699999243021 ], [ 958576.247499999590218, 1956181.301100000739098 ], [ 958560.394899999722838, 1956189.818600000813603 ], [ 958546.631299999542534, 1956197.047399999573827 ], [ 958533.878499999642372, 1956203.074300000444055 ], [ 958521.044999999925494, 1956208.416999999433756 ], [ 958506.425800000317395, 1956214.076999999582767 ], [ 958487.955900000408292, 1956221.063100000843406 ], [ 958471.383399999700487, 1956226.435799999162555 ], [ 958452.566300000064075, 1956231.681900000199676 ], [ 958430.658999999985099, 1956238.376499999314547 ], [ 958411.544300000183284, 1956243.751000000163913 ], [ 958398.700100000016391, 1956247.1097 ], [ 958393.230899999849498, 1956248.24970000050962 ], [ 958381.932699999772012, 1956250.171399999409914 ], [ 958369.646999999880791, 1956251.5208 ], [ 958358.932199999690056, 1956252.194399999454618 ], [ 958343.741200000047684, 1956252.096200000494719 ], [ 958332.10149999987334, 1956251.105000000447035 ], [ 958318.353900000452995, 1956249.029699999839067 ], [ 958303.44579999987036, 1956245.645300000905991 ], [ 958292.494699999690056, 1956242.470200000330806 ], [ 958277.377700000070035, 1956237.268899999558926 ], [ 958265.006000000052154, 1956231.422900000587106 ], [ 958252.03110000025481, 1956224.37639999948442 ], [ 958240.164499999955297, 1956216.7116 ], [ 958228.196600000374019, 1956207.787799999117851 ], [ 958216.796500000171363, 1956197.448100000619888 ], [ 958207.719200000166893, 1956187.991699999198318 ], [ 958197.442999999970198, 1956176.248299999162555 ], [ 958188.94400000013411, 1956165.419199999421835 ], [ 958181.910600000061095, 1956153.623500000685453 ], [ 958174.444199999794364, 1956140.596300000324845 ], [ 958167.31900000013411, 1956127.413499999791384 ], [ 958154.964300000108778, 1956105.354399999603629 ], [ 958141.375199999660254, 1956080.609999999403954 ], [ 958133.9057, 1956066.194900000467896 ], [ 958123.11089999973774, 1956049.356899999082088 ], [ 958113.762400000356138, 1956036.365599999204278 ], [ 958103.777400000020862, 1956024.091700000688434 ], [ 958092.782200000248849, 1956011.806800000369549 ], [ 958081.280500000342727, 1956000.287200000137091 ], [ 958072.622200000099838, 1955992.780999999493361 ], [ 958040.505400000140071, 1955968.398299999535084 ], [ 958020.972500000149012, 1955956.655500000342727 ], [ 958000.183500000275671, 1955945.523800000548363 ], [ 957973.536299999803305, 1955934.627000000327826 ], [ 957956.658900000154972, 1955929.013900000602007 ], [ 957931.144299999810755, 1955922.967199999839067 ], [ 957907.890700000338256, 1955918.395099999383092 ], [ 957888.050400000065565, 1955915.278699999675155 ], [ 957855.771300000138581, 1955914.298000000417233 ], [ 957830.999800000339746, 1955914.680500000715256 ], [ 957804.26659999974072, 1955917.760500000789762 ], [ 957777.072800000198185, 1955922.565500000491738 ], [ 957755.007100000046194, 1955928.322499999776483 ], [ 957708.934600000269711, 1955945.089199999347329 ], [ 957527.366100000217557, 1956013.094100000336766 ], [ 957288.184000000357628, 1956104.101600000634789 ], [ 957259.637600000016391, 1956112.348200000822544 ], [ 957236.828700000420213, 1956116.942700000479817 ], [ 957210.703599999658763, 1956120.1415 ], [ 957184.095599999651313, 1956121.230200000107288 ], [ 957161.464800000190735, 1956120.523700000718236 ], [ 957120.441599999554455, 1956116.051000000908971 ], [ 957100.665599999949336, 1956116.397600000724196 ], [ 957075.213999999687076, 1956118.983300000429153 ], [ 957053.541199999861419, 1956124.463899999856949 ], [ 957031.184700000099838, 1956132.048499999567866 ], [ 957009.546500000171363, 1956143.586300000548363 ], [ 956995.58559999987483, 1956152.530300000682473 ], [ 956973.326299999840558, 1956170.812999999150634 ], [ 956935.628499999642372, 1956206.813799999654293 ], [ 956920.902499999850988, 1956219.1239 ], [ 956888.097799999639392, 1956242.781899999827147 ], [ 956876.573499999940395, 1956249.54700000025332 ], [ 956811.653199999593198, 1956269.165699999779463 ], [ 956731.364500000141561, 1956292.980200000107288 ], [ 956729.636800000444055, 1956297.037900000810623 ], [ 956726.191200000233948, 1956305.143300000578165 ], [ 956722.965300000272691, 1956311.318199999630451 ], [ 956721.749400000087917, 1956313.8838 ], [ 956713.556900000199676, 1956329.761700000613928 ], [ 956703.619599999859929, 1956352.106499999761581 ], [ 956698.762000000104308, 1956367.246899999678135 ], [ 956696.675900000147521, 1956375.345100000500679 ], [ 956690.437199999578297, 1956395.820900000631809 ], [ 956684.386699999682605, 1956419.7043999992311 ], [ 956685.199699999764562, 1956427.847100000828505 ], [ 956684.996899999678135, 1956449.820299999788404 ], [ 956683.370600000023842, 1956469.171900000423193 ], [ 956679.806300000287592, 1956505.667600000277162 ], [ 956678.621100000105798, 1956530.894799999892712 ], [ 956678.743700000457466, 1956535.1426 ], [ 956679.689199999906123, 1956541.875099999830127 ], [ 956681.595099999569356, 1956554.370400000363588 ], [ 956683.501000000163913, 1956574.372999999672174 ], [ 956683.327800000086427, 1956583.150800000876188 ], [ 956682.142699999734759, 1956591.494100000709295 ], [ 956679.243300000205636, 1956602.685399999842048 ], [ 956665.003899999894202, 1956660.010500000789762 ], [ 956653.717299999669194, 1956710.562300000339746 ], [ 956641.897300000302494, 1956766.055099999532104 ], [ 956633.323099999688566, 1956791.596100000664592 ], [ 956624.662100000306964, 1956831.473200000822544 ], [ 956624.255199999548495, 1956833.9145 ], [ 956624.436900000087917, 1956847.378599999472499 ], [ 956623.009600000455976, 1956875.945900000631809 ], [ 956621.227699999697506, 1956882.972799999639392 ], [ 956620.863599999807775, 1956884.054400000721216 ], [ 956590.385599999688566, 1956919.903799999505281 ], [ 956571.535799999721348, 1956944.935100000351667 ], [ 956570.106599999591708, 1956948.731300000101328 ], [ 956569.544999999925494, 1956950.273800000548363 ], [ 956569.100599999539554, 1956953.165100000798702 ], [ 956566.7193, 1956992.183599999174476 ], [ 956566.388399999588728, 1957029.5318 ], [ 956566.517500000074506, 1957031.250499999150634 ], [ 956566.807000000029802, 1957034.917700000107288 ], [ 956570.110100000165403, 1957063.879599999636412 ], [ 956570.508200000040233, 1957071.0548 ], [ 956570.465800000354648, 1957074.363900000229478 ], [ 956569.72759999986738, 1957078.406300000846386 ], [ 956564.824199999682605, 1957088.698699999600649 ], [ 956561.189500000327826, 1957093.186499999836087 ], [ 956554.207700000144541, 1957099.88120000064373 ], [ 956537.818799999542534, 1957108.365499999374151 ], [ 956523.13300000037998, 1957117.540400000289083 ], [ 956518.527700000442564, 1957121.853399999439716 ], [ 956518.239199999719858, 1957122.124800000339746 ], [ 956489.725399999879301, 1957151.366100000217557 ], [ 956475.751400000415742, 1957162.816400000825524 ], [ 956436.423600000329316, 1957179.310000000521541 ], [ 956423.316899999976158, 1957186.5472 ], [ 956406.151499999687076, 1957197.494699999690056 ], [ 956394.432099999859929, 1957209.962600000202656 ], [ 956389.806499999947846, 1957216.105000000447035 ], [ 956384.296099999919534, 1957241.925000000745058 ], [ 956382.77170000039041, 1957254.128699999302626 ], [ 956382.607900000177324, 1957264.66579999960959 ], [ 956383.707399999722838, 1957277.795199999585748 ], [ 956384.89850000012666, 1957291.213999999687076 ], [ 956385.992899999953806, 1957303.373700000345707 ], [ 956388.421500000171363, 1957320.16469999961555 ], [ 956390.013899999670684, 1957331.991900000721216 ], [ 956391.49280000012368, 1957341.270700000226498 ], [ 956392.88219999987632, 1957356.267799999564886 ], [ 956393.354700000025332, 1957364.272399999201298 ], [ 956393.06180000025779, 1957373.090800000354648 ], [ 956392.233300000429153, 1957378.9331 ], [ 956389.894999999552965, 1957390.371400000527501 ], [ 956381.278599999845028, 1957418.597100000828505 ], [ 956375.759700000286102, 1957427.813100000843406 ], [ 956371.074900000356138, 1957432.236500000581145 ], [ 956359.996700000017881, 1957437.443600000813603 ], [ 956352.971800000406802, 1957439.790200000628829 ], [ 956342.851999999955297, 1957442.903000000864267 ], [ 956330.724600000306964, 1957446.326400000602007 ], [ 956318.162399999797344, 1957448.802400000393391 ], [ 956307.186499999836087, 1957450.710200000554323 ], [ 956291.787299999967217, 1957453.551200000569224 ], [ 956280.704300000332296, 1957455.989399999380112 ], [ 956264.127500000409782, 1957462.985200000926852 ], [ 956258.382799999788404, 1957467.33420000039041 ], [ 956244.263799999840558, 1957475.9364 ], [ 956225.348000000230968, 1957490.461899999529123 ], [ 956201.628800000064075, 1957504.013399999588728 ], [ 956188.388399999588728, 1957512.410900000482798 ], [ 956179.082799999974668, 1957516.358999999240041 ], [ 956171.67850000038743, 1957520.686899999156594 ], [ 956166.84389999974519, 1957525.121099999174476 ], [ 956164.242300000041723, 1957530.27309999987483 ], [ 956162.2511, 1957533.662499999627471 ], [ 956146.344200000166893, 1957542.553999999538064 ], [ 956139.190999999642372, 1957547.090500000864267 ], [ 956131.127600000239909, 1957549.662499999627471 ], [ 956103.256199999712408, 1957558.767699999734759 ], [ 956100.372299999929965, 1957559.7127 ], [ 956089.546699999831617, 1957561.679700000211596 ], [ 956064.403400000184774, 1957559.354499999433756 ], [ 956047.061200000345707, 1957559.646800000220537 ], [ 956038.065499999560416, 1957559.824699999764562 ], [ 956028.685100000351667, 1957560.994300000369549 ], [ 956019.110999999567866, 1957563.324400000274181 ], [ 956012.225499999709427, 1957565.580299999564886 ], [ 956001.276399999856949, 1957570.636800000444055 ], [ 955989.844499999657273, 1957577.005400000140071 ], [ 955959.465200000442564, 1957593.851199999451637 ], [ 955951.332399999722838, 1957596.513599999248981 ], [ 955945.297399999573827, 1957597.055500000715256 ], [ 955939.220900000073016, 1957597.297800000756979 ], [ 955931.632799999788404, 1957597.138299999758601 ], [ 955922.338000000454485, 1957597.487700000405312 ], [ 955916.501799999736249, 1957597.788699999451637 ], [ 955910.558000000193715, 1957596.670800000429153 ], [ 955908.185800000093877, 1957596.10359999909997 ], [ 955903.741200000047684, 1957594.947699999436736 ], [ 955900.228799999691546, 1957594.2467 ], [ 955881.015700000338256, 1957592.3597999997437 ], [ 955873.694199999794364, 1957591.57909999974072 ], [ 955846.858599999919534, 1957588.703099999576807 ], [ 955831.053399999625981, 1957586.668099999427795 ], [ 955820.058299999684095, 1957588.715900000184774 ], [ 955814.506699999794364, 1957589.915100000798702 ], [ 955808.480000000447035, 1957590.127100000157952 ], [ 955803.399100000038743, 1957591.4737 ], [ 955801.269399999640882, 1957593.264399999752641 ], [ 955799.434000000357628, 1957597.762499999254942 ], [ 955795.413599999621511, 1957610.559299999848008 ], [ 955793.373999999836087, 1957617.997500000521541 ], [ 955795.941599999554455, 1957623.35190000012517 ], [ 955803.965099999681115, 1957637.683900000527501 ], [ 955804.904000000096858, 1957639.428300000727177 ], [ 955805.112900000065565, 1957650.493200000375509 ], [ 955803.666500000283122, 1957658.568 ], [ 955802.097099999897182, 1957662.33500000089407 ], [ 955798.691800000146031, 1957670.480200000107288 ], [ 955793.632000000216067, 1957679.56389999948442 ], [ 955788.091799999587238, 1957684.791500000283122 ], [ 955784.963700000196695, 1957686.797399999573827 ], [ 955773.107400000095367, 1957694.19789999909699 ], [ 955769.248700000345707, 1957696.057800000533462 ], [ 955755.6091, 1957700.8388 ], [ 955750.142099999822676, 1957702.907199999317527 ], [ 955728.756400000303984, 1957707.8893 ], [ 955720.961900000460446, 1957710.269999999552965 ], [ 955717.10329999960959, 1957712.13990000076592 ], [ 955713.725599999539554, 1957714.227099999785423 ], [ 955710.856100000441074, 1957716.001800000667572 ], [ 955714.348299999721348, 1957722.270899999886751 ], [ 955730.102300000376999, 1957716.598999999463558 ], [ 955740.47690000012517, 1957714.404500000178814 ], [ 955764.106200000271201, 1957708.380799999460578 ], [ 955770.928999999538064, 1957705.615399999544024 ], [ 955786.586900000460446, 1957698.764399999752641 ], [ 955794.458700000308454, 1957694.02419999986887 ], [ 955797.481100000441074, 1957690.909199999645352 ], [ 955799.653500000014901, 1957687.768799999728799 ], [ 955800.948900000192225, 1957685.102900000289083 ], [ 955806.559500000439584, 1957672.467499999329448 ], [ 955809.800499999895692, 1957661.624199999496341 ], [ 955811.202899999916553, 1957654.64919999986887 ], [ 955811.198699999600649, 1957650.11089999973774 ], [ 955811.161000000312924, 1957646.792300000786781 ], [ 955808.191499999724329, 1957635.412200000137091 ], [ 955805.525100000202656, 1957624.650399999693036 ], [ 955803.119599999859929, 1957617.8256 ], [ 955803.132699999958277, 1957612.787399999797344 ], [ 955805.810499999672174, 1957608.80460000038147 ], [ 955808.078200000338256, 1957606.653300000354648 ], [ 955817.822900000028312, 1957600.673499999567866 ], [ 955825.941100000403821, 1957595.262199999764562 ], [ 955830.643199999816716, 1957594.0976 ], [ 955838.571899999864399, 1957596.264499999582767 ], [ 955848.246199999935925, 1957597.74239999987185 ], [ 955855.225399999879301, 1957598.055099999532104 ], [ 955873.738699999637902, 1957599.945800000801682 ], [ 955881.930200000293553, 1957600.781899999827147 ], [ 955897.025700000114739, 1957602.840700000524521 ], [ 955906.980800000019372, 1957604.467000000178814 ], [ 955913.968999999575317, 1957604.5998 ], [ 955922.027499999850988, 1957604.876700000837445 ], [ 955931.414200000464916, 1957604.89670000039041 ], [ 955941.860999999567866, 1957604.99100000038743 ], [ 955949.7648, 1957604.369100000709295 ], [ 955955.735000000335276, 1957602.93779999949038 ], [ 955963.113300000317395, 1957599.3597999997437 ], [ 955969.243700000457466, 1957596.108300000429153 ], [ 955975.481300000101328, 1957592.316400000825524 ], [ 955981.906700000166893, 1957588.143699999898672 ], [ 955985.654099999926984, 1957586.04450000077486 ], [ 955991.426099999807775, 1957583.044800000265241 ], [ 955998.236800000071526, 1957579.889699999243021 ], [ 956003.120199999772012, 1957577.104699999094009 ], [ 956006.498399999924004, 1957575.11739999987185 ], [ 956012.917799999937415, 1957571.694399999454618 ], [ 956017.324799999594688, 1957569.551699999719858 ], [ 956022.235000000335276, 1957568.0461 ], [ 956027.407399999909103, 1957566.968900000676513 ], [ 956033.302000000141561, 1957566.357699999585748 ], [ 956039.647099999710917, 1957565.864099999889731 ], [ 956045.703599999658763, 1957565.621899999678135 ], [ 956049.762000000104308, 1957565.600299999117851 ], [ 956055.871299999766052, 1957565.877599999308586 ], [ 956075.287399999797344, 1957566.473999999463558 ], [ 956085.092600000090897, 1957566.241800000891089 ], [ 956094.275899999774992, 1957565.6031 ], [ 956107.083599999547005, 1957562.286000000312924 ], [ 956115.720499999821186, 1957560.410700000822544 ], [ 956121.481999999843538, 1957559.210400000214577 ], [ 956127.612800000235438, 1957557.90819999948144 ], [ 956133.732900000177324, 1957556.456199999898672 ], [ 956139.70299999974668, 1957555.01490000076592 ], [ 956145.052099999971688, 1957553.326999999582767 ], [ 956149.859899999573827, 1957551.372099999338388 ], [ 956162.993800000287592, 1957543.604900000616908 ], [ 956164.675200000405312, 1957542.116499999538064 ], [ 956167.170099999755621, 1957539.4441 ], [ 956169.728900000452995, 1957535.6418999992311 ], [ 956179.718799999915063, 1957523.163200000301003 ], [ 956182.487099999561906, 1957521.14919999986887 ], [ 956194.201500000432134, 1957515.278899999335408 ], [ 956227.589200000278652, 1957497.998700000345707 ], [ 956253.294900000095367, 1957476.75789999961853 ], [ 956271.456799999810755, 1957467.094699999317527 ], [ 956272.334499999880791, 1957466.720100000500679 ], [ 956282.470599999651313, 1957462.927500000223517 ], [ 956293.516400000080466, 1957461.019300000742078 ], [ 956317.606100000441074, 1957456.972400000318885 ], [ 956330.959800000302494, 1957454.812100000679493 ], [ 956343.939299999736249, 1957449.974700000137091 ], [ 956362.459699999541044, 1957441.928899999707937 ], [ 956379.170800000429153, 1957433.882799999788404 ], [ 956384.481399999931455, 1957428.736300000920892 ], [ 956385.926699999719858, 1957426.069599999114871 ], [ 956398.899000000208616, 1957382.336300000548363 ], [ 956400.075199999846518, 1957370.4543999992311 ], [ 956400.321000000461936, 1957367.803999999538064 ], [ 956400.239900000393391, 1957363.835899999365211 ], [ 956400.095200000330806, 1957361.067700000479817 ], [ 956399.906999999657273, 1957357.629899999126792 ], [ 956399.857699999585748, 1957354.021500000730157 ], [ 956399.622299999929965, 1957351.113800000399351 ], [ 956399.074799999594688, 1957344.02930000051856 ], [ 956399.052799999713898, 1957341.780200000852346 ], [ 956399.06319999974221, 1957338.091499999165535 ], [ 956398.99239999987185, 1957334.193299999460578 ], [ 956399.334599999710917, 1957330.872700000181794 ], [ 956399.318199999630451, 1957327.7939 ], [ 956398.717799999751151, 1957323.92850000038743 ], [ 956397.86600000038743, 1957319.784499999135733 ], [ 956396.135300000198185, 1957313.905899999663234 ], [ 956394.769299999810755, 1957308.914899999275804 ], [ 956393.841900000348687, 1957303.721799999475479 ], [ 956392.903400000184774, 1957294.560100000351667 ], [ 956392.768400000408292, 1957291.721799999475479 ], [ 956392.85950000025332, 1957288.182600000873208 ], [ 956392.986899999901652, 1957283.963500000536442 ], [ 956392.675599999725819, 1957279.926599999889731 ], [ 956392.396999999880791, 1957276.419399999082088 ], [ 956391.366600000299513, 1957263.139699999243021 ], [ 956391.466900000348687, 1957253.822499999776483 ], [ 956391.657200000248849, 1957240.746200000867248 ], [ 956392.025700000114739, 1957236.7357 ], [ 956392.641200000420213, 1957232.184100000187755 ], [ 956393.556099999696016, 1957227.530899999663234 ], [ 956394.513299999758601, 1957223.327299999073148 ], [ 956395.733599999919534, 1957219.712099999189377 ], [ 956398.024600000120699, 1957214.431900000199676 ], [ 956403.619500000029802, 1957208.214299999177456 ], [ 956408.588000000454485, 1957204.519200000911951 ], [ 956413.492600000463426, 1957201.963999999687076 ], [ 956441.677500000223517, 1957187.9189 ], [ 956488.583899999968708, 1957162.268300000578165 ], [ 956524.733799999579787, 1957127.188400000333786 ], [ 956531.934700000099838, 1957120.322499999776483 ], [ 956533.706899999640882, 1957118.9835 ], [ 956551.439899999648333, 1957107.623199999332428 ], [ 956571.286899999715388, 1957093.3926 ], [ 956575.542799999937415, 1957089.151399999856949 ], [ 956576.543999999761581, 1957087.5767 ], [ 956578.082700000144541, 1957068.665300000458956 ], [ 956577.63190000038594, 1957062.849899999797344 ], [ 956576.189699999988079, 1957051.081800000742078 ], [ 956574.923000000417233, 1957034.724500000476837 ], [ 956574.423799999989569, 1957027.329800000414252 ], [ 956573.940600000321865, 1957021.0647 ], [ 956573.57050000037998, 1957013.509400000795722 ], [ 956573.300699999555945, 1957004.144200000911951 ], [ 956573.321800000034273, 1957000.615399999544024 ], [ 956573.272300000302494, 1956995.067700000479817 ], [ 956573.377399999648333, 1956982.8915 ], [ 956573.660799999721348, 1956979.79109999909997 ], [ 956576.114900000393391, 1956958.205900000408292 ], [ 956582.216900000348687, 1956943.988500000908971 ], [ 956614.242899999953806, 1956907.870999999344349 ], [ 956617.503200000151992, 1956904.394899999722838 ], [ 956620.014000000432134, 1956900.962799999862909 ], [ 956629.9222999997437, 1956884.436000000685453 ], [ 956631.030600000172853, 1956882.320800000801682 ], [ 956631.999499999918044, 1956880.286399999633431 ], [ 956632.968299999833107, 1956876.3827 ], [ 956633.101400000043213, 1956871.343800000846386 ], [ 956632.664900000207126, 1956856.95130000077188 ], [ 956632.647699999623001, 1956849.973999999463558 ], [ 956632.828300000168383, 1956842.59569999948144 ], [ 956633.479799999855459, 1956829.776900000870228 ], [ 956643.25800000037998, 1956773.7851 ], [ 956645.900200000032783, 1956757.4869 ], [ 956653.746799999848008, 1956719.858799999579787 ], [ 956659.885700000450015, 1956691.906199999153614 ], [ 956665.384300000034273, 1956671.374299999326468 ], [ 956674.784500000067055, 1956636.377000000327826 ], [ 956683.842000000178814, 1956600.871600000187755 ], [ 956687.24959999974817, 1956583.759700000286102 ], [ 956694.681699999608099, 1956550.861999999731779 ], [ 956696.424100000411272, 1956536.417999999597669 ], [ 956698.966599999926984, 1956518.290999999269843 ], [ 956699.798100000247359, 1956497.993899999186397 ], [ 956699.492600000463426, 1956465.0175 ], [ 956697.213499999605119, 1956444.3871 ], [ 956695.528800000436604, 1956434.0099 ], [ 956695.444799999706447, 1956423.854000000283122 ], [ 956696.655899999663234, 1956401.635600000619888 ], [ 956700.637500000186265, 1956381.551699999719858 ], [ 956702.090099999681115, 1956372.757200000807643 ], [ 956715.678899999707937, 1956337.787499999627471 ], [ 956723.417299999855459, 1956319.232999999076128 ], [ 956728.4671, 1956310.159399999305606 ], [ 956734.651999999769032, 1956296.491399999707937 ], [ 956812.232300000265241, 1956271.079199999570847 ], [ 956877.585699999704957, 1956251.271099999547005 ], [ 956889.190999999642372, 1956244.458499999716878 ], [ 956922.129900000058115, 1956220.703700000420213 ], [ 956936.961500000208616, 1956208.30519999936223 ], [ 956974.652999999932945, 1956172.310499999672174 ], [ 956996.763399999588728, 1956154.150100000202656 ], [ 957010.557599999941885, 1956145.31279999949038 ], [ 957031.981499999761581, 1956133.889399999752641 ], [ 957054.10840000025928, 1956126.3827 ], [ 957075.561999999918044, 1956120.957399999722838 ], [ 957100.784300000406802, 1956118.394999999552965 ], [ 957120.350399999879301, 1956118.052200000733137 ], [ 957161.325100000016391, 1956122.519500000402331 ], [ 957184.105299999937415, 1956123.230699999257922 ], [ 957210.86629999987781, 1956122.135800000280142 ], [ 957237.148000000044703, 1956118.9178 ], [ 957260.113300000317395, 1956114.291799999773502 ], [ 957288.817999999970198, 1956105.999500000849366 ], [ 957528.072200000286102, 1956014.964600000530481 ], [ 957709.627100000157952, 1955946.964700000360608 ], [ 957755.60259999986738, 1955930.233300000429153 ], [ 957777.499800000339746, 1955924.520199999213219 ], [ 957804.555200000293553, 1955919.739700000733137 ], [ 957831.129999999888241, 1955916.677999999374151 ], [ 957855.756400000303984, 1955916.297700000926852 ], [ 957887.864199999719858, 1955917.273299999535084 ], [ 957907.542600000277162, 1955920.364099999889731 ], [ 957930.720700000412762, 1955924.921399999409914 ], [ 957956.111800000071526, 1955930.938999999314547 ], [ 957972.841699999757111, 1955936.502900000661612 ], [ 957999.330900000408292, 1955947.335200000554323 ], [ 958019.985000000335276, 1955958.394500000402331 ], [ 958039.382699999958277, 1955970.0559 ], [ 958071.361600000411272, 1955994.334000000730157 ], [ 958079.916500000283122, 1956001.750700000673532 ], [ 958091.328900000080466, 1956013.180700000375509 ], [ 958102.256199999712408, 1956025.390000000596046 ], [ 958112.174200000241399, 1956037.581299999728799 ], [ 958121.456799999810755, 1956050.481100000441074 ], [ 958132.172899999655783, 1956067.19649999961257 ], [ 958139.611200000159442, 1956081.551300000399351 ], [ 958153.216000000014901, 1956106.324100000783801 ], [ 958165.567400000058115, 1956128.377399999648333 ], [ 958172.697300000116229, 1956141.568900000303984 ], [ 958180.184600000269711, 1956154.63260000012815 ], [ 958187.292299999855459, 1956166.552899999544024 ], [ 958195.903199999593198, 1956177.524700000882149 ], [ 958206.245000000111759, 1956189.343000000342727 ], [ 958215.402200000360608, 1956198.882500000298023 ], [ 958226.924599999561906, 1956209.333100000396371 ], [ 958239.023400000296533, 1956218.354499999433756 ], [ 958251.010200000368059, 1956226.096999999135733 ], [ 958264.10120000038296, 1956233.206599999219179 ], [ 958276.623100000433624, 1956239.12360000051558 ], [ 958291.890700000338256, 1956244.376599999144673 ], [ 958302.945700000040233, 1956247.581900000572205 ], [ 958317.982900000177324, 1956250.995500000193715 ], [ 958331.867300000041723, 1956253.091499999165535 ], [ 958343.649699999950826, 1956254.094900000840425 ], [ 958358.988599999807775, 1956254.19400000013411 ], [ 958369.818900000303984, 1956253.5132 ], [ 958382.209599999710917, 1956252.152300000190735 ], [ 958393.602699999697506, 1956250.214400000870228 ], [ 958399.157200000248849, 1956249.056600000709295 ], [ 958412.067800000309944, 1956245.680600000545382 ], [ 958431.221699999645352, 1956240.295 ], [ 958453.127000000327826, 1956233.601099999621511 ], [ 958471.960400000214577, 1956228.350400000810623 ], [ 958488.618300000205636, 1956222.950099999085069 ], [ 958507.140399999916553, 1956215.944199999794364 ], [ 958521.790199999697506, 1956210.272399999201298 ], [ 958534.690200000070035, 1956204.901900000870228 ], [ 958547.523599999956787, 1956198.83699999935925 ], [ 958561.332799999974668, 1956191.584100000560284 ], [ 958577.237700000405312, 1956183.038599999621511 ], [ 958598.498200000263751, 1956170.2083 ], [ 958633.110999999567866, 1956147.624900000169873 ], [ 958669.108, 1956126.400699999183416 ], [ 958691.492200000211596, 1956113.004200000315905 ], [ 958710.946600000374019, 1956101.302500000223517 ], [ 958726.346599999815226, 1956091.896500000730157 ], [ 958738.494900000281632, 1956084.7555 ], [ 958750.813099999912083, 1956077.963899999856949 ], [ 958764.027800000272691, 1956071.028200000524521 ], [ 958773.151100000366569, 1956066.6107 ], [ 958785.390100000426173, 1956060.8596 ], [ 958796.730100000277162, 1956056.147600000724196 ], [ 958804.635499999858439, 1956053.250099999830127 ], [ 958804.845499999821186, 1956053.791600000113249 ], [ 958805.299599999561906, 1956054.588899999856949 ], [ 958806.042700000107288, 1956055.224700000137091 ], [ 958807.115699999965727, 1956055.858799999579787 ], [ 958809.845599999651313, 1956056.034199999645352 ], [ 958819.281000000424683, 1956053.924699999392033 ], [ 958884.159500000067055, 1956039.324400000274181 ], [ 958926.353799999691546, 1956031.772399999201298 ], [ 958967.474600000306964, 1956027.214999999850988 ], [ 959008.475700000301003, 1956022.72829999960959 ], [ 959038.545599999837577, 1956017.260099999606609 ], [ 959079.033300000242889, 1956012.096300000324845 ], [ 959146.771499999798834, 1956003.268699999898672 ], [ 959154.173000000417233, 1956002.179700000211596 ], [ 959192.633899999782443, 1955995.617200000211596 ], [ 959215.207200000062585, 1955992.1382 ], [ 959227.485500000417233, 1955990.793299999088049 ], [ 959254.995799999684095, 1955988.987400000914931 ], [ 959266.892, 1955989.094000000506639 ], [ 959287.815399999730289, 1955987.403200000524521 ], [ 959295.405600000172853, 1955986.0932 ], [ 959295.593500000424683, 1955981.94370000064373 ], [ 959296.104899999685585, 1955974.7336 ], [ 959298.641900000162423, 1955970.601600000634789 ], [ 959305.418899999931455, 1955962.998299999162555 ], [ 959320.541400000452995, 1955949.482699999585748 ], [ 959349.269600000232458, 1955919.200799999758601 ], [ 959392.411899999715388, 1955873.787599999457598 ], [ 959404.917899999767542, 1955858.87639999948442 ], [ 959414.501500000245869, 1955845.19539999961853 ] ] ] ] } },
{ "type": "Feature", "properties": { "OBJECTID": 42, "CODE2": 0.0, "INDEXPAGE1": null, "LEVEL1": null, "NAME2": null, "RIVLEN1": 0.0, "UID1": 0.0, "INDEXPAGE2": ",43", "LEVEL2": ",43", "RIVLEN2": 3.5, "RIV_CD_1": 1025300.0, "RIV_NAM_1": ",43", "UID2": 471.0, "CODE1": 0.0, "INDEXPAGE": null, "LEVEL": null, "NAME1": null, "RIVLEN": 0.0, "UID": 0.0, "Shape_Leng": 7643.2936273599998, "Shape_Area": 7635.7336138800001 }, "geometry": { "type": "MultiPolygon", "coordinates": [ [ [ [ 959416.050400000065565, 1955842.984300000593066 ], [ 959414.501500000245869, 1955845.19539999961853 ], [ 959425.357200000435114, 1955893.097100000828505 ], [ 959450.517400000244379, 1956023.355000000447035 ], [ 959444.77350000012666, 1956123.038200000301003 ], [ 959381.560300000011921, 1956182.689400000497699 ], [ 959335.583999999798834, 1956238.245999999344349 ], [ 959263.338899999856949, 1956321.236700000241399 ], [ 959180.625500000081956, 1956344.621600000187755 ], [ 959137.559799999929965, 1956387.116800000891089 ], [ 959089.269299999810755, 1956532.549799999222159 ], [ 959070.57039999961853, 1956596.831900000572205 ], [ 959003.03899999987334, 1956863.904500000178814 ], [ 958962.998599999584258, 1957009.673599999397993 ], [ 958957.917600000277162, 1957028.17119999974966 ], [ 958884.927199999801815, 1957197.2325 ], [ 958844.660400000400841, 1957344.50730000063777 ], [ 958762.75870000012219, 1957491.315700000151992 ], [ 958606.795599999837577, 1957582.786000000312924 ], [ 958484.440100000239909, 1957626.273600000888109 ], [ 958287.504900000058115, 1957634.892899999395013 ], [ 958146.774799999780953, 1957724.450999999418855 ], [ 957994.744300000369549, 1957785.5929000005126 ], [ 957748.05350000038743, 1957881.941700000315905 ], [ 957569.168600000441074, 1957934.394899999722838 ], [ 957269.068799999542534, 1957961.332299999892712 ], [ 957031.997499999590218, 1957980.815899999812245 ], [ 956914.72690000012517, 1957958.495699999853969 ], [ 956914.353099999949336, 1957960.459799999371171 ], [ 957031.890599999576807, 1957982.830700000748038 ], [ 957269.240000000223517, 1957963.324200000613928 ], [ 957569.542799999937415, 1957936.368699999526143 ], [ 957748.699599999934435, 1957883.83559999987483 ], [ 957995.480999999679625, 1957787.451500000432134 ], [ 958147.692300000227988, 1957726.236999999731779 ], [ 958288.126899999566376, 1957636.866900000721216 ], [ 958484.827200000174344, 1957628.257799999788404 ], [ 958607.643699999898672, 1957584.6064 ], [ 958764.239599999971688, 1957492.76490000076592 ], [ 958846.524699999950826, 1957345.269099999219179 ], [ 958886.818599999882281, 1957197.895700000226498 ], [ 958959.808400000445545, 1957028.835400000214577 ], [ 958964.747899999842048, 1957010.852800000458956 ], [ 959004.972199999727309, 1956864.414300000295043 ], [ 959072.499900000169873, 1956597.356300000101328 ], [ 959091.178399999625981, 1956533.144200000911951 ], [ 959139.305900000035763, 1956388.202500000596046 ], [ 959181.663900000043213, 1956346.4057 ], [ 959264.455900000408292, 1956322.998500000685453 ], [ 959337.108300000429153, 1956239.539799999445677 ], [ 959383.021900000050664, 1956184.058900000527501 ], [ 959446.723699999973178, 1956123.946599999442697 ], [ 959452.527700000442564, 1956023.220899999141693 ], [ 959427.314100000075996, 1955892.686499999836087 ], [ 959416.050400000065565, 1955842.984300000593066 ] ] ] ] } },
{ "type": "Feature", "properties": { "OBJECTID": 43, "CODE2": 0.0, "INDEXPAGE1": null, "LEVEL1": null, "NAME2": null, "RIVLEN1": 0.0, "UID1": 0.0, "INDEXPAGE2": ",43", "LEVEL2": ",43", "RIVLEN2": 1.9, "RIV_CD_1": 1025260.0, "RIV_NAM_1": ",43", "UID2": 490.0, "CODE1": 0.0, "INDEXPAGE": null, "LEVEL": null, "NAME1": null, "RIVLEN": 0.0, "UID": 0.0, "Shape_Leng": 5247.1945315399998, "Shape_Area": 5239.9961707800003 }, "geometry": { "type": "MultiPolygon", "coordinates": [ [ [ [ 962816.388000000268221, 1953151.8454 ], [ 962768.706600000150502, 1953135.588600000366569 ], [ 962768.49959999974817, 1953137.630200000479817 ], [ 962815.453300000168383, 1953153.638900000602007 ], [ 962944.4375, 1953248.139699999243021 ], [ 963100.606300000101328, 1953408.392000000923872 ], [ 963168.292600000277162, 1953512.810399999842048 ], [ 963221.133100000210106, 1953619.629899999126792 ], [ 963246.440600000321865, 1953713.625600000843406 ], [ 963257.062400000169873, 1953780.0 ], [ 963258.3125, 1953834.646299999207258 ], [ 963229.663900000043213, 1953949.38260000012815 ], [ 963225.406999999657273, 1954010.643699999898672 ], [ 963228.199000000022352, 1954088.9134 ], [ 963233.895999999716878, 1954136.817099999636412 ], [ 963234.757699999958277, 1954142.367000000551343 ], [ 963240.658599999733269, 1954178.0252 ], [ 963244.550400000065565, 1954198.544600000604987 ], [ 963264.823699999600649, 1954270.190199999138713 ], [ 963317.591099999845028, 1954449.652599999681115 ], [ 963318.66509999986738, 1954452.7665 ], [ 963348.816399999894202, 1954537.352700000628829 ], [ 963385.817900000140071, 1954625.567099999636412 ], [ 963434.05489999987185, 1954740.1996 ], [ 963445.122399999760091, 1954765.862600000575185 ], [ 963469.903900000266731, 1954818.922700000926852 ], [ 963525.409300000406802, 1954920.330399999395013 ], [ 963589.184799999929965, 1955015.162399999797344 ], [ 963624.3114, 1955060.00899999961257 ], [ 963661.649600000120699, 1955103.060000000521541 ], [ 963701.257100000046194, 1955144.2774 ], [ 963743.183699999935925, 1955183.613600000739098 ], [ 963787.479799999855459, 1955221.020899999886751 ], [ 963834.195000000298023, 1955256.451899999752641 ], [ 963883.379499999806285, 1955289.859200000762939 ], [ 963935.061200000345707, 1955321.182199999690056 ], [ 963936.097400000318885, 1955319.472500000149012 ], [ 963884.45990000013262, 1955288.176300000399351 ], [ 963835.361499999649823, 1955254.82740000076592 ], [ 963788.729600000195205, 1955219.459599999710917 ], [ 963744.513500000350177, 1955182.119799999520183 ], [ 963702.662700000219047, 1955142.854900000616908 ], [ 963663.126500000245869, 1955101.71169999986887 ], [ 963625.854399999603629, 1955058.7369 ], [ 963590.803399999625981, 1955013.9868 ], [ 963527.119199999608099, 1954919.290500000119209 ], [ 963471.688299999572337, 1954818.018899999558926 ], [ 963446.946299999952316, 1954765.043600000441074 ], [ 963435.894899999722838, 1954739.417500000447035 ], [ 963387.660699999891222, 1954624.791999999433756 ], [ 963350.681200000457466, 1954536.630000000819564 ], [ 963320.551699999719858, 1954452.104900000616908 ], [ 963319.496000000275671, 1954449.044099999591708 ], [ 963266.744500000029802, 1954269.636 ], [ 963246.498100000433624, 1954198.085200000554323 ], [ 963242.628600000403821, 1954177.685000000521541 ], [ 963236.731800000183284, 1954142.0504 ], [ 963235.877100000157952, 1954136.545700000599027 ], [ 963230.193799999542534, 1954088.758600000292063 ], [ 963227.40749999973923, 1954010.64780000038445 ], [ 963231.603500000201166, 1953949.866900000721216 ], [ 963260.317400000058115, 1953834.869599999859929 ], [ 963259.058000000193715, 1953779.818399999290705 ], [ 963248.398199999704957, 1953713.206700000911951 ], [ 963223.012500000186265, 1953618.9199 ], [ 963170.033099999651313, 1953511.8202 ], [ 963102.176199999637902, 1953407.138499999418855 ], [ 962945.753299999982119, 1953246.62529999949038 ], [ 962816.388000000268221, 1953151.8454 ] ] ] ] } },
{ "type": "Feature", "properties": { "OBJECTID": 44, "CODE2": 0.0, "INDEXPAGE1": null, "LEVEL1": null, "NAME2": null, "RIVLEN1": 0.0, "UID1": 0.0, "INDEXPAGE2": ",43", "LEVEL2": ",43", "RIVLEN2": 11.1, "RIV_CD_1": 1025350.0, "RIV_NAM_1": "ȫ43õ", "UID2": 479.0, "CODE1": 0.0, "INDEXPAGE": null, "LEVEL": null, "NAME1": null, "RIVLEN": 0.0, "UID": 0.0, "Shape_Leng": 22188.251780099999, "Shape_Area": 170253.50209200001 }, "geometry": { "type": "MultiPolygon", "coordinates": [ [ [ [ 946942.698300000280142, 1951581.35080000013113 ], [ 946980.512600000016391, 1951603.260800000280142 ], [ 946981.545699999667704, 1951602.962400000542402 ], [ 946984.967799999751151, 1951602.653300000354648 ], [ 946987.753600000403821, 1951602.60050000064075 ], [ 946989.735399999655783, 1951602.70890000090003 ], [ 946994.788900000043213, 1951603.501700000837445 ], [ 946997.121399999596179, 1951603.949200000613928 ], [ 946998.657200000248849, 1951604.381799999624491 ], [ 946999.77350000012666, 1951604.88370000012219 ], [ 947001.941399999894202, 1951606.3277000002563 ], [ 947003.24349999986589, 1951607.373400000855327 ], [ 947006.716799999587238, 1951611.048599999397993 ], [ 947009.011099999770522, 1951613.499500000849366 ], [ 947009.843000000342727, 1951614.285800000652671 ], [ 947010.628600000403821, 1951615.028400000184774 ], [ 947013.162100000306964, 1951616.97719999961555 ], [ 947017.440700000151992, 1951619.806399999186397 ], [ 947020.656999999657273, 1951621.9616 ], [ 947022.052099999971688, 1951623.010800000280142 ], [ 947022.94649999961257, 1951623.523800000548363 ], [ 947023.58739999961108, 1951623.735300000756979 ], [ 947042.46750000026077, 1951636.848200000822544 ], [ 947059.211600000038743, 1951643.979599999263883 ], [ 947076.338399999774992, 1951650.52419999986887 ], [ 947081.099200000055134, 1951652.688100000843406 ], [ 947089.526800000108778, 1951656.729800000786781 ], [ 947094.308400000445545, 1951659.040500000119209 ], [ 947100.131599999964237, 1951660.970799999311566 ], [ 947104.205400000326335, 1951661.947799999266863 ], [ 947108.726300000213087, 1951663.169299999251962 ], [ 947116.583200000226498, 1951664.800899999216199 ], [ 947173.671500000171363, 1951680.672499999403954 ], [ 947219.826200000010431, 1951695.323699999600649 ], [ 947270.363900000229478, 1951715.900499999523163 ], [ 947330.92960000038147, 1951739.575799999758601 ], [ 947361.071299999952316, 1951749.7818 ], [ 947391.791899999603629, 1951758.70409999974072 ], [ 947434.821299999952316, 1951771.017799999564886 ], [ 947473.261699999682605, 1951781.721400000154972 ], [ 947506.426599999889731, 1951796.126800000667572 ], [ 947546.729199999943376, 1951812.439500000327826 ], [ 947620.5943, 1951837.635500000789762 ], [ 947675.974299999885261, 1951853.903999999165535 ], [ 947791.824199999682605, 1951886.186000000685453 ], [ 947913.192999999970198, 1951927.639399999752641 ], [ 947976.951700000092387, 1951952.125399999320507 ], [ 948041.175099999643862, 1951975.060499999672174 ], [ 948088.786299999803305, 1951990.094799999147654 ], [ 948142.032200000248849, 1952008.448899999260902 ], [ 948230.466099999845028, 1952041.750399999320507 ], [ 948274.72620000038296, 1952059.724500000476837 ], [ 948296.04700000025332, 1952069.198599999770522 ], [ 948317.037399999797344, 1952080.616900000721216 ], [ 948365.284099999815226, 1952109.127000000327826 ], [ 948421.160299999639392, 1952151.972400000318885 ], [ 948448.817300000227988, 1952177.283299999311566 ], [ 948456.221900000236928, 1952183.908500000834465 ], [ 948460.356800000183284, 1952188.298900000751019 ], [ 948463.751000000163913, 1952192.496400000527501 ], [ 948467.730600000359118, 1952198.321100000292063 ], [ 948470.051099999807775, 1952202.705199999734759 ], [ 948472.169200000353158, 1952207.950099999085069 ], [ 948473.655399999581277, 1952211.650900000706315 ], [ 948476.653699999675155, 1952217.921700000762939 ], [ 948477.234600000083447, 1952218.956800000742078 ], [ 948479.986200000159442, 1952223.858899999409914 ], [ 948485.255900000222027, 1952232.245899999514222 ], [ 948489.633500000461936, 1952238.274399999529123 ], [ 948492.860500000417233, 1952242.434800000861287 ], [ 948496.412700000219047, 1952247.594000000506639 ], [ 948506.714100000448525, 1952259.638900000602007 ], [ 948511.110500000417233, 1952266.010299999266863 ], [ 948514.523900000378489, 1952270.82740000076592 ], [ 948517.760400000028312, 1952274.6908 ], [ 948520.691300000064075, 1952278.823799999430776 ], [ 948524.743999999947846, 1952284.2972 ], [ 948528.556300000287592, 1952289.670099999755621 ], [ 948531.142799999564886, 1952292.942099999636412 ], [ 948534.508600000292063, 1952296.518899999558926 ], [ 948537.168700000271201, 1952299.3388 ], [ 948547.956699999980628, 1952309.086899999529123 ], [ 948561.636199999600649, 1952320.969900000840425 ], [ 948585.622200000099838, 1952342.666500000283122 ], [ 948621.703300000168383, 1952375.148 ], [ 948663.566200000233948, 1952418.124900000169873 ], [ 948709.552099999971688, 1952463.429099999368191 ], [ 948752.906700000166893, 1952501.184000000357628 ], [ 948807.125900000333786, 1952550.6678 ], [ 948856.800300000235438, 1952599.521099999547005 ], [ 948911.372899999842048, 1952649.661800000816584 ], [ 948963.776600000448525, 1952698.000700000673532 ], [ 949021.290300000458956, 1952752.479299999773502 ], [ 949093.153699999675155, 1952822.345899999141693 ], [ 949161.899299999698997, 1952892.60700000077486 ], [ 949226.104700000025332, 1952960.067299999296665 ], [ 949256.464399999938905, 1952996.9695999994874 ], [ 949262.390300000086427, 1953002.226199999451637 ], [ 949286.063500000163913, 1953023.2027000002563 ], [ 949317.916100000031292, 1953048.3542 ], [ 949346.754800000227988, 1953068.813400000333786 ], [ 949367.978400000371039, 1953084.045 ], [ 949405.395499999634922, 1953108.537200000137091 ], [ 949447.580699999816716, 1953138.621899999678135 ], [ 949476.536600000225008, 1953158.570699999108911 ], [ 949514.974100000225008, 1953183.217299999669194 ], [ 949539.417899999767542, 1953200.581000000238419 ], [ 949567.952800000086427, 1953218.422700000926852 ], [ 949590.867200000211596, 1953233.935200000181794 ], [ 949616.630499999970198, 1953251.291899999603629 ], [ 949641.971099999733269, 1953268.130999999120831 ], [ 949673.479299999773502, 1953288.676000000908971 ], [ 949707.74100000038743, 1953310.065999999642372 ], [ 949739.291400000452995, 1953332.899900000542402 ], [ 949781.405500000342727, 1953359.036399999633431 ], [ 949788.182000000029802, 1953362.588999999687076 ], [ 949809.769999999552965, 1953363.367799999192357 ], [ 950028.1722999997437, 1953486.767400000244379 ], [ 950190.413499999791384, 1953563.264799999073148 ], [ 950282.948099999688566, 1953615.90819999948144 ], [ 950314.409199999645352, 1953662.030799999833107 ], [ 950320.883500000461936, 1953672.662599999457598 ], [ 950332.087899999693036, 1953694.904999999329448 ], [ 950336.000500000081956, 1953705.0406 ], [ 950339.596900000236928, 1953717.756899999454618 ], [ 950341.924899999983609, 1953728.810599999502301 ], [ 950342.47719999961555, 1953738.664100000634789 ], [ 950341.393000000156462, 1953749.076199999079108 ], [ 950338.988800000399351, 1953757.505999999120831 ], [ 950334.585400000214577, 1953767.845799999311566 ], [ 950328.248700000345707, 1953779.315400000661612 ], [ 950270.777900000102818, 1953914.246200000867248 ], [ 950190.720700000412762, 1954071.0768 ], [ 950167.87430000025779, 1954137.319299999624491 ], [ 950160.923899999819696, 1954173.996799999848008 ], [ 950154.473000000230968, 1954219.136399999260902 ], [ 950154.363300000317395, 1954258.827199999243021 ], [ 950159.169599999673665, 1954296.7116 ], [ 950172.294900000095367, 1954344.909700000658631 ], [ 950190.235700000077486, 1954389.197200000286102 ], [ 950217.979199999943376, 1954435.194499999284744 ], [ 950253.55460000038147, 1954478.273900000378489 ], [ 950287.283099999651313, 1954513.787000000476837 ], [ 950298.38150000013411, 1954523.157800000160933 ], [ 950394.248399999924004, 1954595.631300000473857 ], [ 950459.083899999968708, 1954634.271999999880791 ], [ 950671.472900000400841, 1954770.644400000572205 ], [ 950708.498499999754131, 1954790.560599999502301 ], [ 950768.25690000038594, 1954813.033500000834465 ], [ 950943.794099999591708, 1954891.92119999974966 ], [ 950994.479799999855459, 1954924.569599999114871 ], [ 951001.723199999891222, 1954933.187999999150634 ], [ 951005.369900000281632, 1954938.446699999272823 ], [ 951165.802699999883771, 1955154.385199999436736 ], [ 951175.682599999941885, 1955171.936300000175834 ], [ 951179.543700000271201, 1955181.792199999094009 ], [ 951184.332999999634922, 1955193.232599999755621 ], [ 951187.566700000315905, 1955205.4211 ], [ 951189.075600000098348, 1955216.5691 ], [ 951189.633600000292063, 1955223.74349999986589 ], [ 951189.987700000405312, 1955230.169399999082088 ], [ 951189.2972999997437, 1955239.449699999764562 ], [ 951187.311999999918044, 1955249.5767 ], [ 951184.268099999986589, 1955261.788499999791384 ], [ 951178.478600000031292, 1955280.262800000607967 ], [ 951174.92920000012964, 1955293.277000000700355 ], [ 951166.090699999593198, 1955315.496200000867248 ], [ 951161.908200000412762, 1955326.024700000882149 ], [ 951158.328499999828637, 1955333.341199999675155 ], [ 951154.918700000271201, 1955342.546 ], [ 951148.802000000141561, 1955359.652499999850988 ], [ 951147.170699999667704, 1955363.050000000745058 ], [ 951141.621299999766052, 1955381.57289999909699 ], [ 951134.302799999713898, 1955400.145300000905991 ], [ 951133.560999999754131, 1955405.377399999648333 ], [ 951133.893099999986589, 1955411.433399999514222 ], [ 951134.516400000080466, 1955419.607200000435114 ], [ 951136.031299999915063, 1955430.005400000140071 ], [ 951137.239599999971688, 1955439.1557 ], [ 951137.729000000283122, 1955446.590500000864267 ], [ 951138.467699999921024, 1955457.662599999457598 ], [ 951139.993900000117719, 1955468.320599999278784 ], [ 951142.111499999649823, 1955475.506799999624491 ], [ 951144.045699999667704, 1955480.184800000861287 ], [ 951146.283099999651313, 1955485.481000000610948 ], [ 951150.094200000166893, 1955495.337200000882149 ], [ 951153.550900000147521, 1955502.4463 ], [ 951156.109400000423193, 1955507.97069999948144 ], [ 951160.746000000275671, 1955518.912100000306964 ], [ 951166.630300000309944, 1955533.255599999800324 ], [ 951172.147099999710917, 1955546.171599999070168 ], [ 951175.621000000275671, 1955552.770700000226498 ], [ 951196.354500000365078, 1955581.100199999287724 ], [ 951202.371500000357628, 1955590.314899999648333 ], [ 951210.61739999987185, 1955597.608300000429153 ], [ 951215.480000000447035, 1955600.3015 ], [ 951221.613300000317395, 1955603.217800000682473 ], [ 951228.256400000303984, 1955606.111300000920892 ], [ 951235.126799999736249, 1955608.523900000378489 ], [ 951240.78249999973923, 1955609.973300000652671 ], [ 951246.91509999986738, 1955610.880300000309944 ], [ 951253.254099999554455, 1955611.12639999948442 ], [ 951261.57909999974072, 1955610.732200000435114 ], [ 951270.013100000098348, 1955610.167500000447035 ], [ 951278.934999999590218, 1955609.25029999949038 ], [ 951291.580400000326335, 1955607.35359999909997 ], [ 951304.073800000362098, 1955605.0779 ], [ 951314.048200000077486, 1955602.8256 ], [ 951323.893299999646842, 1955600.683900000527501 ], [ 951331.979700000025332, 1955598.671499999240041 ], [ 951342.08490000013262, 1955594.689099999144673 ], [ 951352.178899999707937, 1955590.496899999678135 ], [ 951361.687300000339746, 1955587.07740000076592 ], [ 951369.903400000184774, 1955583.135099999606609 ], [ 951376.63300000037998, 1955579.750399999320507 ], [ 951387.302400000393391, 1955574.725400000810623 ], [ 951400.132399999536574, 1955569.948799999430776 ], [ 951412.928899999707937, 1955562.643200000748038 ], [ 951426.681099999696016, 1955554.5929000005126 ], [ 951432.650999999605119, 1955551.212300000712276 ], [ 951438.69649999961257, 1955547.021600000560284 ], [ 951443.493700000457466, 1955543.057399999350309 ], [ 951448.052699999883771, 1955539.434399999678135 ], [ 951448.858500000089407, 1955538.700400000438094 ], [ 951457.234699999913573, 1955531.0285 ], [ 951461.705400000326335, 1955525.82660000026226 ], [ 951466.243900000117719, 1955520.214400000870228 ], [ 951470.200100000016391, 1955514.135500000789762 ], [ 951472.541100000031292, 1955508.854900000616908 ], [ 951499.879200000315905, 1955457.7676 ], [ 951509.962700000032783, 1955432.802799999713898 ], [ 951512.406600000336766, 1955426.192099999636412 ], [ 951514.004499999806285, 1955420.265699999406934 ], [ 951514.838800000026822, 1955413.63370000012219 ], [ 951515.462500000372529, 1955404.98340000025928 ], [ 951516.377500000409782, 1955396.581499999389052 ], [ 951517.188400000333786, 1955387.420499999076128 ], [ 951519.376199999824166, 1955375.89299999922514 ], [ 951521.606100000441074, 1955366.634400000795722 ], [ 951524.095099999569356, 1955357.23450000025332 ], [ 951526.065299999900162, 1955349.896600000560284 ], [ 951531.433500000275671, 1955336.762700000777841 ], [ 951534.590300000272691, 1955330.738099999725819 ], [ 951539.85010000038892, 1955323.5526 ], [ 951545.56900000013411, 1955316.214800000190735 ], [ 951549.286399999633431, 1955312.216399999335408 ], [ 951553.627299999818206, 1955308.924499999731779 ], [ 951557.687300000339746, 1955307.323400000110269 ], [ 951561.676400000229478, 1955305.5428 ], [ 951566.387000000104308, 1955304.088199999183416 ], [ 951572.112200000323355, 1955303.5779 ], [ 951579.037200000137091, 1955303.11119999922812 ], [ 951588.393899999558926, 1955303.121400000527501 ], [ 951604.268600000068545, 1955305.066099999472499 ], [ 951621.360500000417233, 1955312.202500000596046 ], [ 951642.171000000089407, 1955326.836500000208616 ], [ 951653.325899999588728, 1955337.893100000917912 ], [ 951674.43680000025779, 1955358.2434 ], [ 951679.668700000271201, 1955364.593299999833107 ], [ 951685.614199999719858, 1955371.659099999815226 ], [ 951691.357900000177324, 1955378.356100000441074 ], [ 951697.174700000323355, 1955383.793199999257922 ], [ 951703.501000000163913, 1955389.14750000089407 ], [ 951711.473799999803305, 1955395.832699999213219 ], [ 951719.636400000192225, 1955402.516799999400973 ], [ 951725.823900000192225, 1955406.202600000426173 ], [ 951731.815499999560416, 1955408.78969999961555 ], [ 951737.329900000244379, 1955411.869200000539422 ], [ 951742.409699999727309, 1955414.041400000452995 ], [ 951747.999699999578297, 1955416.300799999386072 ], [ 951753.774500000290573, 1955417.579600000753999 ], [ 951759.782800000160933, 1955417.667600000277162 ], [ 951763.380499999970198, 1955417.488500000908971 ], [ 951771.744199999608099, 1955416.864199999719858 ], [ 951781.002199999988079, 1955415.235400000587106 ], [ 951782.999800000339746, 1955414.914899999275804 ], [ 951787.992700000293553, 1955412.039300000295043 ], [ 951849.59389999974519, 1955369.466499999165535 ], [ 951872.678100000135601, 1955353.019400000572205 ], [ 951891.875799999572337, 1955342.61089999973774 ], [ 951920.687599999830127, 1955331.751299999654293 ], [ 951934.481499999761581, 1955329.638599999248981 ], [ 951951.998700000345707, 1955330.295099999755621 ], [ 951956.95920000039041, 1955332.597799999639392 ], [ 951966.308600000105798, 1955338.755799999460578 ], [ 951973.581399999558926, 1955345.404699999839067 ], [ 951978.90639999974519, 1955357.9518 ], [ 951982.603799999691546, 1955370.8575 ], [ 951985.300499999895692, 1955389.206599999219179 ], [ 951985.811099999584258, 1955396.86119999922812 ], [ 951987.156499999575317, 1955396.760199999436736 ], [ 952002.282100000418723, 1955498.7668999992311 ], [ 951998.807300000451505, 1955498.405600000172853 ], [ 951999.204199999570847, 1955507.2303 ], [ 951999.309700000099838, 1955512.028100000694394 ], [ 952000.039599999785423, 1955519.57149999961257 ], [ 952000.396499999798834, 1955528.39640000090003 ], [ 952000.732699999585748, 1955537.101500000804663 ], [ 952001.224299999885261, 1955546.805400000885129 ], [ 952000.932300000451505, 1955555.813699999824166 ], [ 952000.338999999687076, 1955560.7851 ], [ 951999.673100000247359, 1955565.257099999114871 ], [ 951997.890700000338256, 1955572.20409999974072 ], [ 951995.905299999751151, 1955580.431700000539422 ], [ 951995.280100000090897, 1955586.922700000926852 ], [ 951994.934500000439584, 1955591.492900000885129 ], [ 951994.863800000399351, 1955595.102 ], [ 951995.239099999889731, 1955599.888299999758601 ], [ 951996.45990000013262, 1955605.74970000050962 ], [ 951997.963899999856949, 1955612.229399999603629 ], [ 951999.298499999567866, 1955616.940600000321865 ], [ 952000.547500000335276, 1955620.592599999159575 ], [ 952002.425099999643862, 1955624.011399999260902 ], [ 952005.2193, 1955628.754799999296665 ], [ 952007.81940000038594, 1955632.689600000157952 ], [ 952010.719499999657273, 1955636.672700000926852 ], [ 952011.889200000092387, 1955638.36629999987781 ], [ 952013.560399999842048, 1955640.786100000143051 ], [ 952021.652700000442564, 1955653.0186 ], [ 952039.001699999906123, 1955672.769099999219179 ], [ 952077.017199999652803, 1955712.032600000500679 ], [ 952096.471900000236928, 1955731.112099999561906 ], [ 952106.626400000415742, 1955745.7928 ], [ 952115.34389999974519, 1955759.051599999889731 ], [ 952126.651600000448525, 1955776.2652000002563 ], [ 952131.732599999755621, 1955786.174599999561906 ], [ 952139.70920000039041, 1955797.33809999935329 ], [ 952146.769199999980628, 1955803.448300000280142 ], [ 952152.045800000429153, 1955810.6776 ], [ 952156.029199999757111, 1955815.344799999147654 ], [ 952160.45990000013262, 1955819.529699999839067 ], [ 952165.050900000147521, 1955823.763699999079108 ], [ 952170.103799999691546, 1955828.405099999159575 ], [ 952175.433500000275671, 1955832.465299999341369 ], [ 952180.850499999709427, 1955836.015100000426173 ], [ 952187.330400000326335, 1955840.199100000783801 ], [ 952192.323900000192225, 1955843.061499999836087 ], [ 952197.935399999842048, 1955845.600700000301003 ], [ 952204.426599999889731, 1955848.145199999213219 ], [ 952209.495799999684095, 1955850.207499999552965 ], [ 952218.24930000025779, 1955853.339700000360608 ], [ 952227.161100000143051, 1955856.151200000196695 ], [ 952235.997100000269711, 1955857.87360000051558 ], [ 952245.298899999819696, 1955858.833699999377131 ], [ 952246.878200000151992, 1955858.795299999415874 ], [ 952290.118900000117719, 1955856.205900000408292 ], [ 952293.442999999970198, 1955855.328500000759959 ], [ 952295.901300000026822, 1955855.165400000289083 ], [ 952300.248499999754131, 1955854.942399999126792 ], [ 952305.904099999926984, 1955854.49239999987185 ], [ 952314.358900000341237, 1955854.077500000596046 ], [ 952322.424300000071526, 1955853.764699999243021 ], [ 952329.772900000214577, 1955853.985400000587106 ], [ 952338.021399999968708, 1955854.261399999260902 ], [ 952346.586099999956787, 1955853.845899999141693 ], [ 952354.976400000043213, 1955852.581700000911951 ], [ 952362.378499999642372, 1955849.723300000652671 ], [ 952369.466099999845028, 1955845.996899999678135 ], [ 952378.008500000461936, 1955841.382999999448657 ], [ 952388.058500000275671, 1955836.441299999132752 ], [ 952398.022599999792874, 1955832.239700000733137 ], [ 952406.815100000239909, 1955829.543800000101328 ], [ 952414.239400000311434, 1955827.105100000277162 ], [ 952422.759700000286102, 1955823.980900000780821 ], [ 952430.140399999916553, 1955820.852700000628829 ], [ 952437.227699999697506, 1955817.05629999935627 ], [ 952445.075299999676645, 1955811.50650000013411 ], [ 952452.596599999815226, 1955806.628200000151992 ], [ 952462.549999999813735, 1955802.296700000762939 ], [ 952474.576700000092387, 1955796.86460000090301 ], [ 952484.497299999929965, 1955792.003499999642372 ], [ 952491.008899999782443, 1955788.999900000169873 ], [ 952503.208999999798834, 1955782.317299999296665 ], [ 952508.288599999621511, 1955780.710799999535084 ], [ 952512.59250000026077, 1955779.858200000599027 ], [ 952518.031000000424683, 1955779.939200000837445 ], [ 952521.77489999961108, 1955780.9189 ], [ 952530.642300000414252, 1955781.031600000336766 ], [ 952539.910699999891222, 1955781.352099999785423 ], [ 952544.35010000038892, 1955783.427699999883771 ], [ 952550.288599999621511, 1955787.284700000658631 ], [ 952554.785400000400841, 1955794.498199999332428 ], [ 952555.553600000217557, 1955797.962899999693036 ], [ 952556.046000000089407, 1955802.208699999377131 ], [ 952556.246700000017881, 1955806.1162 ], [ 952556.609400000423193, 1955810.392799999564886 ], [ 952556.647900000214577, 1955813.861300000920892 ], [ 952552.577800000086427, 1955822.959699999541044 ], [ 952543.263899999670684, 1955834.745100000873208 ], [ 952536.168899999931455, 1955844.589400000870228 ], [ 952518.631000000052154, 1955864.465700000524521 ], [ 952504.216000000014901, 1955877.5778 ], [ 952497.290000000037253, 1955883.492599999532104 ], [ 952485.542700000107288, 1955896.340500000864267 ], [ 952473.495900000445545, 1955909.280099999159575 ], [ 952468.460799999535084, 1955913.6053 ], [ 952466.749900000169873, 1955917.0932 ], [ 952465.894000000320375, 1955919.676799999549985 ], [ 952459.037100000306964, 1955957.559699999168515 ], [ 952472.144500000402331, 1956044.731300000101328 ], [ 952488.280399999581277, 1956087.8575 ], [ 952502.429999999701977, 1956122.156700000166893 ], [ 952505.368599999696016, 1956124.053300000727177 ], [ 952514.811599999666214, 1956130.890599999576807 ], [ 952518.111999999731779, 1956133.06220000050962 ], [ 952539.376899999566376, 1956152.301999999210238 ], [ 952555.362099999561906, 1956167.50139999948442 ], [ 952574.100700000301003, 1956181.636600000783801 ], [ 952589.170199999585748, 1956190.063300000503659 ], [ 952595.61600000038743, 1956193.477700000628829 ], [ 952608.234000000171363, 1956199.578299999237061 ], [ 952618.24959999974817, 1956203.17369999922812 ], [ 952628.952600000426173, 1956204.456199999898672 ], [ 952654.494900000281632, 1956202.850700000301003 ], [ 952666.305200000293553, 1956201.828099999576807 ], [ 952672.603400000371039, 1956201.924599999561906 ], [ 952681.253800000064075, 1956204.447599999606609 ], [ 952704.827899999916553, 1956214.308499999344349 ], [ 952733.712600000202656, 1956228.39949999935925 ], [ 952749.729500000365078, 1956236.411299999803305 ], [ 952763.793899999931455, 1956245.693099999800324 ], [ 952781.339100000448525, 1956260.994100000709295 ], [ 952797.424100000411272, 1956276.14299999922514 ], [ 952804.643099999986589, 1956282.0724 ], [ 952961.011599999852479, 1956410.5833 ], [ 952963.642199999652803, 1956412.748500000685453 ], [ 952982.643899999558926, 1956423.7434 ], [ 952986.898599999956787, 1956424.900299999862909 ], [ 952998.244599999859929, 1956428.67850000038743 ], [ 953010.296299999579787, 1956433.5625 ], [ 953016.230000000447035, 1956436.539799999445677 ], [ 953020.701999999582767, 1956440.9543999992311 ], [ 953023.026899999938905, 1956445.800300000235438 ], [ 953024.417200000025332, 1956453.460100000724196 ], [ 953024.992499999701977, 1956460.12470000050962 ], [ 953026.115899999625981, 1956472.094399999827147 ], [ 953028.314799999818206, 1956477.660700000822544 ], [ 953031.552899999544024, 1956483.151499999687076 ], [ 953038.835699999704957, 1956491.689600000157952 ], [ 953045.265800000168383, 1956497.773199999704957 ], [ 953055.831399999558926, 1956501.4156 ], [ 953059.074799999594688, 1956502.26799999922514 ], [ 953108.70299999974668, 1956505.5168999992311 ], [ 953132.277599999681115, 1956502.069900000467896 ], [ 953171.685800000093877, 1956476.618000000715256 ], [ 953183.017099999822676, 1956464.111400000751019 ], [ 953186.6398, 1956463.002499999478459 ], [ 953194.347900000400841, 1956455.644099999219179 ], [ 953201.928600000217557, 1956448.7862 ], [ 953216.731300000101328, 1956439.0208 ], [ 953220.517900000326335, 1956438.640799999237061 ], [ 953223.685700000263751, 1956438.44400000013411 ], [ 953230.000300000421703, 1956439.739900000393391 ], [ 953246.615600000135601, 1956443.719900000840425 ], [ 953275.331600000150502, 1956452.413799999281764 ], [ 953296.571899999864399, 1956463.286800000816584 ], [ 953309.302000000141561, 1956469.806600000709295 ], [ 953321.755800000391901, 1956476.987700000405312 ], [ 953332.009999999776483, 1956480.34180000051856 ], [ 953339.287299999967217, 1956482.20240000076592 ], [ 953353.749099999666214, 1956485.384199999272823 ], [ 953373.744800000451505, 1956491.555500000715256 ], [ 953386.661100000143051, 1956495.495200000703335 ], [ 953393.614299999549985, 1956498.447100000455976 ], [ 953400.036399999633431, 1956503.021299999207258 ], [ 953407.723000000230968, 1956510.407700000330806 ], [ 953409.748599999584258, 1956513.47580000013113 ], [ 953410.7818, 1956516.019400000572205 ], [ 953411.569899999536574, 1956519.473899999633431 ], [ 953418.164099999703467, 1956545.1096 ], [ 953423.793200000189245, 1956571.590099999681115 ], [ 953428.014899999834597, 1956585.332699999213219 ], [ 953440.611899999901652, 1956602.529400000348687 ], [ 953441.146200000308454, 1956603.356200000271201 ], [ 953447.855899999849498, 1956600.001700000837445 ], [ 953438.200299999676645, 1956581.409800000488758 ], [ 953434.985999999567866, 1956574.749299999326468 ], [ 953432.559299999848008, 1956571.463400000706315 ], [ 953432.040199999697506, 1956569.706800000742078 ], [ 953432.065600000321865, 1956566.967700000852346 ], [ 953433.277900000102818, 1956559.9737 ], [ 953426.412499999627471, 1956532.220300000160933 ], [ 953424.300400000065565, 1956527.943099999800324 ], [ 953420.0296, 1956518.119300000369549 ], [ 953417.97620000038296, 1956513.581900000572205 ], [ 953405.684600000269711, 1956499.302500000223517 ], [ 953399.329400000162423, 1956492.268899999558926 ], [ 953391.010999999940395, 1956488.254699999466538 ], [ 953379.923200000077486, 1956484.165200000628829 ], [ 953371.294599999673665, 1956481.98200000077486 ], [ 953346.379200000315905, 1956477.406300000846386 ], [ 953334.101300000213087, 1956475.102600000798702 ], [ 953321.364099999889731, 1956471.001900000497699 ], [ 953302.112099999561906, 1956459.938400000333786 ], [ 953291.293700000271201, 1956453.8783 ], [ 953278.485500000417233, 1956445.859400000423193 ], [ 953271.4545, 1956443.307700000703335 ], [ 953245.53110000025481, 1956439.047399999573827 ], [ 953237.086500000208616, 1956435.7335 ], [ 953224.100399999879301, 1956433.723500000312924 ], [ 953216.80530000012368, 1956434.142200000584126 ], [ 953212.75899999961257, 1956434.5636 ], [ 953208.668700000271201, 1956436.124800000339746 ], [ 953185.91440000012517, 1956452.540100000798702 ], [ 953176.977800000458956, 1956461.964400000870228 ], [ 953168.943300000391901, 1956473.0945999994874 ], [ 953159.455599999986589, 1956479.9189 ], [ 953131.596900000236928, 1956497.024000000208616 ], [ 953107.886699999682605, 1956499.568600000813603 ], [ 953058.925599999725819, 1956494.901399999856949 ], [ 953057.238800000399351, 1956495.380200000479817 ], [ 953051.123499999754131, 1956493.983300000429153 ], [ 953045.930100000463426, 1956491.111999999731779 ], [ 953041.947900000028312, 1956488.544199999421835 ], [ 953039.099600000306964, 1956484.930600000545382 ], [ 953034.064799999818206, 1956476.1706000007689 ], [ 953032.626799999736249, 1956468.950899999588728 ], [ 953031.621799999848008, 1956456.680600000545382 ], [ 953030.917299999855459, 1956450.156700000166893 ], [ 953028.510800000280142, 1956443.142000000923872 ], [ 953024.742999999783933, 1956439.553400000557303 ], [ 953020.184500000439584, 1956435.768999999389052 ], [ 953016.036700000055134, 1956432.142400000244379 ], [ 952996.319899999536574, 1956422.04109999909997 ], [ 952966.270600000396371, 1956405.127299999818206 ], [ 952965.949300000444055, 1956404.864099999889731 ], [ 952809.31319999974221, 1956276.779400000348687 ], [ 952803.610399999655783, 1956272.121500000357628 ], [ 952792.012099999934435, 1956260.39750000089407 ], [ 952780.112999999895692, 1956250.374500000849366 ], [ 952754.89780000038445, 1956232.675100000575185 ], [ 952737.482499999925494, 1956221.122099999338388 ], [ 952693.473000000230968, 1956203.242900000885129 ], [ 952679.499400000087917, 1956197.879300000146031 ], [ 952671.939500000327826, 1956195.500399999320507 ], [ 952660.553199999965727, 1956193.561699999496341 ], [ 952646.816399999894202, 1956193.234999999403954 ], [ 952629.810300000011921, 1956194.7051 ], [ 952619.351999999955297, 1956198.069599999114871 ], [ 952605.2807, 1956191.246999999508262 ], [ 952590.987300000153482, 1956184.015699999406934 ], [ 952582.458800000138581, 1956178.0833 ], [ 952558.664800000376999, 1956160.716299999505281 ], [ 952553.825000000186265, 1956154.794199999421835 ], [ 952538.878299999982119, 1956141.278599999845028 ], [ 952513.796299999579787, 1956120.4397 ], [ 952505.3421, 1956114.977299999445677 ], [ 952476.997200000099838, 1956044.996600000187755 ], [ 952468.576799999922514, 1955995.262800000607967 ], [ 952462.608500000089407, 1955958.010900000110269 ], [ 952477.236200000159442, 1955924.594699999317527 ], [ 952486.714700000360608, 1955909.939400000497699 ], [ 952493.191200000233948, 1955904.08699999935925 ], [ 952507.245199999772012, 1955890.7668999992311 ], [ 952525.957399999722838, 1955873.67339999973774 ], [ 952531.413800000213087, 1955867.716399999335408 ], [ 952536.621000000275671, 1955861.920800000429153 ], [ 952542.49349999986589, 1955855.261900000274181 ], [ 952550.985799999907613, 1955843.130999999120831 ], [ 952560.090099999681115, 1955831.4167 ], [ 952563.626199999824166, 1955827.159399999305606 ], [ 952564.7818, 1955824.544199999421835 ], [ 952568.176900000311434, 1955816.329 ], [ 952569.801300000399351, 1955807.893400000408292 ], [ 952569.931499999947846, 1955800.4254 ], [ 952569.581799999810755, 1955796.708599999547005 ], [ 952567.630400000140071, 1955790.681099999696016 ], [ 952563.432599999941885, 1955781.416799999773502 ], [ 952557.310399999842048, 1955774.9517 ], [ 952552.043499999679625, 1955771.431099999696016 ], [ 952546.317300000227988, 1955769.882099999114871 ], [ 952535.373399999924004, 1955768.410900000482798 ], [ 952529.915599999949336, 1955768.46000000089407 ], [ 952519.726099999621511, 1955767.874500000849366 ], [ 952517.080799999646842, 1955768.578299999237061 ], [ 952515.722599999979138, 1955768.825500000268221 ], [ 952514.211900000460446, 1955770.472899999469519 ], [ 952510.095300000160933, 1955772.69400000013411 ], [ 952508.9227, 1955774.019799999892712 ], [ 952504.521200000308454, 1955777.192099999636412 ], [ 952499.946299999952316, 1955779.715600000694394 ], [ 952460.317699999548495, 1955799.849500000476837 ], [ 952413.574300000444055, 1955820.461100000888109 ], [ 952353.100999999791384, 1955843.934800000861287 ], [ 952345.942499999888241, 1955845.612299999222159 ], [ 952341.475999999791384, 1955845.975999999791384 ], [ 952336.337000000290573, 1955845.813400000333786 ], [ 952330.784199999645352, 1955844.91330000013113 ], [ 952326.871600000187755, 1955844.16440000012517 ], [ 952322.540599999949336, 1955843.697599999606609 ], [ 952311.577899999916553, 1955844.3158 ], [ 952304.815600000321865, 1955845.311499999836087 ], [ 952297.814699999988079, 1955846.5483 ], [ 952294.411899999715388, 1955847.66609999909997 ], [ 952281.414900000207126, 1955851.124099999666214 ], [ 952238.174700000323355, 1955853.803400000557303 ], [ 952233.302299999631941, 1955853.029699999839067 ], [ 952219.696399999782443, 1955847.244200000539422 ], [ 952208.407800000160933, 1955842.995799999684095 ], [ 952200.071299999952316, 1955839.341600000858307 ], [ 952193.547600000165403, 1955836.32740000076592 ], [ 952187.187300000339746, 1955832.092800000682473 ], [ 952180.109600000083447, 1955826.422499999403954 ], [ 952173.509600000455976, 1955820.3498 ], [ 952168.967000000178814, 1955815.785700000822544 ], [ 952153.955799999646842, 1955805.179400000721216 ], [ 952145.519299999810755, 1955797.746999999508262 ], [ 952139.5159, 1955792.960699999704957 ], [ 952132.064799999818206, 1955780.994699999690056 ], [ 952123.902700000442564, 1955768.782500000670552 ], [ 952118.322800000198185, 1955759.035800000652671 ], [ 952109.907700000330806, 1955744.365800000727177 ], [ 952103.953700000420213, 1955724.454700000584126 ], [ 952083.972400000318885, 1955702.219100000336766 ], [ 952074.661100000143051, 1955691.962300000712276 ], [ 952067.836199999786913, 1955684.951199999079108 ], [ 952061.668200000189245, 1955677.39670000039041 ], [ 952054.715300000272691, 1955668.876800000667572 ], [ 952043.970999999903142, 1955657.958000000566244 ], [ 952036.315299999900162, 1955648.861999999731779 ], [ 952029.103199999779463, 1955640.48340000025928 ], [ 952021.803999999538064, 1955632.625099999830127 ], [ 952021.704800000414252, 1955632.492599999532104 ], [ 952018.018400000408292, 1955627.567099999636412 ], [ 952014.621799999848008, 1955622.346999999135733 ], [ 952012.263199999928474, 1955616.821599999442697 ], [ 952009.173499999567866, 1955607.281400000676513 ], [ 952008.348600000143051, 1955602.537499999627471 ], [ 952007.344800000078976, 1955594.255799999460578 ], [ 952006.372299999929965, 1955584.3246 ], [ 952005.8761, 1955575.630300000309944 ], [ 952005.830500000156462, 1955568.933000000193715 ], [ 952006.528900000266731, 1955561.17200000025332 ], [ 952007.594200000166893, 1955550.980000000447035 ], [ 952007.860000000335276, 1955538.942900000140071 ], [ 952007.924100000411272, 1955528.4463 ], [ 952008.323499999940395, 1955522.726199999451637 ], [ 952008.396599999628961, 1955502.673000000417233 ], [ 952008.779299999587238, 1955499.442099999636412 ], [ 952004.334800000302494, 1955498.980200000107288 ], [ 951989.155399999581277, 1955396.61009999923408 ], [ 951989.968000000342727, 1955396.549100000411272 ], [ 951988.606599999591708, 1955383.051200000569224 ], [ 951988.383200000040233, 1955378.643999999389052 ], [ 951988.111499999649823, 1955374.546900000423193 ], [ 951987.520399999804795, 1955372.4408 ], [ 951981.511199999600649, 1955357.158299999311566 ], [ 951979.234400000423193, 1955351.972200000658631 ], [ 951977.718999999575317, 1955348.971400000154972 ], [ 951973.162100000306964, 1955339.868899999186397 ], [ 951970.829599999822676, 1955337.362199999392033 ], [ 951955.896999999880791, 1955330.244300000369549 ], [ 951932.175900000147521, 1955319.054700000211596 ], [ 951929.91370000038296, 1955318.496899999678135 ], [ 951917.186300000175834, 1955318.124800000339746 ], [ 951902.35219999961555, 1955320.113099999725819 ], [ 951885.039300000295043, 1955325.91330000013113 ], [ 951870.700100000016391, 1955332.607200000435114 ], [ 951852.031200000084937, 1955344.702299999073148 ], [ 951815.50870000012219, 1955368.078500000759959 ], [ 951803.732099999673665, 1955377.307900000363588 ], [ 951788.655600000172853, 1955388.214299999177456 ], [ 951782.719200000166893, 1955392.254499999806285 ], [ 951776.770600000396371, 1955395.864900000393391 ], [ 951772.472400000318885, 1955397.7971 ], [ 951767.425400000065565, 1955399.903200000524521 ], [ 951757.071100000292063, 1955404.03690000064671 ], [ 951751.535099999979138, 1955404.406300000846386 ], [ 951738.8898, 1955402.564300000667572 ], [ 951732.171099999919534, 1955400.470799999311566 ], [ 951726.168100000359118, 1955397.643799999728799 ], [ 951719.279299999587238, 1955391.772600000724196 ], [ 951714.102099999785423, 1955386.30210000090301 ], [ 951708.971300000324845, 1955380.191600000485778 ], [ 951704.943900000303984, 1955374.775000000372529 ], [ 951698.771499999798834, 1955366.390900000929832 ], [ 951690.487399999983609, 1955353.799499999731779 ], [ 951657.045300000347197, 1955311.742599999532104 ], [ 951642.188500000163913, 1955301.955299999564886 ], [ 951624.227800000458956, 1955293.114099999889731 ], [ 951610.5795, 1955288.758300000801682 ], [ 951598.242600000463426, 1955288.504100000485778 ], [ 951590.32039999961853, 1955289.446000000461936 ], [ 951572.017199999652803, 1955293.24210000038147 ], [ 951562.096699999645352, 1955296.243899999186397 ], [ 951557.08739999961108, 1955297.92 ], [ 951552.387500000186265, 1955299.494400000199676 ], [ 951547.3295, 1955301.410700000822544 ], [ 951543.682400000281632, 1955303.579299999400973 ], [ 951540.578099999576807, 1955306.324899999424815 ], [ 951537.506099999882281, 1955309.500099999830127 ], [ 951534.289200000464916, 1955313.615800000727177 ], [ 951530.010400000028312, 1955319.186599999666214 ], [ 951528.473600000143051, 1955321.56389999948442 ], [ 951525.331100000068545, 1955326.518899999558926 ], [ 951522.462100000120699, 1955332.152200000360608 ], [ 951518.414900000207126, 1955343.669600000604987 ], [ 951515.817200000397861, 1955351.440700000151992 ], [ 951512.517599999904633, 1955364.433599999174476 ], [ 951509.923000000417233, 1955380.2917 ], [ 951508.156200000084937, 1955392.037000000476837 ], [ 951506.215599999763072, 1955404.942700000479817 ], [ 951503.515700000338256, 1955419.801799999549985 ], [ 951502.450799999758601, 1955426.315099999308586 ], [ 951500.686499999836087, 1955434.781500000506639 ], [ 951498.549700000323355, 1955440.870699999853969 ], [ 951495.053199999965727, 1955446.917099999263883 ], [ 951491.126400000415742, 1955454.775299999862909 ], [ 951485.490899999625981, 1955464.631699999794364 ], [ 951478.469899999909103, 1955475.225400000810623 ], [ 951473.1102, 1955484.310699999332428 ], [ 951466.76659999974072, 1955494.470799999311566 ], [ 951459.860000000335276, 1955504.034199999645352 ], [ 951452.720800000242889, 1955513.108999999240041 ], [ 951448.739099999889731, 1955518.148399999365211 ], [ 951442.979899999685585, 1955525.4265 ], [ 951430.009700000286102, 1955537.6612 ], [ 951425.179299999959767, 1955541.015699999406934 ], [ 951418.362999999895692, 1955545.000600000843406 ], [ 951408.811599999666214, 1955551.619100000709295 ], [ 951401.409300000406802, 1955556.316800000146031 ], [ 951393.746199999935925, 1955560.856000000610948 ], [ 951386.138299999758601, 1955564.495300000533462 ], [ 951374.892799999564886, 1955568.343800000846386 ], [ 951365.558400000445545, 1955570.6327 ], [ 951358.231900000013411, 1955572.690999999642372 ], [ 951340.441999999806285, 1955579.023499999195337 ], [ 951334.580599999986589, 1955582.12360000051558 ], [ 951327.080500000156462, 1955585.352399999275804 ], [ 951320.502899999730289, 1955587.2467 ], [ 951309.952800000086427, 1955590.2719 ], [ 951300.119300000369549, 1955592.703400000929832 ], [ 951289.818699999712408, 1955593.777799999341369 ], [ 951282.394399999640882, 1955594.357200000435114 ], [ 951273.341400000266731, 1955595.05519999936223 ], [ 951262.259300000034273, 1955595.7939 ], [ 951250.297799999825656, 1955596.587300000712276 ], [ 951240.431499999947846, 1955596.619899999350309 ], [ 951231.824099999852479, 1955594.656400000676513 ], [ 951218.581199999898672, 1955591.3581000007689 ], [ 951214.033099999651313, 1955589.532999999821186 ], [ 951209.441499999724329, 1955587.04839999973774 ], [ 951205.456699999980628, 1955583.99070000089705 ], [ 951197.688799999654293, 1955576.354800000786781 ], [ 951192.236299999989569, 1955569.886099999770522 ], [ 951186.808899999596179, 1955560.6283 ], [ 951182.910600000061095, 1955553.181800000369549 ], [ 951180.565999999642372, 1955548.405999999493361 ], [ 951177.677600000053644, 1955541.004000000655651 ], [ 951174.494099999777973, 1955532.613900000229478 ], [ 951170.502399999648333, 1955522.63880000077188 ], [ 951165.986299999989569, 1955511.806700000539422 ], [ 951162.103099999949336, 1955501.571000000461936 ], [ 951157.74170000012964, 1955491.617799999192357 ], [ 951154.228400000371039, 1955483.249500000849366 ], [ 951150.449900000356138, 1955473.89299999922514 ], [ 951146.889999999664724, 1955466.16469999961555 ], [ 951144.767099999822676, 1955459.848200000822544 ], [ 951142.89049999974668, 1955449.102099999785423 ], [ 951140.345499999821186, 1955434.850700000301003 ], [ 951138.530799999833107, 1955422.574799999594688 ], [ 951137.608900000341237, 1955412.773199999704957 ], [ 951137.315999999642372, 1955404.697599999606609 ], [ 951137.921900000423193, 1955398.3366 ], [ 951139.42920000012964, 1955392.29079999960959 ], [ 951142.117499999701977, 1955384.64919999986887 ], [ 951145.045699999667704, 1955376.986300000920892 ], [ 951147.922600000165403, 1955369.083799999207258 ], [ 951151.439500000327826, 1955359.3586 ], [ 951155.0784, 1955350.012499999254942 ], [ 951158.684000000357628, 1955340.03690000064671 ], [ 951162.774600000120699, 1955331.028300000354648 ], [ 951165.408400000073016, 1955324.406600000336766 ], [ 951166.749800000339746, 1955319.131400000303984 ], [ 951169.908400000073016, 1955309.687899999320507 ], [ 951174.250099999830127, 1955300.927899999544024 ], [ 951178.940200000070035, 1955289.9868 ], [ 951182.942099999636412, 1955279.349300000816584 ], [ 951187.18059999961406, 1955269.960100000724196 ], [ 951190.674300000071526, 1955261.504499999806285 ], [ 951193.659099999815226, 1955253.2116 ], [ 951197.124099999666214, 1955243.116699999198318 ], [ 951199.747100000269711, 1955234.465800000354648 ], [ 951201.526700000278652, 1955227.00899999961257 ], [ 951202.682300000451505, 1955220.6151 ], [ 951203.305399999953806, 1955213.734300000593066 ], [ 951203.278400000184774, 1955206.78690000064671 ], [ 951202.735600000247359, 1955198.722699999809265 ], [ 951201.792600000277162, 1955192.459899999201298 ], [ 951201.114299999549985, 1955188.9748 ], [ 951200.603500000201166, 1955186.918199999257922 ], [ 951199.333499999716878, 1955181.187100000679493 ], [ 951196.738300000317395, 1955174.403300000354648 ], [ 951191.056699999608099, 1955162.457800000905991 ], [ 951035.054399999789894, 1954960.060900000855327 ], [ 951028.635800000280142, 1954952.387800000607967 ], [ 951026.041400000452995, 1954947.633300000801682 ], [ 951023.068799999542534, 1954941.3114 ], [ 951013.900100000202656, 1954931.5537 ], [ 951001.894999999552965, 1954922.270999999716878 ], [ 950992.060399999842048, 1954915.125900000333786 ], [ 950984.13150000013411, 1954907.280899999663234 ], [ 950979.04009999986738, 1954901.050200000405312 ], [ 950970.322399999946356, 1954891.510099999606609 ], [ 950968.253499999642372, 1954889.7017 ], [ 950960.432599999941885, 1954883.375600000843406 ], [ 950768.98589999973774, 1954811.171599999070168 ], [ 950709.327600000426173, 1954788.736500000581145 ], [ 950672.487999999895692, 1954768.920299999415874 ], [ 950460.135999999940395, 1954632.571699999272823 ], [ 950395.36629999987781, 1954593.970200000330806 ], [ 950299.630099999718368, 1954521.595499999821186 ], [ 950288.656999999657273, 1954512.330399999395013 ], [ 950255.052000000141561, 1954476.9474 ], [ 950219.614799999631941, 1954434.035399999469519 ], [ 950192.029400000348687, 1954388.300100000575185 ], [ 950174.192699999548495, 1954344.269500000402331 ], [ 950161.135300000198185, 1954296.3213 ], [ 950156.362999999895692, 1954258.703600000590086 ], [ 950156.471900000236928, 1954219.281300000846386 ], [ 950162.896599999628961, 1954174.324500000104308 ], [ 950169.811700000427663, 1954137.834000000730157 ], [ 950192.565100000239909, 1954071.860999999567866 ], [ 950272.581299999728799, 1953915.1107 ], [ 950317.159199999645352, 1953831.255999999120831 ], [ 950363.826500000432134, 1953736.211300000548363 ], [ 950369.822900000028312, 1953722.784199999645352 ], [ 950370.469100000336766, 1953718.352299999445677 ], [ 950369.734199999831617, 1953715.507200000807643 ], [ 950360.540900000371039, 1953691.7346 ], [ 950352.894299999810755, 1953669.3333 ], [ 950341.792200000025332, 1953651.288899999111891 ], [ 950330.823900000192225, 1953632.094100000336766 ], [ 950312.061200000345707, 1953607.792600000277162 ], [ 950298.298299999907613, 1953596.9298 ], [ 950260.885499999858439, 1953571.368100000545382 ], [ 950236.502399999648333, 1953554.13399999961257 ], [ 950190.205099999904633, 1953523.371500000357628 ], [ 950092.115199999883771, 1953477.400100000202656 ], [ 950041.424300000071526, 1953456.927200000733137 ], [ 950001.542799999937415, 1953438.966 ], [ 949960.21129999961704, 1953419.0131 ], [ 949915.146099999547005, 1953392.4825 ], [ 949848.834699999541044, 1953355.8585 ], [ 949752.07050000037998, 1953294.155600000172853 ], [ 949657.078300000168383, 1953231.043800000101328 ], [ 949581.143600000068545, 1953181.885500000789762 ], [ 949489.044099999591708, 1953121.377299999818206 ], [ 949428.986499999649823, 1953080.251599999144673 ], [ 949372.70160000026226, 1953043.634199999272823 ], [ 949354.513700000010431, 1953029.676000000908971 ], [ 949343.179399999789894, 1953020.589600000530481 ], [ 949322.017199999652803, 1953001.868899999186397 ], [ 949263.743300000205636, 1952950.297399999573827 ], [ 949225.857300000265241, 1952919.583000000566244 ], [ 949222.77280000038445, 1952916.655500000342727 ], [ 949168.77379999961704, 1952866.282800000160933 ], [ 949121.309100000187755, 1952815.658399999141693 ], [ 949068.168999999761581, 1952757.434900000691414 ], [ 949006.539200000464916, 1952698.141000000759959 ], [ 948984.635400000028312, 1952676.432299999520183 ], [ 948975.562699999660254, 1952668.735400000587106 ], [ 948971.209400000050664, 1952667.076099999248981 ], [ 948966.42090000025928, 1952664.593499999493361 ], [ 948962.8443, 1952662.182399999350309 ], [ 948958.599999999627471, 1952658.829199999570847 ], [ 948953.706500000320375, 1952654.087899999693036 ], [ 948948.188099999912083, 1952646.506999999284744 ], [ 948928.334099999628961, 1952634.115000000223517 ], [ 948893.503299999982119, 1952601.779899999499321 ], [ 948868.289900000207126, 1952576.531099999323487 ], [ 948837.878700000233948, 1952547.411299999803305 ], [ 948819.395499999634922, 1952529.620999999344349 ], [ 948804.279199999757111, 1952515.778300000354648 ], [ 948787.552199999801815, 1952502.4561 ], [ 948773.733599999919534, 1952489.96309999935329 ], [ 948755.355499999597669, 1952473.875600000843406 ], [ 948744.438500000163913, 1952464.3301 ], [ 948735.797399999573827, 1952454.717499999329448 ], [ 948726.313799999654293, 1952444.957399999722838 ], [ 948710.976300000213087, 1952431.623800000175834 ], [ 948692.112700000405312, 1952412.973799999803305 ], [ 948679.55379999987781, 1952401.255799999460578 ], [ 948670.656200000084937, 1952392.8651 ], [ 948664.075100000016391, 1952386.756300000473857 ], [ 948646.054700000211596, 1952367.449100000783801 ], [ 948640.28000000026077, 1952362.430600000545382 ], [ 948613.269600000232458, 1952336.5176 ], [ 948590.761900000274181, 1952312.892699999734759 ], [ 948560.268899999558926, 1952279.117000000551343 ], [ 948531.584599999710917, 1952247.097999999299645 ], [ 948498.659900000318885, 1952207.666200000792742 ], [ 948498.5477, 1952207.531899999827147 ], [ 948480.436499999836087, 1952184.317500000819564 ], [ 948462.744099999777973, 1952164.459699999541044 ], [ 948360.539800000376999, 1952087.341 ], [ 948293.441200000233948, 1952047.442199999466538 ], [ 948233.116399999707937, 1952023.751700000837445 ], [ 948120.283999999985099, 1951983.86629999987781 ], [ 948008.161500000394881, 1951940.248500000685453 ], [ 947763.575199999846518, 1951862.707699999213219 ], [ 947679.464100000448525, 1951834.365399999544024 ], [ 947606.524799999780953, 1951810.871899999678135 ], [ 947512.964999999850988, 1951776.5219 ], [ 947351.124800000339746, 1951722.542300000786781 ], [ 947081.939799999818206, 1951632.5537 ], [ 947045.688799999654293, 1951621.5055 ], [ 947032.22580000013113, 1951612.1744 ], [ 947032.030799999833107, 1951612.157500000670552 ], [ 947030.617899999953806, 1951610.75650000013411 ], [ 947029.39919999986887, 1951609.242499999701977 ], [ 947026.59389999974519, 1951604.86600000038743 ], [ 947025.821800000034273, 1951603.661499999463558 ], [ 947024.63219999987632, 1951602.350299999117851 ], [ 947021.989400000311434, 1951600.1392 ], [ 947017.77240000013262, 1951597.036699999123812 ], [ 947016.326399999670684, 1951596.005799999460578 ], [ 947014.968100000172853, 1951595.289200000464916 ], [ 947013.462700000032783, 1951594.740399999544024 ], [ 947012.256799999624491, 1951594.503900000825524 ], [ 947009.716500000096858, 1951594.456499999389052 ], [ 947006.868200000375509, 1951594.403699999675155 ], [ 947004.962000000290573, 1951594.423800000920892 ], [ 947003.886699999682605, 1951594.296599999070168 ], [ 947001.803999999538064, 1951593.47690000012517 ], [ 946997.308000000193715, 1951591.10869999974966 ], [ 946992.887199999764562, 1951588.777000000700355 ], [ 946988.371899999678135, 1951586.352900000289083 ], [ 946983.86780000012368, 1951584.170700000599027 ], [ 946981.923600000329316, 1951583.238299999386072 ], [ 946977.544700000435114, 1951580.535599999129772 ], [ 946974.682900000363588, 1951578.686499999836087 ], [ 946970.958200000226498, 1951576.61600000038743 ], [ 946966.407800000160933, 1951574.369000000879169 ], [ 946961.71129999961704, 1951572.262800000607967 ], [ 946957.573200000450015, 1951570.464400000870228 ], [ 946954.725700000301003, 1951569.060100000351667 ], [ 946952.099600000306964, 1951567.551599999889731 ], [ 946949.99170000012964, 1951566.120300000533462 ], [ 946947.919599999673665, 1951564.457900000736117 ], [ 946946.020399999804795, 1951562.599700000137091 ], [ 946943.274400000460446, 1951559.4254 ], [ 946940.17850000038743, 1951555.4693 ], [ 946936.893400000408292, 1951551.283299999311566 ], [ 946935.402200000360608, 1951549.46680000051856 ], [ 946934.166899999603629, 1951548.2018 ], [ 946932.850700000301003, 1951547.142200000584126 ], [ 946929.301900000311434, 1951545.051899999380112 ], [ 946928.063900000415742, 1951544.407700000330806 ], [ 946926.104100000113249, 1951543.748299999162555 ], [ 946921.509700000286102, 1951541.681500000879169 ], [ 946916.817699999548495, 1951539.681199999526143 ], [ 946912.123200000263751, 1951537.768799999728799 ], [ 946907.252700000070035, 1951535.85840000025928 ], [ 946902.56940000038594, 1951534.173000000417233 ], [ 946899.905600000172853, 1951533.090500000864267 ], [ 946895.099000000394881, 1951531.531600000336766 ], [ 946893.230999999679625, 1951530.842800000682473 ], [ 946888.597400000318885, 1951528.550300000235438 ], [ 946883.932599999941885, 1951526.036000000312924 ], [ 946880.262000000104308, 1951524.168199999257922 ], [ 946875.683600000105798, 1951521.542500000447035 ], [ 946872.401999999769032, 1951519.698599999770522 ], [ 946870.373499999754131, 1951518.724700000137091 ], [ 946868.928299999795854, 1951518.212600000202656 ], [ 946867.852699999697506, 1951518.025399999693036 ], [ 946866.729500000365078, 1951518.106300000101328 ], [ 946861.835799999535084, 1951519.717800000682473 ], [ 946859.972500000149012, 1951520.293500000610948 ], [ 946858.831000000238419, 1951520.490499999374151 ], [ 946857.284300000406802, 1951520.442800000309944 ], [ 946856.166299999691546, 1951520.180800000205636 ], [ 946852.467799999751151, 1951518.341199999675155 ], [ 946851.182199999690056, 1951517.587300000712276 ], [ 946846.706000000238419, 1951515.741699999198318 ], [ 946844.313299999572337, 1951514.892799999564886 ], [ 946839.333200000226498, 1951513.612700000405312 ], [ 946837.28760000038892, 1951513.166799999773502 ], [ 946831.982800000347197, 1951512.659199999645352 ], [ 946829.040000000037253, 1951512.329 ], [ 946827.078700000420213, 1951511.947499999776483 ], [ 946825.648699999786913, 1951511.486300000920892 ], [ 946824.661299999803305, 1951510.968699999153614 ], [ 946821.262699999846518, 1951508.177799999713898 ], [ 946819.692599999718368, 1951506.745699999853969 ], [ 946817.961400000378489, 1951505.463300000876188 ], [ 946816.275799999944866, 1951504.481699999421835 ], [ 946811.345700000412762, 1951502.261700000613928 ], [ 946807.677299999631941, 1951500.625800000503659 ], [ 946804.433500000275671, 1951498.947599999606609 ], [ 946799.938799999654293, 1951496.264499999582767 ], [ 946795.526800000108778, 1951493.525900000706315 ], [ 946790.942699999548495, 1951490.774299999698997 ], [ 946786.455199999734759, 1951488.309100000187755 ], [ 946782.376400000415742, 1951486.010600000619888 ], [ 946778.015399999916553, 1951483.2807 ], [ 946773.653900000266731, 1951480.45299999974668 ], [ 946769.07880000025034, 1951477.692299999296665 ], [ 946764.608599999919534, 1951475.106000000610948 ], [ 946760.756799999624491, 1951472.824300000444055 ], [ 946756.121399999596179, 1951470.369799999520183 ], [ 946751.588600000366569, 1951468.04869999922812 ], [ 946747.832600000314415, 1951466.102399999275804 ], [ 946743.431599999777973, 1951463.54869999922812 ], [ 946740.721199999563396, 1951461.975700000301003 ], [ 946738.65639999974519, 1951460.573200000450015 ], [ 946734.636500000022352, 1951457.310699999332428 ], [ 946730.666799999773502, 1951453.924100000411272 ], [ 946727.583599999547005, 1951451.240399999544024 ], [ 946725.390300000086427, 1951449.518699999898672 ], [ 946721.189799999818206, 1951446.71199999935925 ], [ 946718.267799999564886, 1951444.8322 ], [ 946716.768899999558926, 1951443.996500000357628 ], [ 946715.193199999630451, 1951443.3881 ], [ 946711.320600000210106, 1951441.333499999716878 ], [ 946706.952200000174344, 1951438.704600000753999 ], [ 946705.122399999760091, 1951437.67369999922812 ], [ 946700.365000000223517, 1951435.608799999579787 ], [ 946696.938000000081956, 1951434.062599999830127 ], [ 946692.549200000241399, 1951431.7347 ], [ 946690.55559999961406, 1951430.56279999949038 ], [ 946688.121299999766052, 1951428.829299999400973 ], [ 946685.244699999690056, 1951426.472500000149012 ], [ 946680.93059999961406, 1951423.333499999716878 ], [ 946678.002799999900162, 1951421.300799999386072 ], [ 946675.332999999634922, 1951419.67259999923408 ], [ 946672.154400000348687, 1951418.031099999323487 ], [ 946667.342000000178814, 1951415.939400000497699 ], [ 946662.948400000110269, 1951414.033500000834465 ], [ 946658.245500000193715, 1951412.2412 ], [ 946655.453499999828637, 1951411.2993 ], [ 946650.311300000175834, 1951409.9792 ], [ 946647.526100000366569, 1951409.194299999624491 ], [ 946645.672100000083447, 1951408.506400000303984 ], [ 946643.108, 1951407.195499999448657 ], [ 946640.499200000427663, 1951405.5669 ], [ 946638.409900000318885, 1951404.056600000709295 ], [ 946635.680100000463426, 1951402.4057 ], [ 946633.237300000153482, 1951401.159099999815226 ], [ 946628.448499999940395, 1951399.187300000339746 ], [ 946623.653500000014901, 1951397.364499999210238 ], [ 946620.711500000208616, 1951396.23450000025332 ], [ 946615.953499999828637, 1951394.035599999129772 ], [ 946611.692200000397861, 1951391.997999999672174 ], [ 946606.810899999924004, 1951389.930700000375509 ], [ 946601.805200000293553, 1951387.961100000888109 ], [ 946598.993300000205636, 1951386.866399999707937 ], [ 946597.207399999722838, 1951386.00620000064373 ], [ 946596.037800000049174, 1951385.259700000286102 ], [ 946595.341699999757111, 1951384.637599999085069 ], [ 946594.447800000198185, 1951383.267899999395013 ], [ 946593.922199999913573, 1951382.186000000685453 ], [ 946593.518400000408292, 1951381.625399999320507 ], [ 946590.253600000403821, 1951379.772399999201298 ], [ 946585.666199999861419, 1951377.497600000351667 ], [ 946583.372800000011921, 1951376.346200000494719 ], [ 946579.934999999590218, 1951374.268300000578165 ], [ 946575.501400000415742, 1951371.241900000721216 ], [ 946571.073800000362098, 1951368.383500000461936 ], [ 946566.485500000417233, 1951365.585899999365211 ], [ 946562.167299999855459, 1951363.002800000831485 ], [ 946557.645899999886751, 1951360.380799999460578 ], [ 946553.125599999912083, 1951357.947699999436736 ], [ 946548.542899999767542, 1951355.649900000542402 ], [ 946544.07010000012815, 1951353.319499999284744 ], [ 946540.058400000445545, 1951351.232599999755621 ], [ 946536.705199999734759, 1951349.283099999651313 ], [ 946532.268299999646842, 1951346.377800000831485 ], [ 946527.697999999858439, 1951343.566099999472499 ], [ 946522.976300000213087, 1951340.872099999338388 ], [ 946518.488400000147521, 1951338.336899999529123 ], [ 946514.002899999730289, 1951335.695699999108911 ], [ 946509.599999999627471, 1951332.984099999070168 ], [ 946506.725200000219047, 1951331.136 ], [ 946502.315700000151992, 1951328.6744 ], [ 946497.755900000222027, 1951326.348500000312924 ], [ 946493.05350000038743, 1951323.705399999395013 ], [ 946488.58600000012666, 1951321.059100000187755 ], [ 946484.173799999989569, 1951318.292600000277162 ], [ 946479.951799999922514, 1951315.573999999091029 ], [ 946475.345599999651313, 1951312.795499999076128 ], [ 946470.791699999943376, 1951310.247600000351667 ], [ 946466.809799999929965, 1951307.934599999338388 ], [ 946462.359000000171363, 1951305.0472999997437 ], [ 946457.971599999815226, 1951302.433599999174476 ], [ 946455.917799999937415, 1951301.200999999418855 ], [ 946455.243300000205636, 1951300.879699999466538 ], [ 946451.858500000089407, 1951300.318900000303984 ], [ 946450.246199999935925, 1951300.159499999135733 ], [ 946448.441499999724329, 1951299.725299999117851 ], [ 946443.543399999849498, 1951297.86600000038743 ], [ 946439.986899999901652, 1951296.4134 ], [ 946435.084300000220537, 1951294.096300000324845 ], [ 946433.130800000391901, 1951293.131100000813603 ], [ 946431.723699999973178, 1951292.25789999961853 ], [ 946430.182400000281632, 1951290.9825 ], [ 946428.778199999593198, 1951289.535499999299645 ], [ 946428.187300000339746, 1951288.763900000602007 ], [ 946426.598100000061095, 1951284.675799999386072 ], [ 946426.144000000320375, 1951283.305700000375509 ], [ 946425.458300000056624, 1951281.994799999520183 ], [ 946424.726400000043213, 1951281.029999999329448 ], [ 946422.823599999770522, 1951279.259800000116229 ], [ 946418.763100000098348, 1951276.072499999776483 ], [ 946414.545300000347197, 1951272.822100000455976 ], [ 946413.546799999661744, 1951272.091700000688434 ], [ 946409.983799999579787, 1951268.289000000804663 ], [ 946409.084499999880791, 1951267.234099999070168 ], [ 946408.402599999681115, 1951266.639000000432134 ], [ 946407.723000000230968, 1951266.294700000435114 ], [ 946407.139000000432134, 1951266.26380000077188 ], [ 946406.816899999976158, 1951266.415500000119209 ], [ 946406.535899999551475, 1951266.955800000578165 ], [ 946406.408800000324845, 1951268.049100000411272 ], [ 946406.565999999642372, 1951269.787599999457598 ], [ 946406.865000000223517, 1951270.9506 ], [ 946408.448099999688566, 1951274.441999999806285 ], [ 946409.402400000020862, 1951276.2643 ], [ 946409.916299999691546, 1951277.5921 ], [ 946410.073699999600649, 1951278.432900000363588 ], [ 946409.978099999949336, 1951279.054199999198318 ], [ 946409.686499999836087, 1951279.491599999368191 ], [ 946409.188699999824166, 1951279.691199999302626 ], [ 946408.160899999551475, 1951279.64670000039041 ], [ 946407.204400000162423, 1951279.314899999648333 ], [ 946404.567599999718368, 1951277.667500000447035 ], [ 946400.518400000408292, 1951274.730100000277162 ], [ 946398.393600000068545, 1951273.308900000527501 ], [ 946395.134999999776483, 1951270.7331000007689 ], [ 946391.612800000235438, 1951267.651000000536442 ], [ 946387.99349999986589, 1951264.1535 ], [ 946386.450000000186265, 1951262.634199999272823 ], [ 946384.461199999786913, 1951261.035399999469519 ], [ 946381.244699999690056, 1951258.8662 ], [ 946377.444099999964237, 1951256.611300000920892 ], [ 946373.081299999728799, 1951253.742499999701977 ], [ 946369.593700000084937, 1951251.3169 ], [ 946368.091000000014901, 1951250.148299999535084 ], [ 946366.481900000013411, 1951248.526399999856949 ], [ 946364.474700000137091, 1951246.095000000670552 ], [ 946362.933500000275671, 1951243.899900000542402 ], [ 946361.801599999889731, 1951241.958699999377131 ], [ 946360.152900000102818, 1951238.338700000196695 ], [ 946358.858799999579787, 1951235.028799999505281 ], [ 946357.863699999637902, 1951232.882799999788404 ], [ 946356.581199999898672, 1951230.647399999201298 ], [ 946355.772199999541044, 1951229.462099999189377 ], [ 946354.714399999938905, 1951228.307199999690056 ], [ 946353.780600000172853, 1951227.520400000736117 ], [ 946352.690700000151992, 1951226.912399999797344 ], [ 946350.433299999684095, 1951226.1217 ], [ 946348.790699999779463, 1951225.704600000753999 ], [ 946346.881099999882281, 1951225.4649 ], [ 946346.501199999824166, 1951225.459899999201298 ], [ 946345.045099999755621, 1951225.165699999779463 ], [ 946343.882799999788404, 1951224.650100000202656 ], [ 946342.944199999794364, 1951223.906400000676513 ], [ 946342.406499999575317, 1951223.374399999156594 ], [ 946342.356499999761581, 1951222.9868 ], [ 946348.72649999987334, 1951212.329700000584126 ], [ 946348.290500000119209, 1951211.348300000652671 ], [ 946347.671799999661744, 1951210.6239 ], [ 946337.54009999986738, 1951199.674599999561906 ], [ 946328.251899999566376, 1951189.804500000551343 ], [ 946320.540400000289083, 1951180.574799999594688 ], [ 946313.760200000368059, 1951171.432099999859929 ], [ 946307.345300000160933, 1951161.818600000813603 ], [ 946302.009999999776483, 1951151.087799999862909 ], [ 946296.976599999703467, 1951139.584599999710917 ], [ 946293.099600000306964, 1951128.42119999974966 ], [ 946293.708200000226498, 1951096.198100000619888 ], [ 946235.149600000120699, 1951182.4824 ], [ 946267.174300000071526, 1951208.02419999986887 ], [ 946276.832100000232458, 1951214.44649999961257 ], [ 946283.628299999982119, 1951219.826400000602007 ], [ 946292.221099999733269, 1951227.121200000867248 ], [ 946309.716699999757111, 1951244.175100000575185 ], [ 946318.181300000287592, 1951252.36009999923408 ], [ 946325.227699999697506, 1951259.102299999445677 ], [ 946329.059500000439584, 1951259.510700000450015 ], [ 946330.70299999974668, 1951259.151100000366569 ], [ 946332.678100000135601, 1951258.166899999603629 ], [ 946343.743900000117719, 1951255.105100000277162 ], [ 946345.215599999763072, 1951255.1403 ], [ 946346.94550000037998, 1951255.423000000417233 ], [ 946349.322499999776483, 1951256.147099999710917 ], [ 946354.217299999669194, 1951258.127299999818206 ], [ 946359.13329999987036, 1951259.949500000104308 ], [ 946360.74100000038743, 1951260.561799999326468 ], [ 946363.213200000114739, 1951261.891100000590086 ], [ 946367.3136, 1951264.5044 ], [ 946368.884899999946356, 1951265.602600000798702 ], [ 946373.009399999864399, 1951267.835899999365211 ], [ 946375.533499999903142, 1951269.345899999141693 ], [ 946376.75069999974221, 1951270.216199999675155 ], [ 946379.385400000028312, 1951272.961200000718236 ], [ 946382.156200000084937, 1951276.305299999192357 ], [ 946383.678600000217557, 1951277.973600000143051 ], [ 946384.485999999567866, 1951279.038899999111891 ], [ 946384.836900000460446, 1951279.798800000920892 ], [ 946384.899799999780953, 1951280.5482 ], [ 946384.336600000038743, 1951281.969699999317527 ], [ 946383.790699999779463, 1951282.883199999108911 ], [ 946383.539900000207126, 1951283.658299999311566 ], [ 946383.460500000044703, 1951286.218800000846386 ], [ 946383.548200000077486, 1951287.47690000012517 ], [ 946383.7796, 1951288.321399999782443 ], [ 946384.365000000223517, 1951289.365900000557303 ], [ 946385.479299999773502, 1951290.635500000789762 ], [ 946387.212299999780953, 1951292.060799999162555 ], [ 946390.363400000147521, 1951294.165300000458956 ], [ 946392.654699999839067, 1951295.511600000783801 ], [ 946394.766499999910593, 1951296.539000000804663 ], [ 946397.368700000457466, 1951297.506799999624491 ], [ 946402.005800000391901, 1951298.77170000039041 ], [ 946405.771900000050664, 1951299.976299999281764 ], [ 946409.085400000214577, 1951301.228199999779463 ], [ 946413.824300000444055, 1951303.40819999948144 ], [ 946418.57050000037998, 1951305.82010000012815 ], [ 946423.413200000301003, 1951308.156500000506639 ], [ 946428.156899999827147, 1951310.669399999082088 ], [ 946432.908300000242889, 1951313.123199999332428 ], [ 946435.8739, 1951314.743899999186397 ], [ 946439.941399999894202, 1951317.357300000265241 ], [ 946444.223100000061095, 1951320.403400000184774 ], [ 946447.73589999973774, 1951323.044800000265241 ], [ 946452.202399999834597, 1951326.074999999254942 ], [ 946456.481200000271201, 1951328.950200000777841 ], [ 946460.810600000433624, 1951331.750199999660254 ], [ 946463.183000000193715, 1951333.299000000581145 ], [ 946467.247100000269711, 1951336.393300000578165 ], [ 946470.301500000059605, 1951338.564300000667572 ], [ 946474.806900000199676, 1951341.362299999222159 ], [ 946478.979399999603629, 1951343.817199999466538 ], [ 946481.84250000026077, 1951345.327500000596046 ], [ 946484.520899999886751, 1951346.525800000876188 ], [ 946486.341799999587238, 1951347.186899999156594 ], [ 946487.975300000049174, 1951347.581000000238419 ], [ 946488.851400000043213, 1951347.659399999305606 ], [ 946489.604500000365078, 1951347.531400000676513 ], [ 946490.2204, 1951347.1732 ], [ 946490.723100000061095, 1951346.602800000458956 ], [ 946491.108799999579787, 1951345.812000000849366 ], [ 946491.466099999845028, 1951344.2027000002563 ], [ 946491.526200000196695, 1951342.905799999833107 ], [ 946491.325199999846518, 1951341.389399999752641 ], [ 946490.970099999569356, 1951340.222699999809265 ], [ 946490.209400000050664, 1951338.722300000488758 ], [ 946488.501400000415742, 1951336.176300000399351 ], [ 946487.478900000452995, 1951334.8772 ], [ 946483.521099999547005, 1951331.277499999850988 ], [ 946479.649299999698997, 1951328.051200000569224 ], [ 946475.771399999968708, 1951324.616100000217557 ], [ 946472.441800000146031, 1951321.837799999862909 ], [ 946471.24129999987781, 1951320.730499999597669 ], [ 946470.617600000463426, 1951319.987099999561906 ], [ 946470.34250000026077, 1951319.39780000038445 ], [ 946470.384100000374019, 1951318.94370000064373 ], [ 946470.917200000025332, 1951318.628000000491738 ], [ 946471.800499999895692, 1951318.554300000891089 ], [ 946473.127500000409782, 1951318.827199999243021 ], [ 946474.284500000067055, 1951319.277899999171495 ], [ 946478.743999999947846, 1951322.099099999293685 ], [ 946483.261900000274181, 1951324.828099999576807 ], [ 946486.614699999801815, 1951326.713600000366569 ], [ 946489.38219999987632, 1951328.488299999386072 ], [ 946493.655299999751151, 1951331.613399999216199 ], [ 946497.718799999915063, 1951334.605799999088049 ], [ 946500.522099999710917, 1951336.724099999293685 ], [ 946504.987300000153482, 1951339.684299999848008 ], [ 946509.333999999798834, 1951342.355200000107288 ], [ 946513.037499999627471, 1951344.573699999600649 ], [ 946517.57079999987036, 1951347.001700000837445 ], [ 946519.817999999970198, 1951348.125399999320507 ], [ 946521.099899999797344, 1951348.936300000175834 ], [ 946521.884100000374019, 1951349.602900000289083 ], [ 946522.654099999926984, 1951350.590399999171495 ], [ 946523.155600000172853, 1951351.653400000184774 ], [ 946523.411999999545515, 1951352.683700000867248 ], [ 946523.416600000113249, 1951353.553300000727177 ], [ 946523.218500000424683, 1951354.083200000226498 ], [ 946522.66469999961555, 1951354.649000000208616 ], [ 946521.540699999779463, 1951355.141799999400973 ], [ 946520.18790000025183, 1951355.4528 ], [ 946517.404000000096858, 1951355.67259999923408 ], [ 946516.085500000044703, 1951355.67259999923408 ], [ 946515.161700000055134, 1951355.848500000312924 ], [ 946514.351300000213087, 1951356.278599999845028 ], [ 946513.495099999941885, 1951357.1119 ], [ 946512.557199999690056, 1951358.5793999992311 ], [ 946512.158900000154972, 1951359.435200000181794 ], [ 946511.975700000301003, 1951360.506799999624491 ], [ 946512.056099999696016, 1951361.916899999603629 ], [ 946512.162800000049174, 1951362.41609999909997 ], [ 946512.986999999731779, 1951363.2774 ], [ 946516.208700000308454, 1951365.501499999314547 ], [ 946520.643600000068545, 1951368.212899999693036 ], [ 946524.559200000017881, 1951370.461300000548363 ], [ 946529.003899999894202, 1951372.755799999460578 ], [ 946533.628299999982119, 1951375.025399999693036 ], [ 946538.240100000053644, 1951377.3651 ], [ 946542.675099999643862, 1951379.71059999987483 ], [ 946547.371399999596179, 1951382.149800000712276 ], [ 946551.84499999973923, 1951384.620100000873208 ], [ 946556.212600000202656, 1951387.091 ], [ 946559.3454, 1951388.770700000226498 ], [ 946563.955099999904633, 1951390.901499999687076 ], [ 946568.842199999839067, 1951393.112700000405312 ], [ 946573.642199999652803, 1951395.310399999842048 ], [ 946578.45990000013262, 1951397.448000000789762 ], [ 946583.363499999977648, 1951399.395199999213219 ], [ 946586.941100000403821, 1951400.6897 ], [ 946591.570899999700487, 1951402.649399999529123 ], [ 946595.881299999542534, 1951404.510800000280142 ], [ 946600.630900000222027, 1951406.819700000807643 ], [ 946605.285299999639392, 1951409.269999999552965 ], [ 946610.076999999582767, 1951411.597699999809265 ], [ 946614.896399999968708, 1951413.860300000756979 ], [ 946615.882399999536574, 1951414.298900000751019 ], [ 946620.975599999539554, 1951415.438400000333786 ], [ 946623.419999999925494, 1951415.86119999922812 ], [ 946625.87459999974817, 1951416.510900000110269 ], [ 946630.163499999791384, 1951418.0855 ], [ 946631.409900000318885, 1951418.61769999936223 ], [ 946632.401899999938905, 1951419.251199999824166 ], [ 946632.77170000039041, 1951419.6081000007689 ], [ 946632.924599999561906, 1951423.548900000751019 ], [ 946632.872700000181794, 1951425.632500000298023 ], [ 946632.935700000263751, 1951426.381899999454618 ], [ 946633.097799999639392, 1951426.78690000064671 ], [ 946634.878800000064075, 1951428.04590000025928 ], [ 946639.251299999654293, 1951430.479800000786781 ], [ 946643.807599999941885, 1951432.911699999123812 ], [ 946646.575899999588728, 1951434.275499999523163 ], [ 946650.925900000147521, 1951436.82149999961257 ], [ 946652.760700000450015, 1951437.838300000876188 ], [ 946655.372499999590218, 1951438.9211 ], [ 946657.56940000038594, 1951439.61009999923408 ], [ 946658.440999999642372, 1951439.786399999633431 ], [ 946661.623999999836087, 1951439.6085 ], [ 946664.179399999789894, 1951439.295 ], [ 946665.544599999673665, 1951439.242799999192357 ], [ 946667.305100000463426, 1951439.455399999395013 ], [ 946671.528699999675155, 1951440.586500000208616 ], [ 946676.428299999795854, 1951442.144899999722838 ], [ 946678.745500000193715, 1951442.907299999147654 ], [ 946681.726300000213087, 1951444.193900000303984 ], [ 946686.435399999842048, 1951446.587999999523163 ], [ 946691.019600000232458, 1951448.991800000891089 ], [ 946695.71100000012666, 1951451.449999999254942 ], [ 946699.86849999986589, 1951453.706000000238419 ], [ 946704.35840000025928, 1951456.426200000569224 ], [ 946708.803399999625981, 1951459.15059999935329 ], [ 946713.129200000315905, 1951462.043500000610948 ], [ 946717.546900000423193, 1951464.898 ], [ 946720.13219999987632, 1951466.453700000420213 ], [ 946724.460099999792874, 1951469.5406 ], [ 946728.907700000330806, 1951472.561899999156594 ], [ 946732.316499999724329, 1951475.006899999454618 ], [ 946736.742999999783933, 1951477.842299999669194 ], [ 946737.949300000444055, 1951478.551599999889731 ], [ 946742.088600000366569, 1951479.993100000545382 ], [ 946743.421099999919534, 1951480.367900000885129 ], [ 946745.221300000324845, 1951481.274000000208616 ], [ 946746.540400000289083, 1951482.130699999630451 ], [ 946747.867200000211596, 1951483.319199999794364 ], [ 946749.269799999892712, 1951485.031099999323487 ], [ 946749.925099999643862, 1951485.690400000661612 ], [ 946752.054399999789894, 1951487.019600000232458 ], [ 946753.50069999974221, 1951487.730599999427795 ], [ 946756.361499999649823, 1951488.63910000026226 ], [ 946758.021999999880791, 1951489.020099999383092 ], [ 946759.225899999961257, 1951489.455600000917912 ], [ 946760.245699999853969, 1951490.0559 ], [ 946761.736100000329316, 1951491.349500000476837 ], [ 946764.474899999797344, 1951494.323899999260902 ], [ 946765.503999999724329, 1951495.336100000888109 ], [ 946766.982099999673665, 1951496.398800000548363 ], [ 946771.595900000073016, 1951498.922399999573827 ], [ 946776.142500000074506, 1951501.211400000378489 ], [ 946777.542700000107288, 1951501.913699999451637 ], [ 946781.710400000214577, 1951504.748500000685453 ], [ 946783.831299999728799, 1951506.2017 ], [ 946785.019500000402331, 1951506.874199999496341 ], [ 946785.541500000283122, 1951507.285199999809265 ], [ 946785.684299999848008, 1951507.631400000303984 ], [ 946788.769799999892712, 1951509.6162 ], [ 946793.294800000265241, 1951512.169299999251962 ], [ 946796.831000000238419, 1951513.945800000801682 ], [ 946801.806599999777973, 1951516.0866 ], [ 946806.717899999581277, 1951518.3476 ], [ 946810.402099999599159, 1951520.123400000855327 ], [ 946814.806300000287592, 1951522.529100000858307 ], [ 946817.582000000402331, 1951524.1568 ], [ 946820.522699999623001, 1951525.605599999427795 ], [ 946824.641400000080466, 1951527.321100000292063 ], [ 946828.497399999760091, 1951528.7051 ], [ 946833.724600000306964, 1951530.222699999809265 ], [ 946839.10080000013113, 1951531.74860000051558 ], [ 946843.97580000013113, 1951533.196100000292063 ], [ 946849.100899999961257, 1951534.678300000727177 ], [ 946852.4704, 1951535.559100000187755 ], [ 946855.014999999664724, 1951536.4013 ], [ 946856.363599999807775, 1951536.979900000616908 ], [ 946860.239699999801815, 1951539.326400000602007 ], [ 946862.831299999728799, 1951541.104000000283122 ], [ 946867.255499999970198, 1951543.685499999672174 ], [ 946871.622999999672174, 1951546.138399999588728 ], [ 946876.211900000460446, 1951548.505200000479817 ], [ 946880.725599999539554, 1951550.808299999684095 ], [ 946883.535899999551475, 1951552.175899999216199 ], [ 946885.534500000067055, 1951552.987999999895692 ], [ 946887.651100000366569, 1951553.613500000908971 ], [ 946892.993300000205636, 1951554.565700000151992 ], [ 946897.610399999655783, 1951555.274900000542402 ], [ 946900.105200000107288, 1951555.776499999687076 ], [ 946904.396900000050664, 1951557.128100000321865 ], [ 946907.249499999918044, 1951558.180600000545382 ], [ 946910.998399999924004, 1951559.917999999597669 ], [ 946915.699199999682605, 1951562.432099999859929 ], [ 946920.400899999774992, 1951564.94620000012219 ], [ 946923.342299999669194, 1951566.543999999761581 ], [ 946925.709599999710917, 1951568.06389999948442 ], [ 946929.741399999707937, 1951571.113299999386072 ], [ 946934.088700000196695, 1951574.269099999219179 ], [ 946937.223000000230968, 1951576.605599999427795 ], [ 946941.286999999545515, 1951580.070699999108911 ], [ 946942.698300000280142, 1951581.35080000013113 ] ] ] ] } },
{ "type": "Feature", "properties": { "OBJECTID": 45, "CODE2": 0.0, "INDEXPAGE1": null, "LEVEL1": null, "NAME2": null, "RIVLEN1": 0.0, "UID1": 0.0, "INDEXPAGE2": ",43", "LEVEL2": ",43", "RIVLEN2": 4.11, "RIV_CD_1": 1025570.0, "RIV_NAM_1": ",⵿õ", "UID2": 481.0, "CODE1": 0.0, "INDEXPAGE": null, "LEVEL": null, "NAME1": null, "RIVLEN": 0.0, "UID": 0.0, "Shape_Leng": 3614.5138042399999, "Shape_Area": 27435.617059100001 }, "geometry": { "type": "MultiPolygon", "coordinates": [ [ [ [ 943622.735500000417233, 1953109.367000000551343 ], [ 943613.744199999608099, 1953097.4309 ], [ 943612.105999999679625, 1953098.57909999974072 ], [ 943621.119800000451505, 1953110.545099999755621 ], [ 943621.4205, 1953110.971100000664592 ], [ 943621.855899999849498, 1953111.555500000715256 ], [ 943622.181499999947846, 1953111.9781 ], [ 943622.618900000117719, 1953112.5515 ], [ 943622.957000000402331, 1953112.977299999445677 ], [ 943623.279799999669194, 1953113.383600000292063 ], [ 943623.575000000186265, 1953113.779100000858307 ], [ 943623.857200000435114, 1953114.178999999538064 ], [ 943624.121799999848008, 1953114.5899 ], [ 943624.365699999965727, 1953114.988600000739098 ], [ 943624.67339999973774, 1953115.54869999922812 ], [ 943625.0636, 1953116.288799999281764 ], [ 943625.416899999603629, 1953116.89159999974072 ], [ 943625.700400000438094, 1953117.3377 ], [ 943625.985700000077486, 1953117.780899999663234 ], [ 943626.276600000448525, 1953118.227 ], [ 943626.653599999845028, 1953118.819399999454618 ], [ 943626.91440000012517, 1953119.277200000360608 ], [ 943627.257500000298023, 1953119.877499999478459 ], [ 943627.480600000359118, 1953120.308700000867248 ], [ 943627.686700000427663, 1953120.752299999818206 ], [ 943627.878899999894202, 1953121.206800000742078 ], [ 943628.057799999602139, 1953121.651699999347329 ], [ 943628.256699999794364, 1953122.237700000405312 ], [ 943628.423000000417233, 1953122.79079999960959 ], [ 943628.564299999736249, 1953123.451400000602007 ], [ 943628.680499999783933, 1953124.116100000217557 ], [ 943628.834800000302494, 1953124.740800000727177 ], [ 943629.06290000025183, 1953125.574699999764562 ], [ 943633.190499999560416, 1953129.587099999189377 ], [ 943633.466799999587238, 1953130.030799999833107 ], [ 943633.802699999883771, 1953130.495899999514222 ], [ 943634.183199999853969, 1953130.973999999463558 ], [ 943634.566700000315905, 1953131.476600000634789 ], [ 943634.955699999816716, 1953132.034199999645352 ], [ 943635.277400000020862, 1953132.501299999654293 ], [ 943635.696299999952316, 1953133.104900000616908 ], [ 943638.099799999967217, 1953135.2820999994874 ], [ 943638.448699999600649, 1953135.724500000476837 ], [ 943638.887600000016391, 1953136.251700000837445 ], [ 943639.356700000353158, 1953136.78800000064075 ], [ 943639.980600000359118, 1953137.464999999850988 ], [ 943640.435100000351667, 1953137.983200000599027 ], [ 943640.894799999892712, 1953138.506999999284744 ], [ 943641.328099999576807, 1953139.010299999266863 ], [ 943650.204900000244379, 1953151.185900000855327 ], [ 943650.693799999542534, 1953151.733999999240041 ], [ 943651.152599999681115, 1953152.237199999392033 ], [ 943651.580299999564886, 1953152.727800000458956 ], [ 943651.990199999883771, 1953153.220100000500679 ], [ 943652.377399999648333, 1953153.701400000602007 ], [ 943652.758899999782443, 1953154.1754 ], [ 943653.120900000445545, 1953154.659199999645352 ], [ 943653.496100000105798, 1953155.160499999299645 ], [ 943654.006799999624491, 1953155.830700000748038 ], [ 943654.432300000451505, 1953156.335699999704957 ], [ 943654.863599999807775, 1953156.824899999424815 ], [ 943655.325500000268221, 1953157.313200000673532 ], [ 943655.742200000211596, 1953157.73450000025332 ], [ 943658.442800000309944, 1953161.23960000090301 ], [ 943658.893000000156462, 1953161.71680000051856 ], [ 943659.443699999712408, 1953162.322200000286102 ], [ 943659.884300000034273, 1953162.768500000238419 ], [ 943660.316899999976158, 1953163.19649999961257 ], [ 943660.889600000344217, 1953163.743300000205636 ], [ 943661.305399999953806, 1953164.154500000178814 ], [ 943661.629099999554455, 1953164.474899999797344 ], [ 943666.391900000162423, 1953171.883300000801682 ], [ 943666.785500000230968, 1953172.318600000813603 ], [ 943667.183600000105798, 1953172.767400000244379 ], [ 943667.483799999579787, 1953173.177699999883771 ], [ 943667.764200000092387, 1953173.603499999269843 ], [ 943668.127399999648333, 1953174.106200000271201 ], [ 943668.43059999961406, 1953174.531899999827147 ], [ 943673.495900000445545, 1953182.022900000214577 ], [ 943679.184500000439584, 1953190.8498 ], [ 943682.640599999576807, 1953192.5219 ], [ 943675.16440000012517, 1953180.921299999579787 ], [ 943670.073099999688566, 1953173.39159999974072 ], [ 943669.751899999566376, 1953172.9408 ], [ 943669.410099999979138, 1953172.467700000852346 ], [ 943669.126299999654293, 1953172.03690000064671 ], [ 943668.74170000012964, 1953171.511099999770522 ], [ 943668.274799999780953, 1953170.9847999997437 ], [ 943667.9847999997437, 1953170.664000000804663 ], [ 943663.191700000315905, 1953163.208499999716878 ], [ 943662.711500000208616, 1953162.733300000429153 ], [ 943662.283099999651313, 1953162.309499999508262 ], [ 943661.710400000214577, 1953161.762700000777841 ], [ 943661.298799999989569, 1953161.355499999597669 ], [ 943660.895100000314415, 1953160.946599999442697 ], [ 943660.3597999997437, 1953160.3581000007689 ], [ 943659.965599999763072, 1953159.940199999138713 ], [ 943657.250599999912083, 1953156.416500000283122 ], [ 943656.762699999846518, 1953155.923100000247359 ], [ 943656.339999999850988, 1953155.476299999281764 ], [ 943655.946800000034273, 1953155.030300000682473 ], [ 943655.567300000227988, 1953154.579900000244379 ], [ 943655.091599999926984, 1953153.955700000748038 ], [ 943654.721699999645352, 1953153.461400000378489 ], [ 943654.338600000366569, 1953152.949400000274181 ], [ 943653.935100000351667, 1953152.448100000619888 ], [ 943653.537399999797344, 1953151.95380000025034 ], [ 943653.10219999961555, 1953151.43099999986589 ], [ 943652.644899999722838, 1953150.906600000336766 ], [ 943652.178600000217557, 1953150.395099999383092 ], [ 943651.762500000186265, 1953149.92850000038743 ], [ 943642.895899999886751, 1953137.767000000923872 ], [ 943642.403800000436604, 1953137.195499999448657 ], [ 943641.938099999912083, 1953136.66469999961555 ], [ 943641.467400000430644, 1953136.128100000321865 ], [ 943640.844499999657273, 1953135.452299999073148 ], [ 943640.408400000073016, 1953134.95380000025034 ], [ 943640.002199999988079, 1953134.465800000354648 ], [ 943639.566100000403821, 1953133.912699999287724 ], [ 943637.208200000226498, 1953131.776799999177456 ], [ 943636.921900000423193, 1953131.364399999380112 ], [ 943636.598899999633431, 1953130.895400000736117 ], [ 943636.182000000029802, 1953130.297700000926852 ], [ 943635.760200000368059, 1953129.744899999350309 ], [ 943635.395999999716878, 1953129.2873 ], [ 943635.127600000239909, 1953128.91579999960959 ], [ 943634.75870000012219, 1953128.323400000110269 ], [ 943630.847400000318885, 1953124.521299999207258 ], [ 943630.769700000062585, 1953124.237199999392033 ], [ 943630.638000000268221, 1953123.70380000025034 ], [ 943630.527300000190735, 1953123.0702 ], [ 943630.360999999567866, 1953122.292899999767542 ], [ 943630.161100000143051, 1953121.628399999812245 ], [ 943629.933400000445545, 1953120.957100000232458 ], [ 943629.727300000376999, 1953120.444499999284744 ], [ 943629.514499999582767, 1953119.941400000825524 ], [ 943629.275700000114739, 1953119.4276 ], [ 943629.014000000432134, 1953118.921700000762939 ], [ 943628.650899999774992, 1953118.286399999633431 ], [ 943628.366600000299513, 1953117.787399999797344 ], [ 943627.957299999892712, 1953117.144300000742078 ], [ 943627.663599999621511, 1953116.693800000473857 ], [ 943627.384499999694526, 1953116.26039999909699 ], [ 943627.123599999584258, 1953115.8498 ], [ 943626.811099999584258, 1953115.316500000655651 ], [ 943626.433899999596179, 1953114.601099999621511 ], [ 943626.095499999821186, 1953113.98509999923408 ], [ 943625.815100000239909, 1953113.526799999177456 ], [ 943625.5152000002563, 1953113.06110000051558 ], [ 943625.193099999800324, 1953112.604599999263883 ], [ 943624.864000000059605, 1953112.163699999451637 ], [ 943624.522499999962747, 1953111.73369999974966 ], [ 943624.196600000374019, 1953111.323300000280142 ], [ 943623.768099999986589, 1953110.761800000444055 ], [ 943623.449500000104308, 1953110.348099999129772 ], [ 943623.039099999703467, 1953109.7972999997437 ], [ 943622.735500000417233, 1953109.367000000551343 ] ] ], [ [ [ 944095.174599999561906, 1953250.458499999716878 ], [ 944063.140100000426173, 1953223.47749999910593 ], [ 944061.900000000372529, 1953223.562999999150634 ], [ 944060.854100000113249, 1953224.083399999886751 ], [ 944058.700100000016391, 1953225.067500000819564 ], [ 944056.239699999801815, 1953226.146299999207258 ], [ 944054.158900000154972, 1953227.176999999210238 ], [ 944050.605499999597669, 1953227.988600000739098 ], [ 944047.746000000275671, 1953228.279699999839067 ], [ 944044.108199999667704, 1953228.268100000917912 ], [ 944041.544499999843538, 1953228.142799999564886 ], [ 944038.415300000458956, 1953227.907500000670552 ], [ 944019.191499999724329, 1953222.55379999987781 ], [ 943977.463600000366569, 1953210.621099999174476 ], [ 943908.612200000323355, 1953190.82149999961257 ], [ 943907.418399999849498, 1953191.16579999960959 ], [ 943906.355999999679625, 1953192.13910000026226 ], [ 943890.522300000302494, 1953204.310100000351667 ], [ 943880.0455, 1953210.42879999987781 ], [ 943873.755199999548495, 1953217.658700000494719 ], [ 943873.711600000038743, 1953219.223400000482798 ], [ 943873.963700000196695, 1953220.768500000238419 ], [ 943874.430700000375509, 1953223.248199999332428 ], [ 943874.60219999961555, 1953225.793400000780821 ], [ 943874.392799999564886, 1953227.764799999073148 ], [ 943873.858599999919534, 1953229.191199999302626 ], [ 943872.60219999961555, 1953230.915300000458956 ], [ 943869.644199999980628, 1953233.345200000330806 ], [ 943865.64919999986887, 1953235.14780000038445 ], [ 943865.019600000232458, 1953235.001199999824166 ], [ 943862.142799999564886, 1953230.914899999275804 ], [ 943860.451000000350177, 1953232.139499999582767 ], [ 943859.582899999804795, 1953232.825899999588728 ], [ 943859.843000000342727, 1953233.427300000563264 ], [ 943859.918100000359118, 1953234.389599999412894 ], [ 943847.448800000362098, 1953244.027599999681115 ], [ 943845.837000000290573, 1953243.392400000244379 ], [ 943821.7807, 1953260.308700000867248 ], [ 943863.510200000368059, 1953280.450099999085069 ], [ 943913.964300000108778, 1953304.7676 ], [ 943924.852900000289083, 1953310.8947 ], [ 944136.054999999701977, 1953313.085799999535084 ], [ 944179.777900000102818, 1953313.636800000444055 ], [ 944156.010900000110269, 1953297.1513 ], [ 944132.251299999654293, 1953281.586200000718236 ], [ 944095.174599999561906, 1953250.458499999716878 ] ] ], [ [ [ 944414.021499999798834, 1953348.162599999457598 ], [ 944406.507699999958277, 1953346.893500000238419 ], [ 944405.503200000151992, 1953346.570900000631809 ], [ 944404.412800000049174, 1953346.224199999123812 ], [ 944403.209999999962747, 1953345.94400000013411 ], [ 944401.924200000241399, 1953345.8429000005126 ], [ 944400.715300000272691, 1953345.798100000247359 ], [ 944399.538200000301003, 1953345.77419999986887 ], [ 944398.442800000309944, 1953345.749900000169873 ], [ 944385.202600000426173, 1953345.629899999126792 ], [ 944383.937800000421703, 1953345.688500000163913 ], [ 944382.767300000414252, 1953345.784800000488758 ], [ 944381.674700000323355, 1953345.838600000366569 ], [ 944380.516800000332296, 1953345.825300000607967 ], [ 944379.502500000409782, 1953345.810799999162555 ], [ 944378.425200000405312, 1953345.786599999293685 ], [ 944377.180399999953806, 1953345.762599999085069 ], [ 944375.821399999782443, 1953345.800499999895692 ], [ 944374.689600000157952, 1953345.845899999141693 ], [ 944362.005499999970198, 1953345.753699999302626 ], [ 944360.902599999681115, 1953345.749600000679493 ], [ 944359.769700000062585, 1953345.7259 ], [ 944358.426900000311434, 1953345.7027000002563 ], [ 944357.294099999591708, 1953345.708699999377131 ], [ 944356.039900000207126, 1953345.745500000193715 ], [ 944354.997399999760091, 1953345.761 ], [ 944353.982699999585748, 1953345.7763 ], [ 944352.842299999669194, 1953345.782400000840425 ], [ 944351.71750000026077, 1953345.778599999845028 ], [ 944350.747499999590218, 1953345.755200000479817 ], [ 944349.791299999691546, 1953345.656199999153614 ], [ 944348.707200000062585, 1953345.511499999091029 ], [ 944342.806499999947846, 1953344.945000000298023 ], [ 944353.337199999950826, 1953347.779100000858307 ], [ 944354.003100000321865, 1953347.775499999523163 ], [ 944355.027599999681115, 1953347.760099999606609 ], [ 944356.084099999628961, 1953347.744400000199676 ], [ 944357.328700000420213, 1953347.707900000736117 ], [ 944358.415000000037253, 1953347.702099999412894 ], [ 944359.731499999761581, 1953347.7248 ], [ 944360.877999999560416, 1953347.748800000175834 ], [ 944361.994500000029802, 1953347.753000000491738 ], [ 944374.722500000149012, 1953347.8454 ], [ 944375.889299999922514, 1953347.798599999397993 ], [ 944377.189000000245869, 1953347.762399999424815 ], [ 944378.383600000292063, 1953347.785399999469519 ], [ 944379.465800000354648, 1953347.809800000861287 ], [ 944380.49100000038743, 1953347.824400000274181 ], [ 944381.71239999961108, 1953347.838400000706315 ], [ 944382.898400000296533, 1953347.779999999329448 ], [ 944384.066100000403821, 1953347.684000000357628 ], [ 944385.239900000393391, 1953347.629599999636412 ], [ 944398.411600000225008, 1953347.7489 ], [ 944399.495699999853969, 1953347.773 ], [ 944400.658099999651313, 1953347.796599999070168 ], [ 944401.808799999766052, 1953347.839299999177456 ], [ 944402.903199999593198, 1953347.925300000235438 ], [ 944403.882299999706447, 1953348.1535 ], [ 944404.894700000062585, 1953348.475199999287724 ], [ 944406.033099999651313, 1953348.841 ], [ 944413.667700000107288, 1953350.130400000140071 ], [ 944414.754200000315905, 1953350.337600000202656 ], [ 944415.773199999704957, 1953350.476199999451637 ], [ 944416.926400000229478, 1953350.627599999308586 ], [ 944418.035500000230968, 1953350.817900000140071 ], [ 944419.013399999588728, 1953350.990299999713898 ], [ 944420.126199999824166, 1953351.210699999704957 ], [ 944421.087899999693036, 1953351.416899999603629 ], [ 944433.239199999719858, 1953354.851500000804663 ], [ 944434.462199999950826, 1953355.20240000076592 ], [ 944435.490299999713898, 1953355.512800000607967 ], [ 944436.580299999564886, 1953355.85840000025928 ], [ 944437.572300000116229, 1953355.88289999961853 ], [ 944438.537800000049174, 1953356.205399999395013 ], [ 944439.688400000333786, 1953356.31980000063777 ], [ 944440.610600000247359, 1953356.432299999520183 ], [ 944441.567999999970198, 1953356.7248 ], [ 944442.517099999822676, 1953357.058800000697374 ], [ 944443.456199999898672, 1953357.35080000013113 ], [ 944444.358, 1953357.8311 ], [ 944510.503600000403821, 1953376.8432 ], [ 944521.379099999554455, 1953377.846400000154972 ], [ 944517.431900000199676, 1953376.754300000146031 ], [ 944445.112200000323355, 1953355.967599999159575 ], [ 944444.229600000195205, 1953355.497700000181794 ], [ 944443.145999999716878, 1953355.160700000822544 ], [ 944442.192200000397861, 1953354.825099999085069 ], [ 944441.026899999938905, 1953354.469000000506639 ], [ 944439.908400000073016, 1953354.332499999552965 ], [ 944438.958700000308454, 1953354.238199999555945 ], [ 944437.921400000341237, 1953353.89159999974072 ], [ 944436.91370000038296, 1953353.866699999198318 ], [ 944436.081299999728799, 1953353.602800000458956 ], [ 944435.026800000108778, 1953353.284399999305606 ], [ 944433.786799999885261, 1953352.9287 ], [ 944421.569899999536574, 1953349.47550000064075 ], [ 944420.53000000026077, 1953349.252499999478459 ], [ 944419.381199999712408, 1953349.025000000372529 ], [ 944418.377999999560416, 1953348.848099999129772 ], [ 944417.225700000301003, 1953348.650499999523163 ], [ 944416.038099999539554, 1953348.494599999859929 ], [ 944415.076399999670684, 1953348.363800000399351 ], [ 944414.021499999798834, 1953348.162599999457598 ] ] ], [ [ [ 944979.299800000153482, 1953755.044399999082088 ], [ 944968.797799999825656, 1953717.234999999403954 ], [ 944967.216199999675155, 1953719.01039999909699 ], [ 944977.373399999924004, 1953755.579500000923872 ], [ 944981.252899999730289, 1953769.55489999987185 ], [ 944988.769700000062585, 1953797.962200000882149 ], [ 944995.961199999786913, 1953825.373199999332428 ], [ 944997.511900000274181, 1953828.913799999281764 ], [ 944997.515700000338256, 1953828.9222999997437 ], [ 944997.920199999585748, 1953833.527799999341369 ], [ 944999.653900000266731, 1953842.038200000301003 ], [ 945002.238099999725819, 1953855.473500000312924 ], [ 945002.639200000092387, 1953860.701999999582767 ], [ 945002.871000000275671, 1953863.300300000235438 ], [ 945002.702100000344217, 1953867.421 ], [ 945002.701200000010431, 1953869.259700000286102 ], [ 945001.290000000037253, 1953880.234200000762939 ], [ 945001.563099999912083, 1953888.223500000312924 ], [ 945001.726599999703467, 1953891.846300000324845 ], [ 945002.432400000281632, 1953887.026000000536442 ], [ 945004.700400000438094, 1953869.3882 ], [ 945004.701299999840558, 1953867.462400000542402 ], [ 945004.873999999836087, 1953863.252100000157952 ], [ 945004.631699999794364, 1953860.536800000816584 ], [ 945004.222900000400841, 1953855.207299999892712 ], [ 945001.615100000053644, 1953841.649800000712276 ], [ 944999.241499999538064, 1953829.997899999842048 ], [ 944990.70299999974668, 1953797.4527000002563 ], [ 944983.182500000111759, 1953769.0318 ], [ 944979.299800000153482, 1953755.044399999082088 ] ] ], [ [ [ 945000.586099999956787, 1953914.655300000682473 ], [ 945000.616100000217557, 1953913.651100000366569 ], [ 945000.346699999645352, 1953915.00139999948442 ], [ 944999.558600000105798, 1953918.494699999690056 ], [ 945003.998599999584258, 1953938.7314 ], [ 945004.505400000140071, 1953941.851600000634789 ], [ 945004.995900000445545, 1953944.717599999159575 ], [ 945005.61710000038147, 1953947.562300000339746 ], [ 945006.631799999624491, 1953954.138299999758601 ], [ 945007.206799999810755, 1953958.9331 ], [ 945007.688900000415742, 1953962.616599999368191 ], [ 945008.054800000041723, 1953966.341099999845028 ], [ 945008.16370000038296, 1953970.658500000834465 ], [ 945008.131099999882281, 1953981.162499999627471 ], [ 945007.917299999855459, 1953983.53999999910593 ], [ 945007.632500000298023, 1953985.570699999108911 ], [ 945009.216599999926984, 1953988.671 ], [ 945009.904099999926984, 1953983.768500000238419 ], [ 945010.130099999718368, 1953981.255300000309944 ], [ 945010.162999999709427, 1953970.636399999260902 ], [ 945010.051500000059605, 1953966.218000000342727 ], [ 945009.675400000065565, 1953962.38910000026226 ], [ 945009.190600000321865, 1953958.684299999848008 ], [ 945008.612700000405312, 1953953.866699999198318 ], [ 945007.583599999547005, 1953947.19620000012219 ], [ 945006.958899999968708, 1953944.3355 ], [ 945006.477500000037253, 1953941.522700000554323 ], [ 945005.963200000114739, 1953938.356499999761581 ], [ 945001.359000000171363, 1953917.371600000187755 ], [ 945000.586099999956787, 1953914.655300000682473 ] ] ], [ [ [ 944989.701299999840558, 1954052.957000000402331 ], [ 944987.889000000432134, 1954051.888900000602007 ], [ 944987.529199999757111, 1954053.526100000366569 ], [ 944986.433400000445545, 1954059.132500000298023 ], [ 944985.670699999667704, 1954065.180299999192357 ], [ 944985.065399999730289, 1954074.2851 ], [ 944984.926300000399351, 1954077.61009999923408 ], [ 944984.970700000412762, 1954084.423599999397993 ], [ 944985.15610000025481, 1954089.7956000007689 ], [ 944985.750300000421703, 1954098.224600000306964 ], [ 944987.805499999783933, 1954106.820800000801682 ], [ 944989.648000000044703, 1954111.843499999493361 ], [ 944992.378100000321865, 1954113.480799999088049 ], [ 944989.722699999809265, 1954106.24210000038147 ], [ 944987.733099999837577, 1954097.919800000265241 ], [ 944987.152999999932945, 1954089.6908 ], [ 944986.969700000248849, 1954084.38260000012815 ], [ 944986.925900000147521, 1954077.645300000905991 ], [ 944987.06180000025779, 1954074.393200000748038 ], [ 944987.661600000225008, 1954065.371799999848008 ], [ 944988.408499999903142, 1954059.449699999764562 ], [ 944989.486899999901652, 1954053.932499999180436 ], [ 944989.701299999840558, 1954052.957000000402331 ] ] ], [ [ [ 945024.943699999712408, 1954199.233300000429153 ], [ 945018.318799999542534, 1954183.124199999496341 ], [ 945018.546799999661744, 1954188.935100000351667 ], [ 945023.100999999791384, 1954200.008899999782443 ], [ 945034.730200000107288, 1954227.021500000730157 ], [ 945040.961400000378489, 1954241.454199999570847 ], [ 945044.178199999965727, 1954248.75620000064373 ], [ 945052.615699999965727, 1954266.106300000101328 ], [ 945054.394500000402331, 1954270.2401 ], [ 945059.869699999690056, 1954276.630400000140071 ], [ 945060.46999999973923, 1954277.443099999800324 ], [ 945061.452800000086427, 1954278.67850000038743 ], [ 945062.461799999698997, 1954279.759700000286102 ], [ 945062.788499999791384, 1954279.985999999567866 ], [ 945067.340800000354648, 1954280.708000000566244 ], [ 945063.776899999938905, 1954278.238600000739098 ], [ 945062.9682, 1954277.372099999338388 ], [ 945062.056900000199676, 1954276.226399999111891 ], [ 945061.434899999760091, 1954275.384400000795722 ], [ 945056.110700000077486, 1954269.170399999246001 ], [ 945054.434000000357628, 1954265.273600000888109 ], [ 945045.992600000463426, 1954247.915699999779463 ], [ 945042.793999999761581, 1954240.654899999499321 ], [ 945036.566100000403821, 1954226.230000000447035 ], [ 945024.943699999712408, 1954199.233300000429153 ] ] ], [ [ [ 945153.279699999839067, 1954297.874299999326468 ], [ 945136.912399999797344, 1954291.269300000742078 ], [ 945135.257100000046194, 1954290.799599999561906 ], [ 945133.044700000435114, 1954290.59569999948144 ], [ 945129.989099999889731, 1954290.61600000038743 ], [ 945126.417299999855459, 1954290.448999999091029 ], [ 945130.106200000271201, 1954292.614499999210238 ], [ 945132.959300000220537, 1954292.595599999651313 ], [ 945134.889399999752641, 1954292.773399999365211 ], [ 945136.263600000180304, 1954293.1634 ], [ 945152.388700000010431, 1954299.6706000007689 ], [ 945161.146900000050664, 1954304.890000000596046 ], [ 945166.91330000013113, 1954310.974999999627471 ], [ 945174.234899999573827, 1954320.801699999719858 ], [ 945176.125599999912083, 1954325.601800000295043 ], [ 945179.463800000026822, 1954328.931600000709295 ], [ 945179.355700000189245, 1954328.347300000488758 ], [ 945175.997299999929965, 1954319.820900000631809 ], [ 945168.44579999987036, 1954309.685699999332428 ], [ 945162.407999999821186, 1954303.314099999144673 ], [ 945153.279699999839067, 1954297.874299999326468 ] ] ], [ [ [ 945252.052500000223517, 1954548.729299999773502 ], [ 945248.981499999761581, 1954543.5439 ], [ 945253.286399999633431, 1954553.035700000822544 ], [ 945255.487999999895692, 1954555.396099999547005 ], [ 945258.549300000071526, 1954559.783299999311566 ], [ 945261.951100000180304, 1954566.102 ], [ 945392.994800000451505, 1954715.239099999889731 ], [ 945398.823400000110269, 1954718.86119999922812 ], [ 945263.58669999986887, 1954564.97690000012517 ], [ 945260.260700000450015, 1954558.74210000038147 ], [ 945257.046500000171363, 1954554.135900000110269 ], [ 945254.490100000053644, 1954551.395099999383092 ], [ 945252.052500000223517, 1954548.729299999773502 ] ] ], [ [ [ 945448.406600000336766, 1954775.281300000846386 ], [ 945433.497499999590218, 1954758.316400000825524 ], [ 945432.590300000272691, 1954759.4857 ], [ 945432.244599999859929, 1954759.908099999651313 ], [ 945447.156600000336766, 1954776.879200000315905 ], [ 945493.684200000017881, 1954829.830800000578165 ], [ 945506.644399999640882, 1954844.395700000226498 ], [ 945510.020499999634922, 1954848.094200000166893 ], [ 945539.658099999651313, 1954867.788499999791384 ], [ 945551.156700000166893, 1954875.341600000858307 ], [ 945573.608099999837577, 1954892.853800000622869 ], [ 945578.983799999579787, 1954894.744999999180436 ], [ 945578.07039999961853, 1954893.798800000920892 ], [ 945552.322300000116229, 1954873.715099999681115 ], [ 945540.760200000368059, 1954866.120400000363588 ], [ 945511.331600000150502, 1954846.564999999478459 ], [ 945508.129599999636412, 1954843.057099999859929 ], [ 945495.181699999608099, 1954828.50620000064373 ], [ 945448.406600000336766, 1954775.281300000846386 ] ] ], [ [ [ 945606.271200000308454, 1954925.783099999651313 ], [ 945585.569099999964237, 1954901.6941 ], [ 945597.814500000327826, 1954917.6568 ], [ 945602.800699999555945, 1954924.81220000050962 ], [ 945604.712600000202656, 1954927.036800000816584 ], [ 945627.152400000020862, 1954956.86849999986589 ], [ 945631.11600000038743, 1954962.763599999248981 ], [ 945641.878800000064075, 1954981.526599999517202 ], [ 945648.343299999833107, 1954991.111999999731779 ], [ 945657.759499999694526, 1955005.325300000607967 ], [ 945656.365299999713898, 1955002.7631 ], [ 945632.814799999818206, 1954961.707100000232458 ], [ 945628.781899999827147, 1954955.709000000730157 ], [ 945606.271200000308454, 1954925.783099999651313 ] ] ], [ [ [ 945684.063500000163913, 1955053.246200000867248 ], [ 945665.258899999782443, 1955019.1009 ], [ 945675.453499999828637, 1955040.263599999248981 ], [ 945686.493300000205636, 1955057.755100000649691 ], [ 945684.063500000163913, 1955053.246200000867248 ] ] ] ] } },
{ "type": "Feature", "properties": { "OBJECTID": 46, "CODE2": 0.0, "INDEXPAGE1": null, "LEVEL1": null, "NAME2": null, "RIVLEN1": 0.0, "UID1": 0.0, "INDEXPAGE2": ",43", "LEVEL2": ",43", "RIVLEN2": 2.34, "RIV_CD_1": 1025310.0, "RIV_NAM_1": ",43", "UID2": 506.0, "CODE1": 0.0, "INDEXPAGE": null, "LEVEL": null, "NAME1": null, "RIVLEN": 0.0, "UID": 0.0, "Shape_Leng": 3828.6558997000002, "Shape_Area": 7635.5459456299996 }, "geometry": { "type": "MultiPolygon", "coordinates": [ [ [ [ 960520.107400000095367, 1950833.779999999329448 ], [ 960482.370600000023842, 1950811.960200000554323 ], [ 960483.494800000451505, 1950817.228900000452995 ], [ 960517.778900000266731, 1950837.052300000563264 ], [ 960545.633399999700487, 1950861.124800000339746 ], [ 960567.205400000326335, 1950888.312699999660254 ], [ 960583.750900000333786, 1950918.154100000858307 ], [ 960596.49930000025779, 1950950.17339999973774 ], [ 960606.67200000025332, 1950983.869699999690056 ], [ 960624.22719999961555, 1951054.302200000733137 ], [ 960646.295300000347197, 1951125.160199999809265 ], [ 960653.721599999815226, 1951142.532600000500679 ], [ 960660.200299999676645, 1951156.080600000917912 ], [ 960671.175599999725819, 1951179.27930000051856 ], [ 960709.862200000323355, 1951270.476399999111891 ], [ 960725.933500000275671, 1951316.714600000530481 ], [ 960739.766099999658763, 1951364.726600000634789 ], [ 960751.771800000220537, 1951417.203099999576807 ], [ 960763.253600000403821, 1951474.383300000801682 ], [ 960785.38300000037998, 1951589.034700000658631 ], [ 960810.932900000363588, 1951703.064500000327826 ], [ 960821.546900000423193, 1951731.218800000846386 ], [ 960825.759300000034273, 1951742.392400000244379 ], [ 960846.992600000463426, 1951781.973600000143051 ], [ 960869.823400000110269, 1951821.182600000873208 ], [ 960889.510700000450015, 1951859.433199999853969 ], [ 960901.399000000208616, 1951896.197300000116229 ], [ 960902.590200000442564, 1951904.940400000661612 ], [ 960902.930100000463426, 1951910.562699999660254 ], [ 960902.871000000275671, 1951918.52419999986887 ], [ 960896.549700000323355, 1951948.69789999909699 ], [ 960881.708599999547005, 1951975.569599999114871 ], [ 960859.817200000397861, 1951999.664100000634789 ], [ 960832.429299999959767, 1952021.307199999690056 ], [ 960801.167799999937415, 1952040.812100000679493 ], [ 960733.381099999882281, 1952074.874900000169873 ], [ 960669.526200000196695, 1952104.687300000339746 ], [ 960643.058199999853969, 1952118.967000000178814 ], [ 960617.162200000137091, 1952135.557800000533462 ], [ 960561.064299999736249, 1952169.637000000104308 ], [ 960503.257100000046194, 1952201.333000000566244 ], [ 960443.967600000090897, 1952230.274299999698997 ], [ 960383.43819999974221, 1952256.08 ], [ 960321.854899999685585, 1952278.3903 ], [ 960323.216799999587238, 1952282.149599999189377 ], [ 960384.904400000348687, 1952259.801599999889731 ], [ 960445.629700000397861, 1952233.9123 ], [ 960505.096300000324845, 1952204.884600000455976 ], [ 960563.064399999566376, 1952173.100299999117851 ], [ 960619.279000000096858, 1952138.950200000777841 ], [ 960645.088800000026822, 1952122.41469999961555 ], [ 960671.322800000198185, 1952108.261299999430776 ], [ 960735.124900000169873, 1952078.473500000312924 ], [ 960803.127799999900162, 1952044.30210000090301 ], [ 960834.7341, 1952024.581900000572205 ], [ 960862.55489999987185, 1952002.596799999475479 ], [ 960884.982599999755621, 1951977.912100000306964 ], [ 960900.340099999681115, 1951950.105399999767542 ], [ 960906.86629999987781, 1951918.953199999406934 ], [ 960906.929399999789894, 1951910.456800000742078 ], [ 960906.572300000116229, 1951904.5494 ], [ 960905.312800000421703, 1951895.305299999192357 ], [ 960893.214999999850988, 1951857.89299999922514 ], [ 960873.330900000408292, 1951819.26039999909699 ], [ 960850.483, 1951780.0219 ], [ 960829.40749999973923, 1951740.7347999997437 ], [ 960824.708899999968708, 1951728.271500000730157 ], [ 960814.773199999704957, 1951701.916500000283122 ], [ 960789.297799999825656, 1951588.218399999663234 ], [ 960767.176699999719858, 1951473.6108 ], [ 960755.681499999947846, 1951416.363500000908971 ], [ 960743.63910000026226, 1951363.726500000804663 ], [ 960729.745799999684095, 1951315.503900000825524 ], [ 960713.595300000160933, 1951269.037699999287724 ], [ 960674.824799999594688, 1951177.642899999395013 ], [ 960663.810999999754131, 1951154.363099999725819 ], [ 960657.365100000053644, 1951140.883600000292063 ], [ 960650.052099999971688, 1951123.7763 ], [ 960628.078999999910593, 1951053.223300000652671 ], [ 960610.528199999593198, 1950982.807800000533462 ], [ 960600.277499999850988, 1950948.853700000792742 ], [ 960587.371399999596179, 1950916.438300000503659 ], [ 960570.542500000447035, 1950886.08559999987483 ], [ 960548.532100000418723, 1950858.345300000160933 ], [ 960520.107400000095367, 1950833.779999999329448 ] ] ] ] } },
{ "type": "Feature", "properties": { "OBJECTID": 47, "CODE2": 0.0, "INDEXPAGE1": null, "LEVEL1": null, "NAME2": null, "RIVLEN1": 0.0, "UID1": 0.0, "INDEXPAGE2": ",43", "LEVEL2": ",43", "RIVLEN2": 17.6, "RIV_CD_1": 1025580.0, "RIV_NAM_1": "â43õ", "UID2": 421.0, "CODE1": 0.0, "INDEXPAGE": null, "LEVEL": null, "NAME1": null, "RIVLEN": 0.0, "UID": 0.0, "Shape_Leng": 4680.2674592000003, "Shape_Area": 26266.7704041 }, "geometry": { "type": "MultiPolygon", "coordinates": [ [ [ [ 948825.753999999724329, 1960827.62360000051558 ], [ 948790.151100000366569, 1960815.801899999380112 ], [ 948769.075600000098348, 1960806.176200000569224 ], [ 948748.018199999816716, 1960799.985600000247359 ], [ 948735.771399999968708, 1960799.223899999633431 ], [ 948722.819099999964237, 1960801.823799999430776 ], [ 948700.321100000292063, 1960806.46309999935329 ], [ 948680.949199999682605, 1960806.3849 ], [ 948636.054100000299513, 1960805.486400000751019 ], [ 948606.845499999821186, 1960801.301999999210238 ], [ 948573.559700000099838, 1960788.073200000450015 ], [ 948553.800800000317395, 1960783.218900000676513 ], [ 948535.141400000080466, 1960781.122300000861287 ], [ 948506.559799999929965, 1960778.277599999681115 ], [ 948485.509499999694526, 1960773.430099999532104 ], [ 948463.08559999987483, 1960772.567500000819564 ], [ 948424.267099999822676, 1960777.83559999987483 ], [ 948401.858799999579787, 1960779.917300000786781 ], [ 948396.878499999642372, 1960781.791200000792742 ], [ 948408.513500000350177, 1960786.919800000265241 ], [ 948437.879599999636412, 1960788.381699999794364 ], [ 948446.324300000444055, 1960787.481899999082088 ], [ 948478.29009999986738, 1960785.556199999526143 ], [ 948498.034900000318885, 1960787.776100000366569 ], [ 948523.995400000363588, 1960794.947499999776483 ], [ 948594.486499999649823, 1960801.087999999523163 ], [ 948598.47580000013113, 1960801.435699999332428 ], [ 948625.47580000013113, 1960805.335799999535084 ], [ 948666.887500000186265, 1960811.318499999120831 ], [ 948673.466199999675155, 1960812.261099999770522 ], [ 948714.049899999983609, 1960818.082000000402331 ], [ 948716.961600000038743, 1960817.507099999114871 ], [ 948753.735399999655783, 1960816.330700000748038 ], [ 948782.294499999843538, 1960824.651200000196695 ], [ 948793.206600000150502, 1960830.756899999454618 ], [ 948821.852400000207126, 1960835.965700000524521 ], [ 948888.944899999536574, 1960846.101299999281764 ], [ 948909.385200000368059, 1960849.192900000140071 ], [ 948887.336400000378489, 1960838.636 ], [ 948875.277499999850988, 1960834.334899999201298 ], [ 948852.324599999934435, 1960831.150499999523163 ], [ 948825.753999999724329, 1960827.62360000051558 ] ] ], [ [ [ 949035.876799999736249, 1960853.165200000628829 ], [ 949025.99930000025779, 1960851.099600000306964 ], [ 949007.619599999859929, 1960853.056800000369549 ], [ 948979.751699999906123, 1960858.267100000753999 ], [ 948979.994599999859929, 1960858.280899999663234 ], [ 948996.252700000070035, 1960859.220200000330806 ], [ 949022.338100000284612, 1960861.4517 ], [ 949034.548299999907613, 1960862.50139999948442 ], [ 949050.198900000192225, 1960863.930800000205636 ], [ 949035.876799999736249, 1960853.165200000628829 ] ] ], [ [ [ 950030.943400000222027, 1961382.012700000777841 ], [ 949986.606999999843538, 1961376.768300000578165 ], [ 949960.085500000044703, 1961371.065199999138713 ], [ 949947.039900000207126, 1961369.557 ], [ 949965.505199999548495, 1961373.620400000363588 ], [ 949967.7807, 1961374.246200000867248 ], [ 949989.856599999591708, 1961380.3445999994874 ], [ 949993.715400000102818, 1961379.622400000691414 ], [ 950030.792000000365078, 1961384.007999999448657 ], [ 950079.716799999587238, 1961385.6579 ], [ 950115.175599999725819, 1961393.869999999180436 ], [ 950142.223799999803305, 1961409.023700000718236 ], [ 950206.74309999961406, 1961428.389000000432134 ], [ 950266.424800000153482, 1961468.236300000920892 ], [ 950296.26549999974668, 1961494.216700000688434 ], [ 950320.534400000236928, 1961521.569700000807643 ], [ 950351.189199999906123, 1961573.059100000187755 ], [ 950351.849000000394881, 1961573.813400000333786 ], [ 950355.404900000430644, 1961580.140000000596046 ], [ 950378.753999999724329, 1961619.358300000429153 ], [ 950383.935800000093877, 1961632.141799999400973 ], [ 950402.669499999843538, 1961692.119999999180436 ], [ 950411.860000000335276, 1961714.56110000051558 ], [ 950412.126899999566376, 1961715.055600000545382 ], [ 950419.825000000186265, 1961729.3213 ], [ 950437.543899999931455, 1961767.95299999974668 ], [ 950440.17949999962002, 1961773.700899999588728 ], [ 950444.868700000457466, 1961785.885199999436736 ], [ 950449.736100000329316, 1961795.72749999910593 ], [ 950487.972199999727309, 1961846.278100000694394 ], [ 950502.145800000056624, 1961859.069399999454618 ], [ 950570.512500000186265, 1961939.1305 ], [ 950620.939100000075996, 1962002.404699999839067 ], [ 950679.03969999961555, 1962068.011499999091029 ], [ 950702.785699999891222, 1962084.415899999439716 ], [ 950753.05460000038147, 1962105.122300000861287 ], [ 950777.450799999758601, 1962117.494100000709295 ], [ 950819.467600000090897, 1962150.383600000292063 ], [ 950849.324000000022352, 1962169.596899999305606 ], [ 950894.072300000116229, 1962191.546399999409914 ], [ 950933.468299999833107, 1962202.676400000229478 ], [ 950974.29619999974966, 1962211.060799999162555 ], [ 950993.986999999731779, 1962218.892699999734759 ], [ 951023.054100000299513, 1962228.102 ], [ 951036.680200000293553, 1962232.449999999254942 ], [ 951049.072900000028312, 1962236.415500000119209 ], [ 951063.939600000157952, 1962241.536399999633431 ], [ 951086.587700000032783, 1962241.9846 ], [ 951158.22690000012517, 1962276.318900000303984 ], [ 951187.70160000026226, 1962283.181800000369549 ], [ 951224.249900000169873, 1962284.274700000882149 ], [ 951263.982499999925494, 1962299.264499999582767 ], [ 951283.150200000032783, 1962315.6886 ], [ 951283.722799999639392, 1962314.565199999138713 ], [ 951285.018899999558926, 1962312.02419999986887 ], [ 951266.050900000147521, 1962295.771299999207258 ], [ 951227.789099999703467, 1962281.336400000378489 ], [ 951223.640700000338256, 1962280.25620000064373 ], [ 951188.219899999909103, 1962279.197000000625849 ], [ 951159.560100000351667, 1962272.523900000378489 ], [ 951086.1864, 1962237.35840000025928 ], [ 951080.356700000353158, 1962232.091299999505281 ], [ 951045.046000000089407, 1962216.910499999299645 ], [ 951006.985999999567866, 1962204.456199999898672 ], [ 950949.838200000114739, 1962191.896500000730157 ], [ 950908.427600000053644, 1962180.777200000360608 ], [ 950873.112900000065565, 1962169.729000000283122 ], [ 950843.3421, 1962142.301899999380112 ], [ 950816.246500000357628, 1962117.675799999386072 ], [ 950790.448200000450015, 1962103.916799999773502 ], [ 950740.219700000248849, 1962085.973899999633431 ], [ 950718.498499999754131, 1962076.377399999648333 ], [ 950698.098799999803305, 1962062.693 ], [ 950644.0148, 1962009.307800000533462 ], [ 950566.895100000314415, 1961930.238299999386072 ], [ 950510.551199999637902, 1961862.88539999909699 ], [ 950490.522900000214577, 1961810.982599999755621 ], [ 950464.880199999548495, 1961763.232300000265241 ], [ 950425.066599999554455, 1961697.683599999174476 ], [ 950409.039599999785423, 1961651.328600000590086 ], [ 950382.102400000207126, 1961598.109400000423193 ], [ 950355.149299999698997, 1961551.657400000840425 ], [ 950321.407700000330806, 1961501.160399999469519 ], [ 950302.436999999918044, 1961479.306700000539422 ], [ 950271.260099999606609, 1961454.62470000050962 ], [ 950240.142199999652803, 1961431.3114 ], [ 950202.073599999770522, 1961414.801999999210238 ], [ 950188.510200000368059, 1961409.2949 ], [ 950154.4682, 1961399.583000000566244 ], [ 950108.701899999752641, 1961390.243100000545382 ], [ 950079.978500000201166, 1961383.666300000622869 ], [ 950030.943400000222027, 1961382.012700000777841 ] ] ] ] } },
{ "type": "Feature", "properties": { "OBJECTID": 48, "CODE2": 0.0, "INDEXPAGE1": null, "LEVEL1": null, "NAME2": null, "RIVLEN1": 0.0, "UID1": 0.0, "INDEXPAGE2": null, "LEVEL2": null, "RIVLEN2": 0.0, "RIV_CD_1": 0.0, "RIV_NAM_1": null, "UID2": 0.0, "CODE1": 1015270.0, "INDEXPAGE": ",43", "LEVEL": ",43", "NAME1": "û43õ", "RIVLEN": 3.67, "UID": 12.0, "Shape_Leng": 7826.0441950599998, "Shape_Area": 132563.87855 }, "geometry": { "type": "MultiPolygon", "coordinates": [ [ [ [ 959423.910500000230968, 1952641.872199999168515 ], [ 959432.629999999888241, 1952640.496300000697374 ], [ 959444.802500000223517, 1952638.062400000169873 ], [ 959459.194099999964237, 1952633.717299999669194 ], [ 959479.112700000405312, 1952629.183000000193715 ], [ 959502.499099999666214, 1952624.470200000330806 ], [ 959520.092799999751151, 1952618.868599999696016 ], [ 959534.114099999889731, 1952614.445599999278784 ], [ 959543.360000000335276, 1952612.417099999263883 ], [ 959550.296400000341237, 1952610.3509 ], [ 959560.579400000162423, 1952605.987800000235438 ], [ 959580.88300000037998, 1952596.77309999987483 ], [ 959592.776499999687076, 1952590.742000000551343 ], [ 959595.585900000296533, 1952590.816999999806285 ], [ 959598.665400000289083, 1952590.940600000321865 ], [ 959603.024699999950826, 1952589.228000000119209 ], [ 959623.471199999563396, 1952578.712999999523163 ], [ 959654.487200000323355, 1952561.304300000891089 ], [ 959690.728099999949336, 1952541.418600000441074 ], [ 959722.546699999831617, 1952522.676100000739098 ], [ 959811.17879999987781, 1952465.295299999415874 ], [ 959846.326000000350177, 1952442.7665 ], [ 959874.487900000065565, 1952424.41330000013113 ], [ 959894.144500000402331, 1952408.214600000530481 ], [ 959912.132100000046194, 1952392.084799999371171 ], [ 959928.108, 1952373.626499999314547 ], [ 959941.018799999728799, 1952355.88429999910295 ], [ 959952.78249999973923, 1952336.728700000792742 ], [ 959962.027999999932945, 1952317.726399999111891 ], [ 959970.739099999889731, 1952297.8673 ], [ 959983.610100000165403, 1952267.000099999830127 ], [ 960006.212500000372529, 1952212.649700000882149 ], [ 960026.961600000038743, 1952163.187400000169873 ], [ 960072.284500000067055, 1952052.256899999454618 ], [ 960143.944099999964237, 1951878.629100000485778 ], [ 960189.982900000177324, 1951766.964999999850988 ], [ 960240.247600000351667, 1951647.301400000229478 ], [ 960257.769299999810755, 1951603.724099999293685 ], [ 960284.604299999773502, 1951536.9858 ], [ 960343.97510000038892, 1951383.396099999547005 ], [ 960390.459099999628961, 1951257.704900000244379 ], [ 960406.976099999621511, 1951216.931900000199676 ], [ 960451.384300000034273, 1951095.640100000426173 ], [ 960452.769000000320375, 1951090.974500000476837 ], [ 960454.583399999886751, 1951086.286499999463558 ], [ 960455.893000000156462, 1951082.540899999439716 ], [ 960455.513899999670684, 1951077.054999999701977 ], [ 960454.84360000025481, 1951071.320599999278784 ], [ 960455.683100000023842, 1951065.638299999758601 ], [ 960456.536000000312924, 1951060.605599999427795 ], [ 960457.411999999545515, 1951056.162499999627471 ], [ 960459.591400000266731, 1951052.442299999296665 ], [ 960461.840400000102818, 1951048.641699999570847 ], [ 960463.430700000375509, 1951043.175300000235438 ], [ 960469.069500000216067, 1951028.310699999332428 ], [ 960471.191300000064075, 1951017.513399999588728 ], [ 960473.806300000287592, 1950992.31870000064373 ], [ 960477.590099999681115, 1950938.7982 ], [ 960476.54009999986738, 1950880.485200000926852 ], [ 960476.141900000162423, 1950871.390699999406934 ], [ 960475.299399999901652, 1950855.830900000408292 ], [ 960474.667700000107288, 1950844.188500000163913 ], [ 960474.395700000226498, 1950832.52419999986887 ], [ 960474.983900000341237, 1950820.955299999564886 ], [ 960475.85329999960959, 1950809.624900000169873 ], [ 960476.477800000458956, 1950799.235400000587106 ], [ 960477.027200000360608, 1950784.118000000715256 ], [ 960478.407999999821186, 1950750.532999999821186 ], [ 960478.408900000154972, 1950737.547700000926852 ], [ 960477.056699999608099, 1950710.7347999997437 ], [ 960476.658499999903142, 1950703.5395 ], [ 960476.168399999849498, 1950695.9649 ], [ 960474.989599999971688, 1950686.714600000530481 ], [ 960473.060399999842048, 1950679.207599999383092 ], [ 960470.80420000012964, 1950672.2522 ], [ 960468.637900000438094, 1950665.2862 ], [ 960464.950299999676645, 1950654.199899999424815 ], [ 960447.166199999861419, 1950612.739800000563264 ], [ 960409.294499999843538, 1950517.726199999451637 ], [ 960401.843399999663234, 1950498.20299999974668 ], [ 960401.262199999764562, 1950496.0669 ], [ 960400.862599999643862, 1950492.350299999117851 ], [ 960400.755599999800324, 1950489.142100000753999 ], [ 960401.771999999880791, 1950486.657600000500679 ], [ 960255.430100000463426, 1950536.347999999299645 ], [ 960259.023299999535084, 1950537.198599999770522 ], [ 960264.756799999624491, 1950540.137000000104308 ], [ 960270.193400000222027, 1950543.626800000667572 ], [ 960277.017099999822676, 1950548.558700000867248 ], [ 960283.514899999834597, 1950554.221999999135733 ], [ 960291.346800000406802, 1950560.757999999448657 ], [ 960299.704699999652803, 1950568.460699999704957 ], [ 960306.627299999818206, 1950575.0614 ], [ 960313.610500000417233, 1950581.791799999773502 ], [ 960319.297500000335276, 1950587.259500000625849 ], [ 960325.086500000208616, 1950593.106599999591708 ], [ 960328.990500000305474, 1950597.884099999442697 ], [ 960332.230499999597669, 1950603.7347 ], [ 960334.650299999862909, 1950609.509700000286102 ], [ 960337.682799999602139, 1950619.579800000414252 ], [ 960356.198599999770522, 1950685.85700000077486 ], [ 960356.608300000429153, 1950689.5735 ], [ 960357.712199999950826, 1950697.904500000178814 ], [ 960358.592299999669194, 1950703.627699999138713 ], [ 960359.673600000329316, 1950707.700500000268221 ], [ 960362.408699999563396, 1950710.7347999997437 ], [ 960366.955400000326335, 1950712.300100000575185 ], [ 960373.863699999637902, 1950716.211899999529123 ], [ 960375.737300000153482, 1950722.659499999135733 ], [ 960376.200500000268221, 1950734.572699999436736 ], [ 960376.935499999672174, 1950744.955 ], [ 960376.983799999579787, 1950744.634800000116229 ], [ 960377.695199999958277, 1950746.8202 ], [ 960379.55460000038147, 1950752.488299999386072 ], [ 960383.844200000166893, 1950762.091900000348687 ], [ 960387.206399999558926, 1950772.1403 ], [ 960390.939299999736249, 1950786.105399999767542 ], [ 960394.323900000192225, 1950800.352099999785423 ], [ 960397.087299999780953, 1950812.462999999523163 ], [ 960399.77280000038445, 1950823.074799999594688 ], [ 960405.783099999651313, 1950834.818499999120831 ], [ 960407.732400000095367, 1950838.5767 ], [ 960411.532599999569356, 1950840.765699999406934 ], [ 960415.582700000144541, 1950839.174799999222159 ], [ 960419.981499999761581, 1950839.261299999430776 ], [ 960422.990600000135601, 1950843.053899999707937 ], [ 960422.16509999986738, 1950851.365299999713898 ], [ 960419.85869999974966, 1950857.5153 ], [ 960419.482499999925494, 1950863.83500000089407 ], [ 960422.618800000287592, 1950870.875700000673532 ], [ 960423.802299999631941, 1950877.246999999508262 ], [ 960422.736600000411272, 1950891.137599999085069 ], [ 960422.780299999751151, 1950906.871600000187755 ], [ 960423.694799999706447, 1950917.183000000193715 ], [ 960425.553700000047684, 1950934.006899999454618 ], [ 960427.745299999602139, 1950960.775399999693036 ], [ 960428.253399999812245, 1950973.597999999299645 ], [ 960428.527900000102818, 1950987.621400000527501 ], [ 960428.242999999783933, 1950999.838400000706315 ], [ 960427.774000000208616, 1951011.266699999570847 ], [ 960426.876299999654293, 1951021.027899999171495 ], [ 960425.065100000239909, 1951033.8429000005126 ], [ 960423.628899999894202, 1951045.726099999621511 ], [ 960421.464300000108778, 1951059.742499999701977 ], [ 960418.755699999630451, 1951069.213500000536442 ], [ 960416.846199999563396, 1951074.821599999442697 ], [ 960413.231800000183284, 1951083.147700000554323 ], [ 960410.341400000266731, 1951090.39049999974668 ], [ 960405.738499999977648, 1951100.801100000739098 ], [ 960383.217600000090897, 1951164.847500000149012 ], [ 960357.806900000199676, 1951230.6086 ], [ 960351.246100000105798, 1951252.555400000885129 ], [ 960257.3284, 1951511.46030000038445 ], [ 960254.934399999678135, 1951518.060599999502301 ], [ 960214.137299999594688, 1951626.6579 ], [ 960146.377100000157952, 1951794.806900000199676 ], [ 960088.649600000120699, 1951935.962400000542402 ], [ 960037.673700000159442, 1952064.746500000357628 ], [ 959991.317200000397861, 1952180.570800000801682 ], [ 959958.254700000397861, 1952254.85950000025332 ], [ 959939.321600000374019, 1952294.3059 ], [ 959923.287299999967217, 1952324.3202 ], [ 959904.919200000353158, 1952351.587999999523163 ], [ 959889.509800000116229, 1952371.322799999266863 ], [ 959871.430200000293553, 1952388.92259999923408 ], [ 959852.636699999682605, 1952403.897099999710917 ], [ 959832.471599999815226, 1952416.579800000414252 ], [ 959804.930800000205636, 1952435.1996 ], [ 959780.500599999912083, 1952448.504799999296665 ], [ 959731.690200000070035, 1952478.883500000461936 ], [ 959669.435100000351667, 1952514.971599999815226 ], [ 959618.564600000157952, 1952543.312100000679493 ], [ 959580.154299999587238, 1952561.279899999499321 ], [ 959542.392500000074506, 1952579.014499999582767 ], [ 959507.363699999637902, 1952593.735500000417233 ], [ 959484.654299999587238, 1952603.56279999949038 ], [ 959462.551599999889731, 1952610.9178 ], [ 959444.526899999938905, 1952616.311799999326468 ], [ 959426.117700000293553, 1952622.727399999275804 ], [ 959412.85080000013113, 1952626.146800000220537 ], [ 959404.743800000287592, 1952628.02930000051856 ], [ 959395.580900000408292, 1952628.737800000235438 ], [ 959355.181699999608099, 1952631.741699999198318 ], [ 959167.666899999603629, 1952642.376000000163913 ], [ 959137.21239999961108, 1952643.207800000905991 ], [ 959119.248399999924004, 1952643.093499999493361 ], [ 959107.728099999949336, 1952642.245100000873208 ], [ 959098.072700000368059, 1952640.567199999466538 ], [ 959089.31319999974221, 1952638.194700000807643 ], [ 959079.799800000153482, 1952635.0165 ], [ 959070.621299999766052, 1952630.916799999773502 ], [ 959061.894899999722838, 1952627.2346 ], [ 959051.721499999985099, 1952622.130599999800324 ], [ 959043.870600000023842, 1952619.543400000780821 ], [ 959036.247999999672174, 1952618.534299999475479 ], [ 959029.538800000213087, 1952618.230100000277162 ], [ 959015.043399999849498, 1952616.218000000342727 ], [ 959005.513299999758601, 1952613.669700000435114 ], [ 958993.338200000114739, 1952608.116499999538064 ], [ 958981.869400000199676, 1952601.9199 ], [ 958973.36710000038147, 1952599.026200000196695 ], [ 958956.70920000039041, 1952592.637199999764562 ], [ 958942.022199999541044, 1952584.678300000727177 ], [ 958922.087700000032783, 1952571.189300000667572 ], [ 958903.298799999989569, 1952558.833799999207258 ], [ 958876.580400000326335, 1952536.644200000911951 ], [ 958835.237999999895692, 1952501.42710000090301 ], [ 958795.656899999827147, 1952468.439799999818206 ], [ 958793.213100000284612, 1952467.55320000089705 ], [ 958790.645100000314415, 1952465.887499999254942 ], [ 958788.534599999897182, 1952463.769500000402331 ], [ 958786.199599999934435, 1952460.782999999821186 ], [ 958784.238300000317395, 1952456.654899999499321 ], [ 958782.157599999569356, 1952454.496799999848008 ], [ 958777.149400000460446, 1952450.7248 ], [ 958761.63260000012815, 1952440.880999999120831 ], [ 958755.374099999666214, 1952436.965800000354648 ], [ 958742.603400000371039, 1952426.577500000596046 ], [ 958732.856800000183284, 1952419.022199999541044 ], [ 958718.220300000160933, 1952407.40430000051856 ], [ 958705.440299999900162, 1952399.025399999693036 ], [ 958689.252399999648333, 1952390.784600000828505 ], [ 958670.400600000284612, 1952383.5176 ], [ 958656.329400000162423, 1952378.564300000667572 ], [ 958640.879800000227988, 1952373.828299999237061 ], [ 958625.254499999806285, 1952369.88289999961853 ], [ 958606.367999999783933, 1952365.484999999403954 ], [ 958592.91579999960959, 1952364.147099999710917 ], [ 958573.197900000028312, 1952363.20240000076592 ], [ 958554.94469999987632, 1952363.229599999263883 ], [ 958541.004300000146031, 1952364.063500000163913 ], [ 958501.236399999819696, 1952369.253200000151992 ], [ 958483.574199999682605, 1952373.265799999237061 ], [ 958442.307500000111759, 1952384.201500000432134 ], [ 958428.189100000075996, 1952389.184800000861287 ], [ 958426.500599999912083, 1952394.971699999645352 ], [ 958422.861999999731779, 1952394.99100000038743 ], [ 958420.321100000292063, 1952396.524000000208616 ], [ 958415.61699999962002, 1952395.439400000497699 ], [ 958411.987900000065565, 1952395.348799999803305 ], [ 958376.655600000172853, 1952407.532400000840425 ], [ 958339.436599999666214, 1952422.075200000777841 ], [ 958302.974200000055134, 1952436.034199999645352 ], [ 958259.278099999763072, 1952452.570800000801682 ], [ 958273.946100000292063, 1952469.003799999132752 ], [ 958275.911299999803305, 1952471.20549999922514 ], [ 958304.136199999600649, 1952459.03969999961555 ], [ 958325.446100000292063, 1952449.209799999371171 ], [ 958342.034799999557436, 1952440.694599999114871 ], [ 958358.737999999895692, 1952433.048499999567866 ], [ 958373.216900000348687, 1952430.082499999552965 ], [ 958390.466500000096858, 1952425.552300000563264 ], [ 958402.820600000210106, 1952423.407400000840425 ], [ 958418.055200000293553, 1952419.687599999830127 ], [ 958466.457100000232458, 1952402.69620000012219 ], [ 958502.984299999661744, 1952389.646500000730157 ], [ 958534.82660000026226, 1952382.8695 ], [ 958551.735500000417233, 1952381.939799999818206 ], [ 958566.880099999718368, 1952381.95920000039041 ], [ 958583.707700000144541, 1952382.669399999082088 ], [ 958595.858300000429153, 1952383.614299999549985 ], [ 958612.623499999754131, 1952385.744300000369549 ], [ 958629.132399999536574, 1952388.535399999469519 ], [ 958641.936999999918044, 1952392.155899999663234 ], [ 958657.998399999924004, 1952397.278599999845028 ], [ 958682.929399999789894, 1952406.70240000076592 ], [ 958699.512699999846518, 1952414.091499999165535 ], [ 958721.542999999597669, 1952426.929500000551343 ], [ 958752.87569999974221, 1952452.133500000461936 ], [ 958788.180800000205636, 1952481.814799999818206 ], [ 958819.754300000146031, 1952509.056700000539422 ], [ 958837.221499999985099, 1952522.5373 ], [ 958850.820600000210106, 1952533.032600000500679 ], [ 958883.217600000090897, 1952557.24129999987781 ], [ 958884.120699999853969, 1952558.0954 ], [ 958903.482200000435114, 1952576.406400000676513 ], [ 958916.42850000038743, 1952585.983999999240041 ], [ 958952.930700000375509, 1952607.691800000146031 ], [ 958965.030899999663234, 1952616.064300000667572 ], [ 959012.169800000265241, 1952641.643999999389052 ], [ 959027.573099999688566, 1952639.56279999949038 ], [ 959030.372800000011921, 1952639.69789999909699 ], [ 959034.862700000405312, 1952639.99379999935627 ], [ 959043.061900000087917, 1952642.28940000012517 ], [ 959054.388000000268221, 1952646.0877 ], [ 959066.969499999657273, 1952649.1096 ], [ 959076.194899999536574, 1952650.7599 ], [ 959085.359600000083447, 1952652.260600000619888 ], [ 959093.833200000226498, 1952653.525000000372529 ], [ 959106.318099999800324, 1952655.307900000363588 ], [ 959121.234699999913573, 1952657.557700000703335 ], [ 959127.975999999791384, 1952658.271500000730157 ], [ 959134.485000000335276, 1952658.536800000816584 ], [ 959153.301599999889731, 1952659.1864 ], [ 959168.416799999773502, 1952659.3158 ], [ 959181.209400000050664, 1952658.817900000140071 ], [ 959215.246199999935925, 1952657.572699999436736 ], [ 959229.172600000165403, 1952657.063300000503659 ], [ 959260.263700000010431, 1952655.648299999535084 ], [ 959302.979899999685585, 1952652.232100000604987 ], [ 959349.526700000278652, 1952647.326099999248981 ], [ 959385.730700000189245, 1952644.934299999848008 ], [ 959404.160199999809265, 1952644.216399999335408 ], [ 959415.220499999821186, 1952643.167999999597669 ], [ 959423.910500000230968, 1952641.872199999168515 ] ] ] ] } }
]
}
