{
"type": "FeatureCollection",
"name": "Seoul",
"crs": { "type": "name", "properties": { "name": "urn:ogc:def:crs:EPSG::5179" } },
"features": [
{ "type": "Feature", "properties": { "base_year": "2015", "adm_dr_cd": "1115051", "adm_dr_nm": "목1동", "OID_": 222, "adm_dr_c_1": 1115051, "adm_dr": "목1동", "Pop_15": 15151, "Code": "1115051", "Areas": 1.57373 }, "geometry": { "type": "MultiPolygon", "coordinates": [ [ [ [ 948190.500150000676513, 1938035.000100000295788 ], [ 948172.250150000443682, 1938018.750100000295788 ], [ 948164.572050001239404, 1938011.834099999861792 ], [ 948164.062150000478141, 1938011.375100000295788 ], [ 948130.438149999361485, 1937978.250099998898804 ], [ 948107.18815000122413, 1937958.375099999830127 ], [ 948099.328150000073947, 1937951.760099999606609 ], [ 948093.375149999279529, 1937946.750100000761449 ], [ 948083.500150000210851, 1937938.375099999364465 ], [ 948062.62514999974519, 1937906.625100000761449 ], [ 948061.375150000327267, 1937904.625100000295788 ], [ 948052.875149999978021, 1937895.750100000761449 ], [ 948051.292150001041591, 1937894.084100000560284 ], [ 948043.250150001375005, 1937885.625099999131635 ], [ 948034.39915000135079, 1937882.266100000590086 ], [ 948031.062850000802428, 1937881.000100000761449 ], [ 948025.086050000041723, 1937878.673000001348555 ], [ 948024.00014999974519, 1937878.250099999131635 ], [ 948015.437850000802428, 1937875.375100000761449 ], [ 948013.517049999441952, 1937874.743199999444187 ], [ 948005.938149999710731, 1937872.250099999830127 ], [ 947985.188150000525638, 1937837.875099998898804 ], [ 947983.806050000712276, 1937834.87910000118427 ], [ 947980.000150000210851, 1937826.625099999364465 ], [ 947979.504050000337884, 1937821.238099998794496 ], [ 947979.125150000210851, 1937817.125099999830127 ], [ 947976.357150000520051, 1937809.51410000026226 ], [ 947971.125150000443682, 1937795.125099998898804 ], [ 947956.563150000758469, 1937781.125099999830127 ], [ 947949.768149999668822, 1937778.235099999699742 ], [ 947945.688150000409223, 1937776.500099999364465 ], [ 947942.164150000433438, 1937774.943099999800324 ], [ 947940.3131500009913, 1937774.125099999364465 ], [ 947925.81315000122413, 1937761.125099999364465 ], [ 947924.653050000313669, 1937758.6841 ], [ 947924.625550001394004, 1937758.624600000213832 ], [ 947924.483750000596046, 1937758.308700000867248 ], [ 947922.522150000091642, 1937754.058199999388307 ], [ 947916.625149999978021, 1937741.250199999194592 ], [ 947915.938150000176392, 1937738.875199999194592 ], [ 947914.813149999827147, 1937736.500199999427423 ], [ 947905.564349999185652, 1937716.502200000919402 ], [ 947905.688149999594316, 1937702.000199999427423 ], [ 947905.813150000874884, 1937690.157199998851866 ], [ 947905.813150000874884, 1937690.125200000125915 ], [ 947889.313150000758469, 1937673.375199999660254 ], [ 947884.5631500009913, 1937665.750199999194592 ], [ 947880.46004999987781, 1937659.218099999474362 ], [ 947878.125150001258589, 1937655.500199998728931 ], [ 947846.563150000758469, 1937550.750199999194592 ], [ 947838.439049999695271, 1937523.625199999194592 ], [ 947838.429050000850111, 1937523.590100000612438 ], [ 947834.187350001651794, 1937505.249500001780689 ], [ 947824.489049999974668, 1937498.055199998663738 ], [ 947813.125149999978021, 1937489.625199999660254 ], [ 947787.50014999974519, 1937476.875200000358745 ], [ 947782.602149999933317, 1937466.603099999018013 ], [ 947778.500150000909343, 1937458.000200000358745 ], [ 947767.625150000676513, 1937441.750200000591576 ], [ 947765.297150001395494, 1937438.258199999574572 ], [ 947757.375150000094436, 1937426.375199998728931 ], [ 947756.806050000130199, 1937419.5452 ], [ 947756.625150001258589, 1937417.375199999660254 ], [ 947756.063150000525638, 1937410.375199999194592 ], [ 947750.907150001265109, 1937398.775099999736995 ], [ 947745.06315000122413, 1937385.625199999194592 ], [ 947725.375150001142174, 1937367.125200000591576 ], [ 947709.295150001300499, 1937358.191100000403821 ], [ 947691.625149999978021, 1937348.375199999660254 ], [ 947666.905050000175834, 1937340.544199998956174 ], [ 947652.563150000409223, 1937336.000199999660254 ], [ 947644.625150000909343, 1937333.500200000591576 ], [ 947642.891150001203641, 1937333.401200001128018 ], [ 947642.43815000122413, 1937333.375199999427423 ], [ 947598.313150000292808, 1937330.250200000824407 ], [ 947583.997050000354648, 1937326.9352 ], [ 947572.938150000525638, 1937324.375200000591576 ], [ 947568.757050000829622, 1937324.248199999565259 ], [ 947564.688150000409223, 1937324.125200000125915 ], [ 947559.085049999412149, 1937323.930199999827892 ], [ 947551.081150001147762, 1937329.2051 ], [ 947518.28525000042282, 1937346.707300000824034 ], [ 947506.411050000111572, 1937323.964299999177456 ], [ 947495.587249999749474, 1937328.62690000096336 ], [ 947477.263149999664165, 1937360.514299998991191 ], [ 947475.172499710228294, 1937360.463812058558688 ], [ 947469.646049999631941, 1937360.330399999395013 ], [ 947469.625149999512359, 1937360.375200000591576 ], [ 947460.313150000292808, 1937361.375199999660254 ], [ 947455.447050000540912, 1937362.032200000248849 ], [ 947445.500150001375005, 1937363.375200000125915 ], [ 947441.433149999706075, 1937363.953199999174103 ], [ 947434.063150000292808, 1937365.000199998961762 ], [ 947433.07315000006929, 1937365.09919999865815 ], [ 947432.813150000758469, 1937365.125200000125915 ], [ 947430.340050001395866, 1937365.4742 ], [ 947418.625149999512359, 1937367.125200000591576 ], [ 947413.402150001726113, 1937367.72419999865815 ], [ 947411.000150001375005, 1937368.000200000591576 ], [ 947406.000150001258589, 1937368.625200000591576 ], [ 947405.869049999630079, 1937368.654200000688434 ], [ 947405.438150000525638, 1937368.750199999660254 ], [ 947405.359600166324526, 1937368.759401415940374 ], [ 947398.742150001227856, 1937369.534199999179691 ], [ 947391.563150000525638, 1937370.375200000591576 ], [ 947386.962149999570101, 1937370.988100000657141 ], [ 947385.000149999512359, 1937371.250200000591576 ], [ 947384.408050000900403, 1937371.304099998436868 ], [ 947383.627749999985099, 1937371.375099998898804 ], [ 947364.563149999594316, 1937373.750100000761449 ], [ 947323.750150001142174, 1937376.375099998898804 ], [ 947318.019150001229718, 1937376.762099999235943 ], [ 947314.50014999974519, 1937377.000100000761449 ], [ 947296.125150000327267, 1937377.875100000761449 ], [ 947283.375150000909343, 1937378.500100000761449 ], [ 947283.338050000369549, 1937378.501099999528378 ], [ 947280.189100068062544, 1937378.587102469988167 ], [ 947280.083050002111122, 1937378.589999998919666 ], [ 947278.813050000346266, 1937378.625000000931323 ], [ 947278.313049999647774, 1937378.625000000931323 ], [ 947277.706050000269897, 1937378.700999999651685 ], [ 947277.313050000462681, 1937378.75 ], [ 947276.646050000796095, 1937378.75 ], [ 947275.375050000147894, 1937378.75 ], [ 947231.3510500008706, 1937380.854999999515712 ], [ 947202.18805, 1937382.250000000232831 ], [ 947201.346049999818206, 1937382.250000000232831 ], [ 947201.13855000003241, 1937382.250000000232831 ], [ 947195.746649999869987, 1937382.506700000260025 ], [ 947195.158050000318326, 1937382.538000001106411 ], [ 947192.484049999737181, 1937382.661000000312924 ], [ 947191.196050002006814, 1937382.721999999601394 ], [ 947190.813050001161173, 1937382.750000000931323 ], [ 947189.144050000351854, 1937382.816999999340624 ], [ 947181.500050000846386, 1937383.125000000465661 ], [ 947165.438050001394004, 1937383.874999999068677 ], [ 947164.938050000695512, 1937399.000000000698492 ], [ 947167.810750000644475, 1937424.9411 ], [ 947167.550459331367165, 1937460.33800043608062 ], [ 947167.143328713602386, 1937515.709800209617242 ], [ 947166.969250001013279, 1937539.38069999916479 ], [ 947161.470754930167459, 1937579.217207581503317 ], [ 947160.500050001312047, 1937586.250000000931323 ], [ 947156.771049999631941, 1937586.291999998502433 ], [ 947149.438049999764189, 1937586.375 ], [ 947141.105050000594929, 1937588.026000000536442 ], [ 947128.625049999449402, 1937590.5 ], [ 947127.998050002148375, 1937590.583999999798834 ], [ 947127.688050001394004, 1937590.624999999068677 ], [ 947109.415102224098518, 1937617.494001515675336 ], [ 947101.250050001195632, 1937629.499999999301508 ], [ 947090.780050001572818, 1937634.983999999705702 ], [ 947090.750066666048951, 1937635.000033333897591 ], [ 947087.738049999810755, 1937637.476050001103431 ], [ 947081.625050000147894, 1937642.500050000846386 ], [ 947055.983050000621006, 1937663.285950001794845 ], [ 947048.625049999915063, 1937669.250050001312047 ], [ 947043.717050001258031, 1937673.315050001023337 ], [ 947022.063049999531358, 1937691.25005 ], [ 947017.876050001592375, 1937694.63705 ], [ 947016.500049999915063, 1937695.750049999449402 ], [ 947003.659049999900162, 1937700.768049999838695 ], [ 946994.750050001544878, 1937704.25005 ], [ 946964.865033333189785, 1937745.626700001070276 ], [ 946961.620099998777732, 1937755.997200000565499 ], [ 946955.500099998898804, 1937775.500200001057237 ], [ 946946.735100000863895, 1937785.792199999559671 ], [ 946939.000099998898804, 1937794.875200001755729 ], [ 946922.063099999213591, 1937808.000200000591576 ], [ 946914.81310000049416, 1937811.250200000591576 ], [ 946897.188099999912083, 1937819.250200000125915 ], [ 946885.797100000781938, 1937824.55220000189729 ], [ 946880.000099998898804, 1937827.250200000125915 ], [ 946867.500099999830127, 1937833.125200000125915 ], [ 946864.017000000108965, 1937838.400200001429766 ], [ 946843.813099999912083, 1937869.000200001057237 ], [ 946840.609099999535829, 1937874.927200002130121 ], [ 946838.813099999912083, 1937878.250200000125915 ], [ 946833.076100000645965, 1937889.005200001876801 ], [ 946830.813100000144914, 1937893.250200000591576 ], [ 946829.760829853941686, 1937895.2090160374064 ], [ 946829.00459999893792, 1937896.616699999663979 ], [ 946823.625099999364465, 1937906.750200001057237 ], [ 946814.50009999924805, 1937940.875200001522899 ], [ 946811.380099998903461, 1937955.520200000377372 ], [ 946809.813100000610575, 1937962.875200000125915 ], [ 946816.375100000645034, 1937969.250200001057237 ], [ 946829.394999999552965, 1937981.833200001390651 ], [ 946842.500099999364465, 1937994.500199999660254 ], [ 946844.035100001026876, 1937995.399200001731515 ], [ 946845.063099999446422, 1937996.000200001522899 ], [ 946856.242100001079962, 1938002.09819999942556 ], [ 946856.749699999112636, 1938002.375700000673532 ], [ 946864.063100000610575, 1938000.625200000125915 ], [ 946902.438100000377744, 1937991.625200001290068 ], [ 946912.497000001138076, 1937994.186200001742691 ], [ 946929.438099999213591, 1937998.500200000591576 ], [ 946940.875100000295788, 1938001.375200001057237 ], [ 946970.869099999312311, 1938015.8722 ], [ 946972.402099998900667, 1938020.50719999964349 ], [ 946976.563099999679253, 1938033.125199999660254 ], [ 946976.875100000062957, 1938034.000199999660254 ], [ 946976.233599355444312, 1938035.94599978858605 ], [ 946974.93810000072699, 1938039.875199999893084 ], [ 946974.532100001350045, 1938041.22719999961555 ], [ 946974.188099999679253, 1938042.375200001057237 ], [ 946962.000099998898804, 1938066.625200000591576 ], [ 946944.813099998864345, 1938073.000200001522899 ], [ 946936.564000001060776, 1938076.028200002387166 ], [ 946934.938099999912083, 1938076.625200000824407 ], [ 946896.750099999364465, 1938074.625200000358745 ], [ 946896.088000001502223, 1938074.586200001183897 ], [ 946890.375100000761449, 1938074.250200001057237 ], [ 946873.912100000074133, 1938096.232200001366436 ], [ 946868.000100000528619, 1938104.125200000125915 ], [ 946851.272099999943748, 1938142.401200000196695 ], [ 946845.875100000528619, 1938154.750200001057237 ], [ 946834.878099999856204, 1938281.336200000718236 ], [ 946834.87509999901522, 1938281.375200000125915 ], [ 946830.063099999213591, 1938303.500200000125915 ], [ 946840.874099999433383, 1938329.382700001355261 ], [ 946838.188100000144914, 1938350.250200001057237 ], [ 946835.250100000645034, 1938373.000200000591576 ], [ 946833.875099999830127, 1938383.875200001057237 ], [ 946833.625099999597296, 1938385.625200001057237 ], [ 946826.712099999887869, 1938400.953200000338256 ], [ 946822.125099999597296, 1938411.125200000125915 ], [ 946814.767000000108965, 1938426.9202 ], [ 946805.063100000843406, 1938447.750199999660254 ], [ 946798.384999998728745, 1938460.640200002118945 ], [ 946794.313099999679253, 1938468.500200001057237 ], [ 946791.959099998697639, 1938476.326200001407415 ], [ 946789.50010000099428, 1938484.500200000591576 ], [ 946779.500100000761449, 1938518.000200001522899 ], [ 946769.625699998810887, 1938556.120966667775065 ], [ 946741.125099998898804, 1938588.375200000125915 ], [ 946709.188099998864345, 1938619.500200001057237 ], [ 946700.277199999429286, 1938626.730300000403076 ], [ 946698.250099999713711, 1938628.375200000591576 ], [ 946688.937799999606796, 1938635.875199999660254 ], [ 946688.910000000149012, 1938635.898100001970306 ], [ 946683.66100000066217, 1938640.234199999598786 ], [ 946683.19770000083372, 1938640.616400001337752 ], [ 946668.500099999364465, 1938652.625200000125915 ], [ 946659.813099999912083, 1938659.750199999893084 ], [ 946654.375099999131635, 1938664.250200001522899 ], [ 946649.875099999830127, 1938666.000200001522899 ], [ 946637.563100000843406, 1938670.875200000591576 ], [ 946603.36253123905044, 1938682.991188187152147 ], [ 946598.750100000528619, 1938684.625200001290068 ], [ 946584.500099999131635, 1938689.625300000188872 ], [ 946547.062799999839626, 1938678.375200001755729 ], [ 946538.571999999461696, 1938675.855300001334399 ], [ 946537.375100000877865, 1938675.500200001057237 ], [ 946534.851200001081452, 1938677.794399999314919 ], [ 946533.250100000877865, 1938679.25020000198856 ], [ 946513.706099999137223, 1938722.71720000077039 ], [ 946510.938099999446422, 1938728.875200001057237 ], [ 946483.688100000377744, 1938759.875200001057237 ], [ 946473.438000001129694, 1938768.87510000099428 ], [ 946469.179800000856631, 1938785.886300001526251 ], [ 946469.04700000025332, 1938786.396200000308454 ], [ 946468.750100000295788, 1938787.500300000421703 ], [ 946468.181913562351838, 1938789.819803323363885 ], [ 946467.777099999366328, 1938791.472300002118573 ], [ 946467.188100000377744, 1938793.875300001353025 ], [ 946465.125100000877865, 1938802.125300001353025 ], [ 946464.420100000686944, 1938804.879200001247227 ], [ 946463.750100000062957, 1938807.500300000887364 ], [ 946462.063099998980761, 1938843.375300001585856 ], [ 946462.328099998878315, 1938852.012200001161546 ], [ 946462.688100000843406, 1938863.750300001353025 ], [ 946462.728000000119209, 1938865.778200002387166 ], [ 946462.750099998782389, 1938866.8753 ], [ 946462.445100000826642, 1938870.531299999449402 ], [ 946462.250100000295788, 1938872.875300001353025 ], [ 946461.076099999481812, 1938886.06529999896884 ], [ 946460.62509999924805, 1938891.12529999949038 ], [ 946461.024100000504404, 1938892.202199999708682 ], [ 946462.063099998980761, 1938895.000300001353025 ], [ 946462.046000000787899, 1938897.5252 ], [ 946462.000100000062957, 1938904.454200000502169 ], [ 946462.000100000062957, 1938904.500300000887364 ], [ 946484.091399999801069, 1938943.665700001409277 ], [ 946495.090999999665655, 1938976.275200002361089 ], [ 946510.625100000295788, 1938980.625199999660254 ], [ 946526.51000000082422, 1938977.010200001299381 ], [ 946541.938099999213591, 1938973.500200000125915 ], [ 946555.750100000179373, 1938960.250199999893084 ], [ 946561.324999999837019, 1938959.666199999162927 ], [ 946570.063100000610575, 1938958.750200000125915 ], [ 946578.250099999597296, 1938964.125700002303347 ], [ 946562.163121675606817, 1939003.329708895878866 ], [ 946561.565899999113753, 1939004.785100000910461 ], [ 946553.937399999704212, 1939023.375300000887364 ], [ 946553.934300000080839, 1939023.383200000971556 ], [ 946551.257000000216067, 1939030.753200000617653 ], [ 946511.750100000645034, 1939139.500200000125915 ], [ 946484.938099999912083, 1939213.375200001290068 ], [ 946484.610100001096725, 1939214.356200001202524 ], [ 946484.56310000049416, 1939214.500200001522899 ], [ 946483.93810000072699, 1939216.25020000198856 ], [ 946479.746000001206994, 1939227.758200000971556 ], [ 946473.37510000099428, 1939245.250200001057237 ], [ 946472.933100000838749, 1939246.5272000010591 ], [ 946472.813100000144914, 1939246.875199999893084 ], [ 946469.681588242063299, 1939256.496196173829958 ], [ 946468.502999999793246, 1939260.117000001017004 ], [ 946458.002000000094995, 1939292.044199999654666 ], [ 946448.438099999446422, 1939321.125200000591576 ], [ 946448.256100000813603, 1939321.779200002551079 ], [ 946448.125100000062957, 1939322.250200000824407 ], [ 946423.000100000528619, 1939398.875200001057237 ], [ 946422.891099999891594, 1939399.165200001792982 ], [ 946422.625099998898804, 1939399.875200000358745 ], [ 946422.487710340297781, 1939400.293603396974504 ], [ 946421.185700000962242, 1939404.258400001795962 ], [ 946420.858000000705943, 1939405.370300001464784 ], [ 946420.563100000610575, 1939406.375300001353025 ], [ 946416.303100000368431, 1939419.26630000025034 ], [ 946411.063100001076236, 1939435.1253 ], [ 946408.063799999421462, 1939444.372500002849847 ], [ 946400.375099999946542, 1939447.00029999949038 ], [ 946385.003100001020357, 1939452.111200001556426 ], [ 946375.563099999679253, 1939455.25029999949038 ], [ 946369.313100000144914, 1939456.875300000654534 ], [ 946352.313099999213591, 1939461.250300000887364 ], [ 946333.438099999330007, 1939453.000300000887364 ], [ 946324.250100000295788, 1939443.625300000421703 ], [ 946318.22600000037346, 1939437.60120000061579 ], [ 946316.250100000528619, 1939435.625300000887364 ], [ 946305.500099999364465, 1939409.375300000887364 ], [ 946293.43810000072699, 1939382.875300000421703 ], [ 946293.024099999805912, 1939382.324200000846758 ], [ 946292.875099998898804, 1939382.12529999949038 ], [ 946292.652999999001622, 1939381.847300002118573 ], [ 946290.875100000645034, 1939379.625300000421703 ], [ 946283.775000000721775, 1939370.4513 ], [ 946279.750100000062957, 1939365.2503 ], [ 946267.114000000990927, 1939367.186200001742691 ], [ 946265.063000000314787, 1939367.500300000887364 ], [ 946258.772699999623001, 1939374.304500001948327 ], [ 946244.179300000425428, 1939397.2165 ], [ 946222.667999999364838, 1939407.901500000152737 ], [ 946211.31730000115931, 1939408.098800001433119 ], [ 946191.563099999562837, 1939403.0003 ], [ 946186.250100000179373, 1939402.75029999949038 ], [ 946182.182999999728054, 1939402.62220000103116 ], [ 946178.313099999446422, 1939402.500200000591576 ], [ 946170.349100000341423, 1939403.495200001168996 ], [ 946168.313099999213591, 1939403.750200000125915 ], [ 946160.485099999117665, 1939404.787200000835583 ], [ 946147.563100000028498, 1939406.500200001522899 ], [ 946137.412100001238286, 1939408.48520000022836 ], [ 946125.188099999679253, 1939410.875199999660254 ], [ 946118.338999998988584, 1939413.354200001806021 ], [ 946117.938000000081956, 1939413.500100001227111 ], [ 946117.499999999534339, 1939413.625100000295788 ], [ 946116.182000000495464, 1939414.152100001461804 ], [ 946115.625000000232831, 1939414.375100001227111 ], [ 946111.938000000780448, 1939415.750100001925603 ], [ 946111.504409476649016, 1939415.97951791388914 ], [ 946105.164000000804663, 1939419.333100001327693 ], [ 946102.250000001164153, 1939420.875100001227111 ], [ 946095.981999998912215, 1939424.290100000333041 ], [ 946086.187999999267049, 1939429.625100001692772 ], [ 946082.73299999977462, 1939430.567100000334904 ], [ 946079.312999999965541, 1939431.50010000099428 ], [ 946071.437999999383464, 1939433.750100001692772 ], [ 946069.437500000582077, 1939434.375300001353025 ], [ 946069.258000000030734, 1939434.2941 ], [ 946067.500000000698492, 1939433.500100001459941 ], [ 946065.695000000763685, 1939432.7341 ], [ 946063.564175017527305, 1939431.830158890224993 ], [ 946061.313000000081956, 1939430.875100001227111 ], [ 946059.058999999659136, 1939429.829100000206381 ], [ 946057.812999999849126, 1939429.250100000295788 ], [ 946053.510999999474734, 1939426.265100002288818 ], [ 946051.687999999267049, 1939425.000100001227111 ], [ 946049.615999999688938, 1939423.537100000772625 ], [ 946038.06299999973271, 1939415.375100000295788 ], [ 946036.736999999382533, 1939414.513100002193823 ], [ 946035.563000000780448, 1939413.750100001459941 ], [ 946034.836000000708736, 1939413.181100000161678 ], [ 946034.125000001164153, 1939412.62510000099428 ], [ 946022.10500000033062, 1939411.904100000392646 ], [ 946021.628499998827465, 1939411.875200001057237 ], [ 946021.625300000421703, 1939411.875700001604855 ], [ 946014.186899999855086, 1939414.875000000931323 ], [ 946005.787200000835583, 1939434.530900001060218 ], [ 946002.812500000465661, 1939456.000100000761449 ], [ 946001.939199999440461, 1939459.637100001098588 ], [ 946002.131565113202669, 1939461.042504775803536 ], [ 946004.995399999548681, 1939481.968000000575557 ], [ 946005.000000000582077, 1939482.000100000295788 ], [ 946005.305099999532104, 1939483.339100000448525 ], [ 946006.937800001120195, 1939490.500100000761449 ], [ 946007.045800000894815, 1939491.0132 ], [ 946007.437799999723211, 1939492.875100000761449 ], [ 946008.24089999939315, 1939496.281099999789149 ], [ 946008.999999999301508, 1939499.500100001925603 ], [ 946009.249999999650754, 1939500.500100001227111 ], [ 946009.486100000329316, 1939501.539100001566112 ], [ 946009.562800001353025, 1939501.875100001692772 ], [ 946010.828900000196882, 1939506.853100002044812 ], [ 946011.374999999301508, 1939509.000100001459941 ], [ 946012.700000000768341, 1939513.920100001152605 ], [ 946013.999999999417923, 1939518.750100001227111 ], [ 946014.375000001047738, 1939520.250100001227111 ], [ 946014.701000000117347, 1939521.335100001189858 ], [ 946020.875000000931323, 1939541.875100000295788 ], [ 946021.019000001368113, 1939542.452199999475852 ], [ 946021.070600000792183, 1939542.6317 ], [ 946021.246999999508262, 1939543.54619999974966 ], [ 946021.295164269628003, 1939543.786707152379677 ], [ 946021.563100000610575, 1939545.125200001290068 ], [ 946021.553099999437109, 1939545.16920000128448 ], [ 946021.125100000062957, 1939547.125200001755729 ], [ 946020.063100000843406, 1939550.125200001522899 ], [ 946018.376099999528378, 1939554.996200000634417 ], [ 946018.000099999131635, 1939556.375200001057237 ], [ 946017.939000001293607, 1939556.620200000703335 ], [ 946016.716099998913705, 1939561.513200002256781 ], [ 946016.625100000645034, 1939561.874200000893325 ], [ 946011.81310000072699, 1939571.750200000591576 ], [ 946011.005099999252707, 1939572.736200001323596 ], [ 946010.688100000377744, 1939573.125200001522899 ], [ 946010.641999999759719, 1939573.19420000188984 ], [ 946010.438099999912083, 1939573.500200000824407 ], [ 946008.688099999912083, 1939575.250200001057237 ], [ 946007.858329697628506, 1939575.714753048960119 ], [ 946007.125099998898804, 1939576.125200001057237 ], [ 946003.97210000094492, 1939577.556200000457466 ], [ 945986.18810000049416, 1939585.625200000591576 ], [ 945983.732099999208003, 1939587.807200002018362 ], [ 945982.813099999213591, 1939588.625200000125915 ], [ 945975.500099999364465, 1939595.000200001057237 ], [ 945974.848000000463799, 1939595.782200000947341 ], [ 945973.938099999446422, 1939596.875200000125915 ], [ 945973.072000000858679, 1939598.907199999550357 ], [ 945972.982391988858581, 1939599.117296581855044 ], [ 945972.504200000315905, 1939600.237700002267957 ], [ 945972.499300000723451, 1939600.250400001183152 ], [ 945972.301000000908971, 1939600.818200001493096 ], [ 945969.438100000144914, 1939609.000200000125915 ], [ 945967.391000000294298, 1939614.955100001767278 ], [ 945967.375100000645034, 1939615.000200001522899 ], [ 945966.996000000741333, 1939619.273100000340492 ], [ 945966.397700000787154, 1939628.201100000180304 ], [ 945971.879274080623873, 1939629.957880877656862 ], [ 945989.562800001003779, 1939635.625200001522899 ], [ 945990.215200000675395, 1939636.66700000083074 ], [ 945995.125100000412203, 1939644.500200001522899 ], [ 945999.875100000179373, 1939652.125200001522899 ], [ 945989.063099998864345, 1939685.375200000125915 ], [ 945987.756099999882281, 1939689.250199999660254 ], [ 945987.250099999830127, 1939690.750200001755729 ], [ 945983.500099999131635, 1939702.250200001755729 ], [ 945971.971053904504515, 1939718.955537200905383 ], [ 945965.125099999830127, 1939728.875200001057237 ], [ 945965.068100000265986, 1939728.891200001584366 ], [ 945950.563100000144914, 1939733.000200001057237 ], [ 945944.6971, 1939729.630700001027435 ], [ 945943.891100000590086, 1939728.487199999857694 ], [ 945942.50009999924805, 1939726.500200001057237 ], [ 945941.928999999538064, 1939725.64320000144653 ], [ 945941.250099999830127, 1939724.625199999660254 ], [ 945919.160099999513477, 1939718.59220000077039 ], [ 945912.875100000295788, 1939716.875200000358745 ], [ 945908.563100001076236, 1939715.750200000125915 ], [ 945908.250099999597296, 1939716.250200000591576 ], [ 945907.505000000353903, 1939717.740100000519305 ], [ 945907.313000000547618, 1939718.125199999893084 ], [ 945906.750099999713711, 1939718.875200001057237 ], [ 945906.091000000364147, 1939719.754100001882762 ], [ 945905.413999999407679, 1939720.651100001763552 ], [ 945897.371000000974163, 1939730.892100002150983 ], [ 945894.437800000072457, 1939734.625200000125915 ], [ 945886.375099999946542, 1939746.000200001057237 ], [ 945884.563999999663793, 1939748.675200002500787 ], [ 945880.875099999131635, 1939754.125199999660254 ], [ 945877.963000000454485, 1939757.980200001504272 ], [ 945876.625100000062957, 1939759.750200001755729 ], [ 945874.514251233777031, 1939762.564838422229514 ], [ 945871.937899999553338, 1939766.000200001290068 ], [ 945871.42710000090301, 1939766.125200000358745 ], [ 945868.79102277266793, 1939766.772992668673396 ], [ 945868.375100000062957, 1939766.875200001522899 ], [ 945865.730999999679625, 1939767.463199999416247 ], [ 945861.063099998980761, 1939768.500200000125915 ], [ 945860.063099999912083, 1939768.750200000591576 ], [ 945857.063100000144914, 1939770.125200001290068 ], [ 945849.287999999243766, 1939773.6392 ], [ 945847.934300000313669, 1939774.248600000981241 ], [ 945834.063100000144914, 1939767.875200000591576 ], [ 945828.250100000179373, 1939765.250200000358745 ], [ 945826.602100000483915, 1939765.424200002104044 ], [ 945811.688099999912083, 1939767.000200000591576 ], [ 945799.563100000144914, 1939773.625200001522899 ], [ 945796.385000000474975, 1939776.803200000431389 ], [ 945793.688100000028498, 1939779.500300000421703 ], [ 945793.275000001420267, 1939779.971100001130253 ], [ 945793.250099999480881, 1939780.000300001353025 ], [ 945792.461099999258295, 1939780.801200001500547 ], [ 945787.735324368113652, 1939785.599424001062289 ], [ 945772.813099999562837, 1939800.750200001522899 ], [ 945762.376099999761209, 1939814.584200002718717 ], [ 945751.500100000761449, 1939829.000199999893084 ], [ 945750.188099998980761, 1939829.875200000125915 ], [ 945735.639969267183915, 1939839.814355016453192 ], [ 945730.094099999521859, 1939843.603200000943616 ], [ 945730.063000000780448, 1939843.625200000824407 ], [ 945723.618999999365769, 1939853.5703 ], [ 945716.375099998782389, 1939864.750300000421703 ], [ 945714.688099999795668, 1939885.250300001353025 ], [ 945713.063100000843406, 1939910.625300001353025 ], [ 945711.437900000018999, 1939935.6222 ], [ 945711.438299999572337, 1939935.625099999830127 ], [ 945712.127900000661612, 1939937.992400001268834 ], [ 945714.842799999401905, 1939947.303300000727177 ], [ 945714.923100000596605, 1939947.580900000873953 ], [ 945714.937500000931323, 1939947.630000000121072 ], [ 945714.625100000877865, 1939960.625200001522899 ], [ 945713.813099999679253, 1939962.500200000591576 ], [ 945706.774099999922328, 1939978.444200001424178 ], [ 945706.750100000179373, 1939978.500200000125915 ], [ 945705.253100001253188, 1939981.420200001448393 ], [ 945704.113753256620839, 1939983.642327305860817 ], [ 945696.688099999912083, 1939998.125200001057237 ], [ 945692.437000001082197, 1940006.500200000125915 ], [ 945688.313100000843406, 1940024.625200001290068 ], [ 945685.688100000610575, 1940036.000200000125915 ], [ 945688.813099999213591, 1940050.750200000125915 ], [ 945690.563099999446422, 1940058.875200001057237 ], [ 945692.883099999511614, 1940060.621199999470264 ], [ 945712.000100000645034, 1940075.000200001522899 ], [ 945714.014999999664724, 1940077.063200001139194 ], [ 945717.250099998898804, 1940080.375200001057237 ], [ 945717.813100000610575, 1940081.500200001522899 ], [ 945718.303100000135601, 1940082.434200000949204 ], [ 945720.438100000843406, 1940086.500200001522899 ], [ 945721.125100000761449, 1940087.750200001057237 ], [ 945730.063099999446422, 1940104.500200001522899 ], [ 945732.153000000631437, 1940108.3762 ], [ 945732.625100000761449, 1940109.250200001522899 ], [ 945729.695100000477396, 1940125.708200001623482 ], [ 945729.688100000144914, 1940125.750200001522899 ], [ 945729.579099999275059, 1940131.72020000172779 ], [ 945729.250099999597296, 1940149.750200000591576 ], [ 945728.623099999967963, 1940151.373199999798089 ], [ 945728.188100000261329, 1940152.500199999893084 ], [ 945727.625100000761449, 1940154.000199999660254 ], [ 945724.21499999880325, 1940163.122200001263991 ], [ 945717.625100000528619, 1940180.750200000358745 ], [ 945717.593000000575557, 1940181.592200000537559 ], [ 945717.563100000377744, 1940182.375200001522899 ], [ 945717.539100000634789, 1940183.897200001170859 ], [ 945717.500099999131635, 1940186.500200001522899 ], [ 945717.456672283820808, 1940188.146299269981682 ], [ 945717.337999999755993, 1940192.640200001653284 ], [ 945717.250099998898804, 1940195.991200000979006 ], [ 945714.239599999738857, 1940203.501699999440461 ], [ 945708.063100000843406, 1940204.500200001522899 ], [ 945702.162100001238286, 1940205.475199999753386 ], [ 945700.500100000645034, 1940205.750200000824407 ], [ 945684.18810000072699, 1940208.000200001522899 ], [ 945677.698099999688566, 1940208.034200000343844 ], [ 945660.313100000610575, 1940208.125200000591576 ], [ 945651.125099999364465, 1940208.750200000591576 ], [ 945646.125099999364465, 1940218.875199999660254 ], [ 945647.329099999158643, 1940229.245200000936165 ], [ 945649.806499998900108, 1940250.634600002318621 ], [ 945647.750100000295788, 1940253.750200001522899 ], [ 945635.125099999946542, 1940272.875200001522899 ], [ 945665.309000000124797, 1940292.313200001139194 ], [ 945703.06310000072699, 1940316.625200000824407 ], [ 945713.123100001248531, 1940323.128699999768287 ], [ 945704.633099999744445, 1940336.880700000561774 ], [ 945758.941100000403821, 1940373.126200000522658 ], [ 945760.25110000022687, 1940374.00020000198856 ], [ 945761.178999999305233, 1940372.618200000841171 ], [ 945770.750100000062957, 1940358.37520000198856 ], [ 945790.188099999679253, 1940366.875200000125915 ], [ 945812.500099998898804, 1940376.625199999893084 ], [ 945814.25009999901522, 1940377.375200000824407 ], [ 945815.969999999040738, 1940378.089200001209974 ], [ 945817.563100000144914, 1940378.750200001522899 ], [ 945840.370099999359809, 1940388.739200001815334 ], [ 945843.250100000528619, 1940390.0003 ], [ 945854.000099999480881, 1940385.250200001522899 ], [ 945865.481745261466131, 1940380.216303236084059 ], [ 945874.813099999795668, 1940376.125200001522899 ], [ 945896.688099999446422, 1940364.125200000591576 ], [ 945911.438099999446422, 1940356.250200000125915 ], [ 945929.695100000011735, 1940356.54920000070706 ], [ 945934.313100000377744, 1940356.625200001522899 ], [ 945936.857999999076128, 1940357.965200000442564 ], [ 945953.063099998980761, 1940366.500200000591576 ], [ 945954.171447422821075, 1940368.468829603400081 ], [ 945957.232099998858757, 1940373.905199999688193 ], [ 945961.438100000377744, 1940381.37520000198856 ], [ 945971.313099999213591, 1940402.750200000591576 ], [ 945973.070099999778904, 1940411.67720000166446 ], [ 945974.438100000144914, 1940418.625200001057237 ], [ 945973.887000000569969, 1940425.347200002055615 ], [ 945973.18810000072699, 1940433.875200001755729 ], [ 945952.063099999912083, 1940487.125200000591576 ], [ 945947.149099999573082, 1940502.359200000762939 ], [ 945941.500100000062957, 1940519.875200000358745 ], [ 945935.437799999956042, 1940538.500200000125915 ], [ 945934.320899999700487, 1940540.149000001139939 ], [ 945930.18779999949038, 1940546.250200001522899 ], [ 945920.656000000890344, 1940560.42020000051707 ], [ 945910.15000000060536, 1940576.038200002163649 ], [ 945872.000099999364465, 1940632.750200001057237 ], [ 945847.25009999924805, 1940669.375200000591576 ], [ 945835.813100000377744, 1940686.375200001057237 ], [ 945795.438100000144914, 1940746.75020000198856 ], [ 945770.507100000162609, 1940784.115166667615995 ], [ 945709.063099999912083, 1940873.750200000358745 ], [ 945708.532999999239109, 1940874.533200001344085 ], [ 945704.500099999364465, 1940880.500200000591576 ], [ 945704.13053010799922, 1940881.053869125433266 ], [ 945703.793258933117613, 1940881.559239335823804 ], [ 945687.563099999679253, 1940905.875200000591576 ], [ 945684.19550000061281, 1940910.988700001500547 ], [ 945677.026099999435246, 1940921.7472 ], [ 945641.625099999830127, 1940974.875200000591576 ], [ 945633.350100001320243, 1940987.237200000789016 ], [ 945626.313099999097176, 1940997.750200001522899 ], [ 945601.37510000099428, 1941035.250200001057237 ], [ 945599.666999999899417, 1941037.873200001660734 ], [ 945597.063099999446422, 1941041.875300001120195 ], [ 945573.500099999830127, 1941077.250300001120195 ], [ 945520.317099999636412, 1941154.743700000690296 ], [ 945520.058022742392495, 1941155.119615675881505 ], [ 945512.698099998757243, 1941165.797200000379235 ], [ 945502.56310000049416, 1941180.500199999893084 ], [ 945480.311999999452382, 1941214.010199999669567 ], [ 945476.880999999819323, 1941219.178100001066923 ], [ 945476.750100000062957, 1941219.375300001353025 ], [ 945461.665100001031533, 1941242.041199999861419 ], [ 945452.628300000214949, 1941255.6209 ], [ 945451.688099999446422, 1941257.000200001057237 ], [ 945441.375100000062957, 1941272.500199999893084 ], [ 945438.865999999921769, 1941276.314200000371784 ], [ 945435.125100000412203, 1941282.000200001522899 ], [ 945369.189600000390783, 1941380.873700001742691 ], [ 945335.06310000049416, 1941432.750200001290068 ], [ 945303.938099999446422, 1941480.125199999660254 ], [ 945288.688099998864345, 1941503.000200000591576 ], [ 945241.836999999708496, 1941573.462200000183657 ], [ 945241.813100001076236, 1941573.500300001585856 ], [ 945240.959999999846332, 1941574.728200000245124 ], [ 945240.250100000062957, 1941575.750300000188872 ], [ 945238.878634062362835, 1941577.816222612513229 ], [ 945235.180599998915568, 1941583.386700002010912 ], [ 945230.5669999999227, 1941590.62720000022091 ], [ 945230.242524937726557, 1941591.136446994263679 ], [ 945217.188099999912083, 1941611.625300000887364 ], [ 945202.440000000875443, 1941634.621300001395866 ], [ 945201.770100001478568, 1941635.626300001051277 ], [ 945201.687800000421703, 1941635.750300001353025 ], [ 945200.888300000689924, 1941637.001400000648573 ], [ 945198.986200000043027, 1941639.978300000540912 ], [ 945171.500100000295788, 1941683.000300000887364 ], [ 945168.774100000737235, 1941687.210200001019984 ], [ 945168.750099998898804, 1941687.2503 ], [ 945165.812799999606796, 1941692.125300000887364 ], [ 945156.964299999875948, 1941706.8961 ], [ 945134.063099999679253, 1941745.125300001585856 ], [ 945133.125100000645034, 1941746.750300000421703 ], [ 945131.959099998930469, 1941748.72620000038296 ], [ 945130.250100000062957, 1941751.625300001353025 ], [ 945118.824099998921156, 1941770.688300001667812 ], [ 945105.00009999924805, 1941793.75029999949038 ], [ 945097.688100000377744, 1941806.500300001353025 ], [ 945091.125099999364465, 1941817.8753 ], [ 945055.188100000610575, 1941880.375300000188872 ], [ 945043.250100000062957, 1941901.125300001585856 ], [ 945029.270000000251457, 1941928.0323 ], [ 945021.688900001114234, 1941942.621500002220273 ], [ 945018.412496709730476, 1941948.942498295102268 ], [ 945018.188099999446422, 1941949.375300000188872 ], [ 945016.844100001035258, 1941951.944200000725687 ], [ 945016.75510000041686, 1941952.1157 ], [ 945015.817699998384342, 1941953.86640000063926 ], [ 945001.188100000959821, 1941982.000200000125915 ], [ 944987.438100000144914, 1942008.500200000358745 ], [ 944966.813099999912083, 1942051.250200000591576 ], [ 944963.974800000316463, 1942057.16230000089854 ], [ 944949.104099999414757, 1942088.137200001161546 ], [ 944947.886000000056811, 1942090.674500000430271 ], [ 944936.688100000377744, 1942114.000200001057237 ], [ 944903.438099999795668, 1942183.000200001057237 ], [ 944885.938100000610575, 1942219.375200000125915 ], [ 944884.790099999168888, 1942222.032200001413003 ], [ 944884.750099998898804, 1942222.125200001522899 ], [ 944875.438099999679253, 1942243.875200000125915 ], [ 944865.000099998898804, 1942268.250200000591576 ], [ 944864.266100000590086, 1942269.880200002342463 ], [ 944863.875100000761449, 1942270.750199999660254 ], [ 944854.750100000528619, 1942292.000200001755729 ], [ 944850.769999998738058, 1942301.367200000677258 ], [ 944845.563100000377744, 1942313.625200001057237 ], [ 944842.632000000216067, 1942320.353200001409277 ], [ 944840.500099999131635, 1942325.250200000125915 ], [ 944840.188000002061017, 1942326.000550001394004 ], [ 944840.169999999459833, 1942326.043100001290441 ], [ 944804.745099999010563, 1942411.341200001304969 ], [ 944795.750100000761449, 1942433.000200001522899 ], [ 944779.313099999562837, 1942476.750200000591576 ], [ 944759.415999999502674, 1942529.531200001016259 ], [ 944755.375100000528619, 1942540.250199999893084 ], [ 944717.188099998864345, 1942647.250200000125915 ], [ 944694.438099999213591, 1942712.625299999723211 ], [ 944694.43290000106208, 1942712.653500000946224 ], [ 944693.411900682374835, 1942715.587700238218531 ], [ 944681.767000000458211, 1942749.052200001198798 ], [ 944680.000999999698251, 1942754.125100000528619 ], [ 944679.987999999895692, 1942754.164100002031773 ], [ 944647.937999999616295, 1942859.000100001227111 ], [ 944647.186600000364706, 1942861.374800000339746 ], [ 944647.184899999061599, 1942861.379933333490044 ], [ 944647.122999999905005, 1942861.598100000992417 ], [ 944646.5, 1942863.750100001227111 ], [ 944617.188000000314787, 1942968.625100001925603 ], [ 944614.616999998921528, 1942979.367100001778454 ], [ 944607.378000000026077, 1943009.613100000889972 ], [ 944624.804000000469387, 1943017.307100001722574 ], [ 944641.125000000465661, 1943024.500100000761449 ], [ 944652.866799999726936, 1943048.532199999783188 ], [ 944654.484899999224581, 1943051.844200002029538 ], [ 944654.499999999767169, 1943051.875200000125915 ], [ 944698.306521456688643, 1943071.723952644504607 ], [ 944706.484099999535829, 1943075.429199999431148 ], [ 944717.125099999946542, 1943080.250200001755729 ], [ 944719.712099999655038, 1943084.131200000876561 ], [ 944722.381033334648237, 1943088.12603333289735 ], [ 944723.448150001233444, 1943090.24115000013262 ], [ 944726.938150000292808, 1943097.12514999974519 ], [ 944740.750150001258589, 1943124.625150001375005 ], [ 944740.553150000981987, 1943126.20314999949187 ], [ 944740.37514999974519, 1943127.625150000909343 ], [ 944740.253150001401082, 1943128.925150001887232 ], [ 944740.188150000525638, 1943129.625150001375005 ], [ 944739.814050001092255, 1943132.90915 ], [ 944739.56565000093542, 1943135.133750000502914 ], [ 944747.327050002058968, 1943157.339150000596419 ], [ 944748.563650000141934, 1943160.875150001607835 ], [ 944749.250149999512359, 1943167.625149999512359 ], [ 944749.308149999938905, 1943168.088150000665337 ], [ 944749.438149999594316, 1943169.125149999279529 ], [ 944749.875150001375005, 1943173.375150000676513 ], [ 944751.500150000210851, 1943179.625150000210851 ], [ 944752.438150001456961, 1943183.375150000676513 ], [ 944759.375150000909343, 1943210.250150000676513 ], [ 944756.44615000160411, 1943222.217150001320988 ], [ 944756.438150000292808, 1943222.250150001142174 ], [ 944779.361050001811236, 1943231.989150001201779 ], [ 944780.562550001312047, 1943232.50065 ], [ 944785.000150001142174, 1943234.375150000909343 ], [ 944785.553149999585003, 1943234.630150001961738 ], [ 944786.625149999978021, 1943235.12514999974519 ], [ 944794.932149999542162, 1943238.630150000564754 ], [ 944801.438150001107715, 1943241.375149999279529 ], [ 944829.12514999974519, 1943270.625150001142174 ], [ 944838.430150000844151, 1943280.506149999331683 ], [ 944843.250149999978021, 1943285.625150001375005 ], [ 944848.894150001229718, 1943287.566150000318885 ], [ 944857.063149999710731, 1943290.375150001142174 ], [ 944858.429050001548603, 1943290.88015 ], [ 944861.125150000909343, 1943291.875150001142174 ], [ 944881.827050001826137, 1943299.011150000616908 ], [ 944890.500149999512359, 1943302.000150000210851 ], [ 944915.081150000682101, 1943315.74515000032261 ], [ 944926.938149999827147, 1943322.37515 ], [ 944933.86765000061132, 1943326.246250001247972 ], [ 944936.697050001122989, 1943348.02915000054054 ], [ 944939.625150000443682, 1943370.625150000909343 ], [ 944892.125150000560097, 1943427.000150000443682 ], [ 944858.133150000358, 1943467.37215 ], [ 944835.213049999903888, 1943494.595150000881404 ], [ 944835.188150000059977, 1943494.62525000073947 ], [ 944820.250149999978021, 1943478.000249999342486 ], [ 944819.674050001893193, 1943477.835150001337752 ], [ 944819.375149999978021, 1943477.750250001437962 ], [ 944817.062349999905564, 1943477.375750000122935 ], [ 944813.437850001035258, 1943474.750249999575317 ], [ 944795.938150000292808, 1943457.87525 ], [ 944785.219150001415983, 1943447.71515 ], [ 944783.938149999594316, 1943446.500250001205131 ], [ 944783.553150001331232, 1943446.186150002293289 ], [ 944772.750150000210851, 1943437.375250000972301 ], [ 944769.188149999710731, 1943435.625250000972301 ], [ 944759.500149999978021, 1943430.625250000972301 ], [ 944753.57915000023786, 1943429.272150001255795 ], [ 944752.938149999943562, 1943429.124750000424683 ], [ 944752.637050000717863, 1943429.133250000188127 ], [ 944748.000149999978021, 1943429.25025 ], [ 944737.000150000676513, 1943433.37525 ], [ 944731.438149999710731, 1943436.62525 ], [ 944726.976049999706447, 1943439.292250000406057 ], [ 944726.000150001375005, 1943439.87525 ], [ 944720.813149999827147, 1943443.250250001205131 ], [ 944706.563150000525638, 1943462.625249999575317 ], [ 944702.375149999279529, 1943468.875249999109656 ], [ 944699.368150001624599, 1943470.903150000143796 ], [ 944697.000149999861605, 1943472.500250000972301 ], [ 944693.000150001142174, 1943473.50025 ], [ 944686.750149999279529, 1943473.125250000506639 ], [ 944680.111050000879914, 1943471.082150000147521 ], [ 944672.938150000525638, 1943468.875249999109656 ], [ 944667.307150001404807, 1943466.88825000077486 ], [ 944662.313150000642054, 1943465.125250000972301 ], [ 944660.771150000859052, 1943464.182250001234934 ], [ 944657.000150001258589, 1943461.875250000972301 ], [ 944656.876150001073256, 1943461.75525000016205 ], [ 944652.236050002044067, 1943457.282250001328066 ], [ 944648.313149999477901, 1943453.500249999575317 ], [ 944641.063650001306087, 1943447.874450000701472 ], [ 944636.938150000758469, 1943445.875249999109656 ], [ 944633.250150000210851, 1943444.625249999808148 ], [ 944630.413049999158829, 1943443.599250001134351 ], [ 944627.375150000094436, 1943442.500250000273809 ], [ 944617.598849999951199, 1943439.439049999462441 ], [ 944606.197050000540912, 1943435.002650000620633 ], [ 944591.631150000030175, 1943416.631949999369681 ], [ 944577.188149999827147, 1943416.500250000506639 ], [ 944564.658050000667572, 1943416.726150000235066 ], [ 944563.313150000059977, 1943416.750250000972301 ], [ 944562.875149999512359, 1943419.000249999575317 ], [ 944556.500150000909343, 1943450.747150000650436 ], [ 944555.887050001067109, 1943452.94625 ], [ 944551.438150000525638, 1943468.875249999109656 ], [ 944542.688149999827147, 1943521.25025 ], [ 944541.563149999477901, 1943549.250250000273809 ], [ 944542.174050001893193, 1943550.918149999110028 ], [ 944542.2491500005126, 1943551.12575000221841 ], [ 944545.938149999827147, 1943561.625250000273809 ], [ 944544.318850001785904, 1943573.851249999366701 ], [ 944544.256150001427159, 1943574.327149999327958 ], [ 944544.25014999974519, 1943574.375249999808148 ], [ 944550.827050000661984, 1943575.042249999474734 ], [ 944552.875149999279529, 1943575.25025 ], [ 944552.625150001142174, 1943580.750250000506639 ], [ 944552.850150000769645, 1943581.458250001538545 ], [ 944553.063149999477901, 1943582.125249999109656 ], [ 944553.938149999594316, 1943584.625250000506639 ], [ 944563.813150000758469, 1943606.000249999109656 ], [ 944575.313150000758469, 1943613.125250000972301 ], [ 944594.375149999861605, 1943622.750249999575317 ], [ 944600.388150001061149, 1943624.252650001086295 ], [ 944612.250150000676513, 1943627.250249999109656 ], [ 944620.750150001142174, 1943628.125249999109656 ], [ 944620.840049999533221, 1943628.102250000461936 ], [ 944623.188149999827147, 1943627.500249999575317 ], [ 944625.420150000369176, 1943627.05315 ], [ 944625.693149999482557, 1943626.995250000385568 ], [ 944629.188150001340546, 1943623.625249999808148 ], [ 944629.699149999767542, 1943621.240250000962988 ], [ 944629.938150000176392, 1943620.125249999575317 ], [ 944626.875149999395944, 1943601.875249999109656 ], [ 944626.600150000536814, 1943599.723150000441819 ], [ 944625.313149999477901, 1943589.625250000506639 ], [ 944625.420150000369176, 1943580.373250001575798 ], [ 944625.438150000758469, 1943578.875249999109656 ], [ 944625.578150001587346, 1943578.13715000031516 ], [ 944626.750150000327267, 1943572.00025 ], [ 944627.304050001082942, 1943569.267150001134723 ], [ 944627.688149999361485, 1943567.375249999109656 ], [ 944634.125150000327267, 1943562.25025 ], [ 944645.39005000074394, 1943560.898150001419708 ], [ 944646.625149999512359, 1943560.750250000273809 ], [ 944650.233050000737421, 1943561.774250001180917 ], [ 944656.313150001456961, 1943563.500249999575317 ], [ 944660.375150000210851, 1943566.37525 ], [ 944661.430150001426227, 1943567.07825000048615 ], [ 944662.813150001340546, 1943568.000250001205131 ], [ 944666.612150000175461, 1943574.111149999778718 ], [ 944668.875150000676513, 1943577.750250000972301 ], [ 944677.3131500009913, 1943601.75025 ], [ 944686.804050001548603, 1943638.774250001180917 ], [ 944692.438150000292808, 1943660.75025 ], [ 944692.813149999710731, 1943662.50025 ], [ 944699.563149999943562, 1943695.75025000073947 ], [ 944701.000150000792928, 1943705.625249999575317 ], [ 944700.777150000911206, 1943709.643250000895932 ], [ 944700.56315000122413, 1943713.500250000273809 ], [ 944699.521149999927729, 1943717.666150000412017 ], [ 944699.000150000327267, 1943719.750249999808148 ], [ 944698.984149999800138, 1943719.780750001780689 ], [ 944696.250150001142174, 1943724.875250001205131 ], [ 944695.607150000985712, 1943725.518250001128763 ], [ 944694.014949999982491, 1943727.121550000971183 ], [ 944693.357050001388416, 1943727.792049999814481 ], [ 944692.31315000122413, 1943728.875150001142174 ], [ 944688.938150000059977, 1943730.500150000210851 ], [ 944687.990149999852292, 1943730.928149999585003 ], [ 944687.000149999628775, 1943731.375150000210851 ], [ 944684.926050001522526, 1943731.840150001225993 ], [ 944680.313150000525638, 1943732.87515 ], [ 944670.175649999873713, 1943732.873750001657754 ], [ 944661.813149999943562, 1943731.500150001607835 ], [ 944657.088049999903888, 1943729.936150001827627 ], [ 944652.375150000560097, 1943728.375150000676513 ], [ 944650.432149999658577, 1943727.368150000926107 ], [ 944640.313149999827147, 1943722.125150001142174 ], [ 944633.813149999827147, 1943718.250150001142174 ], [ 944621.750150000210851, 1943709.500150000676513 ], [ 944611.313150000525638, 1943704.500150000443682 ], [ 944607.716150000458583, 1943703.791150000644848 ], [ 944602.438150000758469, 1943702.750150000210851 ], [ 944597.188150000292808, 1943701.62514999974519 ], [ 944570.625150001142174, 1943687.75015 ], [ 944565.390050001442432, 1943682.50014999974519 ], [ 944548.813150000292808, 1943665.875150000443682 ], [ 944541.062050001230091, 1943666.126149999443442 ], [ 944536.180150000844151, 1943676.884149999823421 ], [ 944530.000150000443682, 1943690.500150001607835 ], [ 944525.876150001538917, 1943698.017150002066046 ], [ 944517.313150000059977, 1943713.625150000676513 ], [ 944514.101049999473616, 1943714.823250002227724 ], [ 944513.627450000029057, 1943715.006049999734387 ], [ 944513.593850000877865, 1943715.018750000977889 ], [ 944512.563150000292808, 1943715.375249999575317 ], [ 944501.059050001902506, 1943719.963149999734014 ], [ 944490.9381500009913, 1943724.000250001205131 ], [ 944480.438150000059977, 1943724.75025 ], [ 944463.438149999361485, 1943723.000249999808148 ], [ 944453.276850000838749, 1943719.767049999441952 ], [ 944450.755150000564754, 1943718.965150000527501 ], [ 944444.188149999827147, 1943716.875249999342486 ], [ 944437.125150000443682, 1943717.500250001205131 ], [ 944435.500149999279529, 1943717.625250000273809 ], [ 944425.375149999978021, 1943725.000250000273809 ], [ 944405.805150001076981, 1943752.808250000700355 ], [ 944404.438149999477901, 1943754.750250000506639 ], [ 944403.293050000211224, 1943756.365250000497326 ], [ 944382.375149999628775, 1943785.875249999342486 ], [ 944369.625150000210851, 1943799.875250000506639 ], [ 944359.500150000909343, 1943805.000249999575317 ], [ 944355.961150001385249, 1943805.779250001069158 ], [ 944353.250150001375005, 1943806.375250000506639 ], [ 944341.063150001456961, 1943808.875249999342486 ], [ 944334.284150000894442, 1943810.03315000096336 ], [ 944328.625150000210851, 1943811.000250000972301 ], [ 944322.638150000711903, 1943812.134150000754744 ], [ 944318.063150001456961, 1943813.000249999342486 ], [ 944315.481050001224503, 1943814.264150000875816 ], [ 944315.000150000676513, 1943814.500249999109656 ], [ 944313.82115000160411, 1943815.102250000229105 ], [ 944312.063150000059977, 1943816.000250001205131 ], [ 944303.563149999594316, 1943853.62525 ], [ 944303.538050000090152, 1943853.652150001609698 ], [ 944301.938150000758469, 1943855.500250001437962 ], [ 944280.950050001265481, 1943879.145150000229478 ], [ 944277.750149999163114, 1943882.753650000784546 ], [ 944275.0631500009913, 1943972.250249999342486 ], [ 944274.800150000955909, 1943980.82125 ], [ 944273.375150001025759, 1944027.375249999575317 ], [ 944272.91605000058189, 1944043.789250002009794 ], [ 944272.813150000292808, 1944047.500250001205131 ], [ 944258.875149999279529, 1944077.500249999575317 ], [ 944256.408050001366064, 1944082.776250001508743 ], [ 944249.875150000327267, 1944096.750250000972301 ], [ 944239.000150000094436, 1944120.250249999575317 ], [ 944221.978050000616349, 1944153.70215000025928 ], [ 944213.813150000409223, 1944169.75025 ], [ 944212.025050000986084, 1944171.023150001652539 ], [ 944205.563150000292808, 1944175.62525 ], [ 944197.147149999975227, 1944180.206250000977889 ], [ 944195.688150001456961, 1944181.000249999575317 ], [ 944190.125149999512359, 1944184.000249999109656 ], [ 944165.125150001142174, 1944169.000250000972301 ], [ 944161.316150001250207, 1944166.752250000135973 ], [ 944160.990149999968708, 1944168.360249999677762 ], [ 944160.559250000864267, 1944170.498049999121577 ], [ 944160.437248128931969, 1944170.426288257353008 ], [ 944146.313150000176392, 1944162.125249999575317 ], [ 944140.445150000276044, 1944160.58515000063926 ], [ 944126.313149999827147, 1944156.875249999109656 ], [ 944113.066150000318885, 1944145.45215 ], [ 944112.23105000180658, 1944144.730150000657886 ], [ 944102.250149999512359, 1944136.12525 ], [ 944097.438149999594316, 1944128.000250001205131 ], [ 944097.360150001128204, 1944127.532250001560897 ], [ 944097.188150001456961, 1944126.500249999109656 ], [ 944093.570150000276044, 1944107.290149999083951 ], [ 944093.563149999827147, 1944107.250249999808148 ], [ 944096.327050001127645, 1944099.732250000350177 ], [ 944100.688149999594316, 1944087.875250001437962 ], [ 944103.000150000443682, 1944082.125250000273809 ], [ 944104.175150000024587, 1944079.134149999823421 ], [ 944104.375150001258589, 1944078.62525 ], [ 944105.461150000221096, 1944075.944150000344962 ], [ 944107.313150000758469, 1944071.375250001205131 ], [ 944107.319050001329742, 1944071.337149999802932 ], [ 944108.786050001275726, 1944062.38715000031516 ], [ 944111.125149999279529, 1944048.125250000972301 ], [ 944111.160150001058355, 1944045.410150000359863 ], [ 944111.438150000758469, 1944023.625250000972301 ], [ 944107.878150000120513, 1944014.154250002000481 ], [ 944104.063150000758469, 1944004.00025 ], [ 944089.688150000176392, 1943966.000249999808148 ], [ 944085.894149999832734, 1943961.614150000736117 ], [ 944082.875150001025759, 1943958.125250001437962 ], [ 944071.799050002126023, 1943945.108150001149625 ], [ 944070.750150001375005, 1943943.875249999808148 ], [ 944067.957049999968149, 1943942.593150000553578 ], [ 944055.500150000676513, 1943936.875249999109656 ], [ 944049.475150000769645, 1943934.019249999895692 ], [ 944047.051133332541212, 1943932.871300000231713 ], [ 944036.442050000070594, 1943929.31415 ], [ 944015.000150001375005, 1943922.125249999109656 ], [ 943986.750150000909343, 1943898.875250000972301 ], [ 943986.714050001464784, 1943898.846150001976639 ], [ 943965.875150000443682, 1943881.750150000210851 ], [ 943944.000150000909343, 1943857.125150001607835 ], [ 943941.092150000389665, 1943851.542149999411777 ], [ 943923.750150000210851, 1943818.250150001142174 ], [ 943919.123150001862086, 1943811.525150001514703 ], [ 943914.37514999974519, 1943804.625150001607835 ], [ 943903.554050001548603, 1943797.143150000600144 ], [ 943897.563150001340546, 1943793.000150000210851 ], [ 943874.750150000443682, 1943775.125149999279529 ], [ 943859.835050000343472, 1943761.018149999435991 ], [ 943849.377650000853464, 1943751.127650000620633 ], [ 943841.32505000079982, 1943748.399150000652298 ], [ 943822.063150001456961, 1943741.875150001142174 ], [ 943794.6881500009913, 1943731.500150001607835 ], [ 943794.201150000095367, 1943731.257149999262765 ], [ 943793.688149999594316, 1943731.000150000676513 ], [ 943785.744049999630079, 1943728.31715 ], [ 943779.625149999512359, 1943726.250150001142174 ], [ 943778.590049999766052, 1943725.846150001278147 ], [ 943777.063150000525638, 1943725.25014999974519 ], [ 943761.500150000560097, 1943719.875150000210851 ], [ 943749.282150000566617, 1943719.01314999978058 ], [ 943742.000150000909343, 1943718.500149999279529 ], [ 943725.62514999974519, 1943718.12515 ], [ 943712.875150000327267, 1943717.87514999974519 ], [ 943696.553666665451601, 1943713.740599999669939 ], [ 943696.330050000688061, 1943713.518149999668822 ], [ 943696.063149999827147, 1943713.250150001142174 ], [ 943682.584150000475347, 1943702.910150001291186 ], [ 943673.250150001142174, 1943695.75014999974519 ], [ 943593.5631500009913, 1943654.448150000534952 ], [ 943587.875150000094436, 1943651.501150000840425 ], [ 943574.843050000490621, 1943638.21515 ], [ 943565.31565000093542, 1943628.501650001388043 ], [ 943565.313550000078976, 1943628.499650001525879 ], [ 943533.37514999974519, 1943589.125150001142174 ], [ 943498.500150000210851, 1943539.250150001142174 ], [ 943483.551050001289696, 1943518.223150001373142 ], [ 943460.375150000909343, 1943485.625150000909343 ], [ 943453.450050001381896, 1943475.926150001119822 ], [ 943441.188150000409223, 1943458.750150001142174 ], [ 943407.500149999279529, 1943411.375150000443682 ], [ 943396.32505000079982, 1943395.654149999376386 ], [ 943392.750149999395944, 1943390.625150001142174 ], [ 943387.875150000560097, 1943383.625150000676513 ], [ 943377.875150000327267, 1943369.500150000443682 ], [ 943377.313149999594316, 1943368.727150000631809 ], [ 943376.875150001142174, 1943368.12514999974519 ], [ 943376.629750001942739, 1943367.757150000659749 ], [ 943376.25005000049714, 1943367.250050000846386 ], [ 943347.750049999682233, 1943326.875050000846386 ], [ 943342.897050000727177, 1943319.894050001399592 ], [ 943338.625049999565817, 1943313.750049999449402 ], [ 943299.375049999798648, 1943258.125050000846386 ], [ 943295.551050000358373, 1943252.716050000628456 ], [ 943279.313050001510419, 1943229.750050001312047 ], [ 943275.211050000158139, 1943223.857050000922754 ], [ 943272.875049999449402, 1943220.50005 ], [ 943264.622050000820309, 1943208.832049999851733 ], [ 943258.375049999915063, 1943200.000050001312047 ], [ 943255.625050000613555, 1943197.125050000613555 ], [ 943226.428550001466647, 1943166.240550001617521 ], [ 943218.917049999814481, 1943158.259050000458956 ], [ 943216.438049999764189, 1943155.62505 ], [ 943186.688049999531358, 1943149.375050000380725 ], [ 943130.500050001312047, 1943137.500050001079217 ], [ 943121.316050001885742, 1943135.339050000999123 ], [ 943118.813049999764189, 1943134.750049999449402 ], [ 943114.359050000086427, 1943133.662050000857562 ], [ 943110.631050001597032, 1943132.751449999632314 ], [ 943110.508425550418906, 1943132.725066968239844 ], [ 943110.145050001563504, 1943132.647049999795854 ], [ 943109.272050001309253, 1943132.436050001066178 ], [ 943070.531050000106916, 1943123.098050000146031 ], [ 943047.68805000022985, 1943117.62505 ], [ 943038.154049999895506, 1943111.813050000695512 ], [ 943030.875050000846386, 1943107.375050001312047 ], [ 943027.625050000962801, 1943105.375050000846386 ], [ 943011.209050000878051, 1943095.465050000231713 ], [ 943000.500050000846386, 1943089.00005 ], [ 942986.06305000022985, 1943080.250050001312047 ], [ 942986.037050000741147, 1943080.19505000161007 ], [ 942984.189650001237169, 1943076.244350001681596 ], [ 942975.425050000543706, 1943057.535050001461059 ], [ 942964.651050001848489, 1943034.533049999270588 ], [ 942955.125050000613555, 1943014.250050000846386 ], [ 942949.456050000968389, 1942999.787050000857562 ], [ 942941.750050001428463, 1942980.125050000380725 ], [ 942939.284050001064315, 1942973.932050000410527 ], [ 942936.375049999682233, 1942966.62505 ], [ 942913.375049999682233, 1942912.625050000147894 ], [ 942912.875050001195632, 1942911.375050000613555 ], [ 942912.42405000096187, 1942910.473050000146031 ], [ 942912.313050000462681, 1942910.250050000380725 ], [ 942911.563050001626834, 1942908.875049999449402 ], [ 942894.875050001312047, 1942878.250050001312047 ], [ 942889.500049999565817, 1942868.375050000380725 ], [ 942889.47135, 1942868.325950000900775 ], [ 942888.907050000969321, 1942867.356050001922995 ], [ 942878.875049999682233, 1942850.12505 ], [ 942878.321050000144169, 1942849.139050001744181 ], [ 942877.748749999795109, 1942848.123049999587238 ], [ 942869.804050000500865, 1942834.483050000621006 ], [ 942863.625050001312047, 1942823.87505 ], [ 942840.750050000264309, 1942796.500049999682233 ], [ 942838.763050001813099, 1942794.067050001583993 ], [ 942838.697605565306731, 1942793.986784246284515 ], [ 942837.688050000462681, 1942792.750050001312047 ], [ 942826.248050000867806, 1942779.06605 ], [ 942824.648050000425428, 1942777.149050001055002 ], [ 942824.257050000596792, 1942776.680050000315532 ], [ 942819.250050000147894, 1942770.625050001312047 ], [ 942816.616050001932308, 1942768.43705000076443 ], [ 942815.188050001161173, 1942767.25005 ], [ 942814.378050002036616, 1942766.539050000486895 ], [ 942812.625050001079217, 1942765.000050001312047 ], [ 942804.688050000346266, 1942758.250050001312047 ], [ 942804.022049999330193, 1942757.760049999458715 ], [ 942803.500050001079217, 1942757.375050001312047 ], [ 942798.250050000613555, 1942752.875049999449402 ], [ 942765.938050001161173, 1942725.500050001312047 ], [ 942761.792050000047311, 1942721.958050000946969 ], [ 942759.063049999764189, 1942719.625050001312047 ], [ 942706.813050000113435, 1942689.875050000846386 ], [ 942699.313050001044758, 1942685.625049999449402 ], [ 942697.173049999750219, 1942685.387050000252202 ], [ 942695.938049999764189, 1942685.250050000380725 ], [ 942692.910050000995398, 1942684.893050001002848 ], [ 942664.188050001394004, 1942681.500049999449402 ], [ 942657.267050000140443, 1942680.757050001062453 ], [ 942654.875050000962801, 1942680.500050000380725 ], [ 942627.938050001161173, 1942677.375049999449402 ], [ 942610.625050001079217, 1942679.625050000380725 ], [ 942591.18805000022985, 1942682.125050001544878 ], [ 942589.893050000071526, 1942682.272050000494346 ], [ 942587.875050001428463, 1942682.500050000846386 ], [ 942553.720049999537878, 1942686.95005000103265 ], [ 942533.188049999531358, 1942689.625050000613555 ], [ 942532.513050000648946, 1942689.895050000865012 ], [ 942531.938050000113435, 1942690.125050001312047 ], [ 942508.813050001044758, 1942699.875050001079217 ], [ 942506.845049999421462, 1942700.739050001371652 ], [ 942503.688049999764189, 1942702.125049999682233 ], [ 942494.685049999970943, 1942705.876549999695271 ], [ 942486.125050001544878, 1942709.500049999682233 ], [ 942481.091050000628456, 1942711.619049999862909 ], [ 942462.37505000049714, 1942719.50005 ], [ 942460.654050000710413, 1942720.253050001803786 ], [ 942458.375049999449402, 1942721.25005 ], [ 942448.063050001044758, 1942723.750050001312047 ], [ 942441.881050001014955, 1942725.257050001528114 ], [ 942393.188050001277588, 1942737.125050000380725 ], [ 942376.938050001510419, 1942741.125050001312047 ], [ 942370.813050000928342, 1942752.625050001312047 ], [ 942379.62506666535046, 1942768.375099999830127 ], [ 942332.000149999512359, 1942754.250150001142174 ], [ 942326.932149999891408, 1942752.7491500005126 ], [ 942272.063149999477901, 1942736.500149999279529 ], [ 942221.250049999682233, 1942697.125150000676513 ], [ 942221.05405000038445, 1942696.733149999752641 ], [ 942220.875150001375005, 1942696.375250000506639 ], [ 942220.507050001295283, 1942695.786150000523776 ], [ 942220.250149999395944, 1942695.375249999109656 ], [ 942218.482956091873348, 1942692.316667593549937 ], [ 942194.25014999974519, 1942650.375250000506639 ], [ 942174.125150000327267, 1942615.500250000972301 ], [ 942176.317049999604933, 1942572.08425 ], [ 942179.313150000525638, 1942512.75025 ], [ 942179.350150000071153, 1942511.634150000754744 ], [ 942179.384249999653548, 1942510.865350000560284 ], [ 942180.563150000059977, 1942486.875249999342486 ], [ 942180.238149999873713, 1942480.451250000391155 ], [ 942179.938150000292808, 1942474.500249999109656 ], [ 942178.188150000176392, 1942443.000250000972301 ], [ 942176.894150000996888, 1942419.719250000547618 ], [ 942175.750150001375005, 1942399.125250000506639 ], [ 942174.846150001045316, 1942382.525150001049042 ], [ 942174.375150000676513, 1942373.875249999575317 ], [ 942170.875150000327267, 1942310.000250000972301 ], [ 942170.563149999827147, 1942304.375250001205131 ], [ 942170.428149999585003, 1942302.540149999083951 ], [ 942170.277050000149757, 1942300.164150000549853 ], [ 942168.629250000114553, 1942274.237049999879673 ], [ 942168.39714999916032, 1942270.522149999858811 ], [ 942165.438150000758469, 1942224.250250000506639 ], [ 942164.149149999720976, 1942203.52925000153482 ], [ 942163.9381500009913, 1942200.12525 ], [ 942162.509050000458956, 1942185.338149999734014 ], [ 942158.938150000758469, 1942148.375250001205131 ], [ 942158.250149999978021, 1942127.50025000073947 ], [ 942156.625150001142174, 1942117.00025 ], [ 942155.750150000909343, 1942116.250250000972301 ], [ 942150.0631500009913, 1942111.625250000506639 ], [ 942150.030050000175834, 1942099.596250001806766 ], [ 942149.938149999827147, 1942065.500250001437962 ], [ 942149.915150001063012, 1942062.9991500005126 ], [ 942149.875150000909343, 1942058.625249999808148 ], [ 942149.43815000122413, 1942054.625250000972301 ], [ 942147.938150001456961, 1942041.625250001205131 ], [ 942144.500150001375005, 1942011.500249999342486 ], [ 942144.375149999978021, 1942010.25025 ], [ 942144.188150000874884, 1942008.625250000972301 ], [ 942141.875150001142174, 1941986.000250000506639 ], [ 942141.837150000734255, 1941985.397149999625981 ], [ 942141.8131500009913, 1941985.000250001437962 ], [ 942141.063149999943562, 1941977.625250001437962 ], [ 942136.18815000122413, 1941966.500250000506639 ], [ 942135.625149999279529, 1941957.625250000972301 ], [ 942135.544150000088848, 1941957.222250002203509 ], [ 942135.375150001142174, 1941956.375249999109656 ], [ 942133.438149999594316, 1941944.996650000568479 ], [ 942133.374050000915304, 1941933.930249999742955 ], [ 942133.188136446056888, 1941901.624349743127823 ], [ 942132.344746513059363, 1941881.476198052987456 ], [ 942132.313950000563636, 1941880.739550000987947 ], [ 942131.998650000663474, 1941873.248250001342967 ], [ 942131.997650001896545, 1941873.243450000416487 ], [ 942128.250149999279529, 1941863.250250000972301 ], [ 942128.109149999683723, 1941861.54015 ], [ 942127.313150001340546, 1941851.87525 ], [ 942117.155050001223572, 1941845.067150000482798 ], [ 942115.750150000210851, 1941844.125250000506639 ], [ 942112.938150000758469, 1941821.250249999575317 ], [ 942087.875150001375005, 1941825.375249999575317 ], [ 942070.875150000560097, 1941835.625250000273809 ], [ 942059.762050000019372, 1941834.350950000341982 ], [ 942050.316950001404621, 1941835.610350001603365 ], [ 942011.967950001126155, 1941846.4974500015378 ], [ 941961.37125000054948, 1941891.26325000077486 ], [ 941961.100150000303984, 1941892.20125 ], [ 941957.438150001456961, 1941904.875250000506639 ], [ 941949.750149999978021, 1941919.875250000972301 ], [ 941948.632349999737926, 1941922.052350000478327 ], [ 941944.625150000909343, 1941925.50025000073947 ], [ 941939.33415000140667, 1941930.082150001544505 ], [ 941932.500150001142174, 1941936.000249999575317 ], [ 941925.974150001769885, 1941937.644249999430031 ], [ 941900.25014999974519, 1941944.125250000506639 ], [ 941898.238150000455789, 1941944.572150000138208 ], [ 941894.625149999861605, 1941945.375249999808148 ], [ 941889.250150000443682, 1941946.625249999342486 ], [ 941887.375150001142174, 1941946.875249999575317 ], [ 941882.94815000181552, 1941947.408149999100715 ], [ 941882.188149999594316, 1941947.500249999575317 ], [ 941871.000150000094436, 1941947.250250001437962 ], [ 941866.130149999633431, 1941945.38515 ], [ 941865.114050001138821, 1941944.998750001192093 ], [ 941858.313149999594316, 1941943.87525 ], [ 941857.438149999477901, 1941943.750250000972301 ], [ 941856.347149999928661, 1941943.079150000587106 ], [ 941855.813150000642054, 1941942.750249999575317 ], [ 941854.532150001032278, 1941941.868250001454726 ], [ 941852.000150001142174, 1941940.125249999575317 ], [ 941848.012050000019372, 1941938.256250001955777 ], [ 941844.063150000292808, 1941936.375250000972301 ], [ 941841.13115000014659, 1941935.556150000775233 ], [ 941835.563149999827147, 1941934.000250000972301 ], [ 941833.751149999676272, 1941933.547250001225621 ], [ 941833.563149999361485, 1941933.500250000506639 ], [ 941832.292150001041591, 1941933.387150001246482 ], [ 941825.125150001375005, 1941932.750249999575317 ], [ 941816.625150000909343, 1941936.000249999575317 ], [ 941807.750150001142174, 1941936.750250000506639 ], [ 941796.813150000758469, 1941933.500250000506639 ], [ 941775.688149999943562, 1941925.625249999808148 ], [ 941767.281149999704212, 1941923.917249999707565 ], [ 941759.688150000525638, 1941922.375249999808148 ], [ 941731.563150001456961, 1941913.999750000191852 ], [ 941717.250150000909343, 1941915.625249999575317 ], [ 941715.137050001416355, 1941916.145150001626462 ], [ 941713.188149999827147, 1941916.625250000972301 ], [ 941691.050150000141002, 1941922.67115000099875 ], [ 941682.0631500009913, 1941925.125249999109656 ], [ 941679.609149999450892, 1941925.374149999581277 ], [ 941674.6881500009913, 1941925.87525 ], [ 941669.236050000879914, 1941926.5201500011608 ], [ 941663.063149999827147, 1941927.250250000972301 ], [ 941659.356050001457334, 1941927.662249999586493 ], [ 941657.438149999943562, 1941927.875250000506639 ], [ 941656.24605000007432, 1941928.048150000162423 ], [ 941654.00014999974519, 1941928.375250001437962 ], [ 941644.531150000402704, 1941932.75525 ], [ 941644.000149999628775, 1941933.000249999808148 ], [ 941642.34615000046324, 1941933.735250001307577 ], [ 941642.313150000525638, 1941933.750250000972301 ], [ 941622.938149999943562, 1941957.12525 ], [ 941619.472150000510737, 1941963.249150000978261 ], [ 941613.813149999827147, 1941973.250250000972301 ], [ 941608.87815000070259, 1941989.698250002227724 ], [ 941602.938149999594316, 1942009.500250000972301 ], [ 941598.657150000333786, 1942023.999150000978261 ], [ 941595.176050000358373, 1942035.744150000624359 ], [ 941594.157150001032278, 1942035.20125 ], [ 941593.3131500009913, 1942034.750249999575317 ], [ 941567.563149999361485, 1942021.625250000972301 ], [ 941561.148049999610521, 1942018.597250001970679 ], [ 941553.000150000909343, 1942014.750249999342486 ], [ 941542.606050001224503, 1942010.318249999545515 ], [ 941540.688149999827147, 1942009.500250000972301 ], [ 941540.259050000575371, 1942009.384149998892099 ], [ 941536.06315000122413, 1942008.250249999342486 ], [ 941530.125149999978021, 1942006.500249999109656 ], [ 941524.133149999892339, 1942005.085150001570582 ], [ 941521.125150001142174, 1942004.375249999575317 ], [ 941519.063150000525638, 1942003.875250001205131 ], [ 941508.500150000676513, 1942000.000249999342486 ], [ 941495.671250000596046, 1942003.567149999318644 ], [ 941494.563150000642054, 1942003.875250001205131 ], [ 941491.188149999361485, 1942001.37525 ], [ 941483.617150000063702, 1941996.016250001266599 ], [ 941480.0631500009913, 1941993.500249999575317 ], [ 941443.313150000176392, 1941991.500250001205131 ], [ 941406.87514999974519, 1941973.750249999342486 ], [ 941389.195149999577552, 1941970.074150001164526 ], [ 941369.000150000792928, 1941965.875250000972301 ], [ 941366.51114999956917, 1941965.417250000406057 ], [ 941364.250150001025759, 1941965.000250000972301 ], [ 941270.938150001456961, 1941988.375250000273809 ], [ 941253.069050001096912, 1941992.79524999926798 ], [ 941241.616749999811873, 1941995.631250000558794 ], [ 941241.61375000118278, 1941995.632450001314282 ], [ 941228.000150001142174, 1942004.250250000506639 ], [ 941167.497650001198053, 1942042.629249999765307 ], [ 941162.313149999943562, 1942051.000249999575317 ], [ 941160.813150000059977, 1942052.625250000506639 ], [ 941155.476050000172108, 1942058.131250000558794 ], [ 941152.938149999477901, 1942060.750249999342486 ], [ 941152.930150000378489, 1942060.791149999480695 ], [ 941152.312649999279529, 1942064.125250000506639 ], [ 941152.305749999824911, 1942064.161250001285225 ], [ 941152.218050000956282, 1942064.633250000420958 ], [ 941151.688150000059977, 1942067.500249999575317 ], [ 941118.000150001142174, 1942105.875249999109656 ], [ 941105.250149999512359, 1942120.375250000972301 ], [ 941102.813149999361485, 1942147.000250000506639 ], [ 941071.688150000642054, 1942166.25025 ], [ 941069.009050000691786, 1942167.921149999601766 ], [ 941065.875150000676513, 1942169.875249999109656 ], [ 941061.43813333439175, 1942172.625233332626522 ], [ 941044.281150001334026, 1942171.207050001248717 ], [ 941038.750150000560097, 1942170.750150000676513 ], [ 940919.184649999719113, 1942248.013150000479072 ], [ 940914.123650000430644, 1942267.374350000172853 ], [ 940849.758150001754984, 1942247.753150001168251 ], [ 940846.033050000900403, 1942247.163050002185628 ], [ 940806.250149999279529, 1942240.875150001142174 ], [ 940796.099150000605732, 1942222.22414999967441 ], [ 940793.188149999361485, 1942216.87514999974519 ], [ 940778.984149999683723, 1942208.09804999968037 ], [ 940735.938149999594316, 1942181.500149999512359 ], [ 940735.928150000749156, 1942181.465050001163036 ], [ 940735.793050001608208, 1942180.955050001386553 ], [ 940735.375149999978021, 1942179.37515 ], [ 940728.624925530981272, 1942151.625093791401014 ], [ 940728.624150000978261, 1942151.622050000587478 ], [ 940725.967149999691173, 1942148.987150000408292 ], [ 940703.188149999827147, 1942126.375149999279529 ], [ 940702.312049999833107, 1942123.504050001967698 ], [ 940701.625150001025759, 1942121.250150000210851 ], [ 940700.405049999710172, 1942117.201149998698384 ], [ 940695.9381500009913, 1942102.375150000210851 ], [ 940666.625150000327267, 1942092.250150000909343 ], [ 940649.813149999827147, 1942086.375150000676513 ], [ 940618.380150000099093, 1942083.533050001366064 ], [ 940593.125150000909343, 1942081.250149999279529 ], [ 940570.000149999512359, 1942079.12514999974519 ], [ 940476.625150001025759, 1942083.500150000210851 ], [ 940443.875150001142174, 1942088.500150000210851 ], [ 940432.3131500009913, 1942090.250150000443682 ], [ 940426.495549999875948, 1942091.125150000676513 ], [ 940231.563150000525638, 1942103.00015 ], [ 940210.446150001022033, 1942113.365150000434369 ], [ 940207.625149999279529, 1942114.750150000210851 ], [ 940160.875150000443682, 1942098.750150000909343 ], [ 940162.688149999477901, 1942076.625150000909343 ], [ 940158.813149999827147, 1942076.250149999279529 ], [ 940129.625150000327267, 1942073.25014999974519 ], [ 940120.895050000865012, 1942072.373149999883026 ], [ 940114.685550002148375, 1942071.742150000762194 ], [ 940111.455049999523908, 1942061.244050000794232 ], [ 940110.68965000170283, 1942058.755150000564754 ], [ 940061.375150001375005, 1942052.500150000676513 ], [ 940059.188149999361485, 1942048.500149999512359 ], [ 940056.809050001204014, 1942044.178050000220537 ], [ 940048.250150000210851, 1942028.625150000443682 ], [ 940047.101050001336262, 1942017.060150001663715 ], [ 940046.238649999257177, 1942008.496150001417845 ], [ 940045.563149999827147, 1942008.250150000676513 ], [ 940033.103050000034273, 1942004.01505 ], [ 940023.500549999531358, 1942000.76215000031516 ], [ 940026.999050000566058, 1942060.845050001749769 ], [ 940027.001150001306087, 1942060.87514999974519 ], [ 940029.185550001915544, 1942098.126650000456721 ], [ 940026.577050000545569, 1942099.658049999736249 ], [ 940022.375149999628775, 1942102.12514999974519 ], [ 940018.79105000058189, 1942104.121049999725074 ], [ 940017.438150000758469, 1942104.875150001375005 ], [ 940016.771150000859052, 1942105.279150001006201 ], [ 940015.375150001258589, 1942106.125150000676513 ], [ 940014.920149999205023, 1942106.339150000363588 ], [ 940014.313149999827147, 1942106.625149999279529 ], [ 940009.184050000039861, 1942106.455050000688061 ], [ 940006.750149999628775, 1942106.375150001142174 ], [ 939995.438149999827147, 1942110.750149999279529 ], [ 939989.750150001025759, 1942113.000150000210851 ], [ 939874.000149999978021, 1942270.625150001142174 ], [ 939858.750149999279529, 1942291.375150000443682 ], [ 939851.438150000525638, 1942301.375150000676513 ], [ 939842.327350000850856, 1942510.653949999716133 ], [ 939842.313450001180172, 1942510.975249998969957 ], [ 939840.361649999860674, 1942555.502150001004338 ], [ 939843.268150000832975, 1942562.780050000175834 ], [ 939847.875150001258589, 1942574.375150001142174 ], [ 939850.248550000833347, 1942580.246150001883507 ], [ 939849.102149999816902, 1942580.928050000220537 ], [ 939847.50014999974519, 1942581.875150000210851 ], [ 939841.452050000079907, 1942585.510049999691546 ], [ 939836.063150000758469, 1942588.750149999512359 ], [ 939838.125149999279529, 1942611.499049999285489 ], [ 939878.188150001107715, 1942713.250150001142174 ], [ 939878.875150001025759, 1942729.875150000443682 ], [ 939879.686150001129135, 1942748.961150001734495 ], [ 939879.6881500009913, 1942749.000150000676513 ], [ 939869.238149999175221, 1942759.075049999868497 ], [ 939850.000150000909343, 1942777.625150000676513 ], [ 939849.391150001669303, 1942783.458150000777096 ], [ 939849.126149999559857, 1942785.989050000905991 ], [ 939848.836150001268834, 1942788.557150000473484 ], [ 939848.250150000676513, 1942793.750150001375005 ], [ 939844.184050001204014, 1942831.335050001041964 ], [ 939839.500149999978021, 1942874.625150000676513 ], [ 939836.831149999983609, 1942898.947050000540912 ], [ 939836.125150000909343, 1942905.375150000210851 ], [ 939835.693149999715388, 1942909.403050001710653 ], [ 939835.182449999963865, 1942914.124349999707192 ], [ 939837.8131500009913, 1942918.500050000380725 ], [ 939838.105150001356378, 1942919.89605 ], [ 939838.625149999861605, 1942922.37505 ], [ 939839.877050000359304, 1942929.387549999635667 ], [ 939840.563150000292808, 1942934.875050001312047 ], [ 939839.688150000176392, 1942941.750050000613555 ], [ 939837.938150000059977, 1942946.375050001312047 ], [ 939832.625150000676513, 1942960.250050001312047 ], [ 939830.544150000903755, 1942964.690050000324845 ], [ 939828.875149999978021, 1942968.250050000846386 ], [ 939824.438149999594316, 1942977.625050001312047 ], [ 939820.625149999978021, 1942987.625049999449402 ], [ 939820.438150000758469, 1942993.375050000380725 ], [ 939820.358050001552328, 1942995.370050000492483 ], [ 939820.313149999477901, 1942996.500050001312047 ], [ 939823.318149999715388, 1943007.011049999855459 ], [ 939826.625149999279529, 1943014.000050000613555 ], [ 939829.241050000535324, 1943019.56505 ], [ 939830.563150000059977, 1943022.37505 ], [ 939830.905050000874326, 1943023.013050001580268 ], [ 939833.250150000443682, 1943027.37505 ], [ 939834.875149999279529, 1943033.000049999682233 ], [ 939834.000150001375005, 1943041.000049999449402 ], [ 939833.813150000059977, 1943050.250050000846386 ], [ 939834.500149999861605, 1943060.500050001312047 ], [ 939835.063149999361485, 1943068.50014999974519 ], [ 939835.437750001554377, 1943077.125250000273809 ], [ 939830.774450001888908, 1943081.938450000947341 ], [ 939829.441450001206249, 1943085.556650002021343 ], [ 939829.727050000336021, 1943090.412449999712408 ], [ 939828.655850001145154, 1943120.72704999987036 ], [ 939832.6836499995552, 1943131.80345000163652 ], [ 939839.319549999665469, 1943141.502050001872703 ], [ 939840.938149999594316, 1943142.000149999279529 ], [ 939855.687750000040978, 1943146.37514999974519 ], [ 939856.562750000157394, 1943147.750150000443682 ], [ 939866.313149999594316, 1943149.62514999974519 ], [ 939867.000149999395944, 1943149.750150000909343 ], [ 939870.062750000623055, 1943150.375150000676513 ], [ 939882.312650000676513, 1943157.500349999871105 ], [ 939881.165250000776723, 1943166.536549999378622 ], [ 939883.250150001375005, 1943168.250149999279529 ], [ 939885.169150000438094, 1943168.372050000820309 ], [ 939887.188150000059977, 1943168.50014999974519 ], [ 939890.313150000874884, 1943169.125149999279529 ], [ 939894.87755000195466, 1943170.003450000891462 ], [ 939895.786050000227988, 1943171.33115000044927 ], [ 939896.500149999279529, 1943172.375149999279529 ], [ 939897.280050000641495, 1943173.545150000602007 ], [ 939898.50014999974519, 1943175.375150001142174 ], [ 939900.616050000418909, 1943175.748150000814348 ], [ 939902.750150001142174, 1943176.12514999974519 ], [ 939915.563149999477901, 1943176.625150000676513 ], [ 939931.046050000237301, 1943183.009050000458956 ], [ 939948.000150000094436, 1943190.00014999974519 ], [ 939965.052149999886751, 1943196.980050001526251 ], [ 939969.375150001258589, 1943198.750150000676513 ], [ 939970.469250000314787, 1943199.206050000386313 ], [ 939970.875150001142174, 1943199.375150000210851 ], [ 939971.496150001185015, 1943199.628050000406802 ], [ 939988.688149999594316, 1943206.625150001142174 ], [ 939989.031150000169873, 1943206.831149999517947 ], [ 939989.313149999361485, 1943207.000150000676513 ], [ 939992.056049999431707, 1943208.073150001931936 ], [ 939995.063150000409223, 1943209.250150001375005 ], [ 939997.044150001835078, 1943210.123149999417365 ], [ 939998.750149999978021, 1943210.875150000210851 ], [ 940018.160150000127032, 1943234.87705000047572 ], [ 940030.188150000176392, 1943249.750150000676513 ], [ 940032.980150001705624, 1943253.240149999735877 ], [ 940033.692050001234747, 1943254.126050001010299 ], [ 940062.313150000292808, 1943262.500150000210851 ], [ 940071.375149999279529, 1943265.125150000210851 ], [ 940081.949150001164526, 1943268.250150001142174 ], [ 940089.563149999361485, 1943270.50014999974519 ], [ 940113.250149999279529, 1943307.500150001142174 ], [ 940116.184050000389107, 1943310.113049999345094 ], [ 940141.875150001375005, 1943333.00015 ], [ 940151.570150001440197, 1943341.726050000172108 ], [ 940164.375150000676513, 1943353.250150000676513 ], [ 940165.367150000645779, 1943354.242150000762194 ], [ 940166.000149999512359, 1943354.875149999512359 ], [ 940159.910850001149811, 1943425.819549998734146 ], [ 940179.619050001027063, 1943434.137550000566989 ], [ 940165.634550002054311, 1943471.004050000803545 ], [ 940164.313150000525638, 1943474.25015 ], [ 940163.93815000122413, 1943475.125150000210851 ], [ 940163.928150000050664, 1943475.1530500005465 ], [ 940163.81815000041388, 1943475.485049998853356 ], [ 940163.688150000758469, 1943475.875050000147894 ], [ 940163.633766184328124, 1943476.008386196568608 ], [ 940150.06315000122413, 1943509.250049999682233 ], [ 940149.312050000531599, 1943517.375050000846386 ], [ 940149.308149999706075, 1943517.417050000745803 ], [ 940146.688150000059977, 1943546.875050000613555 ], [ 940146.638150000828318, 1943547.27005000016652 ], [ 940146.5631500009913, 1943547.87505 ], [ 940146.030050001689233, 1943554.074050001334399 ], [ 940145.875150000094436, 1943555.875049999449402 ], [ 940145.688150000874884, 1943557.90504999901168 ], [ 940144.813150000758469, 1943567.375049999449402 ], [ 940144.653050001128577, 1943568.117050001397729 ], [ 940144.625150000676513, 1943568.250049999449402 ], [ 940144.507050000946037, 1943568.666050000116229 ], [ 940143.813149999477901, 1943571.125050000147894 ], [ 940141.875150001375005, 1943578.50005 ], [ 940141.626149999792688, 1943579.495050000958145 ], [ 940141.375150000676513, 1943580.500050000613555 ], [ 940135.500150000443682, 1943602.625050000380725 ], [ 940132.321150000905618, 1943614.470050000818446 ], [ 940128.188149999361485, 1943629.875049999449402 ], [ 940116.938149999827147, 1943640.500049999449402 ], [ 940113.750149999978021, 1943643.500050001312047 ], [ 940113.125150000210851, 1943643.750049999449402 ], [ 940097.609949999954551, 1943645.707850002450868 ], [ 940073.250150000676513, 1943662.87505 ], [ 940072.312850001966581, 1943662.87505 ], [ 940067.625150000909343, 1943663.000050001079217 ], [ 940067.101049999473616, 1943663.018949999241158 ], [ 940064.250149999628775, 1943663.125050000147894 ], [ 940051.013649999746121, 1943659.499850001186132 ], [ 940046.438050001161173, 1943661.874949999619275 ], [ 940043.812850001268089, 1943663.375050000380725 ], [ 940042.250150000909343, 1943664.250050000613555 ], [ 940040.479050000896677, 1943665.203950001392514 ], [ 940037.375149999978021, 1943666.875050000846386 ], [ 940019.938149999594316, 1943675.875049999449402 ], [ 940017.938150001340546, 1943676.875050000846386 ], [ 940015.00205000070855, 1943678.36504999967292 ], [ 940013.750150000210851, 1943679.000050000380725 ], [ 940005.688150000292808, 1943683.125050000380725 ], [ 940000.688150000292808, 1943685.750050000846386 ], [ 939994.06315000122413, 1943689.125150000676513 ], [ 939959.45145000051707, 1943701.578650001902133 ], [ 939950.938149999594316, 1943694.500150000210851 ], [ 939940.240050000837073, 1943703.094950000755489 ], [ 939936.621566666988656, 1943705.996500000823289 ], [ 939936.417200000490993, 1943706.153100001392886 ], [ 939935.438200000207871, 1943706.87510000099428 ], [ 939928.794199999887496, 1943712.253100001253188 ], [ 939927.56209999974817, 1943713.251100000459701 ], [ 939909.938199999043718, 1943727.375100002158433 ], [ 939908.069100000429899, 1943728.832100000698119 ], [ 939906.250200000824407, 1943730.250100000295788 ], [ 939904.952100000926293, 1943731.0561 ], [ 939904.438200000440702, 1943731.375100000761449 ], [ 939900.625199998728931, 1943733.625100001692772 ], [ 939894.794200000585988, 1943729.147050000494346 ], [ 939892.813199999276549, 1943727.625100000295788 ], [ 939866.875199999660254, 1943736.125100000528619 ], [ 939856.375199998845346, 1943743.375100001459941 ], [ 939854.587200000416487, 1943744.637050000252202 ], [ 939852.125199999776669, 1943746.375100001227111 ], [ 939848.375199999194592, 1943748.375100001692772 ], [ 939847.938199999509379, 1943748.625100001925603 ], [ 939844.000199998728931, 1943750.750100001459941 ], [ 939843.000199999660254, 1943751.375100001227111 ], [ 939836.680200000759214, 1943755.450099999783561 ], [ 939833.500200000125915, 1943757.500100001692772 ], [ 939833.093100000871345, 1943757.772050000261515 ], [ 939832.562100000097416, 1943758.125100001459941 ], [ 939834.437099999282509, 1943763.000100000295788 ], [ 939835.375199999311008, 1943772.375100000761449 ], [ 939838.838100001448765, 1943780.005200002575293 ], [ 939839.047100000549108, 1943780.470000001601875 ], [ 939839.062099999981001, 1943780.49805000028573 ], [ 939808.625099999830127, 1943796.250000001862645 ], [ 939760.438100000144914, 1943818.000000000465661 ], [ 939759.507099999347702, 1943817.851000001654029 ], [ 939758.87509999924805, 1943817.75 ], [ 939698.800100000342354, 1943811.12999999942258 ], [ 939698.75009999901522, 1943811.125000000931323 ], [ 939697.250099999131635, 1943811.000000001862645 ], [ 939633.125100000179373, 1943850.875000001396984 ], [ 939618.498200000496581, 1943860.432100001722574 ], [ 939579.750100000179373, 1943885.750100001925603 ], [ 939575.81110000051558, 1943888.126100000459701 ], [ 939566.555299999541603, 1943893.806200001155958 ], [ 939536.500099999364465, 1943912.250200001057237 ], [ 939532.162199999438599, 1943914.598200000356883 ], [ 939528.188200000207871, 1943916.750249999808148 ], [ 939521.246299998951145, 1943932.398499999893829 ], [ 939493.84250000026077, 1943985.724700001534075 ], [ 939492.500199998728931, 1943986.875250000273809 ], [ 939489.178100000834092, 1943988.12920000217855 ], [ 939487.566700001014397, 1943988.749600000679493 ], [ 939483.815200001001358, 1943990.1241500005126 ], [ 939465.125200000475161, 1944001.250200001522899 ], [ 939443.000200000591576, 1943976.500200001290068 ], [ 939436.780200000037439, 1943980.261199999600649 ], [ 939424.188199999509379, 1943987.875100001227111 ], [ 939422.500199999427423, 1943988.375100001925603 ], [ 939422.363199999555945, 1943988.413200001232326 ], [ 939419.813100000377744, 1943989.125100000761449 ], [ 939413.313199999276549, 1943988.250200001522899 ], [ 939407.071200001053512, 1943987.389100001193583 ], [ 939400.625199999893084, 1943986.500100000295788 ], [ 939399.762099999701604, 1943986.421050001634285 ], [ 939399.250199999194592, 1943986.375100001227111 ], [ 939391.628700000117533, 1943985.375700001604855 ], [ 939393.18819999974221, 1943992.500100001925603 ], [ 939394.361100000794977, 1943996.726100001251325 ], [ 939395.063100000144914, 1943999.250200001057237 ], [ 939392.838200001046062, 1944004.084100001957268 ], [ 939380.625199999427423, 1944030.625100001227111 ], [ 939379.309099999256432, 1944033.533100001746789 ], [ 939377.065699999337085, 1944038.494200001470745 ], [ 939376.813199998694472, 1944040.375100001227111 ], [ 939376.125200000125915, 1944045.875100001925603 ], [ 939373.951200000126846, 1944063.307100001722574 ], [ 939370.000199999543838, 1944095.000100000761449 ], [ 939369.247199999983422, 1944100.738200001884252 ], [ 939369.000200000358745, 1944102.625100000761449 ], [ 939366.68709999974817, 1944121.125100001692772 ], [ 939366.683100000023842, 1944121.159100000280887 ], [ 939365.261700000264682, 1944132.375200000125915 ], [ 939361.754699999582954, 1944135.637699999148026 ], [ 939361.60489999956917, 1944135.789999999571592 ], [ 939361.378499999409541, 1944136.003799999365583 ], [ 939361.343499999726191, 1944136.036399999633431 ], [ 939327.750200000125915, 1944167.375200000591576 ], [ 939324.937900000018999, 1944198.8751 ], [ 939301.290099999168888, 1944219.99720000103116 ], [ 939299.187799999723211, 1944221.875200001057237 ], [ 939297.036300000268966, 1944228.597 ], [ 939284.625200000707991, 1944267.375100001692772 ], [ 939277.250099999713711, 1944278.5001 ], [ 939277.246699999435805, 1944278.505200001643971 ], [ 939248.000199998961762, 1944322.750200001057237 ], [ 939247.476099999854341, 1944328.996099999872968 ], [ 939246.500199999078177, 1944340.625200001755729 ], [ 939243.625099999830127, 1944374.125100001692772 ], [ 939268.500199999893084, 1944402.625200001057237 ], [ 939274.80519999936223, 1944409.886100001167506 ], [ 939284.561200000811368, 1944421.124099999666214 ], [ 939283.875199999660254, 1944458.625100000295788 ], [ 939283.524099998991005, 1944478.723099999595433 ], [ 939282.625200000125915, 1944530.125100001692772 ], [ 939305.688199999160133, 1944531.750200001522899 ], [ 939316.938199998810887, 1944532.500233331695199 ], [ 939336.585099998745136, 1944523.976150000933558 ], [ 939352.375199998961762, 1944517.125200000591576 ], [ 939382.928299999097362, 1944503.754400000907481 ], [ 939382.932300000917166, 1944503.753100001253188 ], [ 939383.344200000865385, 1944503.678100001299754 ], [ 939394.188199998927303, 1944501.750250000273809 ], [ 939411.736700000241399, 1944498.5028 ], [ 939418.434099999954924, 1944499.113049999345094 ], [ 939432.188199999276549, 1944500.375249999575317 ], [ 939451.563299998641014, 1944502.125200000358745 ], [ 939451.591199999209493, 1944502.1162 ], [ 939488.43819999974221, 1944490.500200001290068 ], [ 939494.370199999539182, 1944485.144300001906231 ], [ 939497.438200000906363, 1944482.375200000125915 ], [ 939506.125300001353025, 1944474.625200000824407 ], [ 939520.916100000613369, 1944480.069050000514835 ], [ 939524.125200000358745, 1944481.250249999109656 ], [ 939526.663099998724647, 1944482.17320000147447 ], [ 939530.31319999974221, 1944483.500200000591576 ], [ 939532.438199999276549, 1944484.250200001522899 ], [ 939576.341199999093078, 1944500.36119999946095 ], [ 939583.875199998961762, 1944503.125250000972301 ], [ 939586.938299998524599, 1944505.250250000506639 ], [ 939592.064100001123734, 1944508.894199999514967 ], [ 939600.125199998728931, 1944514.625200001522899 ], [ 939613.639300000970252, 1944524.097300000721589 ], [ 939628.125199998845346, 1944534.250200000591576 ], [ 939652.971300001023337, 1944545.013300000224262 ], [ 939665.063199999975041, 1944550.250199999893084 ], [ 939680.938200000207871, 1944589.250200001522899 ], [ 939682.500200000125915, 1944590.250200000591576 ], [ 939687.537300000665709, 1944593.654200002085418 ], [ 939705.250199999893084, 1944605.625249999808148 ], [ 939740.438299999572337, 1944611.375200001522899 ], [ 939771.313300000270829, 1944607.125200000125915 ], [ 939782.375299999723211, 1944605.625249999808148 ], [ 939833.210799998836592, 1944662.731200001901016 ], [ 939834.568800000241026, 1944664.257200001273304 ], [ 939835.715200001257472, 1944665.633200000738725 ], [ 939836.122800000943244, 1944666.122200001496822 ], [ 939836.607299999450333, 1944667.792200000956655 ], [ 939842.125199999543838, 1944686.875200001522899 ], [ 939857.938299998524599, 1944710.125250001205131 ], [ 939852.93819999974221, 1944727.500199999660254 ], [ 939855.44240000017453, 1944746.060150001198053 ], [ 939856.750200000475161, 1944755.750100001459941 ], [ 939856.755499999504536, 1944755.793100000359118 ], [ 939856.914099999936298, 1944757.061200001044199 ], [ 939856.937500000465661, 1944757.249700001673773 ], [ 939850.500199998728931, 1944819.250100000761449 ], [ 939874.063200000440702, 1944851.125200001522899 ], [ 939885.497700001345947, 1944866.621099999640137 ], [ 939886.448199999518692, 1944870.0452 ], [ 939888.375199999893084, 1944877.00010000099428 ], [ 939888.872199999867007, 1944878.766150000970811 ], [ 939892.000199999194592, 1944889.875100001692772 ], [ 939917.328200000803918, 1944907.50609999941662 ], [ 939917.503699999535456, 1944907.627100001089275 ], [ 939920.563199999043718, 1944909.000099999830127 ], [ 939932.813199999975041, 1944914.75010000099428 ], [ 939936.314100000308827, 1944917.582100000698119 ], [ 939944.250199998845346, 1944924.000200001057237 ], [ 939957.500199998961762, 1944934.625100000295788 ], [ 939985.557199998758733, 1944946.291100000496954 ], [ 939998.688100000377744, 1944951.750099999830127 ], [ 940009.806199999293312, 1944957.3821 ], [ 940036.93819999974221, 1944971.125100000761449 ], [ 940040.3581000007689, 1944982.984099999535829 ], [ 940041.625200000591576, 1944987.375100000295788 ], [ 940049.928099999669939, 1945016.468050000490621 ], [ 940049.938199999625795, 1945016.500100000761449 ], [ 940052.750199998961762, 1945020.375100000761449 ], [ 940063.563199999160133, 1945035.125100000528619 ], [ 940061.313200000557117, 1945086.000100001692772 ], [ 940065.81969999987632, 1945093.761599999386817 ], [ 940094.250199999660254, 1945143.1251 ], [ 940103.280199999688193, 1945157.100050001172349 ], [ 940122.438099998980761, 1945186.750100000295788 ], [ 940118.319199999328703, 1945193.290100000333041 ], [ 940108.188200000673532, 1945209.375100000761449 ], [ 940107.267100000055507, 1945227.642200001515448 ], [ 940106.627199999522418, 1945240.33005000045523 ], [ 940106.625199999660254, 1945240.375100000528619 ], [ 940097.763100000913255, 1945250.831100001465529 ], [ 940086.813199999509379, 1945263.750099999830127 ], [ 940101.938199998810887, 1945316.750100000528619 ], [ 940107.823200000217184, 1945321.437100001377985 ], [ 940130.500199999776669, 1945339.500100000295788 ], [ 940138.005199999432079, 1945347.332100002095103 ], [ 940144.875200000358745, 1945354.500100000528619 ], [ 940147.000199999893084, 1945356.659199999645352 ], [ 940148.813199999043718, 1945358.500200000125915 ], [ 940152.017100000521168, 1945371.653100001858547 ], [ 940153.566700000083074, 1945378.005600000265986 ], [ 940154.845199999283068, 1945379.813050000928342 ], [ 940160.784100000513718, 1945388.210200002416968 ], [ 940160.809166666353121, 1945388.250533332582563 ], [ 940155.024250000948086, 1945399.59620000119321 ], [ 940154.563150000758469, 1945400.500100000528619 ], [ 940153.605150001589209, 1945405.731000001076609 ], [ 940150.813150000059977, 1945421.000099999364465 ], [ 940150.211050000274554, 1945421.506999999517575 ], [ 940149.625150000676513, 1945421.999999999767169 ], [ 940138.188149999594316, 1945430.500000000232831 ], [ 940134.313149999943562, 1945455.624999999767169 ], [ 940131.625150000792928, 1945472.875000000931323 ], [ 940132.630150000564754, 1945482.239100000122562 ], [ 940133.813149999361485, 1945493.250099999364465 ], [ 940130.416150000412017, 1945500.252000001026317 ], [ 940129.750149999395944, 1945501.624999999767169 ], [ 940125.063150000758469, 1945511.125100000295788 ], [ 940128.229150000726804, 1945560.2511 ], [ 940131.000150001142174, 1945603.250099999364465 ], [ 940131.030150000122376, 1945603.252000000327826 ], [ 940138.754150000051595, 1945603.679999999701977 ], [ 940160.313149999594316, 1945604.874999999534339 ], [ 940225.938150000525638, 1945637.125000000931323 ], [ 940237.19515000062529, 1945642.62400000076741 ], [ 940244.875150000676513, 1945646.375 ], [ 940265.094150001415983, 1945649.81800000090152 ], [ 940291.125150001142174, 1945654.250000000698492 ], [ 940297.323150001699105, 1945653.342999999644235 ], [ 940309.063150000874884, 1945651.625000000465661 ], [ 940312.51314999978058, 1945651.19700000109151 ], [ 940316.125149999395944, 1945650.750000000465661 ], [ 940322.618050000164658, 1945657.943899999605492 ], [ 940324.811533333966509, 1945660.377299999585375 ], [ 940321.503100000321865, 1945665.944000000366941 ], [ 940320.875099999830127, 1945667.000099998898804 ], [ 940314.500199999893084, 1945677.625099998898804 ], [ 940284.250199998961762, 1945727.625199998728931 ], [ 940287.968000001041219, 1945803.401999999769032 ], [ 940288.874999999883585, 1945821.867000000551343 ], [ 940288.874499999452382, 1945821.870899999281392 ], [ 940287.821100000757724, 1945825.165 ], [ 940276.625099999830127, 1945860.125099999364465 ], [ 940271.125099999131635, 1945877.375100000295788 ], [ 940269.154099998879246, 1945883.450150001095608 ], [ 940267.313100000610575, 1945889.125199999427423 ], [ 940267.019199999165721, 1945889.965099998749793 ], [ 940266.875100000062957, 1945890.375100000295788 ], [ 940257.50040000025183, 1945919.004400000441819 ], [ 940257.535200000158511, 1945926.812100001610816 ], [ 940257.625100000761449, 1945946.750099999830127 ], [ 940262.000099998898804, 1945988.250199999194592 ], [ 940266.912099999375641, 1946006.471200001426041 ], [ 940276.188100000377744, 1946040.875099999364465 ], [ 940286.000600000843406, 1946064.381150001194328 ], [ 940286.001599999610335, 1946064.38480000058189 ], [ 940286.875100000412203, 1946069.750099999597296 ], [ 940291.200000000651926, 1946095.5301 ], [ 940293.188199999858625, 1946107.375100000295788 ], [ 940308.62510000099428, 1946207.000100000761449 ], [ 940301.188100000843406, 1946243.750099999364465 ], [ 940301.173100001295097, 1946243.784100000280887 ], [ 940300.509459455264732, 1946245.327282562619075 ], [ 940288.12999999942258, 1946274.11250000144355 ], [ 940290.690099999774247, 1946305.509 ], [ 940291.813100000377744, 1946319.250000000465661 ], [ 940292.438100000144914, 1946326.625000000465661 ], [ 940292.438100000144914, 1946326.994999999413267 ], [ 940292.438100000144914, 1946327.124999999068677 ], [ 940292.560100000584498, 1946328.835000001359731 ], [ 940292.563099999213591, 1946328.874999999068677 ], [ 940260.375100000062957, 1946347.87505 ], [ 940234.500099999597296, 1946363.125050000380725 ], [ 940215.006599999731407, 1946381.743550000246614 ], [ 940212.375099999597296, 1946403.87505 ], [ 940211.425099999643862, 1946412.065999999176711 ], [ 940210.375099999131635, 1946421.124999999534339 ], [ 940208.46000000089407, 1946428.370999998878688 ], [ 940208.063100000377744, 1946429.875000000465661 ], [ 940204.688099999213591, 1946442.750000000931323 ], [ 940203.25400000018999, 1946461.29399999929592 ], [ 940202.688100000843406, 1946468.624999999534339 ], [ 940199.905000000726432, 1946474.894000000320375 ], [ 940196.750099999597296, 1946482.000050000380725 ], [ 940195.589100000681356, 1946484.701049999101087 ], [ 940193.688099999795668, 1946489.125000000465661 ], [ 940190.727999999420717, 1946495.746999998576939 ], [ 940187.375099999131635, 1946503.250000000698492 ], [ 940185.587100000702776, 1946516.023000000976026 ], [ 940184.750099998898804, 1946521.999999999534339 ], [ 940185.828099998645484, 1946524.67200000025332 ], [ 940187.625099999364465, 1946529.124999999068677 ], [ 940190.725999999558553, 1946536.455000000540167 ], [ 940191.061999999801628, 1946537.25 ], [ 940194.563099999912083, 1946541.125050001312047 ], [ 940221.813099998980761, 1946571.874999999068677 ], [ 940237.17509999894537, 1946589.295049999374896 ], [ 940241.875099999480881, 1946594.625000000931323 ], [ 940243.293000000296161, 1946596.201049998868257 ], [ 940243.541999999666587, 1946596.478950001997873 ], [ 940243.563099999446422, 1946596.500099998898804 ], [ 940249.855355752632022, 1946609.824720892123878 ], [ 940249.938100000377744, 1946610.000000000698492 ], [ 940251.763100000331178, 1946612.412 ], [ 940270.938099999912083, 1946637.750000000465661 ], [ 940280.063100000028498, 1946649.750050000613555 ], [ 940284.753999999491498, 1946655.401000000536442 ], [ 940301.438099998980761, 1946675.50005 ], [ 940321.813100000959821, 1946697.999999999767169 ], [ 940321.824100000900216, 1946698.039050000719726 ], [ 940332.000100000295788, 1946731.750000000931323 ], [ 940341.763099999981932, 1946745.644 ], [ 940351.500100000062957, 1946759.500000000931323 ], [ 940362.928999998839572, 1946775.877050001174212 ], [ 940363.597300000255927, 1946776.834300000453368 ], [ 940363.599100000341423, 1946776.836999998427927 ], [ 940363.625099999830127, 1946776.875000000931323 ], [ 940368.12509999924805, 1946784.749999999534339 ], [ 940373.250100000645034, 1946793.874999999534339 ], [ 940377.610999999335036, 1946820.039050001185387 ], [ 940377.876100000110455, 1946821.624999999301508 ], [ 940386.125099999131635, 1946845.249999999068677 ], [ 940387.488099999027327, 1946851.566000000573695 ], [ 940388.688099999213591, 1946857.125000000698492 ], [ 940388.688099999213591, 1946857.850999999791384 ], [ 940388.6875, 1946858.136499998159707 ], [ 940388.125099999597296, 1946878.75 ], [ 940388.125099999597296, 1946879.500000000931323 ], [ 940388.063099999446422, 1946880.5 ], [ 940387.970000000554137, 1946882.449999999254942 ], [ 940387.625099998898804, 1946889.749999999301508 ], [ 940387.125100000528619, 1946901.75 ], [ 940387.206099999835715, 1946901.885000000242144 ], [ 940387.500099999830127, 1946902.374999999767169 ], [ 940396.826099999947473, 1946921.026999999769032 ], [ 940400.436999999801628, 1946928.248999999370426 ], [ 940402.188099999679253, 1946955.875000000931323 ], [ 940402.637139652040787, 1946962.838003891520202 ], [ 940403.184000000590459, 1946971.318900000303984 ], [ 940403.184999999357387, 1946971.374900001101196 ], [ 940403.649100000271574, 1946992.122000000439584 ], [ 940404.125599999562837, 1947013.5 ], [ 940402.573100000270642, 1947020.892000001622364 ], [ 940401.500099998898804, 1947025.999999999068677 ], [ 940404.438100000610575, 1947035.750050000846386 ], [ 940406.615099999122322, 1947045.760000000474975 ], [ 940410.500099999830127, 1947063.625049999449402 ], [ 940407.996000000392087, 1947076.38005000166595 ], [ 940407.188099999912083, 1947080.499999999534339 ], [ 940405.550999999046326, 1947085.984 ], [ 940402.563099999097176, 1947096.00005 ], [ 940401.027099998667836, 1947111.186000001383945 ], [ 940399.188100000144914, 1947129.375049999449402 ], [ 940398.64499999966938, 1947138.141000001458451 ], [ 940398.430670379661024, 1947141.601898165652528 ], [ 940398.313100000028498, 1947143.500000000465661 ], [ 940399.437000000616536, 1947148.664999999804422 ], [ 940400.625099998782389, 1947154.125000000465661 ], [ 940404.813099999912083, 1947173.749999999068677 ], [ 940405.303999999538064, 1947175.554000000236556 ], [ 940405.711648013908416, 1947177.046014202293009 ], [ 940405.938100000377744, 1947177.874999999068677 ], [ 940406.929000000469387, 1947181.289050001185387 ], [ 940407.063100000843406, 1947181.750000000931323 ], [ 940407.455000000772998, 1947182.83600000012666 ], [ 940409.188100000377744, 1947187.624999999068677 ], [ 940409.272100000409409, 1947188.049000001046807 ], [ 940409.313099999446422, 1947188.250000000931323 ], [ 940410.261099999537691, 1947194.385000000474975 ], [ 940412.250100000062957, 1947207.25 ], [ 940409.313099999446422, 1947215.625050000846386 ], [ 940409.014100000844337, 1947216.58100000070408 ], [ 940408.999500000849366, 1947216.624899999704212 ], [ 940408.829099999275059, 1947217.113049999577925 ], [ 940405.750100000179373, 1947225.875050001312047 ], [ 940402.822856426239014, 1947230.693373524583876 ], [ 940396.313999999547377, 1947241.406999999657273 ], [ 940391.625099999946542, 1947249.125 ], [ 940379.125100000761449, 1947271.500000000465661 ], [ 940378.500099998898804, 1947272.625000000698492 ], [ 940374.064000000595115, 1947289.978000001050532 ], [ 940372.813099998864345, 1947294.874999999767169 ], [ 940373.714782868977636, 1947297.850505191832781 ], [ 940374.063100000610575, 1947299.000050001312047 ], [ 940374.500100000062957, 1947300.375000000465661 ], [ 940375.188100000959821, 1947302.750000000465661 ], [ 940376.649099999340251, 1947307.447000000160187 ], [ 940376.936999999103136, 1947308.375000000232831 ], [ 940385.875099998898804, 1947321.250000000931323 ], [ 940388.865999999456108, 1947325.00599999865517 ], [ 940391.250100000528619, 1947327.999999999068677 ], [ 940393.423099999548867, 1947330.607000001240522 ], [ 940395.313100000377744, 1947332.875 ], [ 940396.750099999131635, 1947334.375 ], [ 940398.089999999152496, 1947335.764000001363456 ], [ 940400.125100000295788, 1947337.875 ], [ 940405.125100000412203, 1947340.125000000931323 ], [ 940406.63109999964945, 1947340.728000000817701 ], [ 940407.313099998864345, 1947341.000000000931323 ], [ 940407.613100000657141, 1947341.492000000318512 ], [ 940408.000099998782389, 1947342.125050000846386 ], [ 940414.545002862345427, 1947351.995598101057112 ], [ 940416.131999999051914, 1947354.389000000897795 ], [ 940419.688099998980761, 1947359.749999999767169 ], [ 940426.438099999213591, 1947374.499999999767169 ], [ 940426.938099999912083, 1947376.375000001164153 ], [ 940427.500100000761449, 1947378.374999999534339 ], [ 940428.065000001341105, 1947380.510000000242144 ], [ 940435.678599999984726, 1947408.133600000292063 ], [ 940436.435399999376386, 1947410.879099999554455 ], [ 940433.373000000137836, 1947416.1419 ], [ 940428.438099999679253, 1947424.624999999767169 ], [ 940428.153000000864267, 1947425.037950000260025 ], [ 940427.750099998898804, 1947425.625000001164153 ], [ 940427.438100000610575, 1947426.250050000380725 ], [ 940430.68810000049416, 1947445.374999999068677 ], [ 940471.125100000761449, 1947474.37505 ], [ 940472.136999999871477, 1947476.085999999195337 ], [ 940474.750100000179373, 1947480.500000000931323 ], [ 940478.383999998681247, 1947486.709000001428649 ], [ 940481.185599999735132, 1947491.496550000738353 ], [ 940482.81309999874793, 1947504.625050000846386 ], [ 940482.997000000672415, 1947506.346050000749528 ], [ 940483.188100000377744, 1947508.124999999534339 ], [ 940483.375099999597296, 1947509.625050000846386 ], [ 940488.500099998782389, 1947513.124999999534339 ], [ 940501.313099999446422, 1947521.749999999068677 ], [ 940507.313100000843406, 1947523.499999999068677 ], [ 940509.082000001333654, 1947524.002050001174212 ], [ 940516.125099999597296, 1947526.000000000232831 ], [ 940517.750100000528619, 1947526.500000000931323 ], [ 940542.687800000188872, 1947534.374999999534339 ], [ 940556.431999999214895, 1947544.266899998765439 ], [ 940559.187800000305288, 1947546.250000000931323 ], [ 940580.312800001120195, 1947565.875050001312047 ], [ 940589.625099998898804, 1947575.124999999068677 ], [ 940593.813100000144914, 1947579.249999999068677 ], [ 940614.312800000421703, 1947599.625000000931323 ], [ 940625.014999999897555, 1947600.066000000108033 ], [ 940635.562800000421703, 1947600.500000000931323 ], [ 940635.568099999451078, 1947600.557000000495464 ], [ 940637.813099999679253, 1947623.500000001164153 ], [ 940638.829099999275059, 1947633.448999998858199 ], [ 940639.000100000295788, 1947635.125 ], [ 940642.006099999183789, 1947643.173050000797957 ], [ 940646.938099999795668, 1947656.375 ], [ 940675.38910000026226, 1947670.783000000519678 ], [ 940682.319099952699617, 1947674.296200095675886 ], [ 940695.55359999940265, 1947681.0055 ], [ 940681.199099999386817, 1947689.757 ], [ 940663.375099998782389, 1947700.625 ], [ 940660.947000000160187, 1947709.619050001027063 ], [ 940659.563100000144914, 1947714.75 ], [ 940655.438100000144914, 1947730.250050000380725 ], [ 940627.375099998898804, 1947835.499999999068677 ], [ 940625.714999999385327, 1947841.785999999381602 ], [ 940624.43810000049416, 1947846.624999999767169 ], [ 940619.93809999874793, 1947867.874999999534339 ], [ 940619.989000000292435, 1947883.123999999370426 ], [ 940620.003099999739788, 1947886.380999999586493 ], [ 940642.875099999946542, 1947932.375000000232831 ], [ 940642.870099999359809, 1947932.403999998234212 ], [ 940639.774100000970066, 1947950.731000000378117 ], [ 940639.75009999901522, 1947950.875000000931323 ], [ 940637.238099999143742, 1947954.801999999443069 ], [ 940632.875099999713711, 1947961.625050001312047 ], [ 940632.013099999399856, 1947962.37900000042282 ], [ 940631.875100000528619, 1947962.5 ], [ 940630.871999999741092, 1947963.451050000265241 ], [ 940627.985961650498211, 1947966.188959574792534 ], [ 940620.938100000144914, 1947972.874999999534339 ], [ 940617.000099999364465, 1947976.500000000931323 ], [ 940588.125099999131635, 1947999.625 ], [ 940587.37200000078883, 1948000.358999998308718 ], [ 940585.688099999213591, 1948002.0 ], [ 940583.600100001320243, 1948004.153050000313669 ], [ 940581.688100000377744, 1948006.125 ], [ 940576.750100000528619, 1948011.375000000465661 ], [ 940573.750100000761449, 1948014.625000000465661 ], [ 940569.938100000144914, 1948017.749999999068677 ], [ 940563.188099999795668, 1948023.375000001164153 ], [ 940559.049070030916482, 1948025.603744342923164 ], [ 940558.313100001076236, 1948025.999999999068677 ], [ 940556.305999999167398, 1948027.059050001436844 ], [ 940552.625100000062957, 1948029.000000000931323 ], [ 940550.500100000528619, 1948030.000049999449402 ], [ 940544.157100000651553, 1948033.083999999798834 ], [ 940539.188100000610575, 1948035.500000000931323 ], [ 940537.482100000372157, 1948036.268 ], [ 940536.688099999446422, 1948036.624999999068677 ], [ 940521.50009999901522, 1948042.499999999068677 ], [ 940520.51, 1948042.855000000679865 ], [ 940519.347800000454299, 1948043.272399999666959 ], [ 940519.063099998980761, 1948043.374999999301508 ], [ 940513.857100000604987, 1948045.091099999612197 ], [ 940513.375100000295788, 1948045.250050000147894 ], [ 940506.375099999597296, 1948047.249999999068677 ], [ 940503.732999999076128, 1948048.059050000971183 ], [ 940500.250099999131635, 1948049.125000000465661 ], [ 940498.643100000685081, 1948049.030999999027699 ], [ 940498.125099999597296, 1948048.999999999068677 ], [ 940486.813099999795668, 1948048.624999999767169 ], [ 940463.000099999830127, 1948041.249999999767169 ], [ 940455.250100000528619, 1948041.750000000465661 ], [ 940429.18810000072699, 1948048.500000000698492 ], [ 940428.06200000050012, 1948048.832050000783056 ], [ 940425.375099998898804, 1948049.625000000931323 ], [ 940423.042100001359358, 1948050.25205 ], [ 940421.188100001076236, 1948050.749999999301508 ], [ 940420.671000000089407, 1948050.922000001184642 ], [ 940419.313099999562837, 1948051.374999999068677 ], [ 940413.938100000144914, 1948052.875050000380725 ], [ 940411.383099999162368, 1948054.457999999867752 ], [ 940409.500100000761449, 1948055.625000000465661 ], [ 940404.232100000022911, 1948059.051999998278916 ], [ 940399.125099998898804, 1948062.375000000465661 ], [ 940386.250100000412203, 1948071.374999999534339 ], [ 940385.534100000280887, 1948072.121999999508262 ], [ 940384.813099999562837, 1948072.875050000846386 ], [ 940370.375100000062957, 1948089.0 ], [ 940370.350099999341182, 1948089.040999998804182 ], [ 940357.750099999597296, 1948109.999999999534339 ], [ 940347.625100000412203, 1948123.750000000232831 ], [ 940346.750100000295788, 1948124.875000000698492 ], [ 940337.438100001076236, 1948139.000000000931323 ], [ 940337.333099999814294, 1948139.293999998830259 ], [ 940337.125099999597296, 1948139.875000000931323 ], [ 940336.907100000185892, 1948140.398000000510365 ], [ 940336.813099998980761, 1948140.624999999767169 ], [ 940336.798000000766478, 1948140.664050000719726 ], [ 940335.550999999861233, 1948143.920049999840558 ], [ 940334.563100000377744, 1948146.500050001544878 ], [ 940333.748100000666454, 1948148.721050002146512 ], [ 940330.250100000295788, 1948158.250000000465661 ], [ 940327.893100000685081, 1948172.31205000099726 ], [ 940326.500099999597296, 1948180.625000000465661 ], [ 940324.984099999302998, 1948189.562999999150634 ], [ 940324.125099999713711, 1948194.625050001079217 ], [ 940323.952000000281259, 1948195.835999999660999 ], [ 940323.250099999597296, 1948200.75 ], [ 940321.643100001150742, 1948205.035999999847263 ], [ 940321.00459999893792, 1948206.7375 ], [ 940309.250100000761449, 1948220.250100000761449 ], [ 940296.375099999946542, 1948232.250000000465661 ], [ 940292.937600000295788, 1948235.374550002394244 ], [ 940292.914500000653788, 1948235.396400001831353 ], [ 940291.000100000412203, 1948237.250000000465661 ], [ 940288.938099999795668, 1948239.124999999767169 ], [ 940285.813099998980761, 1948242.875000000465661 ], [ 940273.821099999593571, 1948259.61350000044331 ], [ 940271.750099998898804, 1948264.499999999534339 ], [ 940271.58109999995213, 1948265.550000000279397 ], [ 940271.125099999131635, 1948268.374999999301508 ], [ 940266.313099999213591, 1948296.875 ], [ 940262.188099999213591, 1948304.735050000716001 ], [ 940259.688100000144914, 1948309.500000000465661 ], [ 940258.483000000589527, 1948311.44400000013411 ], [ 940254.188099999446422, 1948318.375000000465661 ], [ 940244.063100000144914, 1948334.500050000380725 ], [ 940239.065099999890663, 1948341.748 ], [ 940227.000100000528619, 1948359.249999999068677 ], [ 940227.938099999446422, 1948364.432 ], [ 940229.375100000295788, 1948372.375049999449402 ], [ 940229.625100000761449, 1948377.375049999449402 ], [ 940229.743999999482185, 1948380.236999998800457 ], [ 940229.813100000843406, 1948381.874999999534339 ], [ 940229.580000001122244, 1948383.390999999828637 ], [ 940229.434458271600306, 1948384.341693610884249 ], [ 940228.626400001114234, 1948389.619100000709295 ], [ 940228.125100000877865, 1948392.625050000147894 ], [ 940227.375099999830127, 1948397.375000000465661 ], [ 940226.875099999131635, 1948402.125000000465661 ], [ 940225.500100000761449, 1948414.374999999068677 ], [ 940225.063099998980761, 1948421.000049999682233 ], [ 940224.56310000049416, 1948429.0 ], [ 940225.938099998980761, 1948440.874999999534339 ], [ 940228.975100000272505, 1948452.360999998636544 ], [ 940230.500100000761449, 1948458.125000000465661 ], [ 940230.583099999814294, 1948459.535999999847263 ], [ 940230.625099999830127, 1948460.25 ], [ 940230.644999998970889, 1948460.76105 ], [ 940230.750099998898804, 1948463.5 ], [ 940230.313099999446422, 1948470.750000000931323 ], [ 940229.375100000295788, 1948487.250000000931323 ], [ 940226.356000000610948, 1948486.680199998663738 ], [ 940222.750099999131635, 1948485.999999999534339 ], [ 940220.428999999305233, 1948485.527150001842529 ], [ 940216.000099998898804, 1948484.625000000931323 ], [ 940209.564000000245869, 1948484.309299999382347 ], [ 940203.250099999480881, 1948484.000000000931323 ], [ 940193.85300000035204, 1948483.440799999050796 ], [ 940192.750100000761449, 1948483.374999999068677 ], [ 940187.537999999825843, 1948483.1579 ], [ 940177.750100000528619, 1948482.749999999534339 ], [ 940158.616000001318753, 1948481.928200001362711 ], [ 940157.375100000761449, 1948481.875499999849126 ], [ 940149.313100000843406, 1948507.250050000846386 ], [ 940148.584099998697639, 1948511.622999999672174 ], [ 940148.188100000377744, 1948513.999999999534339 ], [ 940147.063100000028498, 1948520.499999999534339 ], [ 940144.850100000854582, 1948533.118000001646578 ], [ 940144.131999999983236, 1948537.21199999935925 ], [ 940144.125100000528619, 1948537.250050001312047 ], [ 940135.756599999032915, 1948551.488049999810755 ], [ 940135.672100000781938, 1948551.605000000447035 ], [ 940135.375099999830127, 1948551.999999999767169 ], [ 940131.702000000048429, 1948557.188 ], [ 940124.313100000377744, 1948567.624999999767169 ], [ 940112.688099999097176, 1948579.125 ], [ 940109.42100000102073, 1948581.370000000111759 ], [ 940106.688099999912083, 1948583.250050001312047 ], [ 940093.151099999900907, 1948592.857000000309199 ], [ 940093.125100000412203, 1948592.875000000698492 ], [ 940092.230100000277162, 1948593.690049999859184 ], [ 940087.500100000528619, 1948598.000050001312047 ], [ 940082.500100000528619, 1948602.499999999068677 ], [ 940082.26810000045225, 1948603.429000000236556 ], [ 940081.652, 1948605.891899998765439 ], [ 940081.625100000412203, 1948605.999999999534339 ], [ 940079.250100000528619, 1948615.749999999534339 ], [ 940079.190100000239909, 1948616.031 ], [ 940079.063099999213591, 1948616.624999999534339 ], [ 940079.063114531338215, 1948616.936899992171675 ], [ 940079.063000000314787, 1948617.731000000610948 ], [ 940079.068999999668449, 1948618.414999999804422 ], [ 940079.069599998998456, 1948618.506500000599772 ], [ 940079.216999999713153, 1948629.088899999158457 ], [ 940079.24900000076741, 1948631.373899999540299 ], [ 940079.249999999534339, 1948631.545899999327958 ], [ 940079.249999999534339, 1948633.624899999238551 ], [ 940086.859100000350736, 1948655.328249999321997 ], [ 940086.874999999883585, 1948655.374899999704212 ], [ 940094.562799999373965, 1948673.624900000169873 ], [ 940095.187800001353025, 1948685.624900000635535 ], [ 940094.31280000123661, 1948694.249900000169873 ], [ 940093.562800000188872, 1948701.999899999704212 ], [ 940105.938000000081956, 1948722.499900000635535 ], [ 940111.155999999493361, 1948729.922900000121444 ], [ 940117.624999999301508, 1948739.124899999704212 ], [ 940119.157000000122935, 1948744.230899999849498 ], [ 940120.249999999534339, 1948747.874900000635535 ], [ 940122.425000000512227, 1948754.835899999830872 ], [ 940122.750000000698492, 1948755.882400001166388 ], [ 940122.812999999616295, 1948768.374899999238551 ], [ 940121.254999999189749, 1948783.622900000307709 ], [ 940116.937999999383464, 1948825.874899999238551 ], [ 940116.115000000456348, 1948832.836899999529123 ], [ 940116.013000000151806, 1948833.702950001228601 ], [ 940113.687999999383464, 1948853.374900001101196 ], [ 940111.442356229992583, 1948872.837994949426502 ], [ 940110.863000000361353, 1948877.858949999790639 ], [ 940109.938000001013279, 1948885.874900000635535 ], [ 940109.370000000810251, 1948895.793950000777841 ], [ 940108.749999999534339, 1948906.624899999704212 ], [ 940109.5489999987185, 1948911.052949999459088 ], [ 940112.562999999034218, 1948927.749900000635535 ], [ 940116.625000000116415, 1948950.749900000635535 ], [ 940117.580999999539927, 1948958.922900001052767 ], [ 940118.000000000931323, 1948962.499900001101196 ], [ 940118.086000000708736, 1948963.157900000456721 ], [ 940118.349000000860542, 1948965.175899999216199 ], [ 940118.333999999100342, 1948965.242950001498684 ], [ 940118.134000000078231, 1948966.154950000811368 ], [ 940117.556000001030043, 1948968.790949998889118 ], [ 940116.2650000002468, 1948974.678899999475107 ], [ 940114.898000000976026, 1948980.91395000112243 ], [ 940114.465000001015142, 1948982.888900001533329 ], [ 940113.587000000057742, 1948986.894899999722838 ], [ 940112.202999999164604, 1948993.206900001503527 ], [ 940110.623999999836087, 1949000.4079 ], [ 940109.385999999241903, 1949006.05390000063926 ], [ 940108.121000000159256, 1949011.823899999726564 ], [ 940106.871000000741333, 1949017.524900000542402 ], [ 940105.565999999176711, 1949023.473899999633431 ], [ 940104.557000000029802, 1949028.076900000218302 ], [ 940103.645999999251217, 1949032.23189999954775 ], [ 940102.459000000962988, 1949037.644899999257177 ], [ 940101.316999998874962, 1949042.854899999685585 ], [ 940100.563000000547618, 1949046.295900000724941 ], [ 940100.077000000630505, 1949048.508899999782443 ], [ 940098.707000000402331, 1949054.759949999628589 ], [ 940097.158999999053776, 1949061.817899999208748 ], [ 940095.96500000031665, 1949067.263900001067668 ], [ 940094.432999999495223, 1949073.255899999057874 ], [ 940091.132233332842588, 1949086.17259999923408 ], [ 940090.250000001164153, 1949089.624900000635535 ], [ 940089.562999999034218, 1949091.749900000169873 ], [ 940089.049500000313856, 1949093.249 ], [ 940085.034100000280887, 1949108.994999999646097 ], [ 940080.875099999364465, 1949125.25 ], [ 940072.313099998864345, 1949139.125 ], [ 940067.658000000286847, 1949146.732999998610467 ], [ 940065.125100000295788, 1949150.875000000232831 ], [ 940062.066100001335144, 1949158.367 ], [ 940085.125100000761449, 1949177.125 ], [ 940099.063099999562837, 1949207.250050001312047 ], [ 940108.190099999425001, 1949232.10700000077486 ], [ 940116.687999999034218, 1949255.250033333897591 ], [ 940116.65000000083819, 1949255.253050000406802 ], [ 940002.813100000377744, 1949265.750050000613555 ], [ 939940.228000000468455, 1949265.369050001725554 ], [ 939920.750099999364465, 1949265.25005 ], [ 939878.164099999819882, 1949263.273050000425428 ], [ 939802.250099999131635, 1949259.750050001312047 ], [ 939723.250099998782389, 1949254.125050001544878 ], [ 939701.313099999097176, 1949250.875050001544878 ], [ 939700.034099999349564, 1949250.71305000083521 ], [ 939697.375100000528619, 1949250.375050000846386 ], [ 939660.253999998793006, 1949244.854050001129508 ], [ 939650.313099998980761, 1949243.375050000380725 ], [ 939646.264099999796599, 1949242.737050000810996 ], [ 939634.821810622466728, 1949240.934632566291839 ], [ 939632.063100000843406, 1949240.50005 ], [ 939609.276099999668077, 1949241.149050001520663 ], [ 939592.563100000843406, 1949241.625050000147894 ], [ 939581.207000000169501, 1949242.811050001997501 ], [ 939567.438099998980761, 1949244.250050000380725 ], [ 939512.821100000990555, 1949249.712050000671297 ], [ 939454.938100000144914, 1949255.50005 ], [ 939454.928100001183338, 1949255.55305 ], [ 939443.125100000877865, 1949320.37505 ], [ 939442.438100000959821, 1949331.250050000380725 ], [ 939441.250099999364465, 1949350.75005 ], [ 939456.498100000200793, 1949385.627050001639873 ], [ 939379.938100000843406, 1949465.000050001312047 ], [ 939369.883999998681247, 1949484.866050000302494 ], [ 939364.313100000843406, 1949495.87505 ], [ 939362.313100000377744, 1949501.750166666693985 ], [ 939362.290099999401718, 1949501.71705 ], [ 939356.216099999146536, 1949492.491050000768155 ], [ 939337.12370000127703, 1949463.49315000209026 ], [ 939335.821100001456216, 1949457.588049999671057 ], [ 939327.313099999679253, 1949419.000150000210851 ], [ 939311.169099999824539, 1949381.776150000281632 ], [ 939301.563100000377744, 1949359.625150000676513 ], [ 939266.188100000261329, 1949289.750150000676513 ], [ 939242.56310000049416, 1949294.625149999512359 ], [ 939235.178999999305233, 1949296.180149998981506 ], [ 939221.188099999446422, 1949299.125150001142174 ], [ 939218.588000001152977, 1949300.632050000363961 ], [ 939216.875099999131635, 1949301.625150000210851 ], [ 939205.375099999131635, 1949308.500149999279529 ], [ 939179.680999999633059, 1949324.000150000443682 ], [ 939174.500100000761449, 1949327.125150001142174 ], [ 939133.313099999330007, 1949348.000149999512359 ], [ 939077.500100000528619, 1949366.000149999512359 ], [ 939077.813099999795668, 1949367.625150000676513 ], [ 939081.875100000877865, 1949388.500150001142174 ], [ 939068.750099999830127, 1949404.00014999974519 ], [ 939066.011100000469014, 1949406.739050000440329 ], [ 939064.125099999131635, 1949408.625150000443682 ], [ 939052.125100000645034, 1949412.750150000443682 ], [ 939043.215000000200234, 1949415.874049999285489 ], [ 939042.501100000808947, 1949416.122049999888986 ], [ 939033.500099998782389, 1949420.250149999512359 ], [ 939031.43610000051558, 1949421.172150000231341 ], [ 939027.063099999912083, 1949423.125150000210851 ], [ 939011.474100000690669, 1949435.823150000534952 ], [ 939006.500100000062957, 1949439.875150000676513 ], [ 939004.646099999779835, 1949441.364050001604483 ], [ 938999.188099998980761, 1949445.750150000676513 ], [ 938996.842099999310449, 1949447.69815 ], [ 938995.883099999278784, 1949448.493750001071021 ], [ 938995.813099999912083, 1949453.875149999512359 ], [ 938998.250099999946542, 1949461.250149999512359 ], [ 939007.745099998894148, 1949469.649150000419468 ], [ 939011.250099999830127, 1949472.750149999512359 ], [ 939013.813099999912083, 1949475.000150000210851 ], [ 939015.438100000959821, 1949487.000150001142174 ], [ 939015.428699999116361, 1949487.039250001311302 ], [ 939013.563099999446422, 1949495.12514999974519 ], [ 939013.419099999126047, 1949495.43815000122413 ], [ 939012.125099999830127, 1949498.250150000676513 ], [ 939011.988099999842234, 1949498.662150001619011 ], [ 939011.875099999480881, 1949499.000149999279529 ], [ 939011.547100000781938, 1949499.655049999477342 ], [ 939011.438099999912083, 1949499.875149999512359 ], [ 939010.51310000079684, 1949501.989050000440329 ], [ 939010.125099999364465, 1949502.875150001375005 ], [ 939010.109100001049228, 1949502.899150000885129 ], [ 939008.141099999425933, 1949505.877049999777228 ], [ 939002.938099999562837, 1949513.750149999279529 ], [ 939002.833156411419623, 1949513.908271060790867 ], [ 938994.842100001056679, 1949525.945150000508875 ], [ 938988.250099999830127, 1949535.875149999279529 ], [ 938983.449099999852479, 1949538.955050000688061 ], [ 938971.688099999446422, 1949546.500149999279529 ], [ 938964.847099998849444, 1949546.782150000799447 ], [ 938959.563099999795668, 1949547.00015 ], [ 938954.250100000412203, 1949547.250150000210851 ], [ 938938.266999999294057, 1949544.061050000600517 ], [ 938928.563100000028498, 1949542.125150001142174 ], [ 938927.540999999968335, 1949541.88505000108853 ], [ 938926.43810000049416, 1949541.625150000443682 ], [ 938925.580000001005828, 1949541.5111500013154 ], [ 938924.563099999097176, 1949541.375150000210851 ], [ 938908.753099999623373, 1949538.590050000231713 ], [ 938900.438100000843406, 1949537.125150001142174 ], [ 938874.625100000412203, 1949540.875149999279529 ], [ 938781.784099998883903, 1949543.097150000976399 ], [ 938770.188100000144914, 1949543.375150000676513 ], [ 938690.056700000655837, 1949545.998150001047179 ], [ 938683.87099999957718, 1949545.58805000083521 ], [ 938617.005902512231842, 1949541.140962226316333 ], [ 938609.250100000295788, 1949540.625150001142174 ], [ 938574.853000000584871, 1949531.884049999760464 ], [ 938510.375100000877865, 1949515.500149999512359 ], [ 938485.563100000610575, 1949515.875150001142174 ], [ 938473.787100000772625, 1949514.365150000201538 ], [ 938461.188099999795668, 1949512.750150000210851 ], [ 938458.686999998870306, 1949512.504050000570714 ], [ 938457.375100000295788, 1949512.375150000909343 ], [ 938413.813099998980761, 1949534.250150000443682 ], [ 938413.150000000139698, 1949533.563150000758469 ], [ 938410.438100000028498, 1949530.750150000210851 ], [ 938403.185100000584498, 1949523.451149998698384 ], [ 938400.62509999901522, 1949520.875150001142174 ], [ 938379.188600000459701, 1949495.37465000175871 ], [ 938373.063099999446422, 1949490.37515 ], [ 938370.505099999951199, 1949488.273050000425428 ], [ 938362.87509999901522, 1949482.000150000909343 ], [ 938316.729100001044571, 1949470.367150000296533 ], [ 938310.313099998980761, 1949468.750150000676513 ], [ 938306.305999998934567, 1949466.767050000838935 ], [ 938304.492099999799393, 1949465.870150001719594 ], [ 938304.000100000528619, 1949465.62514999974519 ], [ 938303.589501132140867, 1949464.024599708616734 ], [ 938302.863099999027327, 1949461.19315 ], [ 938300.250099999830127, 1949451.000150001142174 ], [ 938301.574100000434555, 1949444.060150000965223 ], [ 938303.374299999559298, 1949434.624750000424683 ], [ 938315.102100000251085, 1949416.800150000490248 ], [ 938328.373100001481362, 1949396.633149998961017 ], [ 938333.499499998986721, 1949388.876549998763949 ], [ 938339.813099998864345, 1949379.375150000909343 ], [ 938340.159100000280887, 1949376.548050000797957 ], [ 938340.563099999912083, 1949373.250150000210851 ], [ 938340.998999999603257, 1949370.009749999735504 ], [ 938340.2820999994874, 1949368.405049999710172 ], [ 938337.625100000412203, 1949362.500150001375005 ], [ 938261.753099999623373, 1949295.128150001168251 ], [ 938258.701100001111627, 1949295.651150000281632 ], [ 938243.625099999830127, 1949298.250150001142174 ], [ 938236.108000000473112, 1949298.53415000019595 ], [ 938230.375099999713711, 1949298.750149999512359 ], [ 938223.125099998898804, 1949296.875150000210851 ], [ 938186.563100000377744, 1949265.625150000210851 ], [ 938165.566099999472499, 1949251.227150001097471 ], [ 938164.696699999272823, 1949250.63075 ], [ 938164.693000000435859, 1949250.629050000803545 ], [ 938139.625099999131635, 1949243.625149999279529 ], [ 938059.233700000331737, 1949227.431049999315292 ], [ 938059.227689571329392, 1949226.993100144900382 ], [ 938058.776299998979084, 1949194.164150000549853 ], [ 938057.244599998812191, 1949176.397550001274794 ], [ 938053.378900000127032, 1949151.301650000736117 ], [ 938047.431200000457466, 1949128.341350000118837 ], [ 938061.468299999833107, 1949127.57924999948591 ], [ 938092.082500000018626, 1949115.702849999535829 ], [ 938081.303100001299754, 1949041.872650001663715 ], [ 938052.874700000043958, 1949034.249350000405684 ], [ 938046.187499998952262, 1949027.000150000676513 ], [ 938048.563100000377744, 1948997.62815000070259 ], [ 938048.962099999422207, 1948994.451150000793859 ], [ 938051.125099999364465, 1948977.250150000210851 ], [ 938052.104099999647588, 1948969.378150000236928 ], [ 938054.000099999946542, 1948954.12865 ], [ 938053.90000000060536, 1948953.733050001319498 ], [ 938052.063100000610575, 1948946.500150000676513 ], [ 938045.76810000021942, 1948938.761150001082569 ], [ 938044.469100000336766, 1948937.164150001481175 ], [ 938044.438100000377744, 1948937.12513333465904 ], [ 938030.502000000327826, 1948931.343050001421943 ], [ 938020.938099999679253, 1948927.375150000210851 ], [ 938007.938099999795668, 1948915.125149999279529 ], [ 938001.125100000645034, 1948911.375150000909343 ], [ 937696.938099998980761, 1948734.87514999974519 ], [ 937680.18810000072699, 1948726.875150000210851 ], [ 937676.592999999411404, 1948727.281149999704212 ], [ 937669.125100000295788, 1948728.12514999974519 ], [ 937667.042100000660866, 1948730.09004999930039 ], [ 937664.520113912527449, 1948732.468514751177281 ], [ 937661.438099999795668, 1948735.375150000676513 ], [ 937660.540000000037253, 1948738.367150000995025 ], [ 937660.500100000761449, 1948738.500149999279529 ], [ 937659.808100000373088, 1948740.914150000549853 ], [ 937652.688099998980761, 1948765.750150000676513 ], [ 937652.313099999679253, 1948767.00015 ], [ 937649.435100000584498, 1948776.319050000980496 ], [ 937626.875100000877865, 1948849.375149999279529 ], [ 937619.315099999308586, 1948878.253150000236928 ], [ 937613.000099998665974, 1948902.37514999974519 ], [ 937613.102999999187887, 1948909.564050000626594 ], [ 937613.438099999213591, 1948933.000150000210851 ], [ 937615.125100000528619, 1948944.375150001142174 ], [ 937615.250099999597296, 1948945.12515 ], [ 937621.250099998782389, 1948977.125150001142174 ], [ 937622.517000001040287, 1948993.328150000190362 ], [ 937623.313100000377744, 1949003.50015 ], [ 937623.698099998757243, 1949017.050150001887232 ], [ 937623.87509999901522, 1949023.250150000210851 ], [ 937610.267, 1949108.678050000220537 ], [ 937605.874600000795908, 1949136.25014999974519 ], [ 937617.475099999690428, 1949157.222150002140552 ], [ 937631.25009999901522, 1949182.125150000676513 ], [ 937656.313100000610575, 1949227.37514999974519 ], [ 937656.343000000924803, 1949227.430149999447167 ], [ 937688.688099998864345, 1949284.125150000909343 ], [ 937689.628683719784021, 1949285.778209264855832 ], [ 937692.813099998980761, 1949291.37514999974519 ], [ 937708.000100000645034, 1949330.750150000676513 ], [ 937708.154099999926984, 1949338.569049999583513 ], [ 937708.188100000843406, 1949340.250150000210851 ], [ 937706.068999999668449, 1949359.190149998757988 ], [ 937706.063099999097176, 1949359.250149999279529 ], [ 937637.188100000377744, 1949364.625150000909343 ], [ 937623.833100001211278, 1949366.139050000347197 ], [ 937572.125100000062957, 1949372.000150000909343 ], [ 937437.000100000528619, 1949401.62514999974519 ], [ 937437.000100000528619, 1949401.670150000602007 ], [ 937437.184599999454804, 1949441.133149999193847 ], [ 937436.125100000528619, 1949443.995150002185255 ], [ 937431.125100000412203, 1949457.500150001142174 ], [ 937422.50010000099428, 1949473.625149999512359 ], [ 937417.250100000528619, 1949483.375149999279529 ], [ 937416.698099998640828, 1949501.416049999650568 ], [ 937416.125100000062957, 1949520.125150000210851 ], [ 937433.125100000877865, 1949600.625150000210851 ], [ 937434.255099999718368, 1949609.244050001725554 ], [ 937436.429600000148639, 1949625.875150001142174 ], [ 937429.474099999759346, 1949625.778050000313669 ], [ 937427.438100000843406, 1949625.75014999974519 ], [ 937412.695099999196827, 1949625.419150000205263 ], [ 937377.313100000843406, 1949624.625149999279529 ], [ 937328.059000000357628, 1949625.141150000505149 ], [ 937305.688100000610575, 1949625.375150000443682 ], [ 937295.071099999826401, 1949627.221150001510978 ], [ 937261.12509999924805, 1949633.12514999974519 ], [ 937199.000100000761449, 1949665.375150001142174 ], [ 937186.80210000090301, 1949675.460050001507625 ], [ 937162.563099999213591, 1949695.500150000909343 ], [ 937128.308256916934624, 1949734.683662337251008 ], [ 937128.250100000528619, 1949734.750150000676513 ], [ 937120.639100000960752, 1949743.445150001673028 ], [ 937093.125100000761449, 1949774.875150000676513 ], [ 937048.9939999995986, 1949828.522049999795854 ], [ 937046.754099998739548, 1949831.244550000410527 ], [ 937046.749899999471381, 1949831.250050001312047 ], [ 937004.500099999830127, 1949895.00014999974519 ], [ 937002.679000000469387, 1949896.513150001410395 ], [ 936999.688099999912083, 1949899.000150000676513 ], [ 936991.62509999901522, 1949905.87515 ], [ 936983.80710000009276, 1949906.438150001689792 ], [ 936976.000099998898804, 1949907.000150000443682 ], [ 936953.313100000377744, 1949908.500150000210851 ], [ 936917.688100000028498, 1949907.750149999279529 ], [ 936900.625100000295788, 1949899.000150000676513 ], [ 936890.000100000295788, 1949893.50015 ], [ 936858.750100000295788, 1949887.875150000210851 ], [ 936846.758100001025014, 1949887.79805000172928 ], [ 936839.250100000528619, 1949887.750150001142174 ], [ 936836.843999999575317, 1949887.750150001142174 ], [ 936835.62509999901522, 1949887.750150001142174 ], [ 936835.188099999446422, 1949887.750150001142174 ], [ 936777.188100001076236, 1949887.62514999974519 ], [ 936673.250100000412203, 1949887.375149999279529 ], [ 936668.313099999213591, 1949887.375149999279529 ], [ 936561.813099999562837, 1949887.750150001142174 ], [ 936538.079999999143183, 1949887.853050001431257 ], [ 936504.000100000295788, 1949888.000150001375005 ], [ 936460.438099998980761, 1949889.750149999279529 ], [ 936449.43400000128895, 1949890.16415 ], [ 936427.18810000072699, 1949891.000150001142174 ], [ 936397.772100000875071, 1949898.560150000266731 ], [ 936389.250100000528619, 1949900.750150000909343 ], [ 936103.443099998752587, 1950125.39005 ], [ 936075.317099998588674, 1950147.498149999417365 ], [ 936025.375100000295788, 1950182.875149999279529 ], [ 936001.000099999597296, 1950199.250150000210851 ], [ 935999.14409999945201, 1950199.734150000382215 ], [ 935998.12509999901522, 1950200.000150001375005 ], [ 935973.938100000610575, 1950206.750149999279529 ], [ 935960.984100000467151, 1950206.793049999512732 ], [ 935936.688099999213591, 1950206.875150000676513 ], [ 935835.875099999480881, 1950197.25014999974519 ], [ 935818.317000000970438, 1950195.840050000697374 ], [ 935619.448699999134988, 1950179.875650002388284 ], [ 935568.430099999532104, 1950274.304049999453127 ], [ 935540.43810000072699, 1950326.125050001079217 ], [ 935494.12509999924805, 1950402.125049999449402 ], [ 935439.313100000610575, 1950492.00005 ], [ 935392.250100000295788, 1950570.875050001312047 ], [ 935390.575000001234002, 1950574.42005 ], [ 935385.813099999213591, 1950584.500050000846386 ], [ 935379.625099999830127, 1950597.750050000846386 ], [ 935362.625099999131635, 1950611.12505 ], [ 935339.875099999364465, 1950624.000050000846386 ], [ 935339.868099999031983, 1950624.048050000332296 ], [ 935337.438099999446422, 1950640.750050001312047 ], [ 935341.813099999679253, 1950661.625049999449402 ], [ 935342.601000000257045, 1950665.450050000101328 ], [ 935343.873100000550039, 1950671.616050001699477 ], [ 935341.949100001016632, 1950675.686050001997501 ], [ 935340.441999999806285, 1950678.866550000850111 ], [ 935330.125099999597296, 1950683.37505 ], [ 935323.438100000377744, 1950686.250050000613555 ], [ 935319.89709999889601, 1950689.983049999689683 ], [ 935316.563099998980761, 1950693.500050001544878 ], [ 935316.610999999567866, 1950694.89505000016652 ], [ 935316.813099999213591, 1950700.750050000380725 ], [ 935317.018100000917912, 1950707.886049999855459 ], [ 935317.130100000300445, 1950711.634050000691786 ], [ 935322.961100000655279, 1950721.798050001263618 ], [ 935326.375099998898804, 1950727.750050001312047 ], [ 935328.934599999920465, 1950735.61565 ], [ 935317.501100000110455, 1950749.749050001148134 ], [ 935319.438099999446422, 1950759.000050001312047 ], [ 935325.329199998872355, 1950770.675850000698119 ], [ 935326.291299998527393, 1950772.582850001053885 ], [ 935326.313100000959821, 1950772.625050000846386 ], [ 935326.427100000088103, 1950773.426050001988187 ], [ 935326.563099999097176, 1950774.375050000846386 ], [ 935327.042100000893697, 1950777.249050000682473 ], [ 935327.432099999859929, 1950779.632550000213087 ], [ 935322.244000000762753, 1950786.28505 ], [ 935319.245399999432266, 1950790.112666667439044 ], [ 935311.069100001943298, 1950795.851099998690188 ], [ 935309.231099999975413, 1950797.143150001997128 ], [ 935298.755300000775605, 1950798.892100001685321 ], [ 935297.248250001110137, 1950799.14409999968484 ], [ 935294.563250000588596, 1950799.625099998898804 ], [ 935291.517100000986829, 1950799.391100001521409 ], [ 935289.689100000192411, 1950799.272099999478087 ], [ 935286.476099999621511, 1950799.06110000051558 ], [ 935281.187950000632554, 1950798.750099998898804 ], [ 935280.861100001027808, 1950798.147099999012426 ], [ 935278.659250000026077, 1950794.117150000762194 ], [ 935274.479299999540672, 1950786.466150000691414 ], [ 935266.188250001054257, 1950771.375100000761449 ], [ 935255.398100001504645, 1950762.2451 ], [ 935254.807300000218675, 1950761.749099998967722 ], [ 935253.754100001300685, 1950761.630150000797585 ], [ 935247.134100000723265, 1950760.91914999904111 ], [ 935242.1841000020504, 1950760.389099999796599 ], [ 935237.689100001007318, 1950776.996250001247972 ], [ 935218.341500000329688, 1950815.31725 ], [ 935219.516250000800937, 1950823.122099998872727 ], [ 935219.647249999223277, 1950823.991099999519065 ], [ 935226.939100001938641, 1950831.218099999707192 ], [ 935228.318250000476837, 1950832.886099999304861 ], [ 935228.625299999723211, 1950833.250099998898804 ], [ 935239.813249999890104, 1950846.750099999364465 ], [ 935239.779250001301989, 1950847.762099999468774 ], [ 935239.765100000076927, 1950848.596150001976639 ], [ 935239.716299999505281, 1950851.438100001309067 ], [ 935239.681700001470745, 1950853.882650001440197 ], [ 935235.755299999960698, 1950858.018150000832975 ], [ 935215.240250000031665, 1950860.801100000739098 ], [ 935212.748250000178814, 1950861.139100000727922 ], [ 935154.358100000070408, 1950882.29509999928996 ], [ 935144.255300000542775, 1950881.634099998977035 ], [ 935137.563249999191612, 1950881.196100000757724 ], [ 935105.313250000122935, 1950879.125099999830127 ], [ 935066.375300000188872, 1950887.500099998898804 ], [ 935061.813250001287088, 1950888.500100000295788 ], [ 935043.875300000887364, 1950893.500100000295788 ], [ 935030.774250000016764, 1950901.5861 ], [ 935022.8153000009479, 1950906.522100000176579 ], [ 935019.307299999287352, 1950914.808100000955164 ], [ 935017.062949999934062, 1950920.125099999830127 ], [ 935019.87529999949038, 1950924.375099998898804 ], [ 935021.687950000632554, 1950927.000099999131635 ], [ 935027.125300000421703, 1950930.00010000099428 ], [ 935034.37025000131689, 1950933.95710000093095 ], [ 935042.694100002059713, 1950938.475099998526275 ], [ 935066.954250000882894, 1950947.804099999368191 ], [ 935074.313250000355765, 1950950.6256500009913 ], [ 935097.625300000188872, 1950950.500099999830127 ], [ 935098.584250001003966, 1950950.485100000165403 ], [ 935113.834249999374151, 1950950.191100000170991 ], [ 935230.077100000344217, 1950947.956100000999868 ], [ 935267.315300000715069, 1950947.240100000984967 ], [ 935268.434849999379367, 1950947.218100001104176 ], [ 935271.750300001353025, 1950947.125250001205131 ], [ 935363.959150000242516, 1951033.491899999789894 ], [ 935417.31125000026077, 1951073.736099999165162 ], [ 935448.204249999020249, 1951103.248250000411645 ], [ 935452.963100000750273, 1951106.364100000821054 ], [ 935468.313250000122935, 1951116.375249999109656 ], [ 935476.125300001353025, 1951117.875250000972301 ], [ 935499.875300000188872, 1951122.375250000506639 ], [ 935501.102249999297783, 1951122.357250000350177 ], [ 935551.750300000305288, 1951121.625249999575317 ], [ 935581.250300000188872, 1951118.875250000273809 ], [ 935588.272249999106862, 1951118.234250002074987 ], [ 935607.228100000182167, 1951116.461250001098961 ], [ 935629.0101000018185, 1951112.2911 ], [ 935637.625299999839626, 1951110.62525 ], [ 935659.813249999308027, 1951106.375250000972301 ], [ 935668.685250000562519, 1951104.969250000314787 ], [ 935691.355249999789521, 1951101.327099998947233 ], [ 935715.169300000066869, 1951101.832100000232458 ], [ 935733.154250001069158, 1951109.464249999262393 ], [ 935765.902249998878688, 1951123.356100000208244 ], [ 935797.110250001191162, 1951150.195249999640509 ], [ 935797.11885000183247, 1951150.244699998758733 ], [ 935797.50029999949038, 1951158.750249999808148 ], [ 935794.532250001560897, 1951164.686100000981241 ], [ 935792.946249999804422, 1951167.90625 ], [ 935774.921100000967272, 1951186.860250001773238 ], [ 935763.87529999949038, 1951198.50025 ], [ 935688.374700000276789, 1951277.8747 ], [ 935680.39725000038743, 1951290.590099999215454 ], [ 935683.399249999783933, 1951292.456250000977889 ], [ 935687.188249999657273, 1951294.750249999342486 ], [ 935712.026700000511482, 1951299.546699999831617 ], [ 935723.464250001590699, 1951301.729250001022592 ], [ 935752.179100000532344, 1951307.210100000258535 ], [ 935759.625300000421703, 1951308.625249999109656 ], [ 935760.023700000252575, 1951308.955299999564886 ], [ 935765.034249999327585, 1951313.06525000045076 ], [ 935769.767100001452491, 1951316.948250001762062 ], [ 935775.723100000992417, 1951325.349250000203028 ], [ 935781.375300001003779, 1951333.250250000506639 ], [ 935797.594250001362525, 1951368.39210000121966 ], [ 935797.618250000989065, 1951368.442100000567734 ], [ 935801.62529999949038, 1951377.104249999858439 ], [ 935811.004099999787286, 1951377.786100000841543 ], [ 935815.813249999308027, 1951378.12525 ], [ 935822.813249999890104, 1951383.12525 ], [ 935829.875299999956042, 1951391.87525000073947 ], [ 935831.610250001307577, 1951394.0531 ], [ 935836.279249999439344, 1951399.821249999571592 ], [ 935841.81410000170581, 1951406.3581000007689 ], [ 935843.43825, 1951408.250249999575317 ], [ 935848.272249999805354, 1951413.986099999630824 ], [ 935852.783100001048297, 1951419.316100000403821 ], [ 935861.801100000273436, 1951425.111100000329316 ], [ 935867.299100001226179, 1951424.73725 ], [ 935868.311249999445863, 1951424.668099998962134 ], [ 935871.875300001353025, 1951424.375250000273809 ], [ 935873.3543, 1951422.860250000841916 ], [ 935874.441250000614673, 1951421.697099999757484 ], [ 935877.20424999948591, 1951418.74325 ], [ 935880.188250000821427, 1951415.500250000506639 ], [ 935897.750299999606796, 1951396.750249999575317 ], [ 935904.215700001688674, 1951400.445250000339001 ], [ 935909.15010000159964, 1951403.225099998526275 ], [ 935912.781299999915063, 1951409.135100000537932 ], [ 935914.082100002095103, 1951411.252100000856444 ], [ 935915.074250000296161, 1951420.090099998982623 ], [ 935915.062700000358745, 1951420.1221 ], [ 935908.914299999480136, 1951434.308249999769032 ], [ 935902.456250000162981, 1951449.215099999681115 ], [ 935903.265100000193343, 1951450.5200999986846 ], [ 935913.590100000612438, 1951467.159249999094754 ], [ 935914.010100000770763, 1951467.71125000086613 ], [ 935926.625299999723211, 1951484.250250000273809 ], [ 935948.417250000988133, 1951501.812100001610816 ], [ 935968.812100000446662, 1951518.1891 ], [ 935975.779249999439344, 1951523.783099999884143 ], [ 935977.625299999956042, 1951525.25025 ], [ 935947.864099999889731, 1951557.94410000112839 ], [ 936001.115250000031665, 1951561.097250001505017 ], [ 936018.813250000705011, 1951562.12525 ], [ 936021.871100000455044, 1951605.506250001490116 ], [ 936023.570300000254065, 1951629.500250001205131 ], [ 936024.893299999763258, 1951629.500250001205131 ], [ 936025.46924999973271, 1951629.478100000880659 ], [ 936028.303250001277775, 1951629.368250001687557 ], [ 936031.250300000305288, 1951628.060250001726672 ], [ 936042.00029999925755, 1951623.250249999575317 ], [ 936058.313250000821427, 1951622.250250000273809 ], [ 936065.928249999880791, 1951621.844250000780448 ], [ 936067.685250000446104, 1951621.737249999772757 ], [ 936069.134099999675527, 1951620.097250001505017 ], [ 936072.063249999424443, 1951616.750249999575317 ], [ 936153.563250000821427, 1951524.500249999109656 ], [ 936153.583650000393391, 1951524.474650001386181 ], [ 936171.438249999424443, 1951501.625250000506639 ], [ 936174.951249999459833, 1951495.722250001039356 ], [ 936182.37910000118427, 1951483.200099999317899 ], [ 936200.667250000173226, 1951452.371099998243153 ], [ 936215.928250000695698, 1951427.841249999590218 ], [ 936218.438250000821427, 1951423.80725 ], [ 936223.313249999657273, 1951415.87525 ], [ 936228.879900000989437, 1951421.259249999653548 ], [ 936234.09910000115633, 1951442.615249999333173 ], [ 936235.815650000236928, 1951449.643700000364333 ], [ 936235.822100000805221, 1951455.00825 ], [ 936235.875300000538118, 1951484.500250000506639 ], [ 936231.313249999424443, 1951518.000249999109656 ], [ 936208.00029999949038, 1951643.875249999575317 ], [ 936207.187950000399724, 1951645.750250000972301 ], [ 936206.597250000108033, 1951647.049100000411272 ], [ 936205.946850000182167, 1951648.491150001296774 ], [ 936186.259100001538172, 1951648.7331000007689 ], [ 936184.820300000603311, 1951648.751099999062717 ], [ 936183.432300000218675, 1951648.769250001991168 ], [ 936120.688249999657273, 1951649.625250000506639 ], [ 936121.750300000538118, 1951697.875249999342486 ], [ 936122.394250000012107, 1951727.654250002000481 ], [ 936123.145100001711398, 1951761.520099999615923 ], [ 936131.396250000922009, 1951889.865250000264496 ], [ 936130.936250000377186, 1951891.631250001024455 ], [ 936130.625300000305288, 1951892.875250000972301 ], [ 936128.938249999657273, 1951899.375250000972301 ], [ 936087.451250001089647, 1951931.489100000821054 ], [ 936084.333299999940209, 1951935.482250001747161 ], [ 936069.313250000122935, 1951954.750249999109656 ], [ 936064.787250001216307, 1951960.543099998729303 ], [ 936018.250300000421703, 1952020.125249999808148 ], [ 936016.83724999986589, 1952022.02210000064224 ], [ 936013.694100000429899, 1952026.3031 ], [ 936014.34425000124611, 1952032.481100000441074 ], [ 936015.022250001085922, 1952038.930250000674278 ], [ 936015.493249999126419, 1952045.06525 ], [ 936016.063250001403503, 1952052.25025 ], [ 936013.56325000023935, 1952058.875250001205131 ], [ 936009.045091188861988, 1952065.343763693701476 ], [ 935996.188250000122935, 1952083.750250000506639 ], [ 935992.313250000355765, 1952092.25025000073947 ], [ 935990.927300001261756, 1952109.563250000821427 ], [ 935990.078300000634044, 1952120.410099999047816 ], [ 935989.185250000911765, 1952131.807250000536442 ], [ 935987.875300000421703, 1952148.87525000073947 ], [ 935970.126250000321306, 1952179.370250001549721 ], [ 935969.271250000339933, 1952180.843100000405684 ], [ 935949.880300000775605, 1952214.252100000856444 ], [ 935949.079250000184402, 1952217.188250001054257 ], [ 935945.438250000355765, 1952230.625250000273809 ], [ 935942.53929999936372, 1952241.15725 ], [ 935941.691250000381842, 1952244.262100000400096 ], [ 935947.313249999424443, 1952261.125249999109656 ], [ 935951.143299999879673, 1952268.26625000173226 ], [ 935953.618250000989065, 1952272.88025000016205 ], [ 935957.465100001078099, 1952279.998249999480322 ], [ 935964.071250001317821, 1952292.22125 ], [ 935968.598100000759587, 1952300.60010000038892 ], [ 935969.563250000705011, 1952302.375249999575317 ], [ 936011.623250000178814, 1952344.998250000644475 ], [ 936011.954249999718741, 1952344.962099999655038 ], [ 936019.165050001582131, 1952344.127699999138713 ], [ 936020.060749999829568, 1952245.305850000120699 ], [ 936020.062950001563877, 1952245.250250000972301 ], [ 936021.750150000443682, 1952243.21525000105612 ], [ 936024.289300001226366, 1952240.07325000083074 ], [ 936030.708299999590963, 1952238.212099999655038 ], [ 936031.000299999956042, 1952238.125249999109656 ], [ 936035.02724999981001, 1952236.960100000491366 ], [ 936074.200100001762621, 1952225.59510000073351 ], [ 936085.924100000411272, 1952220.843100001104176 ], [ 936097.500300001120195, 1952216.125250000506639 ], [ 936100.015099999727681, 1952212.672250000759959 ], [ 936107.038100001169369, 1952202.996099999640137 ], [ 936108.763700002105907, 1952194.172250000294298 ], [ 936109.688250000355765, 1952189.37525 ], [ 936110.87825000169687, 1952183.351100000552833 ], [ 936111.797250001458451, 1952178.65125000057742 ], [ 936119.847250000457279, 1952090.804099999368191 ], [ 936119.867299999925308, 1952090.835100001655519 ], [ 936119.875300001353025, 1952090.750250000972301 ], [ 936146.274849999928847, 1952132.054700001142919 ], [ 936173.59010000131093, 1952174.692100000334904 ], [ 936199.403100001742132, 1952195.243249999824911 ], [ 936217.819100000080653, 1952207.822100000223145 ], [ 936219.820300001301803, 1952209.189099999610335 ], [ 936226.400100001948886, 1952211.178100000135601 ], [ 936230.063249999890104, 1952212.250250000972301 ], [ 936259.188250000355765, 1952224.250249999342486 ], [ 936268.54909999971278, 1952226.631250001024455 ], [ 936270.012100000167266, 1952226.995250000152737 ], [ 936272.423250001040287, 1952227.594250000547618 ], [ 936279.688249999191612, 1952229.37525000073947 ], [ 936282.380299999611452, 1952229.681099999230355 ], [ 936287.384100001771003, 1952230.20325000025332 ], [ 936299.198250000132248, 1952231.432250000769272 ], [ 936299.875300000421703, 1952231.500250000273809 ], [ 936318.488249999703839, 1952234.221150000579655 ], [ 936318.678100001532584, 1952234.248700000811368 ], [ 936323.62529999925755, 1952238.875250000273809 ], [ 936325.80825, 1952240.968100000638515 ], [ 936328.177299999864772, 1952243.1991 ], [ 936328.1827, 1952243.245250002248213 ], [ 936327.539300000411458, 1952277.116100000450388 ], [ 936326.333300000755116, 1952341.255250000394881 ], [ 936336.349299999186769, 1952343.874099998734891 ], [ 936345.439100002171472, 1952346.23009999957867 ], [ 936364.356099999975413, 1952329.438250001519918 ], [ 936372.063899999600835, 1952322.59425 ], [ 936374.813250000122935, 1952320.125249999109656 ], [ 936400.00029999925755, 1952292.500250000506639 ], [ 936407.688250001287088, 1952279.87525 ], [ 936409.675249999854714, 1952276.628250000998378 ], [ 936411.441250000614673, 1952273.710100001189858 ], [ 936414.665250001009554, 1952264.693249999079853 ], [ 936423.688250000821427, 1952239.375250000972301 ], [ 936431.438250000122935, 1952235.500249999109656 ], [ 936435.105250001768582, 1952238.655099998693913 ], [ 936436.81025000102818, 1952240.096250001806766 ], [ 936437.782250000862405, 1952244.663100001402199 ], [ 936446.375300000887364, 1952284.875250000273809 ], [ 936453.500300000538118, 1952320.750250000972301 ], [ 936454.144250000012107, 1952324.796099998988211 ], [ 936455.273100001853891, 1952331.750250000506639 ], [ 936459.467250000569038, 1952341.435250001493841 ], [ 936463.250300000421703, 1952350.125249999575317 ], [ 936503.750299999723211, 1952398.875250001205131 ], [ 936515.750300000421703, 1952402.00025 ], [ 936555.250300000421703, 1952391.750249999342486 ], [ 936561.021249998826534, 1952390.307249999139458 ], [ 936561.243249999941327, 1952390.25110000022687 ], [ 936564.854700001887977, 1952396.429099998436868 ], [ 936579.219250000081956, 1952420.951250000856817 ], [ 936579.181100001558661, 1952420.989250001264736 ], [ 936574.116100000566803, 1952424.092099999543279 ], [ 936568.92024999926798, 1952427.291099999565631 ], [ 936562.401299999561161, 1952431.305249999277294 ], [ 936531.778100001509301, 1952455.155099998228252 ], [ 936525.27124999940861, 1952462.7541000014171 ], [ 936524.000300000421703, 1952464.250249999575317 ], [ 936506.413100000587292, 1952484.773099998943508 ], [ 936489.933250000933185, 1952504.01710000121966 ], [ 936472.881250001257285, 1952528.896250000456348 ], [ 936473.881250000325963, 1952532.462100000120699 ], [ 936475.762100000749342, 1952539.128250000765547 ], [ 936486.37529999949038, 1952541.75025 ], [ 936515.813249999890104, 1952538.750250000506639 ], [ 936533.813249999890104, 1952541.000249999109656 ], [ 936570.743249999475665, 1952549.992250001057982 ], [ 936591.282249999698251, 1952554.962099999422207 ], [ 936604.416100000729784, 1952557.357249999884516 ], [ 936614.012100001098588, 1952559.1050999998115 ], [ 936631.844250001362525, 1952559.565250000683591 ], [ 936639.375299999839626, 1952559.75025 ], [ 936640.102250000578351, 1952559.895099998917431 ], [ 936651.244100000127219, 1952562.066100000170991 ], [ 936658.884100000024773, 1952575.606100000906736 ], [ 936665.949249999597669, 1952599.415100001264364 ], [ 936665.960100001422688, 1952599.645099999383092 ], [ 936666.184465906699188, 1952604.298696821555495 ], [ 936667.188900000066496, 1952625.13770000054501 ], [ 936665.39210000121966, 1952643.163100000703707 ], [ 936658.059100001351908, 1952657.889100000960752 ], [ 936654.134100000257604, 1952661.795250001130626 ], [ 936630.250299999723211, 1952685.625250000506639 ], [ 936610.678250001510605, 1952705.030099999625236 ], [ 936593.589250000193715, 1952722.032250000629574 ], [ 936588.226049999706447, 1952738.578050000593066 ], [ 936587.695349999703467, 1952740.226050000404939 ], [ 936611.326249999925494, 1952771.8542500003241 ], [ 936619.051100000506267, 1952782.1941 ], [ 936622.938249999308027, 1952787.375250000273809 ], [ 936622.946750001166947, 1952787.40724999923259 ], [ 936625.348100000759587, 1952800.436100000981241 ], [ 936636.938250000472181, 1952863.250249999575317 ], [ 936647.875300000188872, 1952904.625250001205131 ], [ 936648.857249999651685, 1952906.67225 ], [ 936652.338100000517443, 1952913.82625 ], [ 936659.814100002055056, 1952929.189099998213351 ], [ 936676.13924999977462, 1952944.736099999863654 ], [ 936686.310250000911765, 1952950.958250000607222 ], [ 936691.513300000224262, 1952954.141249999869615 ], [ 936698.938249999890104, 1952958.625250000972301 ], [ 936712.404249999555759, 1952967.003250000998378 ], [ 936723.231099999975413, 1952973.692099999403581 ], [ 936738.447099999757484, 1952983.093099999241531 ], [ 936756.188249999657273, 1952994.000250000972301 ], [ 936765.509100000956096, 1953002.0041 ], [ 936767.66025000042282, 1953003.839249999262393 ], [ 936798.329250000417233, 1953029.99709999980405 ], [ 936804.162250000634231, 1953034.355100000742823 ], [ 936826.688249999424443, 1953051.125249999575317 ], [ 936862.37529999949038, 1953076.12525 ], [ 936890.470099999802187, 1953095.832100000698119 ], [ 936922.268299999646842, 1953118.092100000940263 ], [ 936940.452100000344217, 1953127.313250000122935 ], [ 936993.187100001145154, 1953139.824100001249462 ], [ 937008.360250000259839, 1953143.171100000850856 ], [ 937012.75029999949038, 1953144.125250000972301 ], [ 937013.688250001403503, 1953144.625249999342486 ], [ 937023.648100001038983, 1953150.455100000370294 ], [ 937026.525100001366809, 1953152.124099999200553 ], [ 937055.240250000962988, 1953185.858099999837577 ], [ 937075.334250000305474, 1953209.465099999215454 ], [ 937088.887100000400096, 1953225.385100000537932 ], [ 937090.42824999964796, 1953227.109250001609325 ], [ 937098.500300000072457, 1953236.125250000972301 ], [ 937107.243250000989065, 1953245.928100000368431 ], [ 937136.635100000770763, 1953278.82410000031814 ], [ 937177.720100001781248, 1953235.494100001407787 ], [ 937187.970100000035018, 1953235.440250000916421 ], [ 937189.135622321395203, 1953236.271468700142577 ], [ 937191.871100001502782, 1953238.222250001039356 ], [ 937197.170250000432134, 1953242.001099999528378 ], [ 937207.75030000123661, 1953249.50025 ], [ 937207.749850000021979, 1953249.5437 ], [ 937204.368250000290573, 1953269.683250000234693 ], [ 937194.457100000232458, 1953328.579099999275059 ], [ 937197.193249999196269, 1953338.987249999307096 ], [ 937198.350199999054894, 1953339.950033333618194 ], [ 937420.380349998944439, 1953731.147900000447407 ], [ 937551.462850001407787, 1953656.163699999684468 ], [ 937610.417250001104549, 1953693.56910000089556 ], [ 937610.431100001558661, 1953693.62125000031665 ], [ 937612.325168116833083, 1953706.40258990554139 ], [ 937615.063950001029298, 1953724.884850001661107 ], [ 937615.06535000144504, 1953724.894099998753518 ], [ 937615.209250001003966, 1953725.901100000366569 ], [ 937615.580100000370294, 1953728.403100001625717 ], [ 937615.832100000465289, 1953730.097250001039356 ], [ 937616.188250001170672, 1953732.375249999109656 ], [ 937617.188250000355765, 1953735.989100000355393 ], [ 937618.135100001236424, 1953739.353099999483675 ], [ 937623.20925000065472, 1953757.363100000424311 ], [ 937624.205100002000108, 1953760.901250001508743 ], [ 937630.543100001290441, 1953783.397099998779595 ], [ 937637.250300000188872, 1953807.125250000273809 ], [ 937635.375333334668539, 1953814.25036666658707 ], [ 937634.715200000675395, 1953816.59525000071153 ], [ 937634.250250001205131, 1953818.250400001183152 ], [ 937663.438250000588596, 1953856.7504 ], [ 937663.313249999424443, 1953923.500400001415983 ], [ 937657.464200001442805, 1953928.251200000289828 ], [ 937647.00025000073947, 1953936.750250001205131 ], [ 937646.858200000715442, 1953939.999099999666214 ], [ 937645.625250002136454, 1953968.250399999786168 ], [ 937659.545200001215562, 1953973.508400001563132 ], [ 937698.676084045087919, 1953988.288742241915315 ], [ 937737.625200000591576, 1954003.00040000025183 ], [ 937731.063249999890104, 1954099.875250000972301 ], [ 937724.688000002177432, 1954134.000249999109656 ], [ 937724.263400000869296, 1954136.123399999458343 ], [ 937724.187600001925603, 1954136.500250000506639 ], [ 937772.458200002205558, 1954136.274249999783933 ], [ 937804.315400001360103, 1954136.115249999798834 ], [ 937809.032450000755489, 1954102.579050000756979 ], [ 937817.462800001958385, 1953981.10885 ], [ 937833.875199999660254, 1953985.125400001648813 ], [ 937837.563249999657273, 1953988.000399999786168 ], [ 937851.499050001148134, 1954002.526400001253933 ], [ 937865.625250002136454, 1954017.250250001205131 ], [ 937868.490199999883771, 1954020.917250000638887 ], [ 937889.938200001139194, 1954048.37540000025183 ], [ 937922.500200000824407, 1954080.000399999786168 ], [ 937933.438199999975041, 1954097.875400000717491 ], [ 937933.315200000768527, 1954106.80625000083819 ], [ 937933.188250001287088, 1954116.125250000506639 ], [ 937933.162249999586493, 1954116.588200000114739 ], [ 937933.125250000040978, 1954117.250400001415983 ], [ 937932.975967001519166, 1954126.865501041058451 ], [ 937932.975400000694208, 1954126.899850000627339 ], [ 937931.856450001243502, 1954199.215750001836568 ], [ 937931.56764999916777, 1954217.878650000784546 ], [ 937947.250200000940822, 1954228.875249999808148 ], [ 937955.72120000096038, 1954241.202100000111386 ], [ 937964.000200001406483, 1954253.250250000506639 ], [ 937972.305200001224875, 1954275.44524999987334 ], [ 937992.43819999974221, 1954329.250250001205131 ], [ 937996.532200001995079, 1954340.684200002113357 ], [ 937999.375200001522899, 1954348.625249999575317 ], [ 938005.630200001643971, 1954365.859250000212342 ], [ 938008.813200000906363, 1954374.625249999342486 ], [ 938027.375200001522899, 1954407.000249999808148 ], [ 938037.750200001173653, 1954418.875249999109656 ], [ 938038.339200000278652, 1954419.555250000907108 ], [ 938043.813200001604855, 1954425.875249999808148 ], [ 938048.440200002049096, 1954464.72020000172779 ], [ 938052.375199999893084, 1954497.750250000506639 ], [ 938083.853050000034273, 1954532.073250000132248 ], [ 938095.938199999858625, 1954545.25025 ], [ 938167.61465000140015, 1954522.258650001138449 ], [ 938258.250200001755729, 1954507.000249999575317 ], [ 938259.750200001522899, 1954508.750249999575317 ], [ 938259.779200001852587, 1954508.785199999809265 ], [ 938268.813200001604855, 1954519.503649998921901 ], [ 938277.375199999893084, 1954599.750250000506639 ], [ 938277.437049999600276, 1954600.298200001241639 ], [ 938277.688200001372024, 1954602.50025 ], [ 938272.438200000906363, 1954626.575199999380857 ], [ 938271.508200001087971, 1954630.8382000005804 ], [ 938271.50020000198856, 1954630.875249999342486 ], [ 938258.028064483776689, 1954654.615036595147103 ], [ 938254.688200001372024, 1954660.500250000506639 ], [ 938247.382955187465996, 1954673.359217730583623 ], [ 938239.756126253632829, 1954686.784201291855425 ], [ 938221.795199999818578, 1954718.399249999783933 ], [ 938180.125200001639314, 1954791.750250000506639 ], [ 938163.410200000740588, 1954821.717200001701713 ], [ 938145.125200000940822, 1954854.500250000972301 ], [ 938137.144200000329874, 1954868.739200000884011 ], [ 938134.125200001522899, 1954874.125249999575317 ], [ 938134.119049999630079, 1954874.154250002000481 ], [ 938130.625200001290068, 1954889.250250001205131 ], [ 938129.597600000211969, 1954893.624400001019239 ], [ 938125.123200000729412, 1954912.668200000189245 ], [ 938122.813200001837686, 1954922.500249999575317 ], [ 938119.938200001255609, 1954976.12525 ], [ 938126.743200001306832, 1955012.7862000009045 ], [ 938133.998200000496581, 1955051.864250000100583 ], [ 938140.621050001587719, 1955051.802250000182539 ], [ 938156.7502, 1955051.62525 ], [ 938156.730200002086349, 1955051.680249999742955 ], [ 938155.134050000924617, 1955056.063250001519918 ], [ 938151.563200000673532, 1955065.875249999109656 ], [ 938126.06320000172127, 1955099.250250000972301 ], [ 938102.835050000925548, 1955137.678200001362711 ], [ 938102.192050000885502, 1955138.742249999660999 ], [ 938089.143711003940552, 1955160.329385761870071 ], [ 938088.969400001340546, 1955160.617600001627579 ], [ 938087.000200001173653, 1955163.875250000506639 ], [ 938062.053200000664219, 1955221.115250001428649 ], [ 938007.625200001522899, 1955346.000249999342486 ], [ 937991.938200001372024, 1955381.87525 ], [ 937988.128200000384822, 1955394.510200000135228 ], [ 937963.938200001255609, 1955474.750250000273809 ], [ 937951.625200001290068, 1955551.125250000273809 ], [ 937948.349200001917779, 1955617.569200001191348 ], [ 937948.063649999792688, 1955623.360200001392514 ], [ 937945.000200000125915, 1955685.500250000972301 ], [ 937949.05800000182353, 1955710.936050000134856 ], [ 937952.438200001255609, 1955732.12525000073947 ], [ 937954.027820205315948, 1955738.66171940555796 ], [ 937955.81260000099428, 1955746.000650002388284 ], [ 937955.822850001277402, 1955746.043000000296161 ], [ 937964.188200001604855, 1955779.875250000972301 ], [ 937970.066200000350364, 1955798.755250001326203 ], [ 937970.68820000148844, 1955800.750249999109656 ], [ 937978.625200000125915, 1955826.125249999109656 ], [ 937979.359200000530109, 1955828.382200000807643 ], [ 937979.41720000107307, 1955828.56525 ], [ 937979.438199999975041, 1955828.62525 ], [ 937986.125200001290068, 1955852.000249999575317 ], [ 937998.813200000673532, 1955881.625250000972301 ], [ 938025.807650001253933, 1955936.114800001028925 ], [ 938031.031200001016259, 1955940.420250001130626 ], [ 938067.125199999893084, 1955970.125250000506639 ], [ 938085.702050001942553, 1955978.42024999926798 ], [ 938101.000200000125915, 1955985.25025 ], [ 938139.125200001755729, 1955993.625249999109656 ], [ 938165.563200001837686, 1955994.87525000073947 ], [ 938175.367200000444427, 1955995.288200001232326 ], [ 938177.438200001255609, 1955995.375249999109656 ], [ 938193.813200000091456, 1955997.875250000506639 ], [ 938201.438200000440702, 1955999.00025000073947 ], [ 938206.188200000207871, 1956007.62525 ], [ 938211.625199999776669, 1956017.37525 ], [ 938212.371200001216494, 1956041.038200000766665 ], [ 938212.500199999893084, 1956045.125249999808148 ], [ 938211.332850001519546, 1956049.581199999898672 ], [ 938204.313200000906363, 1956076.37525 ], [ 938202.683200001483783, 1956082.446250001667067 ], [ 938201.125200001173653, 1956088.250249999342486 ], [ 938201.748200001078658, 1956108.453249999321997 ], [ 938202.813200001139194, 1956143.00025 ], [ 938203.108049999689683, 1956153.499200000427663 ], [ 938203.313200001837686, 1956160.750249999575317 ], [ 938214.125200000940822, 1956196.125249999575317 ], [ 938220.411200001137331, 1956216.617250001523644 ], [ 938224.938200001139194, 1956231.37525000073947 ], [ 938226.507050001062453, 1956235.036200001370162 ], [ 938227.188200001837686, 1956236.625250001205131 ], [ 938230.662200000486337, 1956244.63825000077486 ], [ 938243.500200001755729, 1956274.25025 ], [ 938265.50040000025183, 1956305.875200000125915 ], [ 938265.502850001212209, 1956305.8780000009574 ], [ 938295.250200000824407, 1956331.500249999575317 ], [ 938311.438200000440702, 1956340.87525 ], [ 938320.721200001658872, 1956346.331250000977889 ], [ 938325.688200001837686, 1956349.250249999109656 ], [ 938376.500200001755729, 1956365.500250001205131 ], [ 938408.938200001139194, 1956366.625249999342486 ], [ 938421.774200000567362, 1956365.541200000792742 ], [ 938468.12520000024233, 1956361.625249999109656 ], [ 938502.613200001535006, 1956353.59925 ], [ 938522.375200000358745, 1956349.000250000972301 ], [ 938523.063200001139194, 1956348.875249999808148 ], [ 938553.616049999836832, 1956340.594249999616295 ], [ 938563.188200001022778, 1956338.000249999575317 ], [ 938594.125200001872145, 1956324.625250000273809 ], [ 938648.188200000440702, 1956293.875233333092183 ], [ 938696.375150000909343, 1956257.875199999427423 ], [ 938697.911050000227988, 1956256.778100001625717 ], [ 938698.125150000909343, 1956256.625200000125915 ], [ 938736.342149999574758, 1956218.14420000044629 ], [ 938797.68815000122413, 1956156.375199999893084 ], [ 938805.739050000207499, 1956147.4811 ], [ 938819.188150001456961, 1956132.625199998728931 ], [ 938841.560150000965223, 1956107.801100001204759 ], [ 938846.000149999978021, 1956102.875199998728931 ], [ 938968.563150000292808, 1955964.500199999194592 ], [ 939031.375150000909343, 1955893.625199999893084 ], [ 939080.625150000792928, 1955839.000200000358745 ], [ 939092.860150000080466, 1955825.008199998410419 ], [ 939103.250149999279529, 1955813.125199999893084 ], [ 939159.750150000094436, 1955748.250199999660254 ], [ 939159.782050000270829, 1955748.21309999935329 ], [ 939160.852441513212398, 1955746.989936329191551 ], [ 939163.250150000443682, 1955744.2501 ], [ 939163.989050000440329, 1955743.377099999692291 ], [ 939166.00014999974519, 1955741.000100000295788 ], [ 939175.062049999833107, 1955730.668099999427795 ], [ 939178.938149999361485, 1955726.250100000295788 ], [ 939204.188150000176392, 1955697.25010000099428 ], [ 939308.375150000094436, 1955577.125099999364465 ], [ 939326.410149999661371, 1955556.27309999987483 ], [ 939350.00014999974519, 1955529.000099999830127 ], [ 939380.060150000732392, 1955494.343099999707192 ], [ 939387.18815000122413, 1955486.125100000761449 ], [ 939478.934050000272691, 1955380.1291000014171 ], [ 939622.188150001456961, 1955214.6251 ], [ 939663.063150000059977, 1955162.625100000761449 ], [ 939768.942050000769086, 1955051.247099999338388 ], [ 939784.625150000210851, 1955034.750099999830127 ], [ 939796.750033333199099, 1955022.500099998898804 ], [ 939990.221050000516698, 1954835.356000000145286 ], [ 940005.063049999531358, 1954821.000000000931323 ], [ 940007.16105000092648, 1954819.68 ], [ 940020.563050000579096, 1954811.250000000931323 ], [ 940097.681050001177937, 1954762.371999999508262 ], [ 940165.125050000729971, 1954719.625000000465661 ], [ 940307.375049999915063, 1954643.500000000698492 ], [ 940567.926549999741837, 1954541.629600000567734 ], [ 941629.500149999978021, 1953825.750099999364465 ], [ 941687.429510450223461, 1953786.699515499640256 ], [ 941881.500150000909343, 1953655.875099999597296 ], [ 941892.801049999892712, 1953648.2751 ], [ 941908.523210813757032, 1953637.702516080345958 ], [ 941996.37514999974519, 1953578.625200000591576 ], [ 942129.525329515105113, 1953489.006343852728605 ], [ 942324.347218123497441, 1953357.87842692900449 ], [ 942444.590050001279451, 1953276.947100001387298 ], [ 942447.12375000026077, 1953275.245500000193715 ], [ 942447.200450001517311, 1953275.193200000561774 ], [ 942470.180050001828931, 1953259.726100000552833 ], [ 942492.883121923077852, 1953244.438832556363195 ], [ 942534.375050000147894, 1953216.500000000698492 ], [ 942575.884050000924617, 1953188.592100000940263 ], [ 942649.242205701186322, 1953139.271708480315283 ], [ 942652.063150000292808, 1953137.375100000295788 ], [ 942675.171050001401454, 1953121.777100000530481 ], [ 942687.075533333583735, 1953113.747600000118837 ], [ 942689.275050000404008, 1953113.335100000724196 ], [ 942695.063049999764189, 1953112.250100000761449 ], [ 942801.384050001623109, 1953091.698000001721084 ], [ 942986.06305000022985, 1953055.999999999068677 ], [ 943032.714200237300247, 1953047.008901227265596 ], [ 943194.115050000604242, 1953015.901999999769032 ], [ 943281.813050000462681, 1952998.999999999767169 ], [ 943287.938033333048224, 1953001.250099999364465 ], [ 943296.875149999628775, 1953109.750099999364465 ], [ 943639.500149999978021, 1953133.500100000528619 ], [ 943751.48522184533067, 1953194.895160156302154 ], [ 943753.475150000187568, 1953195.986099999863654 ], [ 943753.500150000909343, 1953196.000199999427423 ], [ 943770.625150000676513, 1953205.375199999893084 ], [ 943784.46915000048466, 1953212.938200000207871 ], [ 943798.313650000840425, 1953220.50069999974221 ], [ 943924.76485000026878, 1953129.409299999009818 ], [ 944065.741406176239252, 1953192.928786295931786 ], [ 944074.50014999974519, 1953196.875199999660254 ], [ 944194.063150000292808, 1953300.250200000591576 ], [ 944436.375149999395944, 1953338.375199999893084 ], [ 944531.258450002176687, 1953387.503900001756847 ], [ 944536.750150000792928, 1953390.375199999194592 ], [ 944537.500149999512359, 1953390.750200000591576 ], [ 944667.938150000525638, 1953458.375200000125915 ], [ 944925.336950000841171, 1953469.559399999678135 ], [ 944936.719750001328066, 1953471.810199999716133 ], [ 944997.460050000809133, 1953462.429099998902529 ], [ 945030.039000000455417, 1953517.823100000619888 ], [ 945037.259050001623109, 1953530.099500000476837 ], [ 945047.095750001608394, 1953555.913100000470877 ], [ 945024.039649999933317, 1953596.770899999886751 ], [ 945033.19565000012517, 1953618.089500000700355 ], [ 945005.972450001630932, 1953656.488100000657141 ], [ 945002.534396720933728, 1953661.337597676087171 ], [ 944947.563150000059977, 1953738.875199999660254 ], [ 944957.272150000790134, 1953752.895099999848753 ], [ 944960.375149999512359, 1953757.375200000125915 ], [ 944964.060150001430884, 1953762.640100001357496 ], [ 944966.938150000642054, 1953766.750200000591576 ], [ 944972.591149999760091, 1953774.887099999468774 ], [ 944983.875150000210851, 1953791.125199999194592 ], [ 944989.73574259201996, 1953813.404388798167929 ], [ 944990.813150000758469, 1953817.500200000591576 ], [ 945001.182150000939146, 1953856.766200000885874 ], [ 945001.938150001340546, 1953859.625200000824407 ], [ 944995.856724806129932, 1953878.585007956251502 ], [ 944995.563150000525638, 1953879.500199999893084 ], [ 944987.563150000758469, 1953904.625199999427423 ], [ 944985.723050000146031, 1953910.301100000739098 ], [ 944985.375150000094436, 1953911.375199999660254 ], [ 944980.927755841985345, 1953925.310817821417004 ], [ 944974.140349999768659, 1953946.578799999319017 ], [ 944974.125150000443682, 1953946.625200000591576 ], [ 944991.563149999594316, 1953955.625199999660254 ], [ 945039.872650000266731, 1953980.623799999710172 ], [ 945038.563150000874884, 1953987.000199998728931 ], [ 945033.990750000579283, 1954008.8747 ], [ 945027.619050001259893, 1954008.5761999997776 ], [ 944996.62514999974519, 1954007.125200000358745 ], [ 944965.589150001527742, 1954041.5962 ], [ 944965.563149999827147, 1954041.625200000358745 ], [ 944977.228050000499934, 1954054.409200000576675 ], [ 944979.553820214001462, 1954056.957781554432586 ], [ 944983.813150000059977, 1954061.625200000824407 ], [ 944983.819050000747666, 1954061.66510000010021 ], [ 944984.637050001183525, 1954066.755200000479817 ], [ 944985.500150001375005, 1954072.125199999427423 ], [ 944986.98715000145603, 1954081.529200000222772 ], [ 944987.813150001107715, 1954086.750200000358745 ], [ 944990.063149999710731, 1954101.000199999660254 ], [ 944997.090049999766052, 1954120.394200001610443 ], [ 945000.373329516267404, 1954129.454289305722341 ], [ 945006.188150000409223, 1954145.500199999893084 ], [ 945009.790150001063012, 1954155.515100000891834 ], [ 945009.875149999978021, 1954155.750200000358745 ], [ 945020.625150001142174, 1954185.500200000591576 ], [ 945022.438150000176392, 1954190.492199999280274 ], [ 945029.259133661398664, 1954209.270387775730342 ], [ 945030.750150000443682, 1954213.375199999660254 ], [ 945031.12514999974519, 1954214.500199999893084 ], [ 945031.134750001365319, 1954214.5375 ], [ 945031.551050000591204, 1954215.693199999863282 ], [ 945031.563150000292808, 1954215.727200000546873 ], [ 945032.688150000758469, 1954218.875200000125915 ], [ 945051.875150001142174, 1954272.000199999893084 ], [ 945053.750150000443682, 1954273.500199999660254 ], [ 945062.62815000093542, 1954280.465099999681115 ], [ 945065.06315000122413, 1954282.375199999660254 ], [ 945067.4381500009913, 1954282.898100000107661 ], [ 945080.37514999974519, 1954285.750200000591576 ], [ 945114.9381500009913, 1954286.750199999893084 ], [ 945123.313150000059977, 1954288.125200000591576 ], [ 945125.386150000616908, 1954288.3951 ], [ 945126.188150000525638, 1954288.500200000125915 ], [ 945128.328150001820177, 1954288.8602 ], [ 945132.87514999974519, 1954289.625200000591576 ], [ 945149.625150000210851, 1954296.250199999427423 ], [ 945157.187050000531599, 1954299.249099999200553 ], [ 945163.424831848475151, 1954305.489568167366087 ], [ 945171.190650001750328, 1954313.258699999889359 ], [ 945176.250149999512359, 1954329.875199999194592 ], [ 945176.943150000879541, 1954332.423100001178682 ], [ 945178.563150001456961, 1954338.375199999660254 ], [ 945182.320150000276044, 1954352.611099999397993 ], [ 945185.063150001340546, 1954363.000199998728931 ], [ 945188.81905000039842, 1954377.0121 ], [ 945189.688149999827147, 1954380.250199999660254 ], [ 945194.155462985159829, 1954396.982383182970807 ], [ 945196.563150001340546, 1954406.000199999194592 ], [ 945203.125149999163114, 1954430.000200000358745 ], [ 945210.859928163117729, 1954458.278992295730859 ], [ 945216.930150002008304, 1954480.472200000658631 ], [ 945216.93815000122413, 1954480.500199999893084 ], [ 945238.750149999628775, 1954524.125200000125915 ], [ 945244.033858898095787, 1954534.691670550266281 ], [ 945244.06315000122413, 1954534.750199999893084 ], [ 945245.063150000292808, 1954546.875199999660254 ], [ 945245.327050000429153, 1954549.697100001387298 ], [ 945245.438149999710731, 1954550.875200000591576 ], [ 945245.875149999279529, 1954556.000199999660254 ], [ 945245.937050000648014, 1954556.992700000293553 ], [ 945245.938150000409223, 1954556.999999999068677 ], [ 945246.875150000676513, 1954561.125199998961762 ], [ 945247.188149999827147, 1954562.750200000125915 ], [ 945248.361643573269248, 1954567.661489590536803 ], [ 945248.384150000521913, 1954567.75569999916479 ], [ 945248.530049999710172, 1954567.841200000606477 ], [ 945249.438150000758469, 1954568.375199999893084 ], [ 945252.215049999533221, 1954569.811100000981241 ], [ 945255.000149999395944, 1954571.250200000591576 ], [ 945255.625150001375005, 1954571.625199999660254 ], [ 945256.00514999916777, 1954571.836200000951067 ], [ 945257.875149999978021, 1954572.875199999194592 ], [ 945260.125150000792928, 1954574.250200000125915 ], [ 945261.938149999827147, 1954575.302200000267476 ], [ 945262.14805000112392, 1954575.431100000161678 ], [ 945262.376150000374764, 1954575.569099999032915 ], [ 945265.500150000210851, 1954577.500200000125915 ], [ 945266.269150000414811, 1954578.9452 ], [ 945269.625150000210851, 1954585.250199999427423 ], [ 945274.367650001309812, 1954606.469100000336766 ], [ 945274.374649999546818, 1954606.500199999194592 ], [ 945274.638150000129826, 1954607.815199999604374 ], [ 945275.500150000443682, 1954612.125199999194592 ], [ 945275.946150000207126, 1954614.294199998490512 ], [ 945277.37514999974519, 1954621.250199999194592 ], [ 945280.938150001107715, 1954630.875200000125915 ], [ 945281.90914999996312, 1954633.487200000323355 ], [ 945288.750150000676513, 1954651.875199999660254 ], [ 945295.930150000029244, 1954659.277100001228973 ], [ 945306.938150000758469, 1954670.625200000591576 ], [ 945309.250149999512359, 1954672.375200000591576 ], [ 945334.563150001456961, 1954691.125199999194592 ], [ 945336.89115000073798, 1954692.575099999085069 ], [ 945341.188150000409223, 1954695.250199999194592 ], [ 945432.938150000059977, 1954770.500199998961762 ], [ 945436.120150000555441, 1954773.105100000277162 ], [ 945462.252474999986589, 1954794.503499999642372 ], [ 945473.115550000686198, 1954809.118550000945106 ], [ 945478.978887843200937, 1954816.977709070313722 ], [ 945483.938300000620075, 1954823.62529999949038 ], [ 945511.438300000037998, 1954849.62529999925755 ], [ 945563.313300000270829, 1954880.25029999949038 ], [ 945597.987100000027567, 1954916.736099999397993 ], [ 945612.375100000295788, 1954931.87529999949038 ], [ 945616.987099999096245, 1954938.836300000781193 ], [ 945629.188299999339506, 1954957.25029999949038 ], [ 945639.28729999915231, 1954973.126100000925362 ], [ 945647.000099999364465, 1954985.25029999949038 ], [ 945691.938299999805167, 1955065.3753 ], [ 945694.375299999956042, 1955070.500099999364465 ], [ 945694.38109999941662, 1955070.5123 ], [ 945712.375100000062957, 1955108.375300000421703 ], [ 945712.906500000273809, 1955109.438100000843406 ], [ 945713.250100000062957, 1955110.125299998559058 ], [ 945721.063300000387244, 1955117.625299999723211 ], [ 945734.563299998641014, 1955123.25029999949038 ], [ 945741.730300000519492, 1955123.9093 ], [ 945750.875099998782389, 1955124.75029999949038 ], [ 945751.388099999167025, 1955124.75029999949038 ], [ 945751.938299998873845, 1955124.75029999949038 ], [ 945755.644299999577925, 1955124.973099999362603 ], [ 945760.25009999924805, 1955125.2503 ], [ 945776.063299999339506, 1955129.250299998791888 ], [ 945778.014304117532447, 1955129.342813103226945 ], [ 945789.250100000761449, 1955129.875299998559058 ], [ 945800.918500000378117, 1955128.275100000668317 ], [ 945806.744699999922886, 1955127.82845000224188 ], [ 945812.39569999917876, 1955127.497100000269711 ], [ 945819.233499999390915, 1955126.226299999281764 ], [ 945829.885100000188686, 1955122.943900001235306 ], [ 945838.617300000390969, 1955119.405900000361726 ], [ 945855.988700000569224, 1955111.605300000403076 ], [ 945858.593900000327267, 1955110.507099998416379 ], [ 945863.887099999352358, 1955109.970100000500679 ], [ 945873.656899999594316, 1955110.79890000121668 ], [ 945878.790699999080971, 1955111.655300001613796 ], [ 945887.628299999982119, 1955113.8635 ], [ 945894.532299999613315, 1955116.596899999538437 ], [ 945899.910100000095554, 1955119.766299999784678 ], [ 945903.762500000651926, 1955120.476500000339001 ], [ 945907.612299999804236, 1955120.4951 ], [ 945912.455900001339614, 1955119.430700001306832 ], [ 945916.701299999374896, 1955118.114100000588223 ], [ 945918.276650001294911, 1955117.607099999673665 ], [ 945916.798850001185201, 1955115.500899999402463 ], [ 945913.07970000023488, 1955110.222500000149012 ], [ 945907.785500000230968, 1955102.7089 ], [ 945906.743099999381229, 1955101.209499999415129 ], [ 945886.305050001246855, 1955071.81165 ], [ 945859.062649999512359, 1955025.893450000789016 ], [ 945853.694899999536574, 1955014.147900001145899 ], [ 945851.933699999703094, 1955010.05870000179857 ], [ 945829.419300000183284, 1954951.189300000900403 ], [ 945829.04647922096774, 1954950.369709453079849 ], [ 945825.332500000251457, 1954942.20545000070706 ], [ 945824.250099999131635, 1954942.625299998559058 ], [ 945814.103100000065751, 1954946.562100000679493 ], [ 945806.375100000528619, 1954913.750300000421703 ], [ 945799.864100000704639, 1954905.026099999435246 ], [ 945793.688299999805167, 1954896.750299999723211 ], [ 945791.034099999582395, 1954893.155099999625236 ], [ 945789.813300000037998, 1954891.50029999925755 ], [ 945787.498300000559539, 1954887.75829999987036 ], [ 945770.875099999131635, 1954860.875299999024719 ], [ 945766.768099999520928, 1954852.660100000910461 ], [ 945763.50009999924805, 1954846.125299999024719 ], [ 945752.465100000263192, 1954824.353100000880659 ], [ 945745.79888228001073, 1954811.178047692403197 ], [ 945744.944100000080653, 1954809.488700000103563 ], [ 945749.37509999901522, 1954801.37520000198856 ], [ 945752.563299998641014, 1954796.750200001057237 ], [ 945757.000099999364465, 1954790.375200000125915 ], [ 945759.535299999872223, 1954786.710099999792874 ], [ 945766.250100000761449, 1954777.000200001057237 ], [ 945769.000100000062957, 1954771.00020000198856 ], [ 945769.013099999749102, 1954770.97115000220947 ], [ 945772.813299999339506, 1954762.750200001755729 ], [ 945774.063299998757429, 1954736.250200001522899 ], [ 945775.096100000198931, 1954720.169099999591708 ], [ 945775.500099999830127, 1954713.875200001057237 ], [ 945776.075100000482053, 1954705.3082 ], [ 945776.624099999316968, 1954697.125200000824407 ], [ 945781.247699999483302, 1954676.738700000569224 ], [ 945779.333099999581464, 1954668.157299999147654 ], [ 945777.625099999364465, 1954660.500200001057237 ], [ 945776.426559634041041, 1954654.540328230708838 ], [ 945776.421243173303083, 1954654.514111428055912 ], [ 945776.401099999435246, 1954654.414100001100451 ], [ 945775.312699998961762, 1954649.000200001057237 ], [ 945776.86849999986589, 1954650.299299999838695 ], [ 945790.313100001076236, 1954638.875199999660254 ], [ 945795.60030000063125, 1954636.607299999566749 ], [ 945814.500099999364465, 1954628.500200000125915 ], [ 945818.65110000106506, 1954626.280099999625236 ], [ 945819.875099998898804, 1954625.625200001755729 ], [ 945820.715099999215454, 1954625.205200001597404 ], [ 945820.875100000179373, 1954625.125200001057237 ], [ 945820.940900000161491, 1954625.087799999862909 ], [ 945821.31310000072699, 1954624.875200000824407 ], [ 945836.000099999597296, 1954615.125200001057237 ], [ 945835.327699999674223, 1954605.236499999649823 ], [ 945847.045799999963492, 1954595.008300001733005 ], [ 945868.250099998782389, 1954576.500200000824407 ], [ 945874.300300001399592, 1954568.887100000400096 ], [ 945903.813299998873845, 1954531.750200000358745 ], [ 945917.063299998873845, 1954530.000200000125915 ], [ 945929.563300000270829, 1954539.000200001290068 ], [ 945955.55030459119007, 1954542.335664238315076 ], [ 945959.750300000188872, 1954542.87470000050962 ], [ 945959.755300000775605, 1954542.875299999723211 ], [ 945959.934100000886247, 1954542.898700000252575 ], [ 946022.938299998873845, 1954551.125200001057237 ], [ 946032.688299998757429, 1954552.375200000591576 ], [ 946049.267100000753999, 1954553.269199999514967 ], [ 946053.563299999223091, 1954553.500200000824407 ], [ 946056.700099999085069, 1954553.691099998541176 ], [ 946070.000100000645034, 1954554.500200000125915 ], [ 946075.678300000261515, 1954555.874099998734891 ], [ 946079.813299999106675, 1954556.875199999893084 ], [ 946087.250099999597296, 1954558.750200001290068 ], [ 946087.268099999870174, 1954558.778100001858547 ], [ 946089.688300000270829, 1954562.500199999660254 ], [ 946103.000100000877865, 1954582.750200000591576 ], [ 946109.942700000130571, 1954583.747699999250472 ], [ 946121.938299999572337, 1954577.125200000591576 ], [ 946166.563299998873845, 1954563.500200001057237 ], [ 946168.1901, 1954563.012100000400096 ], [ 946170.313299999455921, 1954562.375200000591576 ], [ 946173.173300000373274, 1954561.489099999656901 ], [ 946184.438299999572337, 1954558.000200000125915 ], [ 946193.350300001096912, 1954551.7582 ], [ 946201.750099998898804, 1954545.875200000591576 ], [ 946226.625100000295788, 1954528.375200001290068 ], [ 946241.414106044685468, 1954523.343517765402794 ], [ 946268.875099999830127, 1954514.000200000591576 ], [ 946272.770099999615923, 1954515.190099998842925 ], [ 946273.379099998855963, 1954515.376499998848885 ], [ 946279.038099999539554, 1954517.16090000141412 ], [ 946299.938300000387244, 1954523.750099999597296 ], [ 946300.125099999830127, 1954523.7881 ], [ 946300.563300000154413, 1954523.875100000761449 ], [ 946309.938300000620075, 1954527.250099999830127 ], [ 946322.938300000387244, 1954532.000099999830127 ], [ 946325.318199999863282, 1954532.282099999021739 ], [ 946330.313300000387244, 1954532.875099999830127 ], [ 946339.563299999572337, 1954533.875099998898804 ], [ 946345.595321678440087, 1954535.997638393426314 ], [ 946346.31290000025183, 1954536.25010000099428 ], [ 946352.933500000159256, 1954538.623500000685453 ], [ 946355.187900000018999, 1954539.500100000761449 ], [ 946388.188299999805167, 1954557.625099999830127 ], [ 946392.166100001195446, 1954560.594099999405444 ], [ 946409.125100000645034, 1954573.250099999830127 ], [ 946420.247100000502542, 1954582.339099999517202 ], [ 946420.750099999713711, 1954582.750099999364465 ], [ 946421.555100000463426, 1954583.401300000492483 ], [ 946431.562900000135414, 1954591.500100000295788 ], [ 946438.530100000556558, 1954591.742100001312792 ], [ 946445.938300000270829, 1954592.000100000761449 ], [ 946451.011300000362098, 1954592.131100001512095 ], [ 946460.438299999805167, 1954592.375100000295788 ], [ 946472.777299999259412, 1954593.105100001208484 ], [ 946483.688300000154413, 1954593.750099998898804 ], [ 946484.500099999364465, 1954593.750099998898804 ], [ 946484.87510000099428, 1954593.750099998898804 ], [ 946486.375100000761449, 1954593.375099999364465 ], [ 946491.625099998898804, 1954592.000100000761449 ], [ 946508.68830000073649, 1954580.375099999597296 ], [ 946510.954299999866635, 1954578.840100000146776 ], [ 946516.813299999455921, 1954574.875099998898804 ], [ 946526.250100000295788, 1954564.500099999364465 ], [ 946547.938300000503659, 1954558.875099999364465 ], [ 946550.722300000605173, 1954558.942100000102073 ], [ 946558.260100000305101, 1954559.125499999150634 ], [ 946558.263500000583008, 1954559.125700001139194 ], [ 946559.336100000306033, 1954559.179099998436868 ], [ 946560.750100000295788, 1954559.250099998898804 ], [ 946571.702100000227802, 1954561.731100000906736 ], [ 946589.438299998873845, 1954565.750100000761449 ], [ 946593.542200001189485, 1954566.0211 ], [ 946595.12509999901522, 1954566.125100000295788 ], [ 946602.563299999921583, 1954566.500099999830127 ], [ 946612.032299999380484, 1954564.564099999144673 ], [ 946636.188299999805167, 1954559.625100000295788 ], [ 946642.976099998573773, 1954555.671099998988211 ], [ 946649.063300000620075, 1954552.125099999131635 ], [ 946653.382100000511855, 1954549.53309999871999 ], [ 946655.313300000270829, 1954548.375100000761449 ], [ 946674.688299998641014, 1954545.500100000295788 ], [ 946685.382305973209441, 1954546.262416200246662 ], [ 946704.50009999924805, 1954547.625099999830127 ], [ 946751.31329999899026, 1954530.125100000295788 ], [ 946758.662299999501556, 1954529.297100001014769 ], [ 946760.188299998757429, 1954529.125099999131635 ], [ 946814.125699999043718, 1954570.749700001440942 ], [ 946814.530100000556558, 1954571.243100001243874 ], [ 946818.750100000528619, 1954576.375100000761449 ], [ 946819.438299998873845, 1954577.250100000761449 ], [ 946822.250100000761449, 1954590.250100000761449 ], [ 946830.000100000179373, 1954599.000099999364465 ], [ 946838.125099998898804, 1954608.125499998684973 ], [ 946839.230299999006093, 1954609.054100000299513 ], [ 946849.875099999364465, 1954618.000100000528619 ], [ 946862.875099999131635, 1954628.875100000761449 ], [ 946879.313299998873845, 1954632.375099998898804 ], [ 946885.325099999317899, 1954633.636100000469014 ], [ 946902.563299999223091, 1954637.250099999830127 ], [ 946931.007099999464117, 1954645.4951000015717 ], [ 946932.75009999924805, 1954646.000100000761449 ], [ 946967.500099999597296, 1954652.375099999364465 ], [ 947015.260099998675287, 1954665.735099998768419 ], [ 947015.313066667178646, 1954665.750066666863859 ], [ 947014.71505, 1954666.17705000191927 ], [ 947014.438200001837686, 1954666.375050000846386 ], [ 947011.310100001399405, 1954668.932049999479204 ], [ 947007.250100000062957, 1954672.250100000528619 ], [ 947008.612099998863414, 1954675.253100001020357 ], [ 947009.688199999858625, 1954677.625050000846386 ], [ 947009.955050001386553, 1954680.338050000369549 ], [ 947010.563199999975041, 1954686.500050000380725 ], [ 947010.551050000824034, 1954686.529050000710413 ], [ 947008.01119999983348, 1954692.978050000499934 ], [ 946997.813200000440702, 1954718.875050000846386 ], [ 946994.265050000394695, 1954727.788050001021475 ], [ 946992.688650000141934, 1954731.763549999799579 ], [ 946993.037200001184829, 1954736.485049999784678 ], [ 946993.50009999924805, 1954742.750100000295788 ], [ 946993.823099999688566, 1954746.911050001624972 ], [ 946994.75010000099428, 1954758.875049999449402 ], [ 947000.375100000761449, 1954778.750100000295788 ], [ 947003.012050000252202, 1954787.204099998809397 ], [ 947004.625099999830127, 1954792.375050000380725 ], [ 947005.87620000122115, 1954796.252049999777228 ], [ 947007.125099998782389, 1954800.12505 ], [ 947005.188200000440702, 1954845.875049999449402 ], [ 946989.375099999131635, 1954873.000049999449402 ], [ 946967.069650001591071, 1954898.242600000929087 ], [ 946962.625100000761449, 1954928.750049999449402 ], [ 946954.313200001604855, 1954942.875049999449402 ], [ 946951.688200001372024, 1954955.875049999449402 ], [ 946947.228049999568611, 1954961.226049999240786 ], [ 946944.188200000091456, 1954964.875050000380725 ], [ 946943.556049999548122, 1954968.183050001040101 ], [ 946942.063200000557117, 1954976.000100000528619 ], [ 946943.075050000334159, 1954977.215050000930205 ], [ 946943.625099999597296, 1954977.875050000380725 ], [ 946951.499650001293048, 1954988.000249999342486 ], [ 946951.508249999722466, 1954988.011650001164526 ], [ 946951.847200001357123, 1954988.44905 ], [ 946954.500099999830127, 1954991.875050001312047 ], [ 946954.750100000062957, 1954992.250050000846386 ], [ 946955.938200000440702, 1954993.750050000846386 ], [ 946964.873200000612997, 1955011.894049998838454 ], [ 946968.250100000645034, 1955018.750050001312047 ], [ 946969.375099998782389, 1955023.875050000380725 ], [ 946973.000100000295788, 1955040.625050000846386 ], [ 946986.250100000528619, 1955047.625050001312047 ], [ 946993.125099999830127, 1955049.00005 ], [ 946998.859050001017749, 1955050.20205 ], [ 947007.438200001255609, 1955052.000199999893084 ], [ 947015.000099999364465, 1955053.500199999660254 ], [ 947016.000100000761449, 1955053.750200000125915 ], [ 947027.318649999797344, 1955099.003500000573695 ], [ 947046.88405, 1955111.072050000540912 ], [ 947047.375099999830127, 1955111.375200001290068 ], [ 947049.984099999535829, 1955114.120250001549721 ], [ 947059.375100000528619, 1955124.000200001755729 ], [ 947066.250099999830127, 1955134.375200001522899 ], [ 947069.298200002172962, 1955138.960050001274794 ], [ 947080.875100000761449, 1955156.375200000125915 ], [ 947081.563200000440702, 1955156.875200000591576 ], [ 947101.50010000099428, 1955170.87520000198856 ], [ 947112.625099999364465, 1955181.500200001755729 ], [ 947114.215050001395866, 1955183.004050000803545 ], [ 947117.250100000062957, 1955185.875199999893084 ], [ 947137.313200000324287, 1955195.500200000591576 ], [ 947142.64310000021942, 1955201.679049999685958 ], [ 947148.313200001837686, 1955208.250200000125915 ], [ 947150.632100000046194, 1955210.87965000118129 ], [ 947157.375099999830127, 1955215.250200000824407 ], [ 947166.083100000629202, 1955220.775100001133978 ], [ 947172.938200000789948, 1955225.125199999660254 ], [ 947185.42405000096187, 1955233.163050001719967 ], [ 947198.372050001868047, 1955241.456250000279397 ], [ 947198.379449999541976, 1955241.499099998734891 ], [ 947201.257300000521354, 1955254.248500001151115 ], [ 947201.264500000630505, 1955254.279999999562278 ], [ 947201.44920000154525, 1955255.077050000429153 ], [ 947202.000099999131635, 1955257.375200001057237 ], [ 947197.625099998782389, 1955267.750200000591576 ], [ 947196.656099999789149, 1955269.979099999414757 ], [ 947196.375099999364465, 1955270.634250000817701 ], [ 947196.470049999887124, 1955275.062100000679493 ], [ 947196.68785000173375, 1955285.250200000125915 ], [ 947197.312850001384504, 1955299.125199999893084 ], [ 947196.831050000851974, 1955300.002000002190471 ], [ 947188.250100000528619, 1955315.625200000125915 ], [ 947186.832050001597963, 1955328.454100000206381 ], [ 947185.625100000295788, 1955339.375200001057237 ], [ 947172.50009999924805, 1955353.750200001522899 ], [ 947155.807100000558421, 1955363.833150001242757 ], [ 947153.882649999810383, 1955364.995250002248213 ], [ 947153.992099999450147, 1955384.163050001487136 ], [ 947154.188199999858625, 1955416.125200000358745 ], [ 947146.25009999924805, 1955433.750200001057237 ], [ 947144.316200001630932, 1955438.028100000461563 ], [ 947139.188200001837686, 1955449.375200001057237 ], [ 947136.875099998782389, 1955472.750200000358745 ], [ 947135.000099999597296, 1955483.375200000125915 ], [ 947134.692049999255687, 1955485.180200000293553 ], [ 947133.250099999480881, 1955493.62605000147596 ], [ 947139.438199999858625, 1955514.125199999660254 ], [ 947140.192050000070594, 1955516.495250000618398 ], [ 947140.253200001781806, 1955516.692050001118332 ], [ 947140.313199999975041, 1955516.875200001057237 ], [ 947140.462200000882149, 1955517.389049999881536 ], [ 947141.188199999975041, 1955519.875200000824407 ], [ 947144.750099999480881, 1955531.625200001057237 ], [ 947157.563200001139194, 1955547.500200001522899 ], [ 947158.250099999946542, 1955562.250200001522899 ], [ 947158.500100000295788, 1955568.000200000358745 ], [ 947156.26005000132136, 1955576.7272 ], [ 947153.688200001372024, 1955586.750200001290068 ], [ 947160.085049999528565, 1955596.228050000499934 ], [ 947160.438033333281055, 1955596.750033333199099 ], [ 947160.453050000825897, 1955596.778000000864267 ], [ 947166.125100000528619, 1955607.25005 ], [ 947158.001200001686811, 1955624.871800000313669 ], [ 947163.500100000412203, 1955652.250050000613555 ], [ 947163.711099999258295, 1955658.565099998377264 ], [ 947164.125100000062957, 1955671.000050001544878 ], [ 947164.563200001604855, 1955685.37505 ], [ 947167.563200001255609, 1955718.875050000846386 ], [ 947159.468050001189113, 1955729.624050001148134 ], [ 947152.125099999364465, 1955739.375049999682233 ], [ 947150.18620000127703, 1955742.012050000950694 ], [ 947149.002050001174212, 1955743.622050000354648 ], [ 947148.89560000016354, 1955744.187700000591576 ], [ 947148.688200001255609, 1955745.25005 ], [ 947144.29520000051707, 1955768.951099999714643 ], [ 947142.688650000956841, 1955777.620500000892207 ], [ 947147.54409999854397, 1955787.214050000533462 ], [ 947147.563200000906363, 1955787.250050001079217 ], [ 947145.98820000118576, 1955796.69405 ], [ 947145.06319999974221, 1955802.250050001312047 ], [ 947122.93819999974221, 1955844.250099999830127 ], [ 947114.063199999975041, 1955874.875050000846386 ], [ 947100.625100000877865, 1955899.875050001312047 ], [ 947079.563199999975041, 1955934.625049999449402 ], [ 947085.375100000295788, 1955962.00005 ], [ 947059.250099999364465, 1956012.625050000380725 ], [ 947059.202050000545569, 1956012.722250000108033 ], [ 947058.252050000592135, 1956014.623199999332428 ], [ 947061.293050001375377, 1956022.528100000228733 ], [ 947071.437850001035258, 1956048.875050000846386 ], [ 947081.184250000864267, 1956074.236000000499189 ], [ 947084.31285000173375, 1956082.375049999449402 ], [ 947065.635049999691546, 1956129.871049999725074 ], [ 947061.750100000528619, 1956139.750050000380725 ], [ 947065.077050000661984, 1956140.900100000901148 ], [ 947066.813200000440702, 1956141.500050000380725 ], [ 947069.299050000496209, 1956142.323050001636147 ], [ 947075.125099999713711, 1956144.25005 ], [ 947091.80405000038445, 1956149.906049999641255 ], [ 947093.18709999974817, 1956150.374450000934303 ], [ 947096.892050000140443, 1956150.603050000732765 ], [ 947119.625099999830127, 1956152.000050001312047 ], [ 947122.231050001690164, 1956152.188050001626834 ], [ 947126.563200001372024, 1956152.50005 ], [ 947165.875100000295788, 1956154.25005 ], [ 947182.188199999975041, 1956163.625050000380725 ], [ 947186.542100000428036, 1956166.068049999885261 ], [ 947190.875100000761449, 1956168.500100000761449 ], [ 947200.56320000148844, 1956181.750049999449402 ], [ 947223.187566666863859, 1956212.624899999704212 ], [ 947221.877100000274368, 1956217.36855 ], [ 947221.485200000344776, 1956221.181050001177937 ], [ 947218.375100000179373, 1956251.500050000380725 ], [ 947217.44620000012219, 1956263.489050001138821 ], [ 947217.125100000761449, 1956267.625100000528619 ], [ 947216.018100000685081, 1956273.187100001610816 ], [ 947212.000099999364465, 1956293.375099999830127 ], [ 947205.414099999703467, 1956306.443049999885261 ], [ 947204.12510000099428, 1956309.000050000380725 ], [ 947201.227200000430457, 1956317.895050000399351 ], [ 947201.058200001600198, 1956318.411050001624972 ], [ 947196.875100000062957, 1956331.250099998898804 ], [ 947197.819050001213327, 1956340.350050001172349 ], [ 947199.62509999924805, 1956357.75005 ], [ 947200.750099999713711, 1956368.250050000846386 ], [ 947195.438200000091456, 1956384.500050000380725 ], [ 947195.341099999379367, 1956384.821050001075491 ], [ 947195.063200000673532, 1956385.75005 ], [ 947195.302100000088103, 1956386.846150001045316 ], [ 947195.50009999924805, 1956387.750050000380725 ], [ 947197.438200000557117, 1956395.750050000147894 ], [ 947192.451200000243261, 1956407.443050000816584 ], [ 947190.188200001837686, 1956412.750050000846386 ], [ 947190.995099999243394, 1956418.285050001461059 ], [ 947191.938033333746716, 1956424.75003333366476 ], [ 947192.469099999638274, 1956428.132049998734146 ], [ 947192.62510000099428, 1956429.125049999682233 ], [ 947192.87620000098832, 1956430.880099999718368 ], [ 947193.500099998782389, 1956435.250050000380725 ], [ 947189.439050001557916, 1956438.93505 ], [ 947186.777200000011362, 1956441.35005 ], [ 947186.750100000761449, 1956441.375050000846386 ], [ 947189.625099999131635, 1956452.125049999682233 ], [ 947194.438200000906363, 1956470.375099999364465 ], [ 947208.401099999435246, 1956506.980050001759082 ], [ 947210.125100000179373, 1956511.500050001312047 ], [ 947211.855200001155026, 1956516.058050001040101 ], [ 947223.125099999946542, 1956545.750050000846386 ], [ 947236.361049999948591, 1956575.46805 ], [ 947236.375100000062957, 1956575.500050001079217 ], [ 947232.168050000444055, 1956623.177050001220778 ], [ 947229.813200001139194, 1956649.875050000613555 ], [ 947225.063200001372024, 1956699.250049999682233 ], [ 947220.250099999364465, 1956717.000100000761449 ], [ 947204.00320000143256, 1956776.762600000947714 ], [ 947218.250099998898804, 1956830.625100000295788 ], [ 947218.236050000996329, 1956830.675050002057105 ], [ 947213.813200001604855, 1956846.250050000846386 ], [ 947209.375099999131635, 1956861.625099999830127 ], [ 947208.813200001604855, 1956898.625049999449402 ], [ 947208.798200001940131, 1956898.650099999736995 ], [ 947199.500100000295788, 1956914.750099999597296 ], [ 947196.935100000351667, 1956919.281049999641255 ], [ 947195.750099999597296, 1956921.375050001312047 ], [ 947189.563199999975041, 1956940.250100000761449 ], [ 947178.313200000207871, 1956974.750050001312047 ], [ 947160.471100000431761, 1957000.406049999408424 ], [ 947153.62509999924805, 1957010.250050000380725 ], [ 947153.620100000873208, 1957010.288050001021475 ], [ 947153.608050000621006, 1957010.383100000210106 ], [ 947153.563200000091456, 1957010.750100000761449 ], [ 947152.878500000806525, 1957022.59285000199452 ], [ 947151.907200001180172, 1957039.031049999408424 ], [ 947149.750099999597296, 1957075.875050001544878 ], [ 947149.121050000889227, 1957085.936050001066178 ], [ 947148.750100000412203, 1957091.875050000846386 ], [ 947148.965049999533221, 1957096.110050000716001 ], [ 947149.250099998898804, 1957101.75005 ], [ 947151.360200002091005, 1957148.496049999259412 ], [ 947151.750100000062957, 1957157.125050000380725 ], [ 947146.977200000314042, 1957161.549050001194701 ], [ 947136.366566667100415, 1957171.373066665604711 ], [ 947130.197050000540912, 1957177.067950000287965 ], [ 947130.001050001126714, 1957177.248999999370426 ], [ 947129.250050001312047, 1957189.249949999619275 ], [ 947128.250049999915063, 1957205.99995 ], [ 947157.920049999840558, 1957253.346949999220669 ], [ 947157.937850000336766, 1957253.374950000783429 ], [ 947164.532050001202151, 1957275.397950000362471 ], [ 947164.547650000080466, 1957275.43874999973923 ], [ 947164.571350001264364, 1957275.496300001163036 ], [ 947170.699550000019372, 1957289.004250001627952 ], [ 947173.813050000462681, 1957295.874950000550598 ], [ 947180.813050001044758, 1957311.37495000148192 ], [ 947183.659050001297146, 1957314.05095000192523 ], [ 947187.063050000695512, 1957317.249950001714751 ], [ 947190.635049999924377, 1957320.74599999957718 ], [ 947192.938050000811927, 1957322.999950000550598 ], [ 947198.191050002002157, 1957331.422950001433492 ], [ 947207.438050000462681, 1957346.249950001016259 ], [ 947206.063049999647774, 1957357.87495 ], [ 947205.312949999934062, 1957365.12195 ], [ 947205.313149999594316, 1957365.124849999789149 ], [ 947211.804050000617281, 1957393.836949999444187 ], [ 947211.812850001035258, 1957393.874949999852106 ], [ 947202.563549999846146, 1957425.24695000029169 ], [ 947205.754049999988638, 1957431.85495 ], [ 947225.813049999764189, 1957473.374950000550598 ], [ 947219.250050000846386, 1957499.49995000148192 ], [ 947214.375049999915063, 1957518.749950001016259 ], [ 947222.499550000298768, 1957558.750450000166893 ], [ 947228.375050001079217, 1957568.99995 ], [ 947232.125049999449402, 1957575.62495000124909 ], [ 947239.140050001791678, 1957587.956950000487268 ], [ 947246.063050000462681, 1957600.124950001016259 ], [ 947252.875050000846386, 1957610.249950000550598 ], [ 947266.938050000928342, 1957630.999949999619275 ], [ 947267.812850001268089, 1957654.749950000550598 ], [ 947284.423849999671802, 1957671.408149999333546 ], [ 947289.875049999798648, 1957676.874950000550598 ], [ 947290.907050000037998, 1957677.931950001511723 ], [ 947292.438049999880604, 1957679.499950000783429 ], [ 947323.062850000453182, 1957696.37495 ], [ 947323.562850001151673, 1957697.37495000148192 ], [ 947329.937850001966581, 1957710.624950001714751 ], [ 947321.000050000846386, 1957728.749950000783429 ], [ 947320.998050000984222, 1957728.78695 ], [ 947319.625050000031479, 1957749.49995 ], [ 947319.146050000563264, 1957750.782950001303107 ], [ 947316.500050001312047, 1957757.87495000124909 ], [ 947314.905050001572818, 1957762.294950000243261 ], [ 947312.938050000928342, 1957767.74995 ], [ 947321.688049999531358, 1957789.499950000550598 ], [ 947323.68805, 1957791.50095 ], [ 947342.56305, 1957809.874950000550598 ], [ 947344.039050000021234, 1957811.351950001670048 ], [ 947345.938050001161173, 1957813.249950001714751 ], [ 947350.625049999798648, 1957847.49995000148192 ], [ 947349.250050001312047, 1957873.999950001714751 ], [ 947357.498050001449883, 1957873.736999998800457 ], [ 947368.813049999880604, 1957873.374949999619275 ], [ 947371.185050001135096, 1957873.374949999619275 ], [ 947371.813049999531358, 1957873.374949999619275 ], [ 947380.417050000047311, 1957873.130949998740107 ], [ 947385.063049999647774, 1957872.999950000550598 ], [ 947386.444049999816343, 1957873.639950001845136 ], [ 947407.750050000380725, 1957883.49995000124909 ], [ 947451.063050000113435, 1957883.624950000317767 ], [ 947453.144049999769777, 1957888.951950000366196 ], [ 947455.313050001394004, 1957894.499950000550598 ], [ 947467.25205000070855, 1957899.181950000813231 ], [ 947484.000050001312047, 1957905.74995 ], [ 947504.313050001044758, 1957902.999950001016259 ], [ 947505.017050000256859, 1957905.349950000178069 ], [ 947505.625050000613555, 1957907.37495000148192 ], [ 947507.813050001394004, 1957914.999950001714751 ], [ 947502.188050001510419, 1957922.623950000852346 ], [ 947506.750050001079217, 1957934.124949999619275 ], [ 947507.068050000816584, 1957934.888950001448393 ], [ 947507.375050000846386, 1957935.624949999619275 ], [ 947513.186150002060458, 1957950.251950000412762 ], [ 947512.105150001356378, 1957951.453050000360236 ], [ 947511.506649999413639, 1957952.118050000164658 ], [ 947511.654008683282882, 1957956.857799728866667 ], [ 947511.938150000059977, 1957966.000050000380725 ], [ 947511.917050000280142, 1957966.045950001338497 ], [ 947508.364049999974668, 1957974.069050000747666 ], [ 947508.063150000409223, 1957974.750150000210851 ], [ 947503.463050001650117, 1957985.067950000287965 ], [ 947503.438050000928342, 1957985.124949999852106 ], [ 947510.00014999974519, 1958008.625050001544878 ], [ 947513.84914999990724, 1958018.608050000388175 ], [ 947526.000149999279529, 1958050.12505 ], [ 947527.019149999599904, 1958056.821050001308322 ], [ 947528.188149999827147, 1958064.500050000380725 ], [ 947544.223050000146031, 1958089.009050000458956 ], [ 947551.250149999978021, 1958099.750050001544878 ], [ 947564.292149999877438, 1958122.18004999938421 ], [ 947576.69815000006929, 1958143.501550000160933 ], [ 947583.552150000352412, 1958144.67009999928996 ], [ 947614.813150000525638, 1958150.000050000613555 ], [ 947622.856050000176765, 1958155.33805000083521 ], [ 947628.56315000122413, 1958159.125050000846386 ], [ 947635.353050000732765, 1958163.719050001353025 ], [ 947637.063149999361485, 1958164.875049999682233 ], [ 947664.500149999978021, 1958183.750049999682233 ], [ 947672.158050001366064, 1958188.996050000656396 ], [ 947675.818649999564514, 1958191.508550000842661 ], [ 947680.28414999996312, 1958198.174050000496209 ], [ 947692.813149999361485, 1958216.875050001312047 ], [ 947692.481049999943934, 1958266.971100000198931 ], [ 947692.188149999594316, 1958311.375050000147894 ], [ 947668.375149999628775, 1958328.250049999682233 ], [ 947651.938150000758469, 1958339.875050000846386 ], [ 947648.250150000210851, 1958389.375050001312047 ], [ 947638.438150000176392, 1958422.000099999364465 ], [ 947631.938150000292808, 1958433.375050000846386 ], [ 947626.208150001475587, 1958443.470050001051277 ], [ 947621.44115000020247, 1958451.869599999627098 ], [ 947635.736050001578405, 1958471.348050000611693 ], [ 947679.813149999594316, 1958531.37505 ], [ 947711.956149999983609, 1958554.223050000611693 ], [ 947726.063149999827147, 1958564.250050001312047 ], [ 947754.937733332626522, 1958602.750033334363252 ], [ 947771.687850001966581, 1958612.124950001714751 ], [ 947793.437850000336766, 1958638.249950000317767 ], [ 947824.80704999982845, 1958689.115950001403689 ], [ 947824.688050000113435, 1958708.499949999852106 ], [ 947827.261050001368858, 1958717.346950000384822 ], [ 947830.250550001626834, 1958727.62495 ], [ 947829.83405000041239, 1958731.540999998338521 ], [ 947827.250050001428463, 1958755.874950000550598 ], [ 947827.438050001626834, 1958758.62495 ], [ 947829.620050000725314, 1958793.538950000889599 ], [ 947831.000049999915063, 1958815.62495000148192 ], [ 947847.887050000252202, 1958864.715950001496822 ], [ 947858.563050000462681, 1958895.74995 ], [ 947857.625050001428463, 1958937.62495 ], [ 947848.809050000971183, 1958962.129449999891222 ], [ 947838.452050001709722, 1958973.887949999887496 ], [ 947832.188050001394004, 1958980.999949999619275 ], [ 947828.007050000596792, 1959008.445950000546873 ], [ 947828.000050000147894, 1959008.49995000148192 ], [ 947831.877049999777228, 1959008.204950000159442 ], [ 947834.563033333281055, 1959008.000033333897591 ], [ 947834.547149999532849, 1959008.038050002185628 ], [ 947828.227150000631809, 1959023.840050000231713 ], [ 947824.313149999477901, 1959033.625049999682233 ], [ 947820.938150000525638, 1959042.000050001079217 ], [ 947817.735150001128204, 1959048.132049999665469 ], [ 947810.688149999943562, 1959061.62505 ], [ 947785.750149999512359, 1959082.375050001312047 ], [ 947765.875150000443682, 1959091.000050000846386 ], [ 947755.500150000909343, 1959099.625050000147894 ], [ 947747.604950000299141, 1959106.27985000051558 ], [ 947746.755650001228787, 1959106.995550000108778 ], [ 947746.750650000642054, 1959107.000550000462681 ], [ 947740.312850000569597, 1959115.00005 ], [ 947731.000150001142174, 1959126.624050000216812 ], [ 947728.750150000210851, 1959128.000049999682233 ], [ 947722.790150001179427, 1959131.83809999935329 ], [ 947715.938150000642054, 1959136.250049999682233 ], [ 947713.542149999644607, 1959137.712049999041483 ], [ 947712.250150000210851, 1959138.500050000380725 ], [ 947707.99815000128001, 1959148.104050000198185 ], [ 947703.563150000525638, 1959158.125050001544878 ], [ 947690.750149999978021, 1959178.125049999682233 ], [ 947685.742150000645779, 1959217.53705000015907 ], [ 947684.00014999974519, 1959231.250049999449402 ], [ 947678.354150000959635, 1959249.260050000622869 ], [ 947669.500149999978021, 1959277.500049999682233 ], [ 947645.688150001107715, 1959306.37505 ], [ 947644.33415000140667, 1959311.94505 ], [ 947637.000150000443682, 1959342.125049999449402 ], [ 947636.474150000372902, 1959366.323050002101809 ], [ 947636.313150000642054, 1959373.750050001079217 ], [ 947636.15415000077337, 1959380.382050000596792 ], [ 947635.813150000059977, 1959394.625050001544878 ], [ 947636.500149999861605, 1959395.250050001312047 ], [ 947636.55005000019446, 1959395.296050000935793 ], [ 947636.907150000333786, 1959395.626050001708791 ], [ 947637.313149999827147, 1959396.000150001142174 ], [ 947659.128150001284666, 1959417.407199998386204 ], [ 947674.000149999512359, 1959432.000150000909343 ], [ 947681.936150001478381, 1959443.873150000348687 ], [ 947697.813149999361485, 1959467.625150001375005 ], [ 947700.516150000272319, 1959470.696150001138449 ], [ 947705.625150001142174, 1959476.500150001142174 ], [ 947720.063150000642054, 1959492.62514999974519 ], [ 947755.500150000909343, 1959503.50014999974519 ], [ 947766.750150000560097, 1959533.00014999974519 ], [ 947795.447050000773743, 1959556.85505000106059 ], [ 947797.11905000009574, 1959558.245650000404567 ], [ 947797.123949999804609, 1959558.249149999581277 ], [ 947829.68815000122413, 1959577.625150001142174 ], [ 947839.750149999279529, 1959595.625150001142174 ], [ 947870.563149999827147, 1959643.375150001375005 ], [ 947889.499050000216812, 1959652.495200000237674 ], [ 947907.938150000525638, 1959661.375150001142174 ], [ 947919.100150000536814, 1959671.755150001496077 ], [ 947927.563150001456961, 1959679.625149999279529 ], [ 947935.912150001036935, 1959681.300150001887232 ], [ 947949.375149999978021, 1959684.00014999974519 ], [ 947960.42754999990575, 1959686.123199998866767 ], [ 947978.500150000443682, 1959683.500150001142174 ], [ 947982.375150000094436, 1959687.875149999279529 ], [ 948006.431250001071021, 1959715.116850000806153 ], [ 948006.438450001180172, 1959715.124950001016259 ], [ 948009.25014999974519, 1959718.375150000676513 ], [ 948019.813149999594316, 1959764.000150001142174 ], [ 948019.628150000236928, 1959765.717050000559539 ], [ 948019.625149999395944, 1959765.75105000147596 ], [ 948017.375150000792928, 1959784.625150001375005 ], [ 948016.728050000150688, 1959793.754050000105053 ], [ 948014.938150000758469, 1959819.000150000210851 ], [ 948012.779150000307709, 1959844.034149999264628 ], [ 948011.500150000676513, 1959858.87514999974519 ], [ 948009.456150000332855, 1959864.160050000995398 ], [ 948006.375149999279529, 1959872.12514999974519 ], [ 948001.613150000805035, 1959884.618150000926107 ], [ 948000.563150000292808, 1959887.375150000443682 ], [ 947997.861050001578405, 1959892.460050000576302 ], [ 947992.063149999827147, 1959903.37514999974519 ], [ 947984.125150000210851, 1959918.375150000210851 ], [ 947981.581150001497008, 1959934.536050000693649 ], [ 947979.875150001142174, 1959945.375150001142174 ], [ 947983.058150000404567, 1959991.451149999862537 ], [ 947983.0631500009913, 1959991.500150000210851 ], [ 947974.794150001835078, 1960026.719150001183152 ], [ 947970.06315000122413, 1960046.875150000676513 ], [ 947969.468050001654774, 1960051.103050001198426 ], [ 947967.938149999361485, 1960062.000150000210851 ], [ 947966.188150001456961, 1960074.12514999974519 ], [ 947977.000150000676513, 1960098.00015 ], [ 947979.292150001507252, 1960103.097200001357123 ], [ 947983.688150000758469, 1960112.875150001142174 ], [ 947990.875150000443682, 1960145.625150001142174 ], [ 948002.438149999361485, 1960172.500150000676513 ], [ 948003.472149999346584, 1960174.70820000092499 ], [ 948004.313150000874884, 1960176.500149999512359 ], [ 948019.416050001513213, 1960209.76314999978058 ], [ 948020.371650001266971, 1960211.866850001737475 ], [ 948020.250150001375005, 1960217.414150001946837 ], [ 948019.750150000676513, 1960239.500150000210851 ], [ 948016.417150001740083, 1960258.7170500010252 ], [ 948014.438150000059977, 1960270.125150000676513 ], [ 948012.510049999924377, 1960287.303049999289215 ], [ 948010.875150000909343, 1960301.875150001375005 ], [ 948011.875149999978021, 1960308.00014999974519 ], [ 948013.938149999361485, 1960320.37514999974519 ], [ 948037.596150001278147, 1960327.405050000641495 ], [ 948068.625150001258589, 1960336.625149999512359 ], [ 948098.813149999827147, 1960333.875150000210851 ], [ 948102.451150001143105, 1960336.738100000424311 ], [ 948106.438150000176392, 1960339.875149999512359 ], [ 948125.375150000210851, 1960354.625149999279529 ], [ 948130.350150001933798, 1960358.470050001284108 ], [ 948133.625150000327267, 1960361.000150000210851 ], [ 948151.436449999804609, 1960379.749299998395145 ], [ 948165.938150000758469, 1960407.750150001142174 ], [ 948165.999050001031719, 1960414.127050000941381 ], [ 948166.063149999710731, 1960420.62514999974519 ], [ 948143.875150000909343, 1960481.250150000676513 ], [ 948146.872050000936724, 1960546.188200001139194 ], [ 948148.438050000462681, 1960580.125150000210851 ], [ 948146.611550001194701, 1960666.384250000119209 ], [ 948146.648150001070462, 1960706.604850001633167 ], [ 948028.813150000758469, 1960764.75015 ], [ 947968.188149999827147, 1960801.250150000443682 ], [ 947966.343050000839867, 1960802.296050000470132 ], [ 947959.375150000094436, 1960806.250150000676513 ], [ 947953.46504999930039, 1960809.48215 ], [ 947951.375150000443682, 1960810.625150000909343 ], [ 947802.875149999512359, 1960893.500150000676513 ], [ 947743.875149999512359, 1960926.37514999974519 ], [ 947739.243150000693277, 1960941.85305 ], [ 947738.938150000642054, 1960942.87514999974519 ], [ 947738.919150001602247, 1960942.928049998823553 ], [ 947738.56315000122413, 1960944.000150000210851 ], [ 947738.188149999594316, 1960945.25014999974519 ], [ 947738.167150000692345, 1960945.319050001446158 ], [ 947734.410149999661371, 1960957.86815000209026 ], [ 947732.314150000456721, 1960964.870200001634657 ], [ 947733.555150002008304, 1960969.119100001174957 ], [ 947736.808150000520982, 1960980.260050000622869 ], [ 947731.688149999710731, 1960991.000149999512359 ], [ 947723.313150000525638, 1960994.000150001142174 ], [ 947708.875150001142174, 1960999.250149999512359 ], [ 947690.110150000662543, 1961017.71915 ], [ 947657.188150001107715, 1961050.125150000676513 ], [ 947650.813150000292808, 1961069.625150000210851 ], [ 947651.822050000773743, 1961082.878150001168251 ], [ 947652.685150000965223, 1961094.21205 ], [ 947652.688149999477901, 1961094.250150001375005 ], [ 947645.316150000318885, 1961093.26314999978058 ], [ 947636.812850000569597, 1961092.12514999974519 ], [ 947622.437850000103936, 1961111.87514999974519 ], [ 947590.187850000802428, 1961144.500150000676513 ], [ 947542.187549999565817, 1961191.75015 ], [ 947531.876150000374764, 1961202.251050001010299 ], [ 947535.484150000382215, 1961211.978049999801442 ], [ 947536.183166666887701, 1961213.862166665960103 ], [ 947590.709150001173839, 1961193.275100001133978 ], [ 947654.625150001025759, 1961169.125149999279529 ], [ 947649.501650001155213, 1961154.004050000803545 ], [ 947647.000150000676513, 1961154.500150000676513 ], [ 947640.000150000210851, 1961138.875150000676513 ], [ 947664.228050000965595, 1961118.393150002229959 ], [ 947664.250149999628775, 1961118.37514999974519 ], [ 947676.326150001259521, 1961113.037150001619011 ], [ 947744.563150000525638, 1961082.875150000443682 ], [ 947744.556050001410767, 1961082.831150000682101 ], [ 947743.316650000051595, 1961074.623700000345707 ], [ 947755.875150000210851, 1961069.500150001142174 ], [ 947805.375150000676513, 1961053.125150000210851 ], [ 947818.952550000278279, 1961040.750450000865385 ], [ 947836.274450001772493, 1961044.840600001625717 ], [ 947931.733850000309758, 1960985.671549999155104 ], [ 947932.250349999871105, 1960984.551600000821054 ], [ 947941.438150001340546, 1960964.625150000443682 ], [ 947952.6881500009913, 1960955.500150000210851 ], [ 947970.250150000443682, 1960933.12515 ], [ 947970.273550000740215, 1960933.108550000237301 ], [ 948021.438150000758469, 1960898.000150000210851 ], [ 948039.188150000292808, 1960882.500149999279529 ], [ 948052.116050000069663, 1960876.44315000064671 ], [ 948060.000149999512359, 1960872.750149999279529 ], [ 948054.875150000443682, 1960865.125150001375005 ], [ 948054.903050001012161, 1960865.112149999476969 ], [ 948132.000149999279529, 1960829.000150000210851 ], [ 948159.750150001258589, 1960803.625150000210851 ], [ 948167.201149999862537, 1960799.550150001887232 ], [ 948167.750150000909343, 1960799.25015 ], [ 948177.875150000210851, 1960790.625150000676513 ], [ 948185.875149999978021, 1960787.250149999279529 ], [ 948203.957050001248717, 1960781.49315 ], [ 948229.063150000525638, 1960773.500150000676513 ], [ 948244.125150000909343, 1960784.125150000676513 ], [ 948251.063150001456961, 1960788.37514999974519 ], [ 948293.313150000758469, 1960742.250150000676513 ], [ 948306.43015000061132, 1960740.768150001298636 ], [ 948318.750150000909343, 1960739.375150000210851 ], [ 948319.725150001468137, 1960739.219150000950322 ], [ 948320.313149999594316, 1960739.12514999974519 ], [ 948350.438150001456961, 1960744.375150000210851 ], [ 948352.438149999710731, 1960744.750149999512359 ], [ 948358.593050000490621, 1960745.842050001490861 ], [ 948372.875149999628775, 1960748.375150001142174 ], [ 948378.059050001669675, 1960749.248199998633936 ], [ 948384.750150001258589, 1960750.375149999279529 ], [ 948389.406149999820627, 1960751.232150001451373 ], [ 948412.908049999270588, 1960755.558200000785291 ], [ 948445.188150000758469, 1960761.50015 ], [ 948454.188149999594316, 1960764.875150001142174 ], [ 948460.779149999958463, 1960767.329099998809397 ], [ 948471.313149999477901, 1960771.25014999974519 ], [ 948496.042150000808761, 1960780.361050000414252 ], [ 948537.813150000525638, 1960795.75014999974519 ], [ 948551.538049999624491, 1960799.300150001421571 ], [ 948557.625150000792928, 1960800.875150001142174 ], [ 948567.188150001456961, 1960802.375150000909343 ], [ 948602.250149999978021, 1960807.750150000210851 ], [ 948624.905050000874326, 1960811.194050000980496 ], [ 948644.18815000122413, 1960814.125150001142174 ], [ 948653.98715000145603, 1960814.310200000181794 ], [ 948670.68814999924507, 1960814.62514999974519 ], [ 948722.688150000758469, 1960815.375150000676513 ], [ 948723.545150000485592, 1960815.375150000676513 ], [ 948727.250150000327267, 1960815.375150000676513 ], [ 948732.579150000121444, 1960815.513050000648946 ], [ 948736.875150001142174, 1960815.62505 ], [ 948779.5631500009913, 1960816.250099999131635 ], [ 948833.875150001258589, 1960817.12505 ], [ 948836.438150001340546, 1960817.500050001312047 ], [ 948843.619050000794232, 1960818.671050001401454 ], [ 948871.688150000176392, 1960823.250050000380725 ], [ 948877.312050000298768, 1960824.072050000540912 ], [ 948882.813150000758469, 1960824.875050001312047 ], [ 948894.93705000076443, 1960826.492050001164898 ], [ 948898.750150001258589, 1960827.000100000295788 ], [ 948921.231050000526011, 1960830.638050000183284 ], [ 948937.375050000380725, 1960833.249949999619275 ], [ 948937.404050000593998, 1960833.244949999032542 ], [ 948938.463050001300871, 1960833.113950000610203 ], [ 948941.362350000068545, 1960832.751349999569356 ], [ 948942.504050001269206, 1960832.620050000259653 ], [ 948944.625149999978021, 1960832.375050000380725 ], [ 948945.143150001065806, 1960832.558050000108778 ], [ 948945.688150000292808, 1960832.75005 ], [ 948947.110150001710281, 1960833.345050000585616 ], [ 948948.375150000676513, 1960833.875050000380725 ], [ 948954.710050000343472, 1960836.390050000976771 ], [ 948956.563150000525638, 1960837.125050000380725 ], [ 948968.125150000676513, 1960841.750100000295788 ], [ 948973.546050001052208, 1960844.032050000503659 ], [ 948988.31315000122413, 1960850.250050001312047 ], [ 948996.754049999173731, 1960853.450049999868497 ], [ 949003.813150000059977, 1960856.125050001544878 ], [ 949017.563150000874884, 1960861.62505 ], [ 949024.70815000066068, 1960864.560050000902265 ], [ 949047.688150000525638, 1960874.000050000147894 ], [ 949063.654150001355447, 1960887.960050001041964 ], [ 949069.563150000059977, 1960893.125050000380725 ], [ 949106.938150000758469, 1960908.750050000380725 ], [ 949129.813149999477901, 1960918.250099999364465 ], [ 949171.1881500009913, 1960946.125100000295788 ], [ 949183.125150000560097, 1960954.125050000846386 ], [ 949200.225150001933798, 1960964.818050000350922 ], [ 949207.313149999827147, 1960969.250099999364465 ], [ 949217.947050001239404, 1960975.84305000025779 ], [ 949226.063150000758469, 1960980.875050001312047 ], [ 949234.842149999574758, 1960986.83005 ], [ 949269.000150000094436, 1961010.000049999682233 ], [ 949282.48305000027176, 1961019.048099999548867 ], [ 949288.000150001375005, 1961022.750050001312047 ], [ 949295.16915000078734, 1961027.626050001243129 ], [ 949312.625150000210851, 1961039.500099998898804 ], [ 949319.563150000642054, 1961045.750050001312047 ], [ 949334.750150000210851, 1961059.501050001010299 ], [ 949334.773050000076182, 1961059.521950001129881 ], [ 949363.119049999397248, 1961085.241100000683218 ], [ 949444.694050000514835, 1961159.259049999527633 ], [ 949444.773050000076182, 1961159.33005 ], [ 949445.750149999279529, 1961160.250050000846386 ], [ 949452.18815000122413, 1961166.125050000846386 ], [ 949480.666050001163967, 1961191.897099999710917 ], [ 949493.625150000676513, 1961203.625050000613555 ], [ 949502.049050001427531, 1961211.299050001427531 ], [ 949517.500150000792928, 1961225.375100000528619 ], [ 949536.435150001198053, 1961242.49905 ], [ 949563.250150000443682, 1961266.750050000380725 ], [ 949586.750150001142174, 1961288.125049999449402 ], [ 949595.534150000545196, 1961295.673099999316037 ], [ 949603.18815000122413, 1961302.250049999682233 ], [ 949620.882050001178868, 1961317.379250000696629 ], [ 949695.875150001142174, 1961365.750050001312047 ], [ 949725.969150000717491, 1961374.292099998798221 ], [ 949753.56315000122413, 1961382.125099999364465 ], [ 949790.43815000122413, 1961386.000049999682233 ], [ 949824.313150001456961, 1961389.625050001312047 ], [ 949827.500150000210851, 1961389.125050000380725 ], [ 949830.063150000292808, 1961388.750050001312047 ], [ 949830.5631500009913, 1961388.750050001312047 ], [ 949927.25014999974519, 1961386.000049999682233 ], [ 950115.000150000443682, 1961380.625050000147894 ], [ 950123.568350000074133, 1961384.127150001237169 ], [ 950136.500150000676513, 1961389.37514999974519 ], [ 950176.603049999568611, 1961417.181050001410767 ], [ 950340.938149999477901, 1961531.125150000210851 ], [ 950353.938149999361485, 1961556.00014999974519 ], [ 950357.882050000713207, 1961563.6650500013493 ], [ 950360.563150000525638, 1961568.875150000210851 ], [ 950419.000150000676513, 1961680.875150000676513 ], [ 950419.509050000575371, 1961681.81815000041388 ], [ 950420.688150000758469, 1961684.000149999512359 ], [ 950442.187050001230091, 1961724.31514999922365 ], [ 950470.750149999628775, 1961777.875150000909343 ], [ 950479.201950000831857, 1961806.63865 ], [ 950489.750150000909343, 1961818.375150000210851 ], [ 950495.608050000737421, 1961834.826149999862537 ], [ 950495.625150001142174, 1961834.875150000210851 ], [ 950497.313150001107715, 1961839.500150001142174 ], [ 950512.524150000186637, 1961864.773049999494106 ], [ 950525.375150001375005, 1961886.125150000676513 ], [ 950535.621050001354888, 1961903.36215 ], [ 950538.750150000560097, 1961908.625150000210851 ], [ 950549.438149999361485, 1961926.000150000210851 ], [ 950581.750150000909343, 1961964.000150000676513 ], [ 950614.875150000210851, 1962008.375149999512359 ], [ 950622.740149999735877, 1962021.914150001481175 ], [ 950627.438150000525638, 1962030.000150001142174 ], [ 950638.484149999450892, 1962048.870199999772012 ], [ 950639.437350000021979, 1962050.50069999974221 ], [ 950668.125150001142174, 1962074.625150000210851 ], [ 950691.664050000021234, 1962094.48615000071004 ], [ 950696.125150001258589, 1962098.25015 ], [ 950710.396750001003966, 1962108.512850001920015 ], [ 950727.813050000928342, 1962112.625150000676513 ], [ 950732.428150001447648, 1962114.471150001743808 ], [ 950738.125150000327267, 1962116.750150000676513 ], [ 950752.188150000409223, 1962122.250150001375005 ], [ 950755.016150000388734, 1962125.262050000950694 ], [ 950756.063150000059977, 1962126.375150001375005 ], [ 950756.103050001664087, 1962126.42405000096187 ], [ 950756.375150000676513, 1962126.75005 ], [ 950818.12514999974519, 1962169.875050001544878 ], [ 950820.353049999568611, 1962171.414050000719726 ], [ 950830.250149999512359, 1962178.250050000613555 ], [ 950845.031150001683272, 1962184.530049999244511 ], [ 950854.375149999861605, 1962188.500050001312047 ], [ 950915.320150000508875, 1962214.059100001119077 ], [ 950925.313150000292808, 1962218.250050001312047 ], [ 951012.688149999594316, 1962240.500050000380725 ], [ 951038.309050001436844, 1962248.922050000168383 ], [ 951062.125150001025759, 1962256.750050000147894 ], [ 951067.43404999980703, 1962257.104050000663847 ], [ 951067.750150000909343, 1962257.125049999449402 ], [ 951068.80215000116732, 1962257.206050001084805 ], [ 951093.750150000443682, 1962259.12505 ], [ 951103.882050001295283, 1962267.984049999155104 ], [ 951105.185350001556799, 1962269.122850000858307 ], [ 951128.000150000210851, 1962275.375099999364465 ], [ 951163.500149999279529, 1962296.625049999682233 ], [ 951182.086149999639019, 1962300.01705000246875 ], [ 951230.625150000210851, 1962308.875050000846386 ], [ 951237.250150001375005, 1962306.750050001312047 ], [ 951244.081150000798516, 1962304.609049998922274 ], [ 951250.813150000758469, 1962302.50005 ], [ 951260.75014999974519, 1962281.25005 ], [ 951261.794150000903755, 1962278.964050000766292 ], [ 951262.061250001657754, 1962278.385500001721084 ], [ 951263.322050001239404, 1962274.658950001001358 ], [ 951263.502050000010058, 1962274.122949999757111 ], [ 951263.735149999847636, 1962273.433000000659376 ], [ 951275.750050001312047, 1962237.87495000148192 ], [ 951277.958050002111122, 1962224.097999999532476 ], [ 951284.625050001079217, 1962182.499950001016259 ], [ 951283.84804999968037, 1962169.124950001714751 ], [ 951283.18805000022985, 1962157.749950000783429 ], [ 951286.875049999682233, 1962132.249949999619275 ], [ 951291.063050000928342, 1962125.749949999619275 ], [ 951296.18805, 1962117.74995 ], [ 951306.797050001565367, 1962112.916950001148507 ], [ 951318.688050001626834, 1962107.499950001714751 ], [ 951329.903049999382347, 1962103.450950000435114 ], [ 951348.813050001161173, 1962096.62495000148192 ], [ 951360.18805, 1962093.749950001016259 ], [ 951364.526050000917166, 1962092.672950001899153 ], [ 951369.250050001195632, 1962091.49995 ], [ 951380.655050001107156, 1962082.655950000276789 ], [ 951389.563050000811927, 1962075.749950001016259 ], [ 951411.16304999939166, 1962061.14399999845773 ], [ 951420.250050001312047, 1962054.999950001714751 ], [ 951423.375049999915063, 1962051.874950001016259 ], [ 951430.313050000462681, 1962044.874950000317767 ], [ 951435.713050000602379, 1962037.93694999977015 ], [ 951438.875050000962801, 1962033.874950001016259 ], [ 951447.258749999455176, 1962016.071850000414997 ], [ 951450.000050001544878, 1962010.249950001016259 ], [ 951450.363950000028126, 1962009.608950000954792 ], [ 951456.812850001035258, 1961998.249950000550598 ], [ 951465.198550001485273, 1961983.61645 ], [ 951465.833050001878291, 1961983.102950001135468 ], [ 951470.43805000022985, 1961979.374950000550598 ], [ 951474.188050000928342, 1961976.374950001016259 ], [ 951481.131049999734387, 1961974.181949999649078 ], [ 951487.250050000846386, 1961972.249950001016259 ], [ 951490.625049999915063, 1961971.124950000550598 ], [ 951499.702050000661984, 1961966.843950001290068 ], [ 951511.563050001394004, 1961961.24995000148192 ], [ 951533.625050000264309, 1961948.74995 ], [ 951544.125050001079217, 1961939.249950000550598 ], [ 951554.365050000604242, 1961926.947950000641868 ], [ 951561.813050000579096, 1961917.999950000783429 ], [ 951571.750049999682233, 1961892.499949999619275 ], [ 951572.216049999464303, 1961891.603950000600889 ], [ 951573.375050000729971, 1961889.374950001016259 ], [ 951578.521050001028925, 1961879.786950001958758 ], [ 951580.688050000579096, 1961875.74995000148192 ], [ 951583.877050001407042, 1961871.479950002161786 ], [ 951588.063050000579096, 1961865.87495 ], [ 951591.019050000351854, 1961863.301949999062344 ], [ 951596.250049999449402, 1961858.749950000550598 ], [ 951614.318050001049414, 1961858.247950000222772 ], [ 951630.688050001626834, 1961851.499949999619275 ], [ 951633.675049999263138, 1961850.204950001556426 ], [ 951641.938050001161173, 1961846.624950001016259 ], [ 951648.688050001510419, 1961843.62495000124909 ], [ 951668.625050000729971, 1961837.374950001714751 ], [ 951690.595050000352785, 1961834.031949999276549 ], [ 951691.623050000984222, 1961833.877950002206489 ], [ 951693.939050001557916, 1961833.740000000689179 ], [ 951713.063050000811927, 1961832.624949999619275 ], [ 951741.563050001626834, 1961832.12495000124909 ], [ 951744.104050001828, 1961832.178450001869351 ], [ 951747.500049999682233, 1961832.249950000317767 ], [ 951758.577050000894815, 1961836.665450001368299 ], [ 951765.375050000613555, 1961839.37495 ], [ 951775.562850001268089, 1961844.49995000148192 ], [ 951777.18695, 1961845.61115000071004 ], [ 951777.926650001434609, 1961846.117750000208616 ], [ 951777.937049999833107, 1961846.125550001859665 ], [ 951785.750050000380725, 1961852.374949999619275 ], [ 951787.49904999951832, 1961853.667950000148267 ], [ 951788.625050000846386, 1961854.49995000148192 ], [ 951790.007049999781884, 1961855.452999999281019 ], [ 951790.43805, 1961855.749950001016259 ], [ 951792.649050001520663, 1961857.485950000351295 ], [ 951795.375050001079217, 1961859.624950000550598 ], [ 951797.250050000380725, 1961863.24995 ], [ 951798.938050000346266, 1961865.62495 ], [ 951799.679050001199357, 1961867.224950000178069 ], [ 951802.125050001312047, 1961872.49995000148192 ], [ 951803.609050000668503, 1961875.771950001362711 ], [ 951804.56305000022985, 1961877.874950001016259 ], [ 951804.860550001612864, 1961878.442950000986457 ], [ 951805.875049999798648, 1961880.374949999852106 ], [ 951807.961050000041723, 1961882.342950001358986 ], [ 951809.188050000928342, 1961883.499950000783429 ], [ 951810.60905000125058, 1961883.930950000882149 ], [ 951811.250050001544878, 1961884.124950000550598 ], [ 951811.996050000656396, 1961884.395999999251217 ], [ 951813.313050000928342, 1961884.87495000148192 ], [ 951820.688050000928342, 1961888.62495 ], [ 951824.917050001095049, 1961890.71999999973923 ], [ 951827.500050001312047, 1961891.999950001016259 ], [ 951834.125050000264309, 1961896.624949999619275 ], [ 951847.438050001626834, 1961896.749950001016259 ], [ 951851.875049999798648, 1961894.999950000783429 ], [ 951856.063050000928342, 1961892.999950000317767 ], [ 951857.0400500013493, 1961893.132950000697747 ], [ 951858.81305000022985, 1961893.374949999619275 ], [ 951862.68805, 1961893.74995000148192 ], [ 951872.000050001544878, 1961892.24995000148192 ], [ 951872.703049999661744, 1961890.64295000070706 ], [ 951874.18805, 1961887.24995000148192 ], [ 951874.509050000691786, 1961886.647950000362471 ], [ 951875.188050001394004, 1961885.37495 ], [ 951881.750050001312047, 1961871.999950000783429 ], [ 951882.027049999916926, 1961871.222999998601153 ], [ 951883.000050000846386, 1961868.499950000550598 ], [ 951886.813050000462681, 1961858.24995 ], [ 951893.563050000695512, 1961834.874950000550598 ], [ 951905.02904999977909, 1961817.514950002077967 ], [ 951915.936050001066178, 1961801.002450000494719 ], [ 951917.624050001148134, 1961800.324999998323619 ], [ 951920.938050000928342, 1961798.999949999619275 ], [ 951921.821050000260584, 1961798.637950000120327 ], [ 951923.375050001079217, 1961797.999950000550598 ], [ 951927.141049999976531, 1961795.984950000653043 ], [ 951933.188049999764189, 1961792.74995 ], [ 951936.583050001179799, 1961790.40995 ], [ 951940.625049999915063, 1961787.624950001016259 ], [ 951945.188050000462681, 1961784.749950000550598 ], [ 951945.379049999290146, 1961784.640950002009049 ], [ 951945.625050000031479, 1961784.49995 ], [ 951948.451050000265241, 1961781.917950001079589 ], [ 951950.688050001277588, 1961779.874950001714751 ], [ 951952.063049999764189, 1961777.499949999619275 ], [ 951952.581050000851974, 1961776.635950001655146 ], [ 951953.18805000022985, 1961775.624950000317767 ], [ 951953.458050000714138, 1961772.102950000204146 ], [ 951953.563049999531358, 1961770.74995000148192 ], [ 951953.625049999682233, 1961763.12495000124909 ], [ 951954.121050000889227, 1961760.644950000103563 ], [ 951954.625050001079217, 1961758.124950001016259 ], [ 951954.872050000587478, 1961756.695950001478195 ], [ 951955.188050000695512, 1961754.874950001016259 ], [ 951956.893050000071526, 1961749.862000000663102 ], [ 951958.250050000380725, 1961745.87495 ], [ 951961.610049999901094, 1961739.058000000659376 ], [ 951962.563050000695512, 1961737.12495000148192 ], [ 951969.187849999871105, 1961727.12495000148192 ], [ 951973.280150000704452, 1961723.617050000699237 ], [ 951974.875049999682233, 1961722.249950000317767 ], [ 951978.250050000846386, 1961719.499950001016259 ], [ 951981.812850000336766, 1961716.624950000550598 ], [ 951995.750050000147894, 1961704.624949999852106 ], [ 952002.625049999449402, 1961695.74995 ], [ 952017.966050000395626, 1961675.993950000498444 ], [ 952032.81305000022985, 1961656.874949999619275 ], [ 952044.188050001161173, 1961647.999949999852106 ], [ 952068.995050000841729, 1961616.235950000584126 ], [ 952081.18805, 1961600.62495000148192 ], [ 952081.203450001310557, 1961600.590149999130517 ], [ 952081.205150000401773, 1961600.586250000633299 ], [ 952083.922050001099706, 1961594.335950000211596 ], [ 952101.625050000031479, 1961553.62495 ], [ 952108.751050000661053, 1961523.883949999697506 ], [ 952112.43805000022985, 1961508.49995 ], [ 952114.246050000889227, 1961500.885949999559671 ], [ 952120.750050000380725, 1961473.49995000148192 ], [ 952126.267050000373274, 1961443.79495 ], [ 952140.43805000022985, 1961367.499950000317767 ], [ 952143.375050000962801, 1961334.999950000783429 ], [ 952145.313050001277588, 1961313.99995000124909 ], [ 952145.592049999628216, 1961286.972999999299645 ], [ 952145.81284999998752, 1961265.62495000148192 ], [ 952144.542050001444295, 1961264.177999998675659 ], [ 952141.312850000569597, 1961260.49995 ], [ 952140.250050000031479, 1961259.18095 ], [ 952139.500549999531358, 1961258.250449999701232 ], [ 952143.000050001544878, 1961227.999950000550598 ], [ 952149.118150000460446, 1961221.12505 ], [ 952155.125050001312047, 1961214.374950001016259 ], [ 952196.288150001782924, 1961197.5121999992989 ], [ 952230.188049999531358, 1961183.62495000148192 ], [ 952261.309050000971183, 1961170.012950001750141 ], [ 952265.625049999682233, 1961168.124950000550598 ], [ 952341.688050001510419, 1961134.749950001016259 ], [ 952351.063049999764189, 1961130.374950000550598 ], [ 952375.875050000031479, 1961118.74995000148192 ], [ 952385.479049999732524, 1961109.802999999839813 ], [ 952399.625050001079217, 1961096.62495000148192 ], [ 952401.177049999823794, 1961095.252950001507998 ], [ 952402.31305000022985, 1961094.24995000148192 ], [ 952409.731050001224503, 1961061.535999999614432 ], [ 952412.37505000049714, 1961049.874950000550598 ], [ 952436.688050001161173, 1960979.999950000317767 ], [ 952435.500049999682233, 1960974.999950000317767 ], [ 952431.438050000695512, 1960957.62495 ], [ 952431.434050001204014, 1960957.573949999874458 ], [ 952429.061549999285489, 1960923.74195000063628 ], [ 952429.041050000931136, 1960923.448949999175966 ], [ 952428.625050000264309, 1960917.749950000550598 ], [ 952435.188050001394004, 1960900.99995 ], [ 952437.376049999846146, 1960895.438999999780208 ], [ 952442.125050000846386, 1960883.374949999619275 ], [ 952460.750050000380725, 1960857.124949999619275 ], [ 952460.765350000699982, 1960857.083050000481308 ], [ 952460.76665000023786, 1960857.079349999548867 ], [ 952468.375050000729971, 1960835.24995 ], [ 952477.247050001984462, 1960822.846950000617653 ], [ 952480.625049999565817, 1960818.12495 ], [ 952486.337050000205636, 1960810.085949999047443 ], [ 952504.250050001544878, 1960784.874949999619275 ], [ 952514.500049999915063, 1960767.12495 ], [ 952514.625050001079217, 1960766.37495000124909 ], [ 952516.489050000440329, 1960756.110950000118464 ], [ 952519.188049999531358, 1960741.249950001714751 ], [ 952517.876049999846146, 1960710.584950001211837 ], [ 952516.938050000928342, 1960688.624950000550598 ], [ 952515.750050001544878, 1960660.124949999619275 ], [ 952526.897049999795854, 1960621.578950001392514 ], [ 952528.438050000928342, 1960616.24995000148192 ], [ 952528.521049999864772, 1960616.081950001418591 ], [ 952528.688050001161173, 1960615.749950000783429 ], [ 952542.145050000632182, 1960594.922950001899153 ], [ 952549.688050000695512, 1960583.24995000124909 ], [ 952632.188050001277588, 1960566.249950000550598 ], [ 952699.938049999531358, 1960544.49995 ], [ 952722.56305000022985, 1960539.87495000148192 ], [ 952750.375050000147894, 1960534.24995000148192 ], [ 952762.330049999989569, 1960528.754950001370162 ], [ 952780.563050000928342, 1960520.374950001714751 ], [ 952801.813050000811927, 1960499.249950001016259 ], [ 952817.875050000380725, 1960469.624949999619275 ], [ 952831.313050000695512, 1960427.874950001016259 ], [ 952864.622849999694154, 1960381.629450000822544 ], [ 952883.688050001626834, 1960358.24995000124909 ], [ 952892.026050001266412, 1960344.107949999626726 ], [ 952919.875050000613555, 1960296.87495000148192 ], [ 952956.871049999957904, 1960253.129450000124052 ], [ 952980.813050000811927, 1960243.37495 ], [ 952983.49004999990575, 1960240.768949999008328 ], [ 952987.875050001544878, 1960236.499950001016259 ], [ 952990.957050001365133, 1960233.462949999608099 ], [ 952992.179550002096221, 1960232.258450001478195 ], [ 953043.375050001079217, 1960151.624950000550598 ], [ 953065.438050000928342, 1960143.749949999852106 ], [ 953080.875050000729971, 1960132.249949999852106 ], [ 953084.529550000792369, 1960125.411000000545755 ], [ 953089.625050001428463, 1960115.874950001016259 ], [ 953095.375050000380725, 1960089.374950000550598 ], [ 953095.388050000066869, 1960089.348949999082834 ], [ 953095.739049999741837, 1960088.675000000512227 ], [ 953101.938050001394004, 1960076.749950000317767 ], [ 953110.676549999509007, 1960070.839950000401586 ], [ 953114.875050000031479, 1960067.999949999619275 ], [ 953118.944050001446158, 1960065.215950001496822 ], [ 953124.375049999565817, 1960061.499949999619275 ], [ 953132.000049999915063, 1960050.62495000148192 ], [ 953136.063049999764189, 1960044.874950000550598 ], [ 953138.442049999255687, 1960023.129950000438839 ], [ 953139.250050000846386, 1960015.74995 ], [ 953139.24705, 1960015.715950001496822 ], [ 953135.850050001172349, 1959982.995499999262393 ], [ 953133.813050001161173, 1959963.37495000148192 ], [ 953131.813050000695512, 1959863.37495000148192 ], [ 953129.750050001312047, 1959855.62495 ], [ 953128.324050000403076, 1959850.332950001582503 ], [ 953125.000050001544878, 1959837.999950001714751 ], [ 953126.272050000960007, 1959829.325000000186265 ], [ 953127.750050000846386, 1959819.249950000783429 ], [ 953128.732049999525771, 1959812.243000001413748 ], [ 953129.625050000031479, 1959805.87495000148192 ], [ 953136.237049999181181, 1959790.206950000487268 ], [ 953147.875050000264309, 1959762.624950000783429 ], [ 953177.250050001079217, 1959738.874949999619275 ], [ 953204.750050000613555, 1959668.62495 ], [ 953208.518050001468509, 1959658.974950001109391 ], [ 953213.438050001161173, 1959646.37495000124909 ], [ 953251.850050000241026, 1959566.023999999277294 ], [ 953272.000050000380725, 1959523.87495 ], [ 953313.427050000987947, 1959412.902000000700355 ], [ 953313.438050000928342, 1959412.874950000783429 ], [ 953429.625050001544878, 1959368.374950000550598 ], [ 953396.77405000012368, 1959336.942949999589473 ], [ 953393.463149999734014, 1959333.774800001876429 ], [ 953393.437800001120195, 1959333.750066665932536 ], [ 953394.45310000050813, 1959333.5471 ], [ 953395.312900001415983, 1959333.375100000295788 ], [ 953532.375250000273809, 1959301.875099999830127 ], [ 953564.610249999910593, 1959296.924100000178441 ], [ 953606.438249999424443, 1959290.500099998898804 ], [ 953628.813249999657273, 1959287.125099999830127 ], [ 953654.68825000023935, 1959261.000099998898804 ], [ 953658.591250001452863, 1959257.071200001519173 ], [ 953664.11705000186339, 1959251.498850001487881 ], [ 953680.000100000761449, 1959235.500050000846386 ], [ 953683.063166666775942, 1959232.375166666461155 ], [ 953685.063099999912083, 1959232.2501 ], [ 953693.340100000379607, 1959231.505100002046674 ], [ 953697.563099998980761, 1959231.125100001925603 ], [ 953721.563100000377744, 1959250.500100000295788 ], [ 953723.695100000244565, 1959252.820100000593811 ], [ 953737.875100000295788, 1959268.250099999830127 ], [ 953762.937899999902584, 1959289.750200001057237 ], [ 953785.813100000610575, 1959317.750050000846386 ], [ 953785.821899998816662, 1959317.760300001129508 ], [ 953802.063100000377744, 1959335.625100001227111 ], [ 953804.379099998739548, 1959337.492100001312792 ], [ 953814.000099999946542, 1959345.250100001925603 ], [ 953821.577100000809878, 1959355.969100000802428 ], [ 953826.808100000023842, 1959363.368650000542402 ], [ 953828.750099999830127, 1959369.000100000761449 ], [ 953831.156299999682233, 1959376.275000001303852 ], [ 953831.435499999905005, 1959377.120049999561161 ], [ 953831.436900000553578, 1959377.12540000025183 ], [ 953832.875250000273809, 1959384.500200000591576 ], [ 953854.621899999910966, 1959422.745099999476224 ], [ 953869.313100000377744, 1959451.625100000295788 ], [ 953881.438100000028498, 1959466.250100001227111 ], [ 953887.686099999817088, 1959469.21305 ], [ 953899.625099999131635, 1959474.875100000761449 ], [ 953921.938099999213591, 1959479.750100001692772 ], [ 953943.294099999126047, 1959489.811050001531839 ], [ 953965.188100000028498, 1959500.125100001459941 ], [ 953965.429100000183098, 1959500.173050001496449 ], [ 953965.813099999679253, 1959500.250100000528619 ], [ 953978.37509999901522, 1959504.000100001227111 ], [ 953989.919099998893216, 1959504.000100001227111 ], [ 953999.375100000761449, 1959504.000100001227111 ], [ 954012.149100000038743, 1959504.33005000045523 ], [ 954018.75009999924805, 1959504.500100001692772 ], [ 954034.243099999846891, 1959504.986050000181422 ], [ 954034.68810000072699, 1959505.000100000295788 ], [ 954037.480100000044331, 1959506.731050001922995 ], [ 954043.563100000610575, 1959510.500100001227111 ], [ 954057.794100000755861, 1959520.070100001990795 ], [ 954072.375099999597296, 1959529.875100001692772 ], [ 954090.698099999921396, 1959536.738050000742078 ], [ 954091.056250000372529, 1959536.87290000054054 ], [ 954091.059250001097098, 1959536.874600001843646 ], [ 954092.508100000442937, 1959537.924050000263378 ], [ 954106.563099999097176, 1959548.125100002158433 ], [ 954112.674100001109764, 1959552.523049999494106 ], [ 954128.625100000062957, 1959564.000100000295788 ], [ 954129.865050001302734, 1959567.674050000496209 ], [ 954130.312900000368245, 1959569.000200001290068 ], [ 954133.625250000623055, 1959574.125200000358745 ], [ 954140.792099999962375, 1959579.704050000291318 ], [ 954145.188099999213591, 1959583.125100000528619 ], [ 954147.4831000007689, 1959584.935100000817329 ], [ 954151.688099999097176, 1959588.250100001692772 ], [ 954153.757100000046194, 1959589.078100001439452 ], [ 954155.438099999679253, 1959589.750100001692772 ], [ 954191.00009999901522, 1959604.500100001692772 ], [ 954224.625099998898804, 1959598.750100000528619 ], [ 954240.125099999830127, 1959598.000100001692772 ], [ 954251.938099999213591, 1959597.375100001925603 ], [ 954256.125099999364465, 1959599.375100000295788 ], [ 954262.187099998700432, 1959606.250499999150634 ], [ 954265.000099999131635, 1959609.375100000295788 ], [ 954283.788100000470877, 1959641.957050000783056 ], [ 954283.813099998980761, 1959642.000100001227111 ], [ 954305.375099999364465, 1959680.000100001692772 ], [ 954319.688099999679253, 1959706.625100000761449 ], [ 954320.059099999489263, 1959707.368050002027303 ], [ 954320.375099999597296, 1959708.000100001692772 ], [ 954322.116099999519065, 1959708.717050001258031 ], [ 954324.62510000099428, 1959709.750100001692772 ], [ 954326.046099998988211, 1959710.419100001454353 ], [ 954326.750100000528619, 1959710.75010000099428 ], [ 954347.265050001675263, 1959714.766250000568107 ], [ 954350.375250000506639, 1959715.375249999808148 ], [ 954367.562899999204092, 1959728.000200000824407 ], [ 954377.250250000273809, 1959738.125200000125915 ], [ 954395.664100000634789, 1959757.313050001161173 ], [ 954399.558650001650676, 1959761.373650001827627 ], [ 954437.938099999679253, 1959790.500099999830127 ], [ 954442.476099999621511, 1959791.28605 ], [ 954444.438099999679253, 1959791.625100000295788 ], [ 954458.688099998980761, 1959791.25010000099428 ], [ 954468.313099999679253, 1959785.500099999830127 ], [ 954469.441100000985898, 1959784.787050001090392 ], [ 954470.688099999679253, 1959784.0001 ], [ 954477.089099999982864, 1959776.932099999859929 ], [ 954478.500099999131635, 1959775.375100000761449 ], [ 954483.410099999862723, 1959774.072050001937896 ], [ 954484.625099999597296, 1959773.750100001692772 ], [ 954487.214100001379848, 1959774.860049998853356 ], [ 954495.859100000932813, 1959778.565100000239909 ], [ 954496.000100000528619, 1959778.625100000528619 ], [ 954510.188099999679253, 1959790.125100000761449 ], [ 954522.625099999946542, 1959798.875100001227111 ], [ 954524.152100000297651, 1959799.692049999255687 ], [ 954528.935233332333155, 1959802.248699999880046 ], [ 954526.726000001537614, 1959805.69505000161007 ], [ 954521.879500000271946, 1959813.25855 ], [ 954554.438000000780448, 1959876.875050000846386 ], [ 954565.813000001828186, 1959919.000050001312047 ], [ 954565.828000001376495, 1959919.05405 ], [ 954572.188000000431202, 1959942.500049999449402 ], [ 954575.900500001152977, 1959964.205050001619384 ], [ 954578.688000000314787, 1959980.50005 ], [ 954585.0150000017602, 1960017.154550000326708 ], [ 954597.43800000124611, 1960089.125050001312047 ], [ 954616.60999999998603, 1960137.888050000416115 ], [ 954630.563000000547618, 1960173.37505 ], [ 954666.813000000780448, 1960205.375050000846386 ], [ 954673.159000001265667, 1960222.441049999091774 ], [ 954681.688000001944602, 1960245.375049999449402 ], [ 954683.390000000479631, 1960250.019049999304116 ], [ 954685.120533334673382, 1960254.737566666444764 ], [ 954681.774000001838431, 1960254.409050001297146 ], [ 954681.438000001595356, 1960254.375550000928342 ], [ 954680.017000001273118, 1960254.103050000267103 ], [ 954663.125000000232831, 1960250.875050000380725 ], [ 954659.750000001164153, 1960250.000050000147894 ], [ 954653.472000000067055, 1960248.418550000526011 ], [ 954643.375000000232831, 1960245.875050000147894 ], [ 954642.642000000691041, 1960247.891050001140684 ], [ 954642.375000001047738, 1960248.625049999449402 ], [ 954638.084000000730157, 1960259.745050001656637 ], [ 954636.302000001771376, 1960264.366050000535324 ], [ 954636.250000000465661, 1960264.50005 ], [ 954635.718999999808148, 1960265.25014999974519 ], [ 954635.188100000028498, 1960266.000150000676513 ], [ 954616.063100001891144, 1960295.00014999974519 ], [ 954610.997000001138076, 1960305.22315 ], [ 954609.250100000528619, 1960308.750150000676513 ], [ 954607.750100000761449, 1960313.375150001375005 ], [ 954601.938100001774728, 1960329.250149999512359 ], [ 954598.274100000970066, 1960341.326149998698384 ], [ 954597.500100000179373, 1960343.875150000443682 ], [ 954597.489200001233257, 1960343.920950000174344 ], [ 954595.515000000479631, 1960351.882150000426918 ], [ 954593.87400000100024, 1960358.50264999922365 ], [ 954592.500100000062957, 1960360.75015 ], [ 954589.563100001541898, 1960361.250150000676513 ], [ 954588.32500000204891, 1960361.250150000676513 ], [ 954587.063100000377744, 1960361.250150000676513 ], [ 954582.313100000610575, 1960360.250149999279529 ], [ 954573.435100000118837, 1960358.147149999625981 ], [ 954564.37510000099428, 1960356.000150000210851 ], [ 954561.063100000843406, 1960356.250150000676513 ], [ 954553.617600001045503, 1960356.959150000242516 ], [ 954553.19710000033956, 1960356.998750000959262 ], [ 954553.188100000144914, 1960357.000050000380725 ], [ 954537.375099999946542, 1960360.125150000210851 ], [ 954526.063100000144914, 1960365.000150001142174 ], [ 954521.496999999973923, 1960367.298150001559407 ], [ 954516.625100000761449, 1960369.750150001142174 ], [ 954508.230100001441315, 1960374.800150000257418 ], [ 954500.000100001576357, 1960379.750150001142174 ], [ 954494.125100001459941, 1960387.00014999974519 ], [ 954487.063100000610575, 1960395.125150000909343 ], [ 954480.885000001406297, 1960403.987150000873953 ], [ 954475.125100000062957, 1960412.250150000676513 ], [ 954470.071100001223385, 1960419.73515 ], [ 954466.938100001309067, 1960424.375150000443682 ], [ 954464.438100000144914, 1960435.500150001142174 ], [ 954464.313100001076236, 1960454.000149999279529 ], [ 954464.313100001076236, 1960467.125150000676513 ], [ 954464.280000002356246, 1960467.718150001484901 ], [ 954464.250099999830127, 1960468.250150000909343 ], [ 954464.125100000761449, 1960472.000149999279529 ], [ 954463.158000000519678, 1960478.307150000706315 ], [ 954462.438100001774728, 1960483.000150000909343 ], [ 954461.125100001227111, 1960491.37515 ], [ 954454.250100001925603, 1960511.875150001142174 ], [ 954451.943100001430139, 1960517.823150001466274 ], [ 954451.438100000261329, 1960519.12514999974519 ], [ 954450.938100001774728, 1960520.375149999279529 ], [ 954444.063100000261329, 1960536.25014999974519 ], [ 954430.563100002007559, 1960555.500150001142174 ], [ 954422.105100001674145, 1960568.547150001628324 ], [ 954416.62510000099428, 1960577.000149999279529 ], [ 954413.563100001309067, 1960582.375150000909343 ], [ 954413.063100000610575, 1960584.00014999974519 ], [ 954411.813100001076236, 1960588.625150000676513 ], [ 954411.375600001076236, 1960594.744150001555681 ], [ 954418.563100001309067, 1960605.875149999279529 ], [ 954426.198100000619888, 1960616.255150001961738 ], [ 954429.688100002007559, 1960621.000150001142174 ], [ 954444.436099999817088, 1960631.707150001078844 ], [ 954457.063100000144914, 1960640.875150000210851 ], [ 954464.625100001459941, 1960648.375150001375005 ], [ 954478.25010000099428, 1960662.000150000909343 ], [ 954480.137000000220723, 1960663.784149999730289 ], [ 954481.688100001192652, 1960665.250150000909343 ], [ 954496.438100001076236, 1960679.750150000443682 ], [ 954496.45310000074096, 1960679.79215000057593 ], [ 954496.750100001692772, 1960680.625150000676513 ], [ 954498.785999999614432, 1960685.78514999942854 ], [ 954501.188100000843406, 1960691.875150000210851 ], [ 954501.519100000499748, 1960694.817149999318644 ], [ 954501.750100001692772, 1960696.875150000210851 ], [ 954501.91100000042934, 1960698.433150000870228 ], [ 954502.125100001110695, 1960700.50014999974519 ], [ 954504.688100001192652, 1960713.75014999974519 ], [ 954507.688100000843406, 1960722.375149999279529 ], [ 954511.33710000209976, 1960732.860150000546128 ], [ 954515.563100001541898, 1960745.00014999974519 ], [ 954527.250100000761449, 1960763.750150000676513 ], [ 954531.500100001925603, 1960769.50014999974519 ], [ 954544.745600002119318, 1960786.994150001788512 ], [ 954548.000099999830127, 1960794.500150000210851 ], [ 954551.175999999977648, 1960806.454150001285598 ], [ 954551.188100001891144, 1960806.500150000909343 ], [ 954552.125099999830127, 1960808.750149999512359 ], [ 954554.688099999912083, 1960815.000150001142174 ], [ 954557.438100001541898, 1960820.000150001375005 ], [ 954559.125100000528619, 1960823.000150001142174 ], [ 954561.875100001925603, 1960828.125150000210851 ], [ 954562.581100000999868, 1960829.302150001749396 ], [ 954562.625100000761449, 1960829.37514999974519 ], [ 954564.313100000843406, 1960837.87515 ], [ 954564.563100001076236, 1960847.500150000676513 ], [ 954563.063100001309067, 1960853.500150000210851 ], [ 954561.813100001774728, 1960858.750150000443682 ], [ 954556.750100000528619, 1960877.875150000676513 ], [ 954553.188100000144914, 1960891.87514999974519 ], [ 954552.188100001076236, 1960896.00014999974519 ], [ 954551.625100001459941, 1960897.50014999974519 ], [ 954550.188100000610575, 1960901.750150000909343 ], [ 954545.813100000144914, 1960918.625150000443682 ], [ 954542.563100000144914, 1960936.750149999279529 ], [ 954542.875100000761449, 1960957.875150000210851 ], [ 954541.250100001925603, 1960970.250150000210851 ], [ 954539.625100000761449, 1960989.000150001142174 ], [ 954538.188100002007559, 1961001.500150000210851 ], [ 954537.063100001658313, 1961010.875150000676513 ], [ 954534.87510000099428, 1961020.75014999974519 ], [ 954531.375100000761449, 1961030.250149999279529 ], [ 954527.438100000843406, 1961036.875150000443682 ], [ 954526.375100000528619, 1961038.625150000676513 ], [ 954512.438100000610575, 1961052.625149999512359 ], [ 954511.188100001076236, 1961053.75015 ], [ 954496.625100000295788, 1961067.500150000676513 ], [ 954483.313100000028498, 1961079.500149999279529 ], [ 954468.313100002007559, 1961097.375150000210851 ], [ 954467.688100000028498, 1961099.000150001142174 ], [ 954461.938100001076236, 1961115.500150001142174 ], [ 954461.938100001076236, 1961133.250150000676513 ], [ 954462.500100001925603, 1961175.750150000676513 ], [ 954462.375100000645034, 1961216.375150001142174 ], [ 954458.672100000665523, 1961246.090149999596179 ], [ 954457.375100000528619, 1961256.500150000909343 ], [ 954456.99010000214912, 1961259.235150000546128 ], [ 954455.563100000261329, 1961269.375149999512359 ], [ 954449.375100000761449, 1961282.87515 ], [ 954439.188100001425482, 1961296.500149999512359 ], [ 954403.438100002007559, 1961328.500150000676513 ], [ 954389.250100000528619, 1961336.25015 ], [ 954361.813100000144914, 1961348.750150001375005 ], [ 954355.688100001774728, 1961355.625150000676513 ], [ 954349.438100000028498, 1961362.875149999279529 ], [ 954339.438100002007559, 1961390.625150001375005 ], [ 954337.938099999912083, 1961402.000150000210851 ], [ 954327.81310000072699, 1961438.750150000909343 ], [ 954314.813100000843406, 1961452.625150000676513 ], [ 954297.118100001127459, 1961465.27115000016056 ], [ 954291.375100000295788, 1961469.375150001142174 ], [ 954276.606000000378117, 1961478.41315000038594 ], [ 954266.250100000761449, 1961484.750150000909343 ], [ 954247.313100000610575, 1961510.375150001142174 ], [ 954244.250099999946542, 1961517.500150000676513 ], [ 954232.875100001227111, 1961545.250150000676513 ], [ 954231.12510000099428, 1961553.62514999974519 ], [ 954230.498100001597777, 1961556.724149998743087 ], [ 954230.063100001774728, 1961558.875150000210851 ], [ 954229.654100001556799, 1961562.285150001058355 ], [ 954229.000100001459941, 1961567.75015 ], [ 954226.250100000062957, 1961589.87514999974519 ], [ 954222.563100000610575, 1961603.75014999974519 ], [ 954218.578100001323037, 1961616.300150000257418 ], [ 954199.500100001576357, 1961676.375150001375005 ], [ 954194.81400000071153, 1961689.283650000113994 ], [ 954188.563100001192652, 1961706.500150001142174 ], [ 954184.500100001227111, 1961717.87514999974519 ], [ 954174.055100000230595, 1961734.452649999875575 ], [ 954161.188100000843406, 1961754.875150000909343 ], [ 954148.759999999776483, 1961772.347150000743568 ], [ 954146.250100000645034, 1961775.875150000443682 ], [ 954136.438100000610575, 1961789.625150001142174 ], [ 954128.641100000590086, 1961799.572150001535192 ], [ 954113.313100001541898, 1961819.125150001142174 ], [ 954112.293000001343898, 1961820.56015 ], [ 954111.625100001576357, 1961821.500150001142174 ], [ 954105.938100001541898, 1961826.751150000374764 ], [ 954105.000100000412203, 1961828.625150000676513 ], [ 954101.694999999599531, 1961835.140050001442432 ], [ 954100.688000000198372, 1961837.125150001142174 ], [ 954100.251000000629574, 1961840.548050000797957 ], [ 954098.438100000377744, 1961854.750149999279529 ], [ 954098.024100001668558, 1961857.801150001585484 ], [ 954097.438100001192652, 1961862.125149999279529 ], [ 954095.747000001603737, 1961895.695149999577552 ], [ 954094.875100001110695, 1961913.000150000443682 ], [ 954094.859100000583567, 1961913.02915000077337 ], [ 954087.250100000761449, 1961926.500150000909343 ], [ 954086.151099999900907, 1961928.284149999730289 ], [ 954083.93810000072699, 1961931.875150000443682 ], [ 954083.950000000651926, 1961933.767150001134723 ], [ 954084.000100000877865, 1961941.875150000676513 ], [ 954092.750100001576357, 1961964.500150001142174 ], [ 954094.938100000028498, 1961969.375150000210851 ], [ 954102.438100001309067, 1961985.750150001142174 ], [ 954114.063100000377744, 1962007.75014999974519 ], [ 954129.063100000610575, 1962025.500149999279529 ], [ 954165.188100001774728, 1962048.875150001142174 ], [ 954197.875100000528619, 1962070.25014999974519 ], [ 954211.813100001541898, 1962082.500150000909343 ], [ 954218.125100001227111, 1962088.125150000676513 ], [ 954229.250100001925603, 1962100.62514999974519 ], [ 954247.125100000528619, 1962117.75014999974519 ], [ 954247.1691000002902, 1962117.776150001445785 ], [ 954257.751100001391023, 1962124.059150001034141 ], [ 954259.125100001227111, 1962124.875149999279529 ], [ 954267.597100000130013, 1962126.728150000795722 ], [ 954283.125100000295788, 1962130.12514999974519 ], [ 954311.835000000195578, 1962133.509149998892099 ], [ 954318.12510000099428, 1962134.25014999974519 ], [ 954325.375100001925603, 1962135.12515 ], [ 954350.375100000295788, 1962135.000150000909343 ], [ 954354.198100000852719, 1962135.322150000371039 ], [ 954366.688100001076236, 1962136.375149999279529 ], [ 954376.813100000377744, 1962147.875149999279529 ], [ 954383.125100000062957, 1962160.50014999974519 ], [ 954404.875100000645034, 1962193.125150000676513 ], [ 954430.375100001809187, 1962212.000150000676513 ], [ 954435.23710000095889, 1962215.544150000670925 ], [ 954437.750100001809187, 1962217.375150000210851 ], [ 954446.470000000204891, 1962224.505150000331923 ], [ 954449.063100000377744, 1962226.625149999279529 ], [ 954469.437000000383705, 1962243.205149999819696 ], [ 954470.87510000099428, 1962244.375150001142174 ], [ 954487.688100000377744, 1962258.375150000210851 ], [ 954490.17010000126902, 1962260.457150000613183 ], [ 954497.375100001343526, 1962266.500150001142174 ], [ 954543.750100000761449, 1962297.750150001142174 ], [ 954562.375100000412203, 1962313.500150000210851 ], [ 954575.500100001459941, 1962324.75014999974519 ], [ 954583.648000000277534, 1962336.630150001961738 ], [ 954585.188100001309067, 1962338.875150000210851 ], [ 954590.14610000140965, 1962346.235650001093745 ], [ 954597.313100000959821, 1962356.87515 ], [ 954601.161000001477078, 1962362.46715 ], [ 954612.625100001692772, 1962379.125150001142174 ], [ 954635.375100001459941, 1962412.62514999974519 ], [ 954637.293000000761822, 1962415.452149998862296 ], [ 954653.438100000261329, 1962439.250149999279529 ], [ 954654.063100000028498, 1962441.875149999512359 ], [ 954671.68810000049416, 1962464.875149999512359 ], [ 954680.500100001459941, 1962475.250150001142174 ], [ 954701.250100000528619, 1962509.750150001142174 ], [ 954705.095000000204891, 1962518.88715000031516 ], [ 954705.563100000843406, 1962520.00014999974519 ], [ 954709.625100001925603, 1962529.625150000443682 ], [ 954715.563100001076236, 1962543.625149999279529 ], [ 954721.813100000610575, 1962558.250150000210851 ], [ 954724.721100001013838, 1962566.063150000758469 ], [ 954736.375100000295788, 1962597.375150001142174 ], [ 954744.019999999785796, 1962617.836150000570342 ], [ 954749.313100000028498, 1962632.000150000210851 ], [ 954752.438100000843406, 1962639.625150000443682 ], [ 954753.076100000413135, 1962641.168149998877198 ], [ 954755.43810000049416, 1962646.875150001375005 ], [ 954757.087100001284853, 1962650.681150000542402 ], [ 954758.68810000049416, 1962654.375150000210851 ], [ 954761.612100001424551, 1962657.228150001028553 ], [ 954763.813100001774728, 1962659.375150000443682 ], [ 954803.438100001076236, 1962697.125150000443682 ], [ 954822.397100001107901, 1962721.96515 ], [ 954828.625100000761449, 1962730.125150000676513 ], [ 954828.641100001288578, 1962730.16715000057593 ], [ 954837.313100001309067, 1962752.37514999974519 ], [ 954842.337100001052022, 1962765.282149999402463 ], [ 954844.563100000028498, 1962771.000149999279529 ], [ 954852.188100000377744, 1962793.000150000210851 ], [ 954862.188100000610575, 1962822.000149999279529 ], [ 954925.412099999957718, 1962821.922150000929832 ], [ 954963.875100001459941, 1962821.875150000210851 ], [ 954963.944200000725687, 1962821.929350001038983 ], [ 954965.723499999730848, 1962822.356150001753122 ], [ 955005.688100001309067, 1962832.750150000676513 ], [ 955116.813100001774728, 1962891.000149999279529 ], [ 955197.125100001576357, 1962919.375150001142174 ], [ 955234.625100001227111, 1962934.500150000676513 ], [ 955271.188100000610575, 1962955.750150000443682 ], [ 955299.25010000099428, 1962991.625150001142174 ], [ 955326.813100001541898, 1963037.000149999279529 ], [ 955334.125100000295788, 1963045.625150000909343 ], [ 955344.563100001076236, 1963058.000150001142174 ], [ 955387.563100001541898, 1963094.12514999974519 ], [ 955393.862100001424551, 1963110.026150001911446 ], [ 955396.625100000528619, 1963117.000150000676513 ], [ 955396.320100000360981, 1963119.677150002215058 ], [ 955395.000100001576357, 1963131.250150000210851 ], [ 955394.50010000099428, 1963135.875150000676513 ], [ 955376.063100001541898, 1963180.625150001375005 ], [ 955374.68810000072699, 1963182.500150000676513 ], [ 955367.438100002007559, 1963193.000149999279529 ], [ 955364.563100001541898, 1963195.375150001375005 ], [ 955352.250100001459941, 1963222.250150001142174 ], [ 955349.188100001774728, 1963274.62514999974519 ], [ 955356.063100001076236, 1963398.250149999279529 ], [ 955359.125100000761449, 1963445.62515 ], [ 955359.154700000304729, 1963445.919049999210984 ], [ 955359.188100002007559, 1963446.25014999974519 ], [ 955359.379199999500997, 1963448.82355000032112 ], [ 955359.381699999794364, 1963448.87495 ], [ 955360.238300000084564, 1963472.577450002310798 ], [ 955360.750100001925603, 1963486.62514999974519 ], [ 955359.781100000604056, 1963506.535150000825524 ], [ 955359.125100000761449, 1963520.000149999512359 ], [ 955357.188100001541898, 1963524.750149999279529 ], [ 955357.190100001287647, 1963524.793150000274181 ], [ 955359.375100001227111, 1963560.625150000210851 ], [ 955361.027100000530481, 1963570.22715 ], [ 955362.063100000377744, 1963576.250150000210851 ], [ 955364.750100000645034, 1963597.000149999279529 ], [ 955364.137200000695884, 1963605.576049999566749 ], [ 955364.124500001664273, 1963605.756150001659989 ], [ 955362.688100000028498, 1963661.999950000783429 ], [ 955362.688400000799447, 1963662.003649999620393 ], [ 955366.875100000179373, 1963682.625150000676513 ], [ 955367.500099999946542, 1963684.875149999279529 ], [ 955370.984100001864135, 1963697.715150000527501 ], [ 955373.063100001774728, 1963705.375150000210851 ], [ 955388.563100000610575, 1963752.750150001142174 ], [ 955383.188100001076236, 1963772.750149999279529 ], [ 955375.875100001227111, 1963785.625150000210851 ], [ 955345.813100000610575, 1963838.75014999974519 ], [ 955338.457000000867993, 1963867.054149998817593 ], [ 955328.563100001658313, 1963905.125149999512359 ], [ 955326.926500001340173, 1963935.227150000631809 ], [ 955326.688100000144914, 1963939.62514999974519 ], [ 955332.291000001365319, 1963949.804149999748915 ], [ 955348.500100000877865, 1963979.250150001142174 ], [ 955358.762000001384877, 1964050.960150002269074 ], [ 955359.126100001856685, 1964053.500149999279529 ], [ 955338.125100001227111, 1964078.875150001375005 ], [ 955329.886100001167506, 1964088.142150002066046 ], [ 955288.56510000070557, 1964134.62255 ], [ 955276.199100000783801, 1964199.317650001961738 ], [ 955276.188100000843406, 1964199.37515 ], [ 955280.313100000843406, 1964222.875150000676513 ], [ 955292.092100001405925, 1964263.126150000607595 ], [ 955292.75010000099428, 1964265.375249999109656 ], [ 955292.625100001925603, 1964270.625150000676513 ], [ 955291.306000001030043, 1964321.164050000719726 ], [ 955291.06280000123661, 1964330.500150000676513 ], [ 955289.50010000099428, 1964344.62505 ], [ 955288.687800001353025, 1964352.250050000380725 ], [ 955284.563100002007559, 1964371.375149999279529 ], [ 955277.938100000843406, 1964404.875150000210851 ], [ 955276.438100001076236, 1964413.375150000676513 ], [ 955271.500100001110695, 1964441.000150001375005 ], [ 955256.125100001459941, 1964478.500150001142174 ], [ 955256.114000000525266, 1964478.553150000981987 ], [ 955255.37580000073649, 1964482.250550001161173 ], [ 955252.544099999708124, 1964484.615150000434369 ], [ 955227.250100001227111, 1964505.750150000210851 ], [ 955214.758600001805462, 1964518.151150001911446 ], [ 955210.000100000062957, 1964522.87515 ], [ 955206.471100001828745, 1964526.40415000054054 ], [ 955203.500100000295788, 1964529.37514999974519 ], [ 955201.784100000979379, 1964531.45215 ], [ 955194.000100000761449, 1964540.87514999974519 ], [ 955185.135000001173466, 1964551.77815000154078 ], [ 955182.313100001541898, 1964555.250150000443682 ], [ 955182.270000001648441, 1964555.89015000173822 ], [ 955182.188100000144914, 1964557.12514999974519 ], [ 955182.127999998861924, 1964558.50353333260864 ], [ 955184.018050001468509, 1964560.675150001421571 ], [ 955188.000049999915063, 1964565.250150000676513 ], [ 955194.68805, 1964569.375150000676513 ], [ 955195.250050000846386, 1964569.750150000210851 ], [ 955216.063050001161173, 1964578.250150000443682 ], [ 955233.683950001141056, 1964583.507150001358241 ], [ 955264.250050000846386, 1964592.625150001142174 ], [ 955277.805050001014024, 1964597.180150000145659 ], [ 955287.688050001394004, 1964600.500149999279529 ], [ 955300.125049999449402, 1964604.625149999512359 ], [ 955308.063050001161173, 1964610.75015 ], [ 955326.732050000689924, 1964625.030150000471622 ], [ 955332.250049999449402, 1964629.250150000676513 ], [ 955364.500050000962801, 1964644.500150001142174 ], [ 955365.967950000893325, 1964645.810150000965223 ], [ 955368.563050000811927, 1964648.125150000676513 ], [ 955372.243449999485165, 1964652.991649999748915 ], [ 955373.659049999667332, 1964660.892150001600385 ], [ 955375.063050000695512, 1964668.750150000676513 ], [ 955379.000050000613555, 1964688.375149999512359 ], [ 955380.188049999880604, 1964691.87514999974519 ], [ 955383.313050000811927, 1964701.250150000210851 ], [ 955401.063050000346266, 1964725.250149999279529 ], [ 955403.683949999976903, 1964727.944150000112131 ], [ 955405.563049999764189, 1964729.875150000210851 ], [ 955413.091050000395626, 1964737.829150000121444 ], [ 955422.125050000031479, 1964747.375149999279529 ], [ 955430.438050001161173, 1964755.25015 ], [ 955441.875050000147894, 1964760.125150001142174 ], [ 955444.527950000832789, 1964761.52415000135079 ], [ 955455.625050000846386, 1964767.37514999974519 ], [ 955471.605950000230223, 1964775.92815 ], [ 955477.813049999764189, 1964779.250150001375005 ], [ 955511.375050000846386, 1964803.000150000210851 ], [ 955523.914050001418218, 1964812.758149999193847 ], [ 955526.313050000928342, 1964814.625150001375005 ], [ 955537.196050000376999, 1964824.80504999961704 ], [ 955542.750049999915063, 1964830.000050000147894 ], [ 955552.375050000729971, 1964841.500150001142174 ], [ 955558.902050001081079, 1964851.894149999832734 ], [ 955565.875050001195632, 1964863.000150001375005 ], [ 955567.878950000274926, 1964865.134150000987574 ], [ 955570.688049999880604, 1964868.125150000443682 ], [ 955573.449950001435354, 1964871.213149999734014 ], [ 955574.938050001161173, 1964872.875150000210851 ], [ 955594.499850001302548, 1964891.125150000443682 ], [ 955621.750050000147894, 1964913.750150001142174 ], [ 955624.187750000506639, 1964915.750149999279529 ], [ 955653.93775000073947, 1964946.125149999279529 ], [ 955660.479950000299141, 1964954.446149999741465 ], [ 955679.687750000040978, 1964978.875149999279529 ], [ 955695.938950000563636, 1964998.52415 ], [ 955707.18805000022985, 1965012.12514999974519 ], [ 955707.62195000005886, 1965012.614150000503287 ], [ 955708.188050001510419, 1965013.250150000210851 ], [ 955714.125049999682233, 1965020.37514999974519 ], [ 955727.938050001626834, 1965035.250150001142174 ], [ 955730.3559499992989, 1965036.440150000154972 ], [ 955735.81305, 1965039.125150000676513 ], [ 955744.875050001195632, 1965040.875150000909343 ], [ 955747.001950001809746, 1965041.275150001049042 ], [ 955752.188050001044758, 1965042.250149999279529 ], [ 955755.669050000025891, 1965042.71815000125207 ], [ 955759.625050001195632, 1965043.250150000676513 ], [ 955769.131050000083633, 1965044.330150000285357 ], [ 955770.62505000049714, 1965044.500150000210851 ], [ 955777.359050000202842, 1965045.596150000346825 ], [ 955792.125050000729971, 1965048.000150000676513 ], [ 955798.646049999515526, 1965050.498149999650195 ], [ 955809.750050001312047, 1965054.750150000676513 ], [ 955815.391950001590885, 1965057.389150001807138 ], [ 955822.313050001510419, 1965060.625150001142174 ], [ 955857.375050000147894, 1965062.750150000676513 ], [ 955864.951950000133365, 1965063.248149999184534 ], [ 955874.500049999915063, 1965063.875150000909343 ], [ 955886.646050000796095, 1965065.53514999942854 ], [ 955894.625049999449402, 1965066.625150000210851 ], [ 955909.438050000462681, 1965070.125150000443682 ], [ 955939.438050001161173, 1965081.250150001142174 ], [ 955976.563050001394004, 1965096.375150000443682 ], [ 955992.625050000846386, 1965102.37514999974519 ], [ 956000.308850000845268, 1965104.623550000134856 ], [ 956000.31305000022985, 1965104.624450000235811 ], [ 956010.563050000695512, 1965106.125150000210851 ], [ 956012.849049999960698, 1965106.159150001127273 ], [ 956019.000049999915063, 1965106.250149999279529 ], [ 956025.875050001544878, 1965105.500150000676513 ], [ 956026.053950000554323, 1965105.415150001645088 ], [ 956028.250050001312047, 1965104.375150000210851 ], [ 956029.438050000695512, 1965103.750150000443682 ], [ 956031.342050000093877, 1965100.365150000434369 ], [ 956032.813049999764189, 1965097.750150001142174 ], [ 956036.000050000729971, 1965092.125150001375005 ], [ 956043.68894999998156, 1965077.520150000695139 ], [ 956048.438049999764189, 1965068.500149999279529 ], [ 956062.063050001510419, 1965042.50014999974519 ], [ 956065.373050001799129, 1965037.603150001028553 ], [ 956066.625050001079217, 1965035.750149999512359 ], [ 956071.152050000964664, 1965032.017150000436231 ], [ 956073.750050000729971, 1965029.875149999279529 ], [ 956074.230950001277961, 1965029.63414999935776 ], [ 956074.500049999449402, 1965029.50015 ], [ 956081.377550001256168, 1965026.250650000525638 ], [ 956081.787049999926239, 1965026.26314999978058 ], [ 956085.313049999647774, 1965026.375150001142174 ], [ 956086.063950000680052, 1965026.454150000587106 ], [ 956086.500050000147894, 1965026.500150000210851 ], [ 956089.730050000012852, 1965028.246150000952184 ], [ 956091.125050000846386, 1965029.000149999279529 ], [ 956099.875049999449402, 1965037.375150000676513 ], [ 956110.313050000113435, 1965047.000149999279529 ], [ 956120.875050001079217, 1965055.125150000210851 ], [ 956136.750050001544878, 1965064.00015 ], [ 956140.521050001028925, 1965065.499150000978261 ], [ 956146.500050001312047, 1965067.87514999974519 ], [ 956151.625050000613555, 1965069.875150000210851 ], [ 956163.875050001544878, 1965074.37514999974519 ], [ 956166.35094999987632, 1965075.824150001397356 ], [ 956174.125049999915063, 1965080.375150001142174 ], [ 956179.967950000194833, 1965085.885150000918657 ], [ 956182.875050000613555, 1965088.625150001142174 ], [ 956191.063050000462681, 1965097.250150000676513 ], [ 956197.792050001909956, 1965108.965150001225993 ], [ 956197.813050000695512, 1965109.000150000909343 ], [ 956203.462050000205636, 1965121.958150000777096 ], [ 956211.43805000022985, 1965140.250150000909343 ], [ 956212.552050000755116, 1965146.49315 ], [ 956213.313049999531358, 1965150.75014999974519 ], [ 956214.847950000199489, 1965155.320150000508875 ], [ 956215.875050000846386, 1965158.37514999974519 ], [ 956215.89405, 1965158.40615 ], [ 956217.10705, 1965160.370150002185255 ], [ 956220.813050000695512, 1965166.37514999974519 ], [ 956228.500050001195632, 1965174.500150000676513 ], [ 956231.574049999704584, 1965176.171150001231581 ], [ 956234.938050000928342, 1965178.000150000909343 ], [ 956250.250049999565817, 1965181.625150000210851 ], [ 956254.875050000264309, 1965182.750150000676513 ], [ 956283.68805000022985, 1965185.875149999279529 ], [ 956303.875049999915063, 1965186.250150001142174 ], [ 956306.49794999929145, 1965186.130949999205768 ], [ 956306.625050001312047, 1965186.125050000846386 ], [ 956316.625049999449402, 1965185.500050001312047 ], [ 956326.18725000100676, 1965183.624650000128895 ], [ 956326.217050000326708, 1965183.619449999881908 ], [ 956328.875050000380725, 1965183.125150000210851 ], [ 956332.826050000963733, 1965181.858150001149625 ], [ 956343.688050001510419, 1965178.375150000210851 ], [ 956362.813049999531358, 1965170.625150000909343 ], [ 956368.563050000695512, 1965168.250150001142174 ], [ 956371.375050000147894, 1965168.250150001142174 ], [ 956372.310050000553019, 1965168.705150000751019 ], [ 956373.688049999880604, 1965169.375149999279529 ], [ 956374.1059499992989, 1965169.523150001419708 ], [ 956374.750050001312047, 1965169.750150000909343 ], [ 956375.993050000397488, 1965170.844150001183152 ], [ 956376.31305, 1965171.125149999279529 ], [ 956388.063050000462681, 1965180.750150000210851 ], [ 956397.56305, 1965187.125150001142174 ], [ 956399.173050001496449, 1965187.724149999208748 ], [ 956400.250050000380725, 1965188.125150000210851 ], [ 956403.363950000260957, 1965189.407150000799447 ], [ 956404.500049999449402, 1965189.875150000210851 ], [ 956410.625049999915063, 1965190.875149999279529 ], [ 956412.438050001161173, 1965191.12514999974519 ], [ 956416.232950001722202, 1965191.073150000767782 ], [ 956421.625050001428463, 1965191.000150000676513 ], [ 956426.922050000284798, 1965190.298150001326576 ], [ 956431.063050000811927, 1965189.750150001142174 ], [ 956441.264950000913814, 1965186.770149999530986 ], [ 956456.313049999531358, 1965182.375150001142174 ], [ 956474.787950000492856, 1965176.705150000751019 ], [ 956493.375050000846386, 1965171.000150000210851 ], [ 956500.946050000144169, 1965168.60615000128746 ], [ 956506.813050001161173, 1965166.750150001142174 ], [ 956556.000049999915063, 1965149.875149999512359 ], [ 956593.709950000979006, 1965136.18615 ], [ 956610.063050000811927, 1965130.250150000676513 ], [ 956613.221049999352545, 1965129.659149999730289 ], [ 956618.750050000380725, 1965128.62514999974519 ], [ 956624.548950000898913, 1965128.62514999974519 ], [ 956629.438050001510419, 1965128.62514999974519 ], [ 956632.60705, 1965128.582150000846013 ], [ 956638.688050000695512, 1965128.500150000676513 ], [ 956645.06510000070557, 1965129.001633332576603 ], [ 956653.750050001079217, 1965134.499999999534339 ], [ 956655.135050000855699, 1965135.400000000372529 ], [ 956656.250050000147894, 1965136.125000000465661 ], [ 956674.500050000380725, 1965150.124999999534339 ], [ 956677.063050000462681, 1965153.374999999534339 ], [ 956680.001049999846146, 1965156.967000001110137 ], [ 956680.438050001626834, 1965157.499999999534339 ], [ 956681.563049999764189, 1965160.875000000698492 ], [ 956682.950050001498312, 1965165.192000000504777 ], [ 956683.250050001079217, 1965166.125000001164153 ], [ 956685.62705000070855, 1965177.035000001080334 ], [ 956690.875050001312047, 1965201.124999999534339 ], [ 956690.87804999994114, 1965201.157000000588596 ], [ 956694.723050000611693, 1965241.501000000862405 ], [ 956695.187850001850165, 1965246.375000000931323 ], [ 956696.40515, 1965258.146000000182539 ], [ 956698.937850000220351, 1965282.625000000931323 ], [ 956700.557650001021102, 1965298.409099999815226 ], [ 956701.375050000031479, 1965306.374999999767169 ], [ 956705.125050000613555, 1965343.5 ], [ 956706.373750000610016, 1965383.204000000841916 ], [ 956706.375050000147894, 1965383.250000000465661 ], [ 956706.000050000729971, 1965391.999999999068677 ], [ 956705.719850001623854, 1965397.605999999679625 ], [ 956705.687850000569597, 1965398.250000000931323 ], [ 956703.696450000628829, 1965405.415899998508394 ], [ 956703.18455, 1965407.255599999567494 ], [ 956694.875050000147894, 1965422.374999999068677 ], [ 956691.812850000569597, 1965428.000000000931323 ], [ 956689.875050000031479, 1965431.499999999068677 ], [ 956685.500049999682233, 1965439.625 ], [ 956685.487250001868233, 1965439.654799999436364 ], [ 956682.706350001273677, 1965446.329099999507889 ], [ 956682.687850000453182, 1965446.375000000465661 ], [ 956680.937850000336766, 1965453.249999999534339 ], [ 956681.107250000932254, 1965460.665 ], [ 956681.312850001966581, 1965469.625000000698492 ], [ 956682.847350000869483, 1965494.580000000540167 ], [ 956683.250050001079217, 1965501.125000001164153 ], [ 956683.471050001098774, 1965504.21500000031665 ], [ 956684.375050001428463, 1965516.875000000232831 ], [ 956684.125050001079217, 1965520.874999999068677 ], [ 956683.97505000140518, 1965522.97899999958463 ], [ 956683.875050000846386, 1965524.374999999301508 ], [ 956681.875050000264309, 1965531.250000000931323 ], [ 956677.563050001044758, 1965540.5 ], [ 956675.528050001012161, 1965543.693999999202788 ], [ 956670.000050000846386, 1965552.374999999534339 ], [ 956665.211049999692477, 1965558.026000001002103 ], [ 956663.750050001312047, 1965559.749999999301508 ], [ 956647.419050000142306, 1965579.346999998902902 ], [ 956645.625050000147894, 1965581.5 ], [ 956638.504050000105053, 1965589.745499999728054 ], [ 956635.539050000021234, 1965595.426999998744577 ], [ 956634.000050001079217, 1965598.374999999534339 ], [ 956629.439050000277348, 1965611.24650000105612 ], [ 956629.381049999734387, 1965611.867000000784174 ], [ 956628.500050000264309, 1965621.500000000698492 ], [ 956628.530050001572818, 1965658.026000000536442 ], [ 956628.563050001394004, 1965696.5 ], [ 956628.618050001212396, 1965743.573000001488253 ], [ 956628.625050001544878, 1965749.999999999068677 ], [ 956628.270050000050105, 1965759.244999999878928 ], [ 956627.500050001079217, 1965779.250000000931323 ], [ 956627.620049999561161, 1965781.70200000051409 ], [ 956627.813050000462681, 1965785.624999999534339 ], [ 956628.909050000598654, 1965792.305999999167398 ], [ 956629.125050000031479, 1965793.624999999068677 ], [ 956634.563050000695512, 1965811.5 ], [ 956640.412050001323223, 1965824.71500000054948 ], [ 956644.68805, 1965834.375000000931323 ], [ 956644.987050000578165, 1965835.137000000569969 ], [ 956645.375049999798648, 1965836.125000001164153 ], [ 956649.325050001498312, 1965845.121000000275671 ], [ 956651.688050000462681, 1965850.499999999534339 ], [ 956653.246050000889227, 1965857.498999998904765 ], [ 956654.750050000264309, 1965864.250000000465661 ], [ 956656.186050000134856, 1965870.828000000910833 ], [ 956657.125050000147894, 1965875.125000000465661 ], [ 956657.159050001064315, 1965875.726000000722706 ], [ 956657.250050001428463, 1965877.374999999068677 ], [ 956657.53105000173673, 1965881.062999999616295 ], [ 956657.688049999764189, 1965883.125000000232831 ], [ 956657.188050001277588, 1965887.999999999068677 ], [ 956654.688050000113435, 1965894.625000000465661 ], [ 956644.813050001161173, 1965911.375000000698492 ], [ 956640.025050000986084, 1965917.206000001169741 ], [ 956637.938049999647774, 1965919.75 ], [ 956635.625049999915063, 1965923.374999999068677 ], [ 956635.223050000029616, 1965924.252000001259148 ], [ 956634.93805, 1965924.874999999068677 ], [ 956633.624750000890344, 1965927.499200000194833 ], [ 956633.45105000003241, 1965928.84999999916181 ], [ 956633.125050000962801, 1965931.375000001164153 ], [ 956633.160050000646152, 1965931.659 ], [ 956633.250050000031479, 1965932.375000000232831 ], [ 956633.43805000022985, 1965934.625000000931323 ], [ 956635.250050000613555, 1965940.000000000465661 ], [ 956639.375050000613555, 1965947.625000000931323 ], [ 956646.374050000216812, 1965958.720000000204891 ], [ 956647.813050000811927, 1965961.0 ], [ 956657.37505000049714, 1965982.500000000465661 ], [ 956663.379049999290146, 1966002.210999998962507 ], [ 956667.313050000462681, 1966015.125000001164153 ], [ 956674.313050001161173, 1966037.875000000931323 ], [ 956675.563050000579096, 1966042.125 ], [ 956676.067050000885502, 1966043.730999999679625 ], [ 956676.938050001394004, 1966046.500000000232831 ], [ 956682.875049999449402, 1966064.125000000931323 ], [ 956705.191550000803545, 1966125.01359999878332 ], [ 956707.18805, 1966132.124999999534339 ], [ 956708.682050000410527, 1966137.332000001100823 ], [ 956709.125049999449402, 1966138.874999999534339 ], [ 956709.700049999868497, 1966143.75400000018999 ], [ 956710.688050000346266, 1966152.125 ], [ 956710.250049999798648, 1966163.625 ], [ 956708.562949999817647, 1966182.871899999678135 ], [ 956702.313050001161173, 1966201.124999999534339 ], [ 956698.022050000960007, 1966211.946000000927597 ], [ 956698.000050001079217, 1966211.999999999767169 ], [ 956697.798050000099465, 1966214.195000000763685 ], [ 956697.563050001394004, 1966216.749999999534339 ], [ 956697.500050000380725, 1966218.874999999068677 ], [ 956697.335050001041964, 1966223.172999999718741 ], [ 956697.313050001161173, 1966223.75 ], [ 956698.875050001079217, 1966230.874999999767169 ], [ 956704.063150000059977, 1966243.37470000050962 ], [ 956704.065050001139753, 1966243.379200000315905 ], [ 956719.625050000264309, 1966275.375 ], [ 956720.491350000957027, 1966277.107899999711663 ], [ 956724.938049999647774, 1966286.0 ], [ 956727.429050000617281, 1966290.937999999849126 ], [ 956731.93805000022985, 1966299.874999999767169 ], [ 956747.125049999682233, 1966320.750000000232831 ], [ 956748.875049999915063, 1966322.874999999767169 ], [ 956753.186050000367686, 1966328.049000001512468 ], [ 956762.31305000022985, 1966339.000000000465661 ], [ 956769.118050000164658, 1966345.971000000834465 ], [ 956775.125049999798648, 1966352.124999999534339 ], [ 956783.875050000613555, 1966360.999999999068677 ], [ 956807.812849999871105, 1966383.750000000931323 ], [ 956810.250049999565817, 1966386.125000000931323 ], [ 956812.125050001079217, 1966389.5 ], [ 956812.146150000859052, 1966389.539000001270324 ], [ 956812.653750001220033, 1966390.47120000096038 ], [ 956814.437850001035258, 1966393.749999999068677 ], [ 956816.878050001570955, 1966400.203999999444932 ], [ 956822.000049999915063, 1966413.749999999534339 ], [ 956824.511050001019612, 1966420.254000001121312 ], [ 956826.875050000962801, 1966426.375 ], [ 956846.750050000147894, 1966477.000000000465661 ], [ 956847.346049999585375, 1966478.138999999500811 ], [ 956849.563050000462681, 1966482.375 ], [ 956856.000050001544878, 1966489.499999999767169 ], [ 956868.486049999948591, 1966500.977000000886619 ], [ 956870.65804999996908, 1966502.973999998532236 ], [ 956870.688050001277588, 1966503.000000000232831 ], [ 956899.500050000380725, 1966538.625000000698492 ], [ 956953.937049999600276, 1966605.749999999301508 ], [ 956953.963050001300871, 1966605.782000000355765 ], [ 956972.500050001312047, 1966629.25 ], [ 956975.250050000613555, 1966632.5 ], [ 956977.813050000695512, 1966633.250000000931323 ], [ 956979.625050000962801, 1966633.749999999534339 ], [ 956983.595050000585616, 1966633.404999999096617 ], [ 956988.250050000380725, 1966633.000000000465661 ], [ 956993.210050000343472, 1966632.635000000242144 ], [ 956996.750050000846386, 1966632.375000000931323 ], [ 957009.925050001125783, 1966631.6219999990426 ], [ 957012.063050000462681, 1966631.500000000931323 ], [ 957013.82905000098981, 1966631.506 ], [ 957048.625050001079217, 1966631.625 ], [ 957138.000050000846386, 1966632.624999999068677 ], [ 957168.750050000264309, 1966633.124999999534339 ], [ 957187.063050001626834, 1966633.375 ], [ 957188.122050000121817, 1966633.424000000348315 ], [ 957189.750049999798648, 1966633.499999999068677 ], [ 957199.250050001544878, 1966633.999999999767169 ], [ 957202.625050000613555, 1966635.000000000931323 ], [ 957206.670050000073388, 1966637.83600000012666 ], [ 957207.438050001394004, 1966638.375 ], [ 957208.377050001407042, 1966639.001000000862405 ], [ 957210.063049999414943, 1966640.125000000232831 ], [ 957222.375050000613555, 1966650.499999999767169 ], [ 957239.063050000928342, 1966664.500000000931323 ], [ 957242.380049999337643, 1966670.437000001315027 ], [ 957242.624050000333227, 1966670.87400000076741 ], [ 957246.000050000380725, 1966678.750000000232831 ], [ 957245.438049999531358, 1966681.375000000465661 ], [ 957244.750050000846386, 1966684.375 ], [ 957243.24004999990575, 1966692.957000000867993 ], [ 957242.000049999449402, 1966700.0 ], [ 957240.511049999506213, 1966711.152000001166016 ], [ 957238.813050000579096, 1966723.875000000232831 ], [ 957238.703050001058728, 1966725.3780000009574 ], [ 957238.313049999880604, 1966730.749999999534339 ], [ 957238.500050001312047, 1966735.499999999301508 ], [ 957238.627050000126474, 1966738.13399999961257 ], [ 957239.033049999619834, 1966739.936000001151115 ], [ 957241.188050000462681, 1966749.500000000465661 ], [ 957251.56305, 1966778.874999999068677 ], [ 957261.438050001161173, 1966808.500000000465661 ], [ 957263.766050000442192, 1966812.566999999806285 ], [ 957266.375050000147894, 1966817.124999999767169 ], [ 957270.144049999886192, 1966822.928999999538064 ], [ 957272.625049999682233, 1966826.750000000465661 ], [ 957281.813050000928342, 1966838.124999999301508 ], [ 957285.700050001614727, 1966841.913000000175089 ], [ 957289.125049999798648, 1966845.250000001164153 ], [ 957290.557050000177696, 1966846.722999998368323 ], [ 957291.313050000462681, 1966847.499999999767169 ], [ 957294.475050000823103, 1966852.675000000279397 ], [ 957297.500050001079217, 1966857.624999999068677 ], [ 957301.673950000549667, 1966869.0 ], [ 957303.187850000103936, 1966873.125 ], [ 957304.226949999574572, 1966877.710999999195337 ], [ 957307.125049999682233, 1966890.5 ], [ 957308.490050001535565, 1966898.08100000070408 ], [ 957311.313050000928342, 1966913.750000000465661 ], [ 957312.156049999874085, 1966917.055999998934567 ], [ 957312.875050000846386, 1966919.875000000931323 ], [ 957313.521049999399111, 1966922.508999999146909 ], [ 957314.438049999531358, 1966926.249999999534339 ], [ 957315.760050000390038, 1966929.066999999806285 ], [ 957317.313050000113435, 1966932.375 ], [ 957320.438033333048224, 1966939.250066666863859 ], [ 957323.250199998612516, 1966940.750050000846386 ], [ 957323.935250000329688, 1966941.121050000656396 ], [ 957326.938199999043718, 1966942.750050001312047 ], [ 957337.62110000080429, 1966943.861050000879914 ], [ 957342.563199999043718, 1966944.375050000380725 ], [ 957344.605199999641627, 1966944.420050001004711 ], [ 957348.250199999078177, 1966944.500050001544878 ], [ 957353.876249999273568, 1966944.500050001544878 ], [ 957361.000200000824407, 1966944.500050001544878 ], [ 957368.34925000066869, 1966943.668050000211224 ], [ 957374.250199998728931, 1966943.000049999449402 ], [ 957385.070199999259785, 1966940.605050001759082 ], [ 957390.063199998927303, 1966939.500050001312047 ], [ 957413.019199999165721, 1966934.136049999622628 ], [ 957416.813199999509379, 1966933.250049999449402 ], [ 957431.625199999660254, 1966931.625050000846386 ], [ 957437.250199999543838, 1966932.375049999449402 ], [ 957450.313200000440702, 1966936.375050000380725 ], [ 957475.125200000824407, 1966947.500050001079217 ], [ 957489.350199999287724, 1966953.956050001084805 ], [ 957491.375200000591576, 1966954.875050001079217 ], [ 957496.111050001345575, 1966957.040050000883639 ], [ 957502.31319999974221, 1966959.875050001312047 ], [ 957514.563200000673532, 1966963.125050001312047 ], [ 957516.188199999625795, 1966963.375050001312047 ], [ 957521.928199999500066, 1966964.176050000358373 ], [ 957535.000200000707991, 1966966.000049999449402 ], [ 957556.925250001018867, 1966969.089049999602139 ], [ 957566.938199999392964, 1966970.500050001079217 ], [ 957587.063199998810887, 1966973.00005 ], [ 957592.810250000795349, 1966973.68004999961704 ], [ 957598.688200000207871, 1966974.375050000846386 ], [ 957601.164199999417178, 1966974.742050000932068 ], [ 957602.063199999160133, 1966974.875050001312047 ], [ 957620.313199999392964, 1966977.375050000380725 ], [ 957622.500199999078177, 1966977.250050001312047 ], [ 957623.716150000458583, 1966977.137050000950694 ], [ 957625.188200000440702, 1966977.000050001079217 ], [ 957627.750199999543838, 1966976.000049999682233 ], [ 957648.537449999479577, 1966943.666750000789762 ], [ 957648.563599999295548, 1966943.625549999531358 ], [ 957658.125199999543838, 1966929.37505 ], [ 957659.881250000558794, 1966927.00804999936372 ], [ 957661.000200000125915, 1966925.500050000380725 ], [ 957662.646200000075623, 1966923.23105000029318 ], [ 957668.250199998728931, 1966915.50005 ], [ 957676.438199998694472, 1966907.000049999682233 ], [ 957683.3837, 1966901.618050002027303 ], [ 957688.6251999984961, 1966897.500050000147894 ], [ 957701.812099998816848, 1966887.183050001040101 ], [ 957711.313200000324287, 1966879.750050000380725 ], [ 957719.629099999088794, 1966875.325049998704344 ], [ 957738.563199999509379, 1966865.250050000846386 ], [ 957746.764149999711663, 1966860.825049999170005 ], [ 957759.875199999427423, 1966853.750050000846386 ], [ 957765.25215000147, 1966850.315049999393523 ], [ 957773.375199999893084, 1966845.125050001312047 ], [ 957779.500200000358745, 1966839.500049999449402 ], [ 957783.959850001730956, 1966833.661950001958758 ], [ 957786.367750000441447, 1966830.50965 ], [ 957786.87315000128001, 1966830.036050000693649 ], [ 957793.750150000327267, 1966823.624950000317767 ], [ 957799.816950000589713, 1966821.87984999967739 ], [ 957802.875199999893084, 1966821.000050001079217 ], [ 957813.313200000557117, 1966817.62505 ], [ 957820.351050001219846, 1966814.250050000846386 ], [ 957824.000200000591576, 1966812.500050000613555 ], [ 957829.386250001727603, 1966809.318050000350922 ], [ 957835.000199999893084, 1966806.000050000846386 ], [ 957837.642150000203401, 1966804.133050000760704 ], [ 957849.500199999660254, 1966795.750050000147894 ], [ 957862.742750000441447, 1966784.631050001131371 ], [ 957870.063199999509379, 1966778.750049999449402 ], [ 957875.688199999509379, 1966777.50005 ], [ 957883.125199999543838, 1966779.00005 ], [ 957897.009050001390278, 1966783.521050000330433 ], [ 957904.625199999776669, 1966786.000050000380725 ], [ 957919.52415000135079, 1966791.162050001323223 ], [ 957941.063200000091456, 1966798.625050000846386 ], [ 957960.153099999763072, 1966802.391050002072006 ], [ 957963.875199999893084, 1966803.125050000147894 ], [ 957968.188200000207871, 1966803.500049999449402 ], [ 957972.250199998961762, 1966803.958050000248477 ], [ 957972.637199999415316, 1966803.999049999285489 ], [ 957980.000200000591576, 1966803.500049999449402 ], [ 957981.739099999889731, 1966803.114050000207499 ], [ 957983.938199999276549, 1966802.625049999449402 ], [ 957985.184100000420585, 1966802.328050000825897 ], [ 957989.18819999974221, 1966801.37505 ], [ 958000.514150000875816, 1966797.677050000522286 ], [ 958001.438200000673532, 1966797.375050001312047 ], [ 958009.695199998910539, 1966793.851050001336262 ], [ 958042.438200000673532, 1966779.87505 ], [ 958068.250200000125915, 1966766.625049999682233 ], [ 958069.078199999523349, 1966766.211050000973046 ], [ 958070.750199998961762, 1966765.375050000380725 ], [ 958076.314100001007318, 1966763.500050000846386 ], [ 958087.088150001247413, 1966761.624050000682473 ], [ 958087.732199999503791, 1966761.54605 ], [ 958099.813199999392964, 1966760.12505 ], [ 958104.632150000194088, 1966759.775050001218915 ], [ 958106.688199998694472, 1966759.625050001312047 ], [ 958110.43225000158418, 1966759.407049999805167 ], [ 958117.438199999975041, 1966759.000050001544878 ], [ 958123.563200000440702, 1966760.12505 ], [ 958132.438200000207871, 1966763.125049999449402 ], [ 958148.461200000485405, 1966769.0920500010252 ], [ 958153.250199999543838, 1966770.875050000846386 ], [ 958154.698200000450015, 1966771.428049999289215 ], [ 958161.438199999509379, 1966774.000049999682233 ], [ 958170.116100000101142, 1966777.514050000812858 ], [ 958171.625199998845346, 1966778.125049999682233 ], [ 958183.875199999893084, 1966783.12505 ], [ 958190.25624999939464, 1966788.382550001144409 ], [ 958190.937900000833906, 1966789.125050001312047 ], [ 958200.563200000207871, 1966800.375050000846386 ], [ 958204.125200000591576, 1966804.250050000613555 ], [ 958204.772200000239536, 1966805.005050002131611 ], [ 958204.875199999427423, 1966805.125050000613555 ], [ 958211.625199999660254, 1966810.125050000846386 ], [ 958227.750200000358745, 1966819.000050000380725 ], [ 958238.556150000775233, 1966824.377049999777228 ], [ 958240.813199999043718, 1966825.500050000380725 ], [ 958241.530049999943003, 1966825.867050000699237 ], [ 958243.500199999427423, 1966826.875050001312047 ], [ 958244.389150000875816, 1966827.275050001218915 ], [ 958246.000200000591576, 1966828.000049999449402 ], [ 958258.125200000358745, 1966833.750050000380725 ], [ 958269.009050000458956, 1966838.07105 ], [ 958275.125199998961762, 1966840.500050000846386 ], [ 958277.448199999751523, 1966841.691050000954419 ], [ 958282.438199998810887, 1966844.250050001312047 ], [ 958284.688199999509379, 1966845.875050000380725 ], [ 958289.125200000125915, 1966849.125050000380725 ], [ 958289.150099999736995, 1966849.154050000477582 ], [ 958293.375199999194592, 1966853.87505 ], [ 958298.313199999043718, 1966863.62505 ], [ 958299.438199999509379, 1966866.000049999682233 ], [ 958303.813199999858625, 1966875.500050001312047 ], [ 958304.526199999265373, 1966878.352050001267344 ], [ 958306.250199999893084, 1966885.250050001312047 ], [ 958306.478150001028553, 1966886.127050001174212 ], [ 958307.063199999858625, 1966888.37505 ], [ 958309.43819999974221, 1966892.750050000380725 ], [ 958313.000200000125915, 1966897.750050000380725 ], [ 958315.750199999427423, 1966900.000050001312047 ], [ 958318.125199999311008, 1966900.250049999449402 ], [ 958322.7502, 1966899.500050000613555 ], [ 958324.697099999524653, 1966899.164050000254065 ], [ 958326.375199999427423, 1966898.875050000846386 ], [ 958337.159199999179691, 1966896.632050000363961 ], [ 958346.813200000324287, 1966894.625049999449402 ], [ 958350.782200001180172, 1966893.86504999967292 ], [ 958352.688200000440702, 1966893.500050001312047 ], [ 958353.260150000918657, 1966893.37305000028573 ], [ 958353.26349999953527, 1966893.372350002173334 ], [ 958365.154149999376386, 1966890.926949999295175 ], [ 958370.875150000210851, 1966889.749949999619275 ], [ 958371.124050000682473, 1966889.737950000911951 ], [ 958373.375150001375005, 1966889.624950000550598 ], [ 958377.638050001347438, 1966889.261950000189245 ], [ 958379.250149999279529, 1966889.12495 ], [ 958385.004100000602193, 1966888.652950000949204 ], [ 958386.875149999628775, 1966888.499950000317767 ], [ 958386.990149999735877, 1966888.483949999790639 ], [ 958387.75014999974519, 1966888.37495000124909 ], [ 958390.103149999631569, 1966887.625950001180172 ], [ 958390.500150001142174, 1966887.499950001016259 ], [ 958390.699050000403076, 1966887.377950000576675 ], [ 958391.313050000113435, 1966886.999950000550598 ], [ 958394.125150000560097, 1966885.37495000148192 ], [ 958397.061150000197813, 1966882.593950002221391 ], [ 958398.875150000327267, 1966880.87495 ], [ 958400.593150001601316, 1966878.125950001645833 ], [ 958402.313049999531358, 1966875.37495000148192 ], [ 958410.313050001394004, 1966862.749950001016259 ], [ 958421.522150000790134, 1966841.553949999855831 ], [ 958427.500150000210851, 1966830.24995000148192 ], [ 958444.250150000676513, 1966801.749950000550598 ], [ 958447.757150001241826, 1966797.043950000777841 ], [ 958449.000150000443682, 1966795.374949999852106 ], [ 958456.500149999395944, 1966785.499950001016259 ], [ 958464.688050000462681, 1966775.499950000550598 ], [ 958465.358100000536069, 1966774.689949999330565 ], [ 958467.37514999974519, 1966772.249950000783429 ], [ 958469.545100000686944, 1966768.066950000124052 ], [ 958470.813050001044758, 1966765.624949999619275 ], [ 958472.464100001030602, 1966762.505950000137091 ], [ 958478.688049999531358, 1966750.749950000550598 ], [ 958488.188050001161173, 1966729.99995000148192 ], [ 958498.125150001258589, 1966709.124950001016259 ], [ 958498.153099998948164, 1966709.054949999321252 ], [ 958498.375149999395944, 1966708.499950001016259 ], [ 958503.563050000928342, 1966693.499950001016259 ], [ 958505.313050001044758, 1966688.374950001714751 ], [ 958513.000150000210851, 1966662.499950001016259 ], [ 958520.500149999279529, 1966620.87495000148192 ], [ 958525.222050001029857, 1966602.70095 ], [ 958527.938049999531358, 1966592.24995000148192 ], [ 958533.875150000792928, 1966575.74995000148192 ], [ 958533.972049999516457, 1966575.438949999865144 ], [ 958534.188050001277588, 1966574.74995 ], [ 958537.188050000928342, 1966564.499949999619275 ], [ 958539.499050000798889, 1966549.632450001314282 ], [ 958540.063050001394004, 1966538.62495000124909 ], [ 958540.083150000311434, 1966538.094950001686811 ], [ 958540.188050000462681, 1966535.37495000148192 ], [ 958540.303050000686198, 1966525.251950001809746 ], [ 958540.375150000676513, 1966518.87495000124909 ], [ 958541.302100000320934, 1966503.970949999522418 ], [ 958541.813050001626834, 1966495.74995 ], [ 958541.813050001626834, 1966491.767949999310076 ], [ 958541.813050001626834, 1966483.249950000783429 ], [ 958541.750149999279529, 1966459.499949999619275 ], [ 958539.125150001142174, 1966435.12495000124909 ], [ 958539.011100000469014, 1966425.642949999775738 ], [ 958538.875150000909343, 1966414.374949999852106 ], [ 958541.625150000210851, 1966396.124949999619275 ], [ 958546.625150000210851, 1966377.124950000550598 ], [ 958549.551150001003407, 1966365.652949999785051 ], [ 958552.87514999974519, 1966352.624950000550598 ], [ 958555.066150001250207, 1966344.90995000093244 ], [ 958558.625150000909343, 1966332.37495 ], [ 958565.31305, 1966309.999949999619275 ], [ 958567.646099999314174, 1966301.737950000911951 ], [ 958569.938050000695512, 1966293.624950000783429 ], [ 958570.403099998948164, 1966291.887950000353158 ], [ 958570.87514999974519, 1966290.124950000550598 ], [ 958574.242050000815652, 1966282.268949999008328 ], [ 958577.625149999978021, 1966274.37495000148192 ], [ 958587.625150000210851, 1966260.374950000317767 ], [ 958593.704099999507889, 1966251.669950000476092 ], [ 958603.250150000210851, 1966237.99995 ], [ 958605.37514999974519, 1966232.37495 ], [ 958607.18805, 1966225.249950000550598 ], [ 958607.339100000215694, 1966224.677950000856072 ], [ 958607.750149999628775, 1966223.124950001016259 ], [ 958607.875150000909343, 1966220.12495000148192 ], [ 958608.093150000087917, 1966213.458950001280755 ], [ 958608.125150001258589, 1966212.499950001016259 ], [ 958608.129949999856763, 1966212.46195000060834 ], [ 958608.131399999838322, 1966212.451049999333918 ], [ 958612.375150000327267, 1966180.749950000317767 ], [ 958617.18805000022985, 1966164.87495 ], [ 958621.563050000579096, 1966156.12495000148192 ], [ 958628.194100000546314, 1966148.49345000134781 ], [ 958637.56305, 1966139.49995 ], [ 958643.500150001375005, 1966130.37495 ], [ 958645.875150001142174, 1966122.749949999619275 ], [ 958646.180099999764934, 1966119.524950000457466 ], [ 958646.313050000695512, 1966118.124950001016259 ], [ 958646.543100000359118, 1966116.092950001824647 ], [ 958647.063049999531358, 1966111.49995 ], [ 958647.87715000147, 1966105.14995000185445 ], [ 958648.313050001277588, 1966101.74995 ], [ 958648.875150000909343, 1966097.62495 ], [ 958651.1081000007689, 1966088.766950001940131 ], [ 958652.688050001626834, 1966082.499950000550598 ], [ 958656.631100000115111, 1966063.332950000185519 ], [ 958657.191599999554455, 1966060.611450000898913 ], [ 958664.563050001044758, 1966035.24995000124909 ], [ 958666.395050001330674, 1966032.02495000185445 ], [ 958667.688049999764189, 1966029.749950000550598 ], [ 958670.976050000172108, 1966026.655949999578297 ], [ 958671.304149999865331, 1966026.345950001152232 ], [ 958673.000150001258589, 1966024.749950000317767 ], [ 958678.688050001161173, 1966020.624950000317767 ], [ 958684.433599999407306, 1966016.377449999330565 ], [ 958694.125149999861605, 1966012.12495 ], [ 958699.565100000938401, 1966010.968950001522899 ], [ 958707.063050000695512, 1966009.374950000550598 ], [ 958712.90009999985341, 1966008.63895000051707 ], [ 958721.938049999764189, 1966007.49995000148192 ], [ 958732.772149999858811, 1966006.002950000111014 ], [ 958739.125150000676513, 1966005.12495000148192 ], [ 958742.07115000160411, 1966004.699950000736862 ], [ 958745.188050000113435, 1966004.24995000148192 ], [ 958748.500150001142174, 1966002.874950000783429 ], [ 958749.478150000446476, 1966002.41495000012219 ], [ 958749.563050000462681, 1966002.37495 ], [ 958750.563049999531358, 1966001.749950000317767 ], [ 958755.185100001050159, 1965998.9869500012137 ], [ 958756.000150000210851, 1965998.499950000317767 ], [ 958756.021550000878051, 1965998.480950001161546 ], [ 958760.750149999978021, 1965994.24995000124909 ], [ 958762.875149999512359, 1965991.249950001714751 ], [ 958764.875149999978021, 1965984.624950000550598 ], [ 958765.628050000872463, 1965979.066950001288205 ], [ 958766.500150001142174, 1965972.624949999619275 ], [ 958767.438050001394004, 1965959.62495 ], [ 958771.350150001468137, 1965932.026950001949444 ], [ 958772.063049999764189, 1965926.99995000148192 ], [ 958772.887150000780821, 1965922.922950000735 ], [ 958774.313050000695512, 1965915.874950000783429 ], [ 958776.561549999983981, 1965904.885950001422316 ], [ 958777.571150000672787, 1965902.71895000198856 ], [ 958778.374050000682473, 1965901.003950001206249 ], [ 958780.375150001025759, 1965898.624949999619275 ], [ 958780.846099999733269, 1965898.489950001705438 ], [ 958783.438050000695512, 1965897.749949999619275 ], [ 958789.375149999861605, 1965897.37495 ], [ 958810.991099999519065, 1965899.127950001042336 ], [ 958812.506450001266785, 1965899.251950001344085 ], [ 958812.513049999950454, 1965899.25285000144504 ], [ 958821.688050001394004, 1965901.124950000783429 ], [ 958828.250150000210851, 1965902.49995000148192 ], [ 958837.592099999310449, 1965905.938950000330806 ], [ 958848.625149999978021, 1965909.999950000550598 ], [ 958870.188050000462681, 1965917.87495000124909 ], [ 958874.777150001376867, 1965918.741950002033263 ], [ 958881.43805, 1965919.999950000783429 ], [ 958884.875150000210851, 1965920.249950001016259 ], [ 958885.197100000223145, 1965920.249950001016259 ], [ 958885.750150000210851, 1965920.249950001016259 ], [ 958895.125150000676513, 1965919.62495000148192 ], [ 958901.419150000088848, 1965918.548950001364574 ], [ 958904.625150000210851, 1965917.999950000317767 ], [ 958908.875149999279529, 1965917.24995000148192 ], [ 958911.053249999880791, 1965917.125750001519918 ], [ 958912.375149999628775, 1965917.12495 ], [ 958917.1010500008706, 1965916.883950000163168 ], [ 958922.188049999647774, 1965916.624949999619275 ], [ 958925.125150001375005, 1965917.12495 ], [ 958929.81305, 1965917.999950000317767 ], [ 958934.81305, 1965919.999950000783429 ], [ 958938.283100000582635, 1965921.334950001444668 ], [ 958942.938050001044758, 1965923.124950001714751 ], [ 958950.625150000210851, 1965927.999950000550598 ], [ 958953.813050001394004, 1965929.999950001016259 ], [ 958971.226049999706447, 1965940.359950001118705 ], [ 958971.250150000443682, 1965940.374950000550598 ], [ 958990.50014999974519, 1965952.62495000148192 ], [ 959007.437900001299568, 1965961.249950001016259 ], [ 959018.558399999514222, 1965966.99845000077039 ], [ 959018.562450000783429, 1965967.000450000632554 ], [ 959026.576199999894015, 1965971.006850000470877 ], [ 959035.56290000048466, 1965975.49945 ], [ 959035.56705000041984, 1965975.500750001519918 ], [ 959041.625150001142174, 1965976.499950001714751 ], [ 959047.500150001375005, 1965976.499950001714751 ], [ 959050.379099999903701, 1965976.019950001034886 ], [ 959053.500150000676513, 1965975.499950000317767 ], [ 959057.500149999279529, 1965973.74995 ], [ 959060.563599999062717, 1965971.125450000632554 ], [ 959064.125700000440702, 1965965.375350000569597 ], [ 959064.129950001370162, 1965965.368050001561642 ], [ 959067.932650001253933, 1965957.885949999792501 ], [ 959072.195600000675768, 1965954.123450002167374 ], [ 959074.688050001626834, 1965953.624950000783429 ], [ 959075.437099998816848, 1965953.624950000783429 ], [ 959075.500149999279529, 1965953.624950000783429 ], [ 959075.706100000417791, 1965953.613650002283975 ], [ 959077.750150000094436, 1965953.499950001714751 ], [ 959079.081099999370053, 1965954.148950001224875 ], [ 959080.313050001394004, 1965954.749950001016259 ], [ 959082.997950000921264, 1965955.999550001230091 ], [ 959096.563050001161173, 1965965.124950000783429 ], [ 959099.646099999197759, 1965966.875950001878664 ], [ 959121.000150000909343, 1965978.999950000550598 ], [ 959132.813050001394004, 1965984.49995000148192 ], [ 959141.116100000683218, 1965988.099950000178069 ], [ 959141.750149999978021, 1965988.374950001016259 ], [ 959143.026050000218675, 1965988.942950001452118 ], [ 959157.750149999512359, 1965995.499950000783429 ], [ 959160.613099999725819, 1965997.722949998918921 ], [ 959163.06305, 1965999.624950000783429 ], [ 959170.43805, 1966005.499950001016259 ], [ 959175.688050000462681, 1966011.49995 ], [ 959176.531100001069717, 1966012.483950000954792 ], [ 959178.68805, 1966014.999950000550598 ], [ 959180.703150001121685, 1966020.59495000122115 ], [ 959184.000149999395944, 1966029.749950000550598 ], [ 959185.12514999974519, 1966031.24995 ], [ 959188.563050001161173, 1966035.624950000550598 ], [ 959193.042100001126528, 1966038.873949999455363 ], [ 959194.250149999978021, 1966039.749950000550598 ], [ 959213.188050000113435, 1966049.499950000550598 ], [ 959220.118049999233335, 1966051.333950000815094 ], [ 959229.250150000676513, 1966053.749949999619275 ], [ 959250.385099998791702, 1966056.978950000600889 ], [ 959256.250149999395944, 1966057.874949999619275 ], [ 959273.750150000909343, 1966059.499950000550598 ], [ 959281.701150000211783, 1966060.784949999768287 ], [ 959296.188050001277588, 1966063.12495 ], [ 959302.189650000771508, 1966065.751449999399483 ], [ 959303.000150000443682, 1966066.249950001016259 ], [ 959307.096100000781007, 1966069.05495 ], [ 959307.56305, 1966069.374949999619275 ], [ 959317.813050000579096, 1966079.124950001714751 ], [ 959328.557050000177696, 1966091.74345 ], [ 959342.375149999279529, 1966105.12495000148192 ], [ 959344.500150001025759, 1966108.749950000550598 ], [ 959347.500150000676513, 1966113.749950000783429 ], [ 959350.017150001134723, 1966117.492950001033023 ], [ 959352.375149999512359, 1966120.999950001714751 ], [ 959362.37514999974519, 1966135.74995000148192 ], [ 959365.750150000909343, 1966142.24995000148192 ], [ 959368.614099999889731, 1966147.879949999740347 ], [ 959369.438050000462681, 1966149.49995 ], [ 959372.380099998787045, 1966156.749950001016259 ], [ 959385.37514999974519, 1966156.374949999619275 ], [ 959385.875150000443682, 1966156.374949999619275 ], [ 959399.938049999531358, 1966155.499950001714751 ], [ 959400.375149999978021, 1966155.499950001714751 ], [ 959408.125149999395944, 1966155.12495 ], [ 959418.875150000560097, 1966159.124950001016259 ], [ 959420.643099999520928, 1966161.18095 ], [ 959421.563050000928342, 1966162.249949999619275 ], [ 959424.125550000462681, 1966165.12444999977015 ], [ 959429.500150000443682, 1966172.874949999619275 ], [ 959432.813050000695512, 1966177.999950001016259 ], [ 959433.250150001142174, 1966178.624950000783429 ], [ 959446.875150000676513, 1966196.374950000317767 ], [ 959450.007149999728426, 1966200.511950001353398 ], [ 959450.188050000811927, 1966200.749950000550598 ], [ 959450.208150001941249, 1966200.779949999880046 ], [ 959450.438050001161173, 1966201.12495 ], [ 959451.704100000555627, 1966202.7949499997776 ], [ 959453.375150000676513, 1966204.999949999852106 ], [ 959466.375150000443682, 1966222.37495 ], [ 959466.75014999974519, 1966222.74995000148192 ], [ 959468.81010000128299, 1966224.809950000140816 ], [ 959469.875150000676513, 1966225.874950000317767 ], [ 959480.125150001258589, 1966235.62495 ], [ 959483.947100001620129, 1966239.61295 ], [ 959484.438050000462681, 1966240.124949999619275 ], [ 959490.250150000443682, 1966242.24995000148192 ], [ 959494.188050000346266, 1966243.624949999852106 ], [ 959494.918100000591949, 1966243.889950002077967 ], [ 959495.563050001161173, 1966244.124950000550598 ], [ 959496.279150000074878, 1966244.342950002057478 ], [ 959498.438050001626834, 1966244.999950000550598 ], [ 959500.938050000579096, 1966245.874950000550598 ], [ 959506.313050000113435, 1966247.499950001714751 ], [ 959509.500149999861605, 1966248.499950001016259 ], [ 959516.625149999512359, 1966250.624950000550598 ], [ 959536.000150000210851, 1966263.124949999619275 ], [ 959573.000150001375005, 1966292.624950001714751 ], [ 959576.89505000016652, 1966294.701949999667704 ], [ 959581.438050000695512, 1966297.124950001016259 ], [ 959584.865149999619462, 1966298.863950001308694 ], [ 959585.625149999512359, 1966299.249950000550598 ], [ 959598.500150000327267, 1966297.87495 ], [ 959607.875150000792928, 1966290.249949999619275 ], [ 959608.020650000544265, 1966290.075950000202283 ], [ 959608.188050001277588, 1966289.87495 ], [ 959618.68805, 1966276.499950001016259 ], [ 959624.499050000216812, 1966269.001449998933822 ], [ 959625.648099999642, 1966268.252950001740828 ], [ 959634.875149999512359, 1966262.249950001714751 ], [ 959635.49904999951832, 1966262.162950000725687 ], [ 959637.56305, 1966261.87495 ], [ 959638.063050000579096, 1966261.749950001016259 ], [ 959648.938050000928342, 1966259.999950001016259 ], [ 959674.586099999141879, 1966264.683950000908226 ], [ 959692.063050000346266, 1966267.87495000148192 ], [ 959694.063050000811927, 1966269.37495000148192 ], [ 959694.321150001371279, 1966269.571950001642108 ], [ 959698.000149999395944, 1966272.374950001016259 ], [ 959702.170100000919774, 1966277.323949998710304 ], [ 959703.688050001626834, 1966279.12495000124909 ], [ 959704.066150000551715, 1966279.614950000774115 ], [ 959704.750149999628775, 1966280.499949999619275 ], [ 959710.540049999952316, 1966281.56995000038296 ], [ 959712.188049999764189, 1966281.874950000550598 ], [ 959721.813050000579096, 1966275.87495000124909 ], [ 959723.125150001142174, 1966272.87495000148192 ], [ 959726.736050000996329, 1966264.663950000889599 ], [ 959727.688050000695512, 1966262.499949999852106 ], [ 959728.125150001258589, 1966248.62495 ], [ 959728.693050000467338, 1966229.836950000841171 ], [ 959728.93805000022985, 1966221.74995 ], [ 959729.125150000443682, 1966203.999950000550598 ], [ 959729.237050001043826, 1966196.01895 ], [ 959729.313049999647774, 1966190.62495000148192 ], [ 959729.313049999647774, 1966189.249950000550598 ], [ 959729.063050001510419, 1966187.749950001016259 ], [ 959729.063050001510419, 1966177.62495000148192 ], [ 959722.507149999612011, 1966165.804949999786913 ], [ 959720.813050001394004, 1966162.749950000550598 ], [ 959714.625150000792928, 1966156.99995000148192 ], [ 959713.396099998615682, 1966155.864949999842793 ], [ 959708.125150000909343, 1966150.99995 ], [ 959699.131600000313483, 1966133.241450000787154 ], [ 959704.615149999503046, 1966125.80595 ], [ 959710.188050001510419, 1966118.24995 ], [ 959731.923099999781698, 1966112.623950001550838 ], [ 959742.063050001394004, 1966109.99995 ], [ 959749.552099999738857, 1966108.742950000334531 ], [ 959760.688050000928342, 1966106.87495000148192 ], [ 959770.669150000903755, 1966105.270949999336153 ], [ 959774.68805, 1966104.624950000550598 ], [ 959774.71004999987781, 1966104.605950001627207 ], [ 959775.125150000443682, 1966104.24995000124909 ], [ 959798.56305, 1966057.999950001016259 ], [ 959800.210050001041964, 1966057.298950000200421 ], [ 959801.500149999512359, 1966056.74995000148192 ], [ 959856.313050000462681, 1966035.374950000317767 ], [ 959863.544150000903755, 1966032.593950001057237 ], [ 959887.188050001044758, 1966023.499950001016259 ], [ 959893.370149999856949, 1965974.036950002191588 ], [ 959893.375133332563564, 1965974.00006666732952 ], [ 959916.125199999543838, 1965970.750150000210851 ], [ 959916.944100000080653, 1965970.715949999634176 ], [ 959928.125200000125915, 1965970.250050000846386 ], [ 959931.965049999882467, 1965970.05205000191927 ], [ 959940.250199999893084, 1965969.625050001312047 ], [ 959945.277200000593439, 1965970.781049999408424 ], [ 959945.688200000557117, 1965970.875050000613555 ], [ 959951.313200000440702, 1965972.125050000147894 ], [ 959952.783100000116974, 1965972.40105 ], [ 959953.313199998694472, 1965972.500049999449402 ], [ 959958.255200000479817, 1965973.583050002111122 ], [ 959966.43819999974221, 1965975.37505 ], [ 959985.875200000591576, 1965986.250050000380725 ], [ 960001.563199999509379, 1965995.125050000147894 ], [ 960003.807250000303611, 1965996.038050000555813 ], [ 960005.250199998961762, 1965996.62505 ], [ 960018.688199999392964, 1966002.25005 ], [ 960032.625199999427423, 1966005.000050001312047 ], [ 960037.773100000689737, 1966006.071050000842661 ], [ 960040.438199999975041, 1966006.625050000147894 ], [ 960045.808149999473244, 1966011.55205 ], [ 960047.250200000358745, 1966012.875049999682233 ], [ 960057.813200000091456, 1966025.875049999449402 ], [ 960068.438199999975041, 1966036.375050000380725 ], [ 960083.817250000895001, 1966037.25755000137724 ], [ 960097.313200000207871, 1966061.125050000380725 ], [ 960101.125199998728931, 1966063.87505 ], [ 960110.688199999392964, 1966070.875050000380725 ], [ 960118.250199998612516, 1966068.00005 ], [ 960128.875200000824407, 1966064.000050001079217 ], [ 960142.445200000540353, 1966085.198050002101809 ], [ 960162.563199999625795, 1966116.62505 ], [ 960169.10425000009127, 1966135.757050000829622 ], [ 960169.188033334678039, 1966136.000033332966268 ], [ 960204.314100000541657, 1966137.684050001204014 ], [ 960237.000199999311008, 1966139.250050000846386 ], [ 960249.625199999660254, 1966092.125050000380725 ], [ 960263.746099999407306, 1966048.216050001094118 ], [ 960267.313199999160133, 1966037.125050001312047 ], [ 960269.581150000914931, 1966030.113049999810755 ], [ 960271.438199999160133, 1966024.375049999682233 ], [ 960271.445199999492615, 1966024.332050000783056 ], [ 960272.980200001271442, 1966015.860049999784678 ], [ 960281.875199998961762, 1965966.750050000613555 ], [ 960281.888250000309199, 1965966.699050000403076 ], [ 960282.063199999043718, 1965966.000049999449402 ], [ 960297.389150001225062, 1965899.985049999784678 ], [ 960317.875199998728931, 1965811.75005 ], [ 960318.829999999492429, 1965807.70695000118576 ], [ 960318.93790000048466, 1965807.250050000380725 ], [ 960318.974050001474097, 1965807.08695 ], [ 960324.625199998961762, 1965781.625050000147894 ], [ 960327.398100000340492, 1965769.19705 ], [ 960331.375199999194592, 1965751.375050001312047 ], [ 960332.333200000575744, 1965746.982050000689924 ], [ 960333.938199999276549, 1965739.625050001079217 ], [ 960336.625199999660254, 1965713.375050001079217 ], [ 960336.000199999893084, 1965683.875050001312047 ], [ 960334.125200000707991, 1965669.750050000846386 ], [ 960332.53005000052508, 1965657.477050001267344 ], [ 960330.438199999043718, 1965641.375050001312047 ], [ 960327.913100000587292, 1965622.62404999951832 ], [ 960326.500200000358745, 1965612.125049999449402 ], [ 960325.875200000591576, 1965590.87505 ], [ 960325.063199999509379, 1965564.375049999449402 ], [ 960326.936200001160614, 1965535.412050001788884 ], [ 960329.000199999311008, 1965503.500050000380725 ], [ 960329.813199999276549, 1965499.500049999449402 ], [ 960336.750199998728931, 1965466.250050001079217 ], [ 960346.69205000018701, 1965445.54905 ], [ 960355.000199998961762, 1965428.250050000846386 ], [ 960358.059850001009181, 1965421.881749999709427 ], [ 960360.557250000885688, 1965416.788050001254305 ], [ 960361.250200000824407, 1965415.37505 ], [ 960363.313200000207871, 1965411.125050000846386 ], [ 960386.799150000791997, 1965377.950050000334159 ], [ 960392.250099999480881, 1965370.250033334363252 ], [ 960427.063000000081956, 1965380.624849999789149 ], [ 960428.281000000657514, 1965380.624849999789149 ], [ 960428.438000000780448, 1965380.624849999789149 ], [ 960430.437049999600276, 1965380.564849999733269 ], [ 960457.500100001110695, 1965379.749849999789149 ], [ 960469.633050000644289, 1965379.468850001692772 ], [ 960479.125100000412203, 1965379.249850001418963 ], [ 960482.374599999864586, 1965379.12485000025481 ], [ 960483.406050000106916, 1965380.302949999226257 ], [ 960493.313000000780448, 1965391.624850001418963 ], [ 960496.73700000019744, 1965395.506950000301003 ], [ 960504.562850000103936, 1965404.374850000953302 ], [ 960512.150050001917407, 1965414.420950001571327 ], [ 960518.062850000569597, 1965422.249850001651794 ], [ 960534.563000001013279, 1965443.99985000025481 ], [ 960534.973100000992417, 1965444.45585000095889 ], [ 960535.125100000528619, 1965444.624849999789149 ], [ 960537.509500000160187, 1965447.009399999864399 ], [ 960558.750100000295788, 1965467.999850001651794 ], [ 960571.375100000761449, 1965480.499850000720471 ], [ 960576.875100001576357, 1965485.999850001418963 ], [ 960578.705000001238659, 1965487.829950000625104 ], [ 960583.250100000179373, 1965492.37485 ], [ 960583.467050001258031, 1965492.548850001767278 ], [ 960583.875099999830127, 1965492.874850000720471 ], [ 960599.05110000167042, 1965504.63485 ], [ 960600.812999999616295, 1965505.999850001651794 ], [ 960620.250100001343526, 1965520.874850000720471 ], [ 960637.000100001809187, 1965533.62485000025481 ], [ 960646.375100000062957, 1965541.999850001651794 ], [ 960649.562850000802428, 1965544.87485 ], [ 960663.339950000867248, 1965557.184999999590218 ], [ 960673.625100001343526, 1965566.37485000025481 ], [ 960676.362900002161041, 1965568.85405 ], [ 960676.937850001035258, 1965569.374849999789149 ], [ 960688.500100000412203, 1965579.749850001651794 ], [ 960710.375100000062957, 1965599.37485000025481 ], [ 960712.050250000553206, 1965600.831600000150502 ], [ 960714.687999999150634, 1965603.124850000953302 ], [ 960731.000100000062957, 1965617.749850001884624 ], [ 960732.349049999844283, 1965619.019950000103563 ], [ 960733.125100001925603, 1965619.74985000025481 ], [ 960741.11510000040289, 1965622.968850002158433 ], [ 960750.188000000547618, 1965626.624850001651794 ], [ 960757.563000000547618, 1965626.999850001186132 ], [ 960787.998999999719672, 1965628.356849999167025 ], [ 960799.625100000761449, 1965628.875000000698492 ], [ 960802.000149999978021, 1965628.999999999767169 ], [ 960802.465000000665896, 1965628.999900001101196 ], [ 960802.625650000292808, 1965629.004599998705089 ], [ 960884.063000000664033, 1965632.624900000169873 ], [ 960890.135050000622869, 1965635.117000001017004 ], [ 960927.000150000210851, 1965650.249999999534339 ], [ 960968.216100000310689, 1965638.002000000560656 ], [ 960990.938150000059977, 1965631.250000000465661 ], [ 960995.621050000423566, 1965628.360999999102205 ], [ 961005.125150000443682, 1965622.5 ], [ 961014.938150001456961, 1965616.500000000465661 ], [ 961033.625150001258589, 1965605.124999999534339 ], [ 961044.541000000201166, 1965603.836999999824911 ], [ 961054.8131500009913, 1965602.625000000698492 ], [ 961082.625150000909343, 1965594.625000000931323 ], [ 961095.382100001326762, 1965586.428999999538064 ], [ 961105.000150001142174, 1965580.250000000465661 ], [ 961186.938150000874884, 1965586.5 ], [ 961187.798150001442991, 1965585.950999998953193 ], [ 961189.875149999279529, 1965584.625000000931323 ], [ 961239.875150000327267, 1965551.625000000465661 ], [ 961240.206100000534207, 1965551.376999999862164 ], [ 961240.375150001025759, 1965551.249999999068677 ], [ 961343.938950001262128, 1965559.875799999572337 ], [ 961345.266150000155903, 1965561.31800000090152 ], [ 961364.875150000676513, 1965582.625000000465661 ], [ 961375.845900000538677, 1965590.441100000403821 ], [ 961379.437850000569597, 1965593.0 ], [ 961387.437850000336766, 1965607.125 ], [ 961389.896149999927729, 1965608.502900000661612 ], [ 961401.93784999998752, 1965615.250000001164153 ], [ 961410.812850001966581, 1965620.249999999068677 ], [ 961465.56315000122413, 1965598.750000000931323 ], [ 961478.875149999279529, 1965604.5 ], [ 961494.21810000075493, 1965617.334000001661479 ], [ 961498.750150000676513, 1965621.124999999068677 ], [ 961505.639100001309998, 1965626.862000000430271 ], [ 961518.563149999594316, 1965637.624999999068677 ], [ 961577.688150000758469, 1965658.499999999534339 ], [ 961590.350999999092892, 1965655.622000000439584 ], [ 961599.688149999361485, 1965653.499999999534339 ], [ 961604.304100000532344, 1965655.368000000715256 ], [ 961604.938149999827147, 1965655.624999999068677 ], [ 961612.856050000526011, 1965658.949999998789281 ], [ 961657.625150001142174, 1965677.749999999068677 ], [ 961678.563150000525638, 1965700.124999999301508 ], [ 961679.46610000054352, 1965701.770999999251217 ], [ 961689.750150001375005, 1965720.499999999068677 ], [ 961699.077050001360476, 1965737.693999999435619 ], [ 961704.12514999974519, 1965746.999999999534339 ], [ 961706.440150001435541, 1965761.526000000769272 ], [ 961707.750150001258589, 1965769.749999999068677 ], [ 961710.188150000059977, 1965785.25 ], [ 961716.03000000002794, 1965792.351 ], [ 961721.500149999861605, 1965799.000000000931323 ], [ 961754.500150000094436, 1965837.874999999068677 ], [ 961754.526150001795031, 1965837.90500000026077 ], [ 961818.125150000676513, 1965912.499999999068677 ], [ 961832.405000000726432, 1965925.823000001255423 ], [ 961846.125150000676513, 1965938.625 ], [ 961882.898050001473166, 1965957.78800000064075 ], [ 961889.0631500009913, 1965961.0 ], [ 961889.228100000880659, 1965961.089999999385327 ], [ 961891.125149999395944, 1965962.125000000465661 ], [ 961891.500150001025759, 1965965.625000000931323 ], [ 961891.50310000020545, 1965965.656999999657273 ], [ 961892.438150000059977, 1965974.999999999068677 ], [ 961912.125150001142174, 1966004.000000000465661 ], [ 961937.062850000802428, 1966078.000000000698492 ], [ 961946.526200000895187, 1966090.650800000876188 ], [ 961986.06315000122413, 1966143.500000000465661 ], [ 962015.625150001142174, 1966155.000000000465661 ], [ 962037.375149999512359, 1966177.375000000698492 ], [ 962045.051100000622682, 1966172.161000000778586 ], [ 962053.938150000758469, 1966166.125000000931323 ], [ 962085.938149999594316, 1966165.499999999068677 ], [ 962085.964200000744313, 1966165.486999999266118 ], [ 962128.688149999710731, 1966144.874999999068677 ], [ 962129.378100001020357, 1966145.086999998893589 ], [ 962131.938149999594316, 1966145.875000000232831 ], [ 962141.570150000858121, 1966149.085999998729676 ], [ 962149.938149999594316, 1966151.874999999534339 ], [ 962155.100150000420399, 1966151.596000001067296 ], [ 962156.875150001258589, 1966151.5 ], [ 962182.313150000059977, 1966150.374999999767169 ], [ 962211.563149999594316, 1966168.124999999301508 ], [ 962243.938150000059977, 1966165.749999999534339 ], [ 962258.971099998685531, 1966164.682000000728294 ], [ 962266.8131500009913, 1966164.125000000465661 ], [ 962322.5631500009913, 1966174.249999999767169 ], [ 962330.614049999858253, 1966177.995999998645857 ], [ 962340.563150000874884, 1966182.625000001164153 ], [ 962348.000150000909343, 1966186.124999999068677 ], [ 962349.364050000789575, 1966194.823000000789762 ], [ 962351.004099998623133, 1966205.256499999435619 ], [ 962362.000149999978021, 1966223.375000000698492 ], [ 962365.703149999957532, 1966229.524000000907108 ], [ 962368.625150001142174, 1966234.375 ], [ 962382.68815000122413, 1966245.374999999534339 ], [ 962416.625149999395944, 1966272.000000000931323 ], [ 962432.809050000738353, 1966284.869000000180677 ], [ 962452.938150000758469, 1966300.874999999068677 ], [ 962485.037099999841303, 1966298.597999999765307 ], [ 962489.938149999594316, 1966298.250000000931323 ], [ 962520.37514999974519, 1966317.25 ], [ 962544.152150001376867, 1966322.231000001076609 ], [ 962578.250149999279529, 1966329.374999999767169 ], [ 962606.250149999279529, 1966346.000000000931323 ], [ 962610.16520000086166, 1966348.353999999817461 ], [ 962615.813150000059977, 1966351.75 ], [ 962629.063150000176392, 1966349.375 ], [ 962637.277150001842529, 1966347.838999999687076 ], [ 962644.438149999827147, 1966346.499999999534339 ], [ 962651.125150001142174, 1966350.500000000465661 ], [ 962652.961150001152419, 1966351.671999999321997 ], [ 962654.063150000642054, 1966352.374999999767169 ], [ 962674.813149999827147, 1966349.749999999534339 ], [ 962694.875150000443682, 1966370.000000000232831 ], [ 962714.43815000122413, 1966376.125000000698492 ], [ 962730.750150001142174, 1966390.625000000465661 ], [ 962735.740150000085123, 1966395.093999999575317 ], [ 962739.125150000210851, 1966398.124999999534339 ], [ 962775.250150001375005, 1966396.250000000232831 ], [ 962842.168050001841038, 1966396.113000000361353 ], [ 963019.875150000210851, 1966395.749999999534339 ], [ 963089.580000000074506, 1966395.669999998994172 ], [ 963129.063333333004266, 1966395.62419999926351 ], [ 963130.326850000652485, 1966393.373 ], [ 963140.500150000094436, 1966375.250099999364465 ], [ 963142.344150001415983, 1966372.02409999910742 ], [ 963143.50014999974519, 1966370.000099998898804 ], [ 963151.75014999974519, 1966362.500099999830127 ], [ 963155.681050001410767, 1966358.756 ], [ 963155.687650000094436, 1966358.749600001145154 ], [ 963188.563149999477901, 1966327.750099999597296 ], [ 963202.18815000122413, 1966311.500099999830127 ], [ 963205.425150001421571, 1966307.615099999122322 ], [ 963207.181050000013784, 1966305.508099999744445 ], [ 963207.873550000949763, 1966280.541999999200925 ], [ 963207.875150001258589, 1966280.5001 ], [ 963216.717150001088157, 1966266.673999999649823 ], [ 963221.625149999861605, 1966259.000099999830127 ], [ 963223.753150000236928, 1966255.640000001527369 ], [ 963225.18815000122413, 1966253.3751 ], [ 963260.750150000560097, 1966218.625099999830127 ], [ 963270.56705000018701, 1966208.713000000454485 ], [ 963280.188150000176392, 1966199.00010000099428 ], [ 963304.750850000418723, 1966204.250000000465661 ], [ 963307.703150001354516, 1966199.545100000221282 ], [ 963324.125150000792928, 1966173.375100000761449 ], [ 963324.972149999346584, 1966169.883099999744445 ], [ 963327.188149999361485, 1966160.750100000295788 ], [ 963327.736050000647083, 1966158.557099998928607 ], [ 963328.625150000210851, 1966155.000099999131635 ], [ 963346.250150000676513, 1966136.500100000761449 ], [ 963350.50014999974519, 1966131.997600001050159 ], [ 963349.439050000626594, 1966122.513099999399856 ], [ 963348.375150000210851, 1966113.000100000295788 ], [ 963354.780050001339987, 1966094.604999999748543 ], [ 963355.688150000059977, 1966092.000100000761449 ], [ 963355.489050001138821, 1966086.182099999859929 ], [ 963355.313150000758469, 1966081.000099998898804 ], [ 963354.746649999869987, 1966066.616100000683218 ], [ 963349.828150001703762, 1966053.0631 ], [ 963342.511150000034831, 1966032.906099999556318 ], [ 963342.500150000094436, 1966032.875099999364465 ], [ 963350.438149999594316, 1966004.375100000761449 ], [ 963353.313150000292808, 1965994.102999999420717 ], [ 963355.998650001361966, 1965984.506100001279265 ], [ 963388.938150000642054, 1965931.500099998898804 ], [ 963394.389150001108646, 1965913.298000001581386 ], [ 963396.688150000059977, 1965905.625100000761449 ], [ 963398.201149999629706, 1965900.546 ], [ 963408.125150001142174, 1965867.250100000761449 ], [ 963421.78215000173077, 1965846.920999999623746 ], [ 963421.813149999594316, 1965846.875099998898804 ], [ 963423.813150000059977, 1965843.875099999364465 ], [ 963423.897150000091642, 1965823.084100001025945 ], [ 963424.000149999279529, 1965797.625099998898804 ], [ 963420.464150000596419, 1965792.290999999735504 ], [ 963413.0631500009913, 1965781.125099998898804 ], [ 963405.201150000095367, 1965780.388099999632686 ], [ 963405.064033333444968, 1965780.374999999068677 ], [ 963484.813150000409223, 1965736.624999999767169 ], [ 963486.879049999639392, 1965736.668999999761581 ], [ 963490.688150000525638, 1965736.750000000931323 ], [ 963505.645050001097843, 1965736.857999998610467 ], [ 963507.938149999477901, 1965736.875 ], [ 963520.313149999594316, 1965721.125000000931323 ], [ 963536.21805000025779, 1965720.431999999564141 ], [ 963546.125150001142174, 1965720.000000000698492 ], [ 963547.449149999534711, 1965719.937000001780689 ], [ 963553.938149999477901, 1965719.624999999068677 ], [ 963558.745150001021102, 1965719.437999999849126 ], [ 963563.563150000292808, 1965719.249999999534339 ], [ 963566.313149999594316, 1965719.125000000465661 ], [ 963587.313150001340546, 1965719.375000000931323 ], [ 963609.945150000043213, 1965728.138000001432374 ], [ 963638.000149999978021, 1965738.999999999534339 ], [ 963676.813150000292808, 1965734.500000000232831 ], [ 963685.84914999967441, 1965726.388000001199543 ], [ 963687.813149999594316, 1965724.624999999068677 ], [ 963689.85605000006035, 1965722.755999999353662 ], [ 963692.188149999827147, 1965720.625000000465661 ], [ 963695.658050000201911, 1965717.499999999534339 ], [ 963704.125149999512359, 1965709.874999999068677 ], [ 963736.375150000909343, 1965669.749999999301508 ], [ 963744.813150001107715, 1965666.125 ], [ 963754.710050001158379, 1965661.771999999415129 ], [ 963763.000150000210851, 1965658.125000000232831 ], [ 963799.6881500009913, 1965659.374999999767169 ], [ 963815.961149999406189, 1965664.139000000199303 ], [ 963845.375149999512359, 1965672.749999999068677 ], [ 963862.048150000162423, 1965664.985999998869374 ], [ 963882.688149999827147, 1965655.375000000931323 ], [ 963921.375150000094436, 1965625.625000000698492 ], [ 963947.063150001456961, 1965626.250000000465661 ], [ 963952.703150000888854, 1965632.666000000201166 ], [ 963960.6881500009913, 1965641.749999999068677 ], [ 963974.171050001168624, 1965646.301000000908971 ], [ 963980.688150001456961, 1965648.499999999534339 ], [ 964006.343049999792129, 1965650.713999999687076 ], [ 964045.87514999974519, 1965654.124999999301508 ], [ 964057.004050001036376, 1965652.986000000499189 ], [ 964064.1881500009913, 1965652.25 ], [ 964079.553149999585003, 1965650.564999998547137 ], [ 964101.813149999827147, 1965648.125 ], [ 964124.320150001673028, 1965635.254000001121312 ], [ 964144.438150000758469, 1965623.749999999301508 ], [ 964151.562649999978021, 1965609.7495 ], [ 964151.576750001637265, 1965609.721199999796227 ], [ 964165.250150000094436, 1965582.999999999534339 ], [ 964183.688150000525638, 1965564.000000000698492 ], [ 964205.322050001239404, 1965564.07399999955669 ], [ 964220.375150000210851, 1965564.124999999767169 ], [ 964221.06315000122413, 1965564.250000000931323 ], [ 964236.063150001456961, 1965567.250000000465661 ], [ 964244.610150000196882, 1965574.433999999426305 ], [ 964253.313150000292808, 1965581.750000000232831 ], [ 964261.813150000758469, 1965588.875 ], [ 964271.798150001326576, 1965589.490000000689179 ], [ 964288.188149999827147, 1965590.500000000931323 ], [ 964290.292150000343099, 1965588.741000000620261 ], [ 964292.375149999978021, 1965587.000000000698492 ], [ 964296.449149999767542, 1965583.524000000208616 ], [ 964301.313150000758469, 1965579.375000000465661 ], [ 964311.563150001456961, 1965577.875000000465661 ], [ 964319.500149999978021, 1965576.75 ], [ 964336.699150000931695, 1965568.509 ], [ 964343.500150001375005, 1965565.25 ], [ 964355.40715000173077, 1965559.495999999344349 ], [ 964362.125150000909343, 1965556.249999999068677 ], [ 964336.563149999594316, 1965504.750000000465661 ], [ 964332.01205000129994, 1965490.601999999489635 ], [ 964329.688150000292808, 1965483.374999999301508 ], [ 964333.499349999940023, 1965463.374600001610816 ], [ 964350.000150001142174, 1965454.375 ], [ 964353.665150000830181, 1965452.347999999066815 ], [ 964355.875150001375005, 1965451.125 ], [ 964373.188166667241603, 1965429.250000000465661 ], [ 964368.125150000210851, 1965418.625000000465661 ], [ 964366.004150000168011, 1965414.008499999530613 ], [ 964383.489050001138821, 1965353.662999999709427 ], [ 964383.500149999978021, 1965353.624999999301508 ], [ 964375.585050000227056, 1965339.65300000179559 ], [ 964371.250150001142174, 1965332.0 ], [ 964385.988150000106543, 1965299.401999999769032 ], [ 964401.938150000292808, 1965264.125000000465661 ], [ 964403.524149999953806, 1965254.96599999954924 ], [ 964405.250150000443682, 1965245.0 ], [ 964407.438550000661053, 1965232.749999999068677 ], [ 964404.935150001430884, 1965215.281999998725951 ], [ 964404.123150000232272, 1965209.621500000823289 ], [ 964392.999049999634735, 1965191.499 ], [ 964364.625149999978021, 1965158.875000000232831 ], [ 964364.25905000185594, 1965150.32700000051409 ], [ 964363.875150001142174, 1965141.375000000931323 ], [ 964365.173149999929592, 1965112.994 ], [ 964365.750150000327267, 1965100.375000000931323 ], [ 964345.937050000298768, 1965052.75 ], [ 964340.028049999382347, 1965048.679999999701977 ], [ 964336.500150000676513, 1965046.25 ], [ 964325.1881500009913, 1965038.500000000698492 ], [ 964295.554650000063702, 1965028.371500000124797 ], [ 964288.750150000560097, 1965026.249999999534339 ], [ 964261.1881500009913, 1965017.500000001164153 ], [ 964226.375149999512359, 1964967.750000000465661 ], [ 964218.88405000185594, 1964957.125000000465661 ], [ 964214.125150000676513, 1964950.375000000465661 ], [ 964205.188150000758469, 1964942.249999999301508 ], [ 964205.375149999978021, 1964917.875000000931323 ], [ 964205.410149999661371, 1964916.531999998725951 ], [ 964205.438150001107715, 1964915.500000000931323 ], [ 964184.625150000792928, 1964886.375000000465661 ], [ 964171.688149999827147, 1964872.500000000465661 ], [ 964161.176050001522526, 1964853.886999999638647 ], [ 964155.875149999628775, 1964844.500000000465661 ], [ 964132.500150000210851, 1964810.374999999767169 ], [ 964112.239050000789575, 1964790.495000000111759 ], [ 964095.938149999594316, 1964774.499999999068677 ], [ 964094.754050001036376, 1964772.031 ], [ 964094.500149999978021, 1964771.499999999301508 ], [ 964085.889150001225062, 1964750.034 ], [ 964085.875150000443682, 1964749.999999999068677 ], [ 964085.826150000095367, 1964738.250999999698251 ], [ 964085.750149999279529, 1964720.125 ], [ 964088.129049999872223, 1964708.807000000495464 ], [ 964089.875149999279529, 1964700.500000000931323 ], [ 964091.937549999332987, 1964684.378499999409541 ], [ 964091.21504999930039, 1964682.710000001359731 ], [ 964086.188149999710731, 1964671.125000000232831 ], [ 964084.751650001620874, 1964667.744999998249114 ], [ 964084.938150000292808, 1964667.124999999068677 ], [ 964089.99965000001248, 1964651.996500000823289 ], [ 964089.976049999822862, 1964651.124999999767169 ], [ 964089.375150000792928, 1964629.374999999301508 ], [ 964089.231050001690164, 1964623.132000000216067 ], [ 964089.125150000443682, 1964618.499999999068677 ], [ 964085.709150000242516, 1964605.020999999716878 ], [ 964082.1881500009913, 1964591.125000000931323 ], [ 964077.349150000605732, 1964581.914999999571592 ], [ 964069.250150001375005, 1964566.499999999767169 ], [ 964060.501149999443442, 1964532.380000001750886 ], [ 964051.520050000865012, 1964520.773999999742955 ], [ 964051.500149999512359, 1964520.75 ], [ 964047.313149999361485, 1964515.375000000465661 ], [ 964031.93855000147596, 1964497.9995 ], [ 964022.386150001082569, 1964492.627000000793487 ], [ 964007.96505, 1964484.515000001527369 ], [ 964007.938150000525638, 1964484.5 ], [ 964008.803150001680478, 1964465.215000000782311 ], [ 964009.250050001312047, 1964455.258099998347461 ], [ 964009.250749999424443, 1964455.254100000951439 ], [ 964009.410150001058355, 1964454.743000001413748 ], [ 964011.063150001456961, 1964449.499999999068677 ], [ 964013.813150000758469, 1964440.624999999534339 ], [ 964013.165150000015274, 1964433.472999999299645 ], [ 964012.625150001375005, 1964427.500000000465661 ], [ 964016.37514999974519, 1964395.749999999767169 ], [ 964021.4381500009913, 1964386.999999999068677 ], [ 964021.461149999639019, 1964386.960999999660999 ], [ 964021.602149999234825, 1964386.717000001110137 ], [ 964026.313149999827147, 1964378.625 ], [ 964028.708149999845773, 1964372.013999999500811 ], [ 964029.438150000758469, 1964370.000000000465661 ], [ 964028.904150001471862, 1964365.75599999865517 ], [ 964026.125149999628775, 1964343.624999999068677 ], [ 964032.00014999974519, 1964334.625000000465661 ], [ 964034.616050001000986, 1964330.566000000108033 ], [ 964035.625150001375005, 1964329.000000000465661 ], [ 964039.813150000292808, 1964312.25 ], [ 964039.826250001089647, 1964312.215799999423325 ], [ 964046.130150000564754, 1964295.120999998413026 ], [ 964046.174050001660362, 1964295.085999998729676 ], [ 964063.188149999710731, 1964281.500000000698492 ], [ 964090.556050000945106, 1964283.900000001303852 ], [ 964093.125150001375005, 1964284.125000000931323 ], [ 964098.000150000210851, 1964280.625000000698492 ], [ 964106.778050001477823, 1964274.399000000674278 ], [ 964108.750149999279529, 1964273.000000000465661 ], [ 964123.876149999559857, 1964241.24049999890849 ], [ 964124.322050000540912, 1964237.464000000618398 ], [ 964124.937150000128895, 1964232.257499999366701 ], [ 964143.000150001142174, 1964220.374999999068677 ], [ 964146.93105000059586, 1964212.166000000201166 ], [ 964147.250150000210851, 1964211.499999999301508 ], [ 964148.632050000363961, 1964210.476000000489876 ], [ 964155.688150000525638, 1964205.249999999767169 ], [ 964163.938550000078976, 1964199.250000000465661 ], [ 964164.169150001718663, 1964197.933000000193715 ], [ 964166.375150000443682, 1964185.375000000698492 ], [ 964169.43815000122413, 1964158.250000000465661 ], [ 964170.813149999827147, 1964152.875000001164153 ], [ 964174.313150000059977, 1964139.375000000465661 ], [ 964182.327050001826137, 1964118.832000000867993 ], [ 964185.188150000292808, 1964111.499999999534339 ], [ 964183.31315000122413, 1964094.000000000465661 ], [ 964186.765050001093186, 1964083.667999999597669 ], [ 964192.12514999974519, 1964067.624999999068677 ], [ 964192.161050001624972, 1964061.734999999403954 ], [ 964192.1881500009913, 1964057.499999999767169 ], [ 964192.313150000059977, 1964046.25 ], [ 964192.337149999686517, 1964046.228000000119209 ], [ 964204.750150000210851, 1964035.124999999534339 ], [ 964210.250150001025759, 1963992.624999999767169 ], [ 964205.817050001351163, 1963966.652899998473004 ], [ 964205.813049999531358, 1963966.624899999238551 ], [ 964213.625149999978021, 1963960.499999999534339 ], [ 964223.438350000767969, 1963942.375499999150634 ], [ 964231.937850000686012, 1963926.624999999534339 ], [ 964230.500149999512359, 1963919.249999999534339 ], [ 964229.58915000106208, 1963914.627000000793487 ], [ 964227.940050001488999, 1963906.262000000569969 ], [ 964235.688149999827147, 1963867.500000000465661 ], [ 964235.69505000137724, 1963867.462900000158697 ], [ 964236.728050000499934, 1963862.361000000499189 ], [ 964237.688150000292808, 1963857.624999999301508 ], [ 964238.002450001309626, 1963855.997300000395626 ], [ 964250.688150000059977, 1963831.0 ], [ 964276.563150000758469, 1963801.249999999767169 ], [ 964311.875149999628775, 1963785.374999999301508 ], [ 964325.811150000896305, 1963779.033000000752509 ], [ 964334.125150000909343, 1963775.25 ], [ 964336.420150000252761, 1963766.842999999877065 ], [ 964340.438149999361485, 1963752.125000000931323 ], [ 964349.500150000560097, 1963715.000000000931323 ], [ 964348.812050000880845, 1963704.210999998264015 ], [ 964348.313150000059977, 1963696.375000001164153 ], [ 964349.045150000718422, 1963692.291000000201166 ], [ 964349.188150000059977, 1963691.5 ], [ 964350.169150000088848, 1963685.864000000292435 ], [ 964352.120150000206195, 1963674.653 ], [ 964352.125150000792928, 1963674.625000000465661 ], [ 964347.438149999943562, 1963660.750000000698492 ], [ 964338.438150001107715, 1963649.999999999534339 ], [ 964334.927150000818074, 1963645.841999999713153 ], [ 964332.005149999633431, 1963642.363000000361353 ], [ 964338.688050000462681, 1963626.622899999376386 ], [ 964343.12514999974519, 1963593.749999999068677 ], [ 964341.250150000443682, 1963578.125000001164153 ], [ 964342.704150000703521, 1963544.734999999869615 ], [ 964343.188150000758469, 1963533.625000000931323 ], [ 964347.625150001375005, 1963510.499999999534339 ], [ 964347.681050001177937, 1963510.052000000141561 ], [ 964347.688050001510419, 1963509.999900000169873 ], [ 964355.000150001375005, 1963499.625100000295788 ], [ 964358.345050000352785, 1963494.921900001354516 ], [ 964363.625150000792928, 1963487.499999999534339 ], [ 964356.652150000678375, 1963476.350000000558794 ], [ 964332.438149999594316, 1963437.625 ], [ 964320.12514999974519, 1963417.875 ], [ 964320.118150001508184, 1963417.84699999820441 ], [ 964307.750149999628775, 1963369.750000000232831 ], [ 964304.702050001826137, 1963361.706999999471009 ], [ 964300.313149999477901, 1963350.124999999301508 ], [ 964287.500150001142174, 1963316.125 ], [ 964295.750150001142174, 1963261.125099999830127 ], [ 964291.987150000757538, 1963246.34499999973923 ], [ 964291.436149999964982, 1963244.188100000144914 ], [ 964290.6881500009913, 1963241.249999999534339 ], [ 964291.624450000934303, 1963215.499699999578297 ], [ 964295.250150000443682, 1963206.625000000465661 ], [ 964298.35015000065323, 1963198.943999999668449 ], [ 964300.745150000671856, 1963193.011999999871477 ], [ 964278.147150000557303, 1963168.074999998323619 ], [ 964232.625150001258589, 1963117.875000000465661 ], [ 964223.517049999441952, 1963097.484000000171363 ], [ 964214.313150000874884, 1963076.875000000465661 ], [ 964205.159150000428781, 1963056.58699999935925 ], [ 964202.18815000122413, 1963050.000000000931323 ], [ 964202.190049999975599, 1963049.971000000601634 ], [ 964202.813150000874884, 1963041.375100000295788 ], [ 964214.500150000094436, 1962962.500099998898804 ], [ 964221.188150000176392, 1962953.875099999597296 ], [ 964240.938150000292808, 1962947.250100000761449 ], [ 964240.947150000371039, 1962947.199500000104308 ], [ 964243.82505000079982, 1962930.0781 ], [ 964245.750150000210851, 1962918.625100000761449 ], [ 964248.625150000676513, 1962901.625099999830127 ], [ 964247.313150001107715, 1962897.750100000295788 ], [ 964245.980150000425056, 1962893.867100001312792 ], [ 964243.625150000676513, 1962887.000099999131635 ], [ 964231.6881500009913, 1962853.125099998898804 ], [ 964230.133150001522154, 1962846.30210000067018 ], [ 964229.125150000909343, 1962841.875099999131635 ], [ 964228.55715000082273, 1962839.500099999364465 ], [ 964228.438150001107715, 1962839.000100000761449 ], [ 964228.787150001036935, 1962838.17009999928996 ], [ 964229.438150000292808, 1962836.625100000761449 ], [ 964235.938150000176392, 1962820.625099999364465 ], [ 964256.813150000642054, 1962797.375099998898804 ], [ 964289.625150000676513, 1962777.000099999131635 ], [ 964295.947050000540912, 1962770.422100000781938 ], [ 964301.974150001304224, 1962764.152000000234693 ], [ 964302.000150000676513, 1962764.125100000761449 ], [ 964249.938150001340546, 1962706.250099998898804 ], [ 964212.188150001340546, 1962666.0001 ], [ 964188.025050001684576, 1962640.151100001297891 ], [ 964188.000033333082683, 1962640.125000000698492 ], [ 964052.188050001626834, 1962143.875000000232831 ], [ 963936.261200000648387, 1962090.889000000432134 ], [ 963856.375100001692772, 1962054.374999999068677 ], [ 963698.680999999050982, 1961982.37335 ], [ 963698.669450001441874, 1961982.368600000627339 ], [ 963485.687033332767896, 1961904.501000000629574 ], [ 963487.934050000738353, 1961901.630000001983717 ], [ 963492.438150000758469, 1961895.875000000232831 ], [ 963508.313150001107715, 1961875.25 ], [ 963510.30214999942109, 1961867.584000000730157 ], [ 963512.563150000176392, 1961858.874999999068677 ], [ 963513.125250001903623, 1961858.62540000048466 ], [ 963513.136750000179745, 1961858.620100001338869 ], [ 963533.250150000443682, 1961848.749999999767169 ], [ 963545.512050001416355, 1961853.304000000236556 ], [ 963556.813150000059977, 1961857.500000000465661 ], [ 963567.340050000464544, 1961850.531999998725951 ], [ 963583.063150000059977, 1961840.125000000465661 ], [ 963602.919149999972433, 1961835.381999998819083 ], [ 963613.938150000758469, 1961832.750000000465661 ], [ 963684.62514999974519, 1961815.749999999534339 ], [ 963744.409149999264628, 1961801.509000000543892 ], [ 963765.43815000122413, 1961796.500000000232831 ], [ 963788.753150000236928, 1961795.275000001303852 ], [ 963832.063150001456961, 1961793.0 ], [ 963887.411050000460818, 1961790.005000000819564 ], [ 963889.813050000811927, 1961789.874900000169873 ], [ 963903.707049999851733, 1961813.13289999961853 ], [ 963947.313149999594316, 1961886.125000000465661 ], [ 963988.766150001785718, 1961907.948000001022592 ], [ 964000.500149999395944, 1961914.125000000465661 ], [ 964000.421050001168624, 1961913.69700000109151 ], [ 963999.625149999279529, 1961909.375000000698492 ], [ 963998.000150000443682, 1961894.625000000931323 ], [ 963998.625150000210851, 1961884.375000000232831 ], [ 964000.813150000874884, 1961875.750000000931323 ], [ 964005.000150001025759, 1961867.624999999767169 ], [ 964010.279149999609217, 1961858.481000000610948 ], [ 964012.938150000525638, 1961853.874999999068677 ], [ 964014.502050001639873, 1961851.607 ], [ 964019.063150001107715, 1961844.999999999068677 ], [ 964027.188149999827147, 1961835.75 ], [ 964038.563150000758469, 1961825.749999999767169 ], [ 964040.267050000373274, 1961824.19999999855645 ], [ 964043.375150000676513, 1961821.374999999534339 ], [ 964043.684050001669675, 1961821.118000000948086 ], [ 964044.875150000560097, 1961820.125 ], [ 964052.116050000302494, 1961814.361000000266358 ], [ 964057.750150001375005, 1961809.874999999534339 ], [ 964066.063150000292808, 1961803.374999999534339 ], [ 964068.500150000327267, 1961801.374999999068677 ], [ 964071.713049999903888, 1961798.783000000752509 ], [ 964075.938150001456961, 1961795.374999999767169 ], [ 964082.140050000627525, 1961790.983999998774379 ], [ 964083.000149999978021, 1961790.374999999534339 ], [ 964083.42405000096187, 1961789.998000000603497 ], [ 964083.563149999594316, 1961789.874999999068677 ], [ 964086.3131500009913, 1961787.250000000931323 ], [ 964087.229150000028312, 1961785.813 ], [ 964089.50014999974519, 1961782.250000000931323 ], [ 964092.75014999974519, 1961775.999999999068677 ], [ 964093.06315000122413, 1961775.374999999534339 ], [ 964095.824150000466034, 1961767.903999998467043 ], [ 964096.250150000094436, 1961766.75 ], [ 964099.125150000676513, 1961758.874999999301508 ], [ 964099.194050000165589, 1961758.353000001050532 ], [ 964099.438149999827147, 1961756.499999999534339 ], [ 964100.43815000122413, 1961749.749999999068677 ], [ 964100.5100499993423, 1961749.109999999869615 ], [ 964100.875150000792928, 1961745.874999999534339 ], [ 964101.367150000063702, 1961740.863000000594184 ], [ 964101.563149999361485, 1961738.875000001164153 ], [ 964102.875150001258589, 1961731.000000000465661 ], [ 964103.875150000443682, 1961724.124999999068677 ], [ 964104.354150000028312, 1961722.295000000391155 ], [ 964105.250150001142174, 1961718.875000000698492 ], [ 964108.424050001427531, 1961711.535000000381842 ], [ 964109.250149999861605, 1961709.624999999301508 ], [ 964117.688150000059977, 1961689.375000000931323 ], [ 964122.25014999974519, 1961682.000000000931323 ], [ 964127.500150000210851, 1961671.375000000931323 ], [ 964128.898050000891089, 1961668.071 ], [ 964130.938150000292808, 1961663.25 ], [ 964134.06315000122413, 1961655.750000000931323 ], [ 964138.317050001118332, 1961645.980999999679625 ], [ 964140.813150001456961, 1961640.25 ], [ 964146.875150000792928, 1961624.500000000931323 ], [ 964148.879049999872223, 1961620.196000000694767 ], [ 964151.938149999827147, 1961613.625000000465661 ], [ 964156.000150000909343, 1961607.125000000465661 ], [ 964162.250150000443682, 1961596.999999999068677 ], [ 964163.862150001805276, 1961594.926999998511747 ], [ 964167.500150000909343, 1961590.250000001164153 ], [ 964172.751150000141934, 1961584.304999999469146 ], [ 964174.125149999978021, 1961582.75 ], [ 964175.209150001290254, 1961581.642999999690801 ], [ 964177.063149999361485, 1961579.750000000232831 ], [ 964177.184050000039861, 1961579.646000000182539 ], [ 964177.500150001142174, 1961579.375000000931323 ], [ 964182.438150001107715, 1961576.25 ], [ 964187.875150000676513, 1961571.750000000465661 ], [ 964189.375150000560097, 1961570.250000000698492 ], [ 964189.923150000628084, 1961569.680000000633299 ], [ 964190.938150001456961, 1961568.624999999534339 ], [ 964191.972149999230169, 1961567.154999998863786 ], [ 964193.313150001340546, 1961565.250000000465661 ], [ 964194.81315000122413, 1961562.375 ], [ 964194.81315000122413, 1961562.340999999083579 ], [ 964194.81315000122413, 1961560.639000000664964 ], [ 964194.810150000383146, 1961559.617000001482666 ], [ 964194.604149999795482, 1961559.022000000812113 ], [ 964194.250149999279529, 1961557.999999999534339 ], [ 964193.91304999939166, 1961557.080999999772757 ], [ 964193.567150001297705, 1961556.136999999172986 ], [ 964189.123150000348687, 1961549.260999999009073 ], [ 964187.496650000102818, 1961546.745400001294911 ], [ 964169.875150000792928, 1961519.500000000931323 ], [ 964162.600150001468137, 1961509.442999999038875 ], [ 964152.063150001107715, 1961494.874999999767169 ], [ 964124.750150000909343, 1961456.375000000931323 ], [ 964123.688149999361485, 1961454.499999999534339 ], [ 964122.813149999361485, 1961452.625000000465661 ], [ 964122.737150000641122, 1961452.371999999275431 ], [ 964122.625150001375005, 1961452.000000000698492 ], [ 964122.000850001815706, 1961449.496999998576939 ], [ 964122.083150000544265, 1961448.688999999314547 ], [ 964122.438149999827147, 1961445.250000000465661 ], [ 964122.80405000038445, 1961443.489000000292435 ], [ 964123.063149999594316, 1961442.250000000931323 ], [ 964123.938149999710731, 1961439.000000000931323 ], [ 964124.455050000920892, 1961437.75800000061281 ], [ 964124.875149999978021, 1961436.75 ], [ 964125.178150000283495, 1961436.145000000484288 ], [ 964125.500149999628775, 1961435.500000000465661 ], [ 964127.100150000071153, 1961432.535000000614673 ], [ 964128.063149999710731, 1961430.750000000931323 ], [ 964128.813150000758469, 1961427.500000000931323 ], [ 964129.125150001142174, 1961425.125000000931323 ], [ 964127.711150001268834, 1961419.86600000038743 ], [ 964122.438149999827147, 1961400.249999999534339 ], [ 964121.313149999477901, 1961395.499999999767169 ], [ 964119.188149999943562, 1961386.374999999534339 ], [ 964117.48105000203941, 1961381.683000000426546 ], [ 964113.688150001456961, 1961371.250000000465661 ], [ 964111.489049999741837, 1961364.2469999990426 ], [ 964110.313150000176392, 1961360.499999999068677 ], [ 964109.257050001528114, 1961357.25800000037998 ], [ 964108.560050000436604, 1961355.1192 ], [ 964104.998650001594797, 1961347.1219999990426 ], [ 964103.750150001375005, 1961344.375000000465661 ], [ 964100.250150001025759, 1961337.671 ], [ 964099.305050000664778, 1961335.864399999845773 ], [ 964095.184050000272691, 1961329.694000001065433 ], [ 964088.125150001375005, 1961319.124999999767169 ], [ 964085.37514999974519, 1961315.119000001810491 ], [ 964077.313149999943562, 1961303.375000000698492 ], [ 964059.813150000758469, 1961281.000000000465661 ], [ 964059.169150001835078, 1961280.164000001735985 ], [ 964057.500150000909343, 1961278.000000000931323 ], [ 964046.192049999721348, 1961262.751999999862164 ], [ 964041.000150000909343, 1961255.749999999534339 ], [ 964037.285149999894202, 1961249.605000001145527 ], [ 964035.938150000642054, 1961247.375000000465661 ], [ 964035.620150000788271, 1961246.42100000102073 ], [ 964035.313150000874884, 1961245.499999999068677 ], [ 964034.813150000292808, 1961240.749999999301508 ], [ 964035.125150000676513, 1961237.499999999301508 ], [ 964038.59615000069607, 1961216.306000000331551 ], [ 964041.063149999827147, 1961201.249999999068677 ], [ 964048.125150000443682, 1961163.124999999767169 ], [ 964054.43815000122413, 1961136.374999999068677 ], [ 964054.669150000205263, 1961135.448 ], [ 964054.938149999594316, 1961134.375000000931323 ], [ 964057.089150000945665, 1961123.232999998610467 ], [ 964057.375050000846386, 1961121.749899999471381 ], [ 964057.38355000060983, 1961121.718900001607835 ], [ 964059.563150000292808, 1961114.125 ], [ 964061.000150001258589, 1961111.375000000931323 ], [ 964061.965049999766052, 1961109.357 ], [ 964062.37514999974519, 1961108.500000000465661 ], [ 964067.875150000560097, 1961099.625000000465661 ], [ 964078.688150000758469, 1961084.999999999534339 ], [ 964080.404149999958463, 1961082.339999999850988 ], [ 964081.188149999594316, 1961081.125 ], [ 964084.37205000105314, 1961075.147000000579283 ], [ 964085.250850001000799, 1961073.500399999087676 ], [ 964088.06315000122413, 1961066.499999999068677 ], [ 964089.275050001451746, 1961062.513 ], [ 964090.875150000560097, 1961057.25 ], [ 964093.145050000515766, 1961047.67 ], [ 964096.563149999361485, 1961033.250000000698492 ], [ 964097.563150000758469, 1961030.499999999068677 ], [ 964097.653050001244992, 1961030.34000000054948 ], [ 964098.231050000526011, 1961029.315999999409541 ], [ 964100.313149999943562, 1961025.625000000465661 ], [ 964103.938050000462681, 1961020.875000000465661 ], [ 964106.576050000498071, 1961018.3230000003241 ], [ 964109.62505000049714, 1961015.375 ], [ 964112.938050001626834, 1961012.625000000465661 ], [ 964122.063049999531358, 1961007.875000000931323 ], [ 964128.688050000695512, 1961004.124899999238551 ], [ 964133.278150000609457, 1961001.454999999143183 ], [ 964137.500150000327267, 1960999.000000000931323 ], [ 964139.940150001086295, 1960997.497999999206513 ], [ 964141.563150000292808, 1960996.499900001101196 ], [ 964144.750050000264309, 1960994.125 ], [ 964145.843050001887605, 1960992.87599999923259 ], [ 964146.063050000928342, 1960992.625 ], [ 964146.711050001555122, 1960991.954000000841916 ], [ 964147.875149999978021, 1960990.750000000931323 ], [ 964149.750050000380725, 1960988.375000000931323 ], [ 964150.875050000846386, 1960985.624999999534339 ], [ 964151.240050001302734, 1960983.748900000471622 ], [ 964151.306050000945106, 1960983.406999999890104 ], [ 964151.313050001394004, 1960983.374900000169873 ], [ 964151.313050001394004, 1960980.875 ], [ 964150.500150000210851, 1960977.249899999471381 ], [ 964148.456149999867193, 1960968.612899999134243 ], [ 964145.500050001312047, 1960956.124999999534339 ], [ 964144.516150001436472, 1960951.809999999590218 ], [ 964143.875050000147894, 1960948.999900001101196 ], [ 964138.688149999594316, 1960924.9999 ], [ 964138.313050001510419, 1960922.249900000635535 ], [ 964138.18805000022985, 1960921.499899999704212 ], [ 964137.688049999531358, 1960916.875 ], [ 964137.960150000755675, 1960914.213999998988584 ], [ 964138.250150001375005, 1960911.374999999068677 ], [ 964139.188050001626834, 1960906.624999999301508 ], [ 964140.142050001071766, 1960904.225999999791384 ], [ 964143.563150000758469, 1960895.625 ], [ 964150.916150000761263, 1960879.546999999787658 ], [ 964150.938049999764189, 1960879.499900000635535 ], [ 964157.970950001385063, 1960867.798900000751019 ], [ 964158.000050000380725, 1960867.749900000169873 ], [ 964158.184950001072139, 1960867.439099998213351 ], [ 964159.161349999951199, 1960865.795800000429153 ], [ 964163.125049999565817, 1960859.124999999534339 ], [ 964168.341050001326948, 1960851.662 ], [ 964170.813050001044758, 1960848.125000000232831 ], [ 964174.19815000006929, 1960843.795900000724941 ], [ 964178.438050001394004, 1960838.374899999238551 ], [ 964180.438049999647774, 1960836.000000000465661 ], [ 964183.188050001161173, 1960832.624999999068677 ], [ 964184.878050000872463, 1960831.088 ], [ 964188.688049999647774, 1960827.624999999068677 ], [ 964194.81305000022985, 1960823.375 ], [ 964197.326050001080148, 1960821.944999999366701 ], [ 964197.846350000472739, 1960821.648400000296533 ], [ 964202.063149999827147, 1960819.25 ], [ 964206.625050000613555, 1960816.249899999238551 ], [ 964208.401050000218675, 1960815.008900000248104 ], [ 964211.813050000928342, 1960812.625000000931323 ], [ 964215.625049999449402, 1960809.624999999068677 ], [ 964217.321050000842661, 1960808.210900000296533 ], [ 964218.625150000094436, 1960807.125000000232831 ], [ 964219.188149999710731, 1960804.375000000931323 ], [ 964219.687550001079217, 1960801.744400000898167 ], [ 964219.688350000185892, 1960801.73829999845475 ], [ 964220.125050001079217, 1960794.750000000232831 ], [ 964220.435050001833588, 1960790.779999998398125 ], [ 964220.437049999367446, 1960790.749900000402704 ], [ 964220.688050000695512, 1960787.749999999534339 ], [ 964221.000050001312047, 1960783.500000000465661 ], [ 964221.739050000091083, 1960780.612999998964369 ], [ 964222.375049999682233, 1960778.125000000931323 ], [ 964222.938050001626834, 1960775.999999999301508 ], [ 964223.116050000535324, 1960775.403999999631196 ], [ 964223.311733333510347, 1960774.754400001140311 ], [ 964224.809050001204014, 1960774.150900000706315 ], [ 964226.438049999647774, 1960773.500000000465661 ], [ 964226.459150001755916, 1960773.481000001076609 ], [ 964226.875150000210851, 1960773.1249 ], [ 964228.324050001101568, 1960771.596000000834465 ], [ 964229.125050000031479, 1960770.750000000931323 ], [ 964230.410150000127032, 1960769.157999999821186 ], [ 964231.750150001142174, 1960767.499900000169873 ], [ 964232.950050000566989, 1960765.849900000495836 ], [ 964233.750149999512359, 1960764.749900000868365 ], [ 964235.207050001714379, 1960763.664899998344481 ], [ 964236.438150000758469, 1960762.749900000169873 ], [ 964246.875150000560097, 1960754.875000000698492 ], [ 964248.24815000151284, 1960753.777000000700355 ], [ 964249.68805, 1960752.625 ], [ 964251.35505000106059, 1960752.301899998448789 ], [ 964251.625150000327267, 1960752.249899999471381 ], [ 964261.688149999361485, 1960749.999999999534339 ], [ 964265.681150000076741, 1960747.255000000819564 ], [ 964267.505150001263246, 1960747.250000000465661 ], [ 964277.000150000210851, 1960747.250000000465661 ], [ 964281.895150001393631, 1960747.173900000751019 ], [ 964285.000050001195632, 1960747.124999999068677 ], [ 964290.375050000613555, 1960745.750000000465661 ], [ 964299.688149999827147, 1960744.374999999767169 ], [ 964305.683550000190735, 1960744.375199999660254 ], [ 964305.687950001447462, 1960744.374600000213832 ], [ 964312.625049999682233, 1960742.500000000465661 ], [ 964316.31305000022985, 1960741.000000000931323 ], [ 964318.392050000140443, 1960740.342000001110137 ], [ 964325.000049999682233, 1960738.249999999301508 ], [ 964328.997150000883266, 1960738.250199999194592 ], [ 964335.688050000811927, 1960739.500000000931323 ], [ 964337.688050001277588, 1960741.499900000635535 ], [ 964340.047050000634044, 1960742.707 ], [ 964340.375150000443682, 1960742.874900001101196 ], [ 964341.128050001221709, 1960742.984899998642504 ], [ 964343.813049999531358, 1960743.374899999704212 ], [ 964344.375150001375005, 1960743.499900001101196 ], [ 964345.375049999449402, 1960743.374899999704212 ], [ 964353.000049999915063, 1960742.7499 ], [ 964355.188149999361485, 1960741.875000000931323 ], [ 964355.644050001399592, 1960741.731000000610948 ], [ 964356.375050001079217, 1960741.499900000635535 ], [ 964359.000050001312047, 1960740.124899999704212 ], [ 964360.461150000570342, 1960739.1199 ], [ 964361.00715000089258, 1960738.748999998904765 ], [ 964361.054050000617281, 1960738.741 ], [ 964369.68815000122413, 1960737.374900000402704 ], [ 964371.203049999428913, 1960737.577900000149384 ], [ 964379.000049999449402, 1960738.6249 ], [ 964384.152049999102019, 1960738.6249 ], [ 964389.688149999361485, 1960738.6249 ], [ 964392.061050000600517, 1960739.258 ], [ 964394.375050001312047, 1960739.874899999238551 ], [ 964399.688050000695512, 1960739.875499998684973 ], [ 964404.375049999449402, 1960739.124999999301508 ], [ 964405.000150000094436, 1960739.000000000465661 ], [ 964405.597049999516457, 1960738.828000000678003 ], [ 964413.688150000758469, 1960736.499900000402704 ], [ 964415.68815000122413, 1960736.499900000402704 ], [ 964418.993049999931827, 1960736.43790000025183 ], [ 964422.375050001544878, 1960736.375 ], [ 964429.688050001394004, 1960736.999999999767169 ], [ 964439.082050000899471, 1960736.999999999767169 ], [ 964449.063049999764189, 1960736.999999999767169 ], [ 964455.688149999827147, 1960735.624999999068677 ], [ 964459.688150000758469, 1960734.250000000465661 ], [ 964460.69805, 1960733.556099999230355 ], [ 964463.688050000695512, 1960731.499999999068677 ], [ 964466.797050001099706, 1960728.846999999601394 ], [ 964468.375050001544878, 1960727.499899999238551 ], [ 964468.931050000712276, 1960727.012000000569969 ], [ 964470.938050001626834, 1960725.249999999534339 ], [ 964472.31305000022985, 1960724.124900000169873 ], [ 964474.098150000907481, 1960723.887100000632927 ], [ 964477.000050000962801, 1960723.499900000635535 ], [ 964479.000050001544878, 1960723.499900000635535 ], [ 964487.875050001312047, 1960724.0 ], [ 964488.671150000649504, 1960724.0 ], [ 964489.688050000346266, 1960724.0 ], [ 964492.398050001589581, 1960724.382999998517334 ], [ 964495.00014999974519, 1960724.749900000169873 ], [ 964506.672050000634044, 1960722.740900001488626 ], [ 964519.688149999710731, 1960720.499999999534339 ], [ 964523.000050001079217, 1960718.499999999068677 ], [ 964528.588050001417287, 1960715.574999999487773 ], [ 964532.313050001394004, 1960713.625000000465661 ], [ 964534.995050001190975, 1960712.174999999813735 ], [ 964536.938049999764189, 1960711.124900000635535 ], [ 964539.220150000415742, 1960709.41990000102669 ], [ 964542.625049999798648, 1960706.874899999238551 ], [ 964547.563049999764189, 1960703.124999999534339 ], [ 964555.563049999531358, 1960701.750000000931323 ], [ 964564.217050001490861, 1960701.648999999277294 ], [ 964566.250049999565817, 1960701.624900001101196 ], [ 964578.250150001142174, 1960702.874900000402704 ], [ 964586.500150001258589, 1960703.624899999238551 ], [ 964591.625049999449402, 1960704.1249 ], [ 964615.000050001079217, 1960711.374999999534339 ], [ 964618.202050001593307, 1960712.194999999832362 ], [ 964633.063150000874884, 1960715.999899999238551 ], [ 964643.688049999764189, 1960715.249900000635535 ], [ 964647.250050000264309, 1960714.875 ], [ 964648.681150000542402, 1960714.654999998630956 ], [ 964649.688050001277588, 1960714.499899999471381 ], [ 964659.063150000525638, 1960715.124899999238551 ], [ 964661.910050000762567, 1960718.265000000596046 ], [ 964665.750050000846386, 1960722.500000000232831 ], [ 964667.188050000462681, 1960724.124900000169873 ], [ 964676.549050000263378, 1960734.585000001825392 ], [ 964680.500050000846386, 1960739.000000000465661 ], [ 964684.923050000565127, 1960742.920999999623746 ], [ 964686.563149999943562, 1960744.374999999767169 ], [ 964693.250050000264309, 1960748.374899999704212 ], [ 964695.313049999764189, 1960750.125000000931323 ], [ 964698.625049999798648, 1960752.999900000635535 ], [ 964701.395050001330674, 1960754.060999999754131 ], [ 964701.54605, 1960754.119999999180436 ], [ 964701.876050000777468, 1960754.250000000931323 ], [ 964705.313150000874884, 1960755.624999999534339 ], [ 964711.313150000059977, 1960756.000000000931323 ], [ 964714.625050001428463, 1960756.249999999068677 ], [ 964722.000050001428463, 1960756.874999999068677 ], [ 964727.958150001592003, 1960757.80599999986589 ], [ 964730.000050001079217, 1960758.125000000465661 ], [ 964735.313050000462681, 1960760.749899999704212 ], [ 964735.733050000621006, 1960761.074 ], [ 964738.563050000462681, 1960763.249900001101196 ], [ 964746.699050001334399, 1960769.375000000232831 ], [ 964747.981050001922995, 1960769.375000000232831 ], [ 964753.375050000613555, 1960769.375000000232831 ], [ 964755.993050000397488, 1960768.246000000275671 ], [ 964756.563050000346266, 1960767.999900000635535 ], [ 964757.23705000046175, 1960767.719900001306087 ], [ 964761.375050000264309, 1960765.999900000169873 ], [ 964767.375049999449402, 1960760.624900000635535 ], [ 964773.313149999594316, 1960755.749899999704212 ], [ 964773.955049999873154, 1960755.137899999739602 ], [ 964774.625050000380725, 1960754.499900000169873 ], [ 964785.313050001394004, 1960747.124999999068677 ], [ 964789.93805, 1960743.75 ], [ 964796.625050001312047, 1960743.75 ], [ 964807.938049999880604, 1960741.000000000931323 ], [ 964815.938150000525638, 1960737.624999999534339 ], [ 964822.563050000695512, 1960734.250000000465661 ], [ 964829.063149999477901, 1960731.874899999704212 ], [ 964831.875150001142174, 1960730.874999999301508 ], [ 964832.482150000520051, 1960730.78800000064075 ], [ 964832.750050000147894, 1960730.750000000232831 ], [ 964835.250150000094436, 1960730.249900000635535 ], [ 964835.697050002054311, 1960730.613000000361353 ], [ 964839.250050000147894, 1960733.499999999534339 ], [ 964847.092149999691173, 1960734.673000001581386 ], [ 964852.625050001544878, 1960735.5 ], [ 964857.489050000440329, 1960733.481000000378117 ], [ 964859.25005000049714, 1960732.750000000698492 ], [ 964860.142049999907613, 1960732.163899999111891 ], [ 964863.250050001428463, 1960730.125000000465661 ], [ 964865.387049999786541, 1960729.347999998833984 ], [ 964866.688150000292808, 1960728.874900000169873 ], [ 964866.958050002111122, 1960728.814899999648333 ], [ 964867.250050000147894, 1960728.749999999767169 ], [ 964869.779150000424124, 1960727.175 ], [ 964873.875150000210851, 1960724.624999999767169 ], [ 964881.188150000059977, 1960723.249999999068677 ], [ 964892.113149999408051, 1960721.616 ], [ 964894.563050000462681, 1960721.250000000698492 ], [ 964909.625149999628775, 1960720.124899999238551 ], [ 964910.087149999802932, 1960720.084000001195818 ], [ 964913.875049999915063, 1960719.750000000931323 ], [ 964923.21695000177715, 1960719.75040000025183 ], [ 964923.577050000429153, 1960719.750000000931323 ], [ 964931.249950001365505, 1960719.750099999830127 ], [ 965061.595849999925122, 1960756.885399999562651 ], [ 965292.027049999916926, 1960740.304099999368191 ], [ 965367.25965000060387, 1960688.694099999032915 ], [ 965420.436850001337007, 1960645.375600000610575 ], [ 965420.681850000983104, 1960644.102999999653548 ], [ 965421.063049999531358, 1960642.124999999068677 ], [ 965421.073750000912696, 1960642.08490000013262 ], [ 965422.625049999449402, 1960636.000000000931323 ], [ 965423.40015, 1960633.1719 ], [ 965423.688150000758469, 1960632.124900000169873 ], [ 965423.690050001721829, 1960632.064999998547137 ], [ 965424.313150000525638, 1960619.374999999534339 ], [ 965430.4381500009913, 1960603.499999999068677 ], [ 965430.53214999998454, 1960603.244000001810491 ], [ 965431.500050001544878, 1960600.625000000931323 ], [ 965435.89405000093393, 1960593.491999999852851 ], [ 965436.813149999594316, 1960591.999999999068677 ], [ 965438.563050001044758, 1960591.0 ], [ 965440.659150001360103, 1960589.750900000566617 ], [ 965441.490450000041164, 1960589.25550000090152 ], [ 965443.000150000210851, 1960585.874899999704212 ], [ 965443.081950000720099, 1960585.687100001610816 ], [ 965444.750049999449402, 1960581.874900001101196 ], [ 965448.22104999946896, 1960576.432999999728054 ], [ 965449.375050000147894, 1960574.624999999068677 ], [ 965454.688150000525638, 1960563.874900001101196 ], [ 965457.722150000976399, 1960560.528999999165535 ], [ 965462.625050000380725, 1960555.124900000635535 ], [ 965465.758050000295043, 1960551.130999999819323 ], [ 965468.313150000059977, 1960547.875000000465661 ], [ 965469.757050000363961, 1960545.984999999636784 ], [ 965469.930250000674278, 1960545.760900000110269 ], [ 965469.938249999890104, 1960545.750000000931323 ], [ 965479.875050001428463, 1960531.749900001101196 ], [ 965484.565050000790507, 1960524.403000001329929 ], [ 965488.813050000113435, 1960517.750000000931323 ], [ 965489.58005000045523, 1960516.623999999370426 ], [ 965489.750150001375005, 1960516.375 ], [ 965489.778049999615178, 1960516.316900000907481 ], [ 965489.938050000462681, 1960515.999899999704212 ], [ 965502.313050000695512, 1960494.250000000232831 ], [ 965504.750050000613555, 1960485.499900000635535 ], [ 965507.563149999827147, 1960475.499999999301508 ], [ 965511.500050000846386, 1960466.125000000931323 ], [ 965521.438050000928342, 1960454.124899999238551 ], [ 965528.591150000924245, 1960446.912000000942498 ], [ 965551.31305000022985, 1960424.000000000698492 ], [ 965554.005149999982677, 1960420.140000000596046 ], [ 965554.625050000380725, 1960419.250000000931323 ], [ 965554.897050000610761, 1960418.9849 ], [ 965557.313049999531358, 1960416.625000000698492 ], [ 965561.441150001250207, 1960413.419000000692904 ], [ 965562.625150001142174, 1960412.500000000698492 ], [ 965567.250050000846386, 1960409.124999999534339 ], [ 965570.37005000107456, 1960407.077899999450892 ], [ 965571.250049999449402, 1960406.499900000635535 ], [ 965574.563050000695512, 1960406.499900000635535 ], [ 965578.563050001626834, 1960408.499900001101196 ], [ 965583.503150000120513, 1960408.42890000063926 ], [ 965587.250050001195632, 1960408.375000000698492 ], [ 965592.563050000462681, 1960408.375000000698492 ], [ 965595.18205000134185, 1960407.502000000327826 ], [ 965598.563049999764189, 1960406.375000000232831 ], [ 965605.565050000092015, 1960406.310000001452863 ], [ 965611.938149999943562, 1960406.250000001164153 ], [ 965616.761050001019612, 1960406.250000001164153 ], [ 965619.250050000031479, 1960406.250000001164153 ], [ 965627.250150000676513, 1960406.875000000931323 ], [ 965629.170150000834838, 1960406.850999998860061 ], [ 965637.250049999915063, 1960406.749999999534339 ], [ 965641.243050000513904, 1960408.764999999664724 ], [ 965643.93805, 1960410.124899999704212 ], [ 965648.813050001161173, 1960411.625000000465661 ], [ 965652.625049999682233, 1960412.749900000169873 ], [ 965658.000050001312047, 1960414.749900000635535 ], [ 965662.625049999915063, 1960415.624900000635535 ], [ 965664.344150000950322, 1960415.937899999786168 ], [ 965664.688050001394004, 1960416.000900001032278 ], [ 965670.000150000792928, 1960416.000000000931323 ], [ 965677.021049999282695, 1960415.435000001452863 ], [ 965679.313150001107715, 1960415.25 ], [ 965680.789150001248345, 1960414.280899999896064 ], [ 965683.313050001161173, 1960412.624900001101196 ], [ 965683.52115000016056, 1960412.374999999534339 ], [ 965683.938050000928342, 1960411.875000000931323 ], [ 965686.27005000191275, 1960409.596899999771267 ], [ 965686.625050001195632, 1960409.249899999704212 ], [ 965691.313050000811927, 1960403.874900000169873 ], [ 965693.519050001865253, 1960400.092000000644475 ], [ 965695.250033332733437, 1960397.125033334828913 ], [ 965700.324099998921156, 1960391.575050000566989 ], [ 965702.563099999912083, 1960389.125050000613555 ], [ 965702.000100000295788, 1960379.750050000147894 ], [ 965701.858000000938773, 1960377.760050000855699 ], [ 965701.813099998864345, 1960377.12505 ], [ 965701.813099998864345, 1960375.91205 ], [ 965701.813099998864345, 1960372.500050001544878 ], [ 965705.238999999361113, 1960366.169050000607967 ], [ 965708.375099998898804, 1960360.375049999449402 ], [ 965710.988100000424311, 1960353.572050001472235 ], [ 965711.688100000028498, 1960351.750050000147894 ], [ 965712.067000000271946, 1960349.176050002221018 ], [ 965714.250099999131635, 1960334.37505 ], [ 965715.081200000364333, 1960320.577049999730662 ], [ 965715.500100000761449, 1960313.625050000846386 ], [ 965715.461099999258295, 1960308.198050002101809 ], [ 965715.438100000610575, 1960305.000050001312047 ], [ 965716.548999999300577, 1960303.888050000648946 ], [ 965717.437100000097416, 1960302.996049999026582 ], [ 965716.938100000377744, 1960299.00005 ], [ 965716.791000000433996, 1960297.767050001770258 ], [ 965716.063100000377744, 1960291.62505 ], [ 965715.200000000186265, 1960288.174050002126023 ], [ 965714.188099998980761, 1960284.125050000846386 ], [ 965713.314099999843165, 1960280.36305000144057 ], [ 965713.691999999107793, 1960276.317050000885502 ], [ 965714.563100000610575, 1960267.000050000846386 ], [ 965716.56309999874793, 1960263.625049999682233 ], [ 965718.31609999970533, 1960261.6440500007011 ], [ 965721.875099999364465, 1960257.625050000380725 ], [ 965725.65500000026077, 1960253.458050000481308 ], [ 965729.813099998980761, 1960248.87505 ], [ 965733.687299999641255, 1960243.25005 ], [ 965734.250000000698492, 1960242.49995 ], [ 965734.778000000631437, 1960241.654050001408905 ], [ 965734.88360000110697, 1960241.496250002179295 ], [ 965735.289100000052713, 1960240.90805 ], [ 965735.750099999364465, 1960240.250050000380725 ], [ 965735.777099999831989, 1960240.195050000678748 ], [ 965736.063100000843406, 1960239.625050000613555 ], [ 965737.250099999131635, 1960237.37505 ], [ 965740.375100000062957, 1960231.500049999449402 ], [ 965740.328099999343976, 1960218.048050000797957 ], [ 965740.313099999912083, 1960213.500049999682233 ], [ 965740.290099998936057, 1960210.826049999101087 ], [ 965740.25010000099428, 1960206.125049999682233 ], [ 965740.187000001082197, 1960191.500050000846386 ], [ 965747.2850999989314, 1960179.877050001639873 ], [ 965748.78260000073351, 1960177.425849998835474 ], [ 965748.813100000261329, 1960177.375050000846386 ], [ 965749.917099999496713, 1960175.937050001230091 ], [ 965755.438099999213591, 1960168.750050001312047 ], [ 965758.18810000072699, 1960167.500049999682233 ], [ 965762.750100000295788, 1960165.375050000147894 ], [ 965764.688100000610575, 1960159.36705000186339 ], [ 965764.688100000610575, 1960157.641050001140684 ], [ 965764.688100000610575, 1960152.625050000613555 ], [ 965764.253999998676591, 1960148.431050000246614 ], [ 965763.938099999679253, 1960145.375049999682233 ], [ 965761.125099999131635, 1960119.37505 ], [ 965760.750099999830127, 1960114.125049999682233 ], [ 965760.750099999830127, 1960113.788050000555813 ], [ 965760.750099999830127, 1960113.625050001312047 ], [ 965760.435100000817329, 1960109.372049998957664 ], [ 965756.500100000761449, 1960105.500050000147894 ], [ 965753.750099999131635, 1960102.750050000846386 ], [ 965748.375099999713711, 1960102.750050000846386 ], [ 965739.625099998898804, 1960103.375050000613555 ], [ 965737.688099999679253, 1960103.500049999682233 ], [ 965717.688099999213591, 1960104.250050000846386 ], [ 965697.892000000807457, 1960104.925050001824275 ], [ 965695.693099998869002, 1960105.000049999449402 ], [ 965689.000100000528619, 1960101.750049999449402 ], [ 965678.313100000377744, 1960095.125050000613555 ], [ 965656.125099999364465, 1960068.500050001312047 ], [ 965644.938100000843406, 1960033.250050000147894 ], [ 965642.727999999187887, 1960030.50505000166595 ], [ 965640.813100000843406, 1960028.125050001079217 ], [ 965641.709099999745376, 1960023.643050001934171 ], [ 965642.435100001050159, 1960020.013550000265241 ], [ 965634.06960000039544, 1960017.62705 ], [ 965640.000100000761449, 1959991.12505 ], [ 965645.388100000098348, 1959979.974049999844283 ], [ 965649.000099999597296, 1959972.500050000380725 ], [ 965650.118099999730475, 1959967.538050000555813 ], [ 965651.563099999679253, 1959961.125050001544878 ], [ 965657.500100000062957, 1959950.500050001544878 ], [ 965665.438099999679253, 1959933.750050001079217 ], [ 965667.438100000144914, 1959934.250049999449402 ], [ 965667.848000000463799, 1959934.325049999402836 ], [ 965668.125100000062957, 1959934.375050000846386 ], [ 965668.962099999655038, 1959933.92305000172928 ], [ 965670.438099999679253, 1959933.125050001312047 ], [ 965675.438099999912083, 1959930.37505 ], [ 965680.381100000347942, 1959928.049050000496209 ], [ 965691.375100000295788, 1959922.875050000846386 ], [ 965703.250099999830127, 1959916.250049999682233 ], [ 965710.688100000843406, 1959912.125049999682233 ], [ 965715.313099999330007, 1959909.000050000846386 ], [ 965716.188099999446422, 1959908.443050000816584 ], [ 965716.688100000144914, 1959908.125050000846386 ], [ 965723.313099998980761, 1959902.125049999449402 ], [ 965728.625099999597296, 1959904.000050000846386 ], [ 965734.705000000540167, 1959906.103050000499934 ], [ 965734.878999999957159, 1959906.163150001782924 ], [ 965749.742100001312792, 1959874.058850002009422 ], [ 965745.624999999417923, 1959871.999950001016259 ], [ 965749.32810000050813, 1959865.81605 ], [ 965759.250099999946542, 1959849.250050000147894 ], [ 965761.52210000064224, 1959844.65005 ], [ 965764.313099998980761, 1959839.000049999449402 ], [ 965761.753099999623373, 1959837.127550000790507 ], [ 965765.408800000557676, 1959830.810750000178814 ], [ 965765.442399999708869, 1959830.752650000620633 ], [ 965765.947400000994094, 1959829.875049999449402 ], [ 965766.565999999642372, 1959828.353049999568611 ], [ 965767.124999999650754, 1959826.99995 ], [ 965767.625000000232831, 1959825.749950000550598 ], [ 965767.678000000305474, 1959825.537950000725687 ], [ 965767.749999999301508, 1959825.24995 ], [ 965771.805999998934567, 1959812.541950000450015 ], [ 965774.813000001013279, 1959803.12495 ], [ 965781.313000001013279, 1959768.374949999619275 ], [ 965783.465999999782071, 1959753.980950002092868 ], [ 965786.063000000780448, 1959736.624950001016259 ], [ 965779.963999999687076, 1959726.22395 ], [ 965777.999999999883585, 1959722.874950000317767 ], [ 965774.563000000780448, 1959712.99995000148192 ], [ 965774.17600000044331, 1959709.96295 ], [ 965773.624999999534339, 1959705.62495000148192 ], [ 965774.687999999849126, 1959686.999949999619275 ], [ 965774.954000000609085, 1959678.192950001452118 ], [ 965775.500000000931323, 1959660.124949999852106 ], [ 965776.085000000428408, 1959657.364950001705438 ], [ 965777.062999999616295, 1959652.749949999852106 ], [ 965778.02500000060536, 1959650.255950000137091 ], [ 965778.750000000931323, 1959648.374950001714751 ], [ 965780.312999999616295, 1959644.249950001714751 ], [ 965785.124999999534339, 1959632.37495 ], [ 965789.187999999383464, 1959627.49995000124909 ], [ 965792.896000000066124, 1959623.446950000245124 ], [ 965795.250000001047738, 1959620.87495 ], [ 965798.374999999767169, 1959613.49995 ], [ 965798.566999999457039, 1959613.066950000124052 ], [ 965798.875000000465661, 1959612.374949999619275 ], [ 965800.43599999928847, 1959599.74395 ], [ 965793.034000001149252, 1959577.623950000386685 ], [ 965789.688000000081956, 1959567.62495000148192 ], [ 965788.750000001164153, 1959559.62495000148192 ], [ 965788.416000000666827, 1959547.794950000941753 ], [ 965787.563000000547618, 1959517.624950000317767 ], [ 965787.413000000873581, 1959511.395949999801815 ], [ 965787.249999999068677, 1959504.624950000550598 ], [ 965785.340999999083579, 1959497.800950001459569 ], [ 965784.313000000547618, 1959494.124949999619275 ], [ 965774.769000001251698, 1959485.4319500005804 ], [ 965764.687999999616295, 1959476.249950001016259 ], [ 965762.749999999301508, 1959473.874950001016259 ], [ 965761.413999999989755, 1959472.347950000781566 ], [ 965760.999999999068677, 1959471.874950000550598 ], [ 965760.990000000223517, 1959471.835949999280274 ], [ 965758.343799999100156, 1959461.54505000077188 ], [ 965757.628299999516457, 1959458.762549999635667 ], [ 965757.624400000786409, 1959458.750250000273809 ], [ 965756.388700000708923, 1959455.580050000920892 ], [ 965739.438000001013279, 1959412.124949999852106 ], [ 965744.188000000780448, 1959395.499950000550598 ], [ 965768.624999999534339, 1959310.249950000783429 ], [ 965765.062999999034218, 1959305.999950001714751 ], [ 965757.672000000718981, 1959297.014950000215322 ], [ 965755.500000000582077, 1959294.374950000550598 ], [ 965741.813000000896864, 1959251.999949999852106 ], [ 965739.374999999883585, 1959244.374950001714751 ], [ 965738.377000000560656, 1959238.868950001429766 ], [ 965737.812999999849126, 1959235.74995 ], [ 965736.925000000046566, 1959230.605950001627207 ], [ 965736.000000000931323, 1959225.24995000148192 ], [ 965734.948000000556931, 1959212.92895 ], [ 965734.687999999034218, 1959209.874950001714751 ], [ 965727.214100000448525, 1959192.561850000638515 ], [ 965727.187800000188872, 1959192.49995000148192 ], [ 965720.794099998776801, 1959181.03795000188984 ], [ 965713.312800000421703, 1959167.62495 ], [ 965698.599799999734387, 1959141.196050001075491 ], [ 965693.062799999606796, 1959131.249950000783429 ], [ 965674.686999998986721, 1959086.000149999279529 ], [ 965674.684999999240972, 1959085.997049999888986 ], [ 965668.238899999298155, 1959079.035150000592694 ], [ 965662.187800001120195, 1959072.49995000148192 ], [ 965624.500000001164153, 1959035.874949999619275 ], [ 965611.062799999723211, 1959029.874950000317767 ], [ 965595.874999999068677, 1959022.999950001016259 ], [ 965554.631599999614991, 1959001.378349999897182 ], [ 965554.625000000931323, 1959001.374950001714751 ], [ 965548.978900001267903, 1958998.426150002051145 ], [ 965532.124999999417923, 1958989.62495000148192 ], [ 965523.876000000396743, 1958984.145949999568984 ], [ 965514.999999999534339, 1958978.249950000550598 ], [ 965502.122999998973683, 1958966.255949999205768 ], [ 965493.125, 1958957.874950000550598 ], [ 965479.438000000314787, 1958942.12495000148192 ], [ 965478.199000000720844, 1958940.695950001943856 ], [ 965465.249999998835847, 1958925.749950000550598 ], [ 965455.212000000523403, 1958913.422950001899153 ], [ 965443.875, 1958899.499950000550598 ], [ 965405.215999999083579, 1958828.801949999295175 ], [ 965405.187999999849126, 1958828.749950000550598 ], [ 965402.252999998861924, 1958826.348950000945479 ], [ 965399.687999999034218, 1958824.249950001016259 ], [ 965321.750000000232831, 1958803.12495 ], [ 965301.313000000314787, 1958794.624949999619275 ], [ 965269.500000000698492, 1958769.999950001016259 ], [ 965262.266999999061227, 1958764.319950001314282 ], [ 965257.563000001129694, 1958760.624950000550598 ], [ 965253.586999999824911, 1958757.613950000843033 ], [ 965251.124999999185093, 1958755.74995000148192 ], [ 965250.183500001090579, 1958754.998450001236051 ], [ 965248.625000000232831, 1958754.249949999619275 ], [ 965235.062999999616295, 1958748.12495000124909 ], [ 965225.687999999150634, 1958744.124950000317767 ], [ 965220.374999999767169, 1958739.624950001016259 ], [ 965216.865000000456348, 1958737.59495000122115 ], [ 965215.188000000547618, 1958736.62495000124909 ], [ 965215.151999999769032, 1958736.602950001368299 ], [ 965212.966999999945983, 1958735.262950000353158 ], [ 965210.500000000931323, 1958733.749950000550598 ], [ 965200.109999999520369, 1958726.490950001869351 ], [ 965188.313000000780448, 1958718.249949999619275 ], [ 965177.756500000832602, 1958704.881950000766665 ], [ 965176.766000000177883, 1958702.250950001180172 ], [ 965172.500000000465661, 1958690.87495000148192 ], [ 965168.313000000314787, 1958679.87495 ], [ 965167.631000001099892, 1958675.625949999783188 ], [ 965164.688000001013279, 1958657.24995000148192 ], [ 965165.750000000232831, 1958635.124950001714751 ], [ 965166.265999999362975, 1958632.343950000125915 ], [ 965168.000000001164153, 1958622.999949999619275 ], [ 965168.764999999431893, 1958618.750950001645833 ], [ 965169.688000001129694, 1958613.62495000148192 ], [ 965171.095999999437481, 1958605.31395 ], [ 965172.188000000081956, 1958598.87495000148192 ], [ 965172.562999999383464, 1958596.749949999619275 ], [ 965173.543999999528751, 1958589.729950001463294 ], [ 965174.188000000547618, 1958585.124950000550598 ], [ 965174.027999999700114, 1958580.326949999202043 ], [ 965174.000000000349246, 1958579.499950001016259 ], [ 965173.562800001120195, 1958568.24995000124909 ], [ 965170.5, 1958543.74995000148192 ], [ 965169.000000000232831, 1958522.99995 ], [ 965168.499999999534339, 1958516.999950000783429 ], [ 965168.052000000141561, 1958511.174950001994148 ], [ 965167.624999999534339, 1958505.624949999619275 ], [ 965166.583999999100342, 1958496.477949999738485 ], [ 965166.188000000780448, 1958492.99995000148192 ], [ 965162.125000000931323, 1958486.24995000148192 ], [ 965162.038999998942018, 1958486.121949999127537 ], [ 965156.749999999301508, 1958478.24995000148192 ], [ 965156.235000001266599, 1958477.513950001448393 ], [ 965155.437999999616295, 1958476.37495 ], [ 965152.845999999204651, 1958473.996949999593198 ], [ 965150.125000000232831, 1958471.49995000148192 ], [ 965149.144999999087304, 1958470.668950001243502 ], [ 965148.062999999616295, 1958469.74995000124909 ], [ 965141.999999999301508, 1958463.749949999619275 ], [ 965138.491999999852851, 1958460.515950000379235 ], [ 965133.999999999534339, 1958456.374949999852106 ], [ 965129.624999999185093, 1958452.749950000550598 ], [ 965125.937999999616295, 1958449.749950001016259 ], [ 965124.635000000242144, 1958448.269950001034886 ], [ 965123.188000000431202, 1958446.62495 ], [ 965120.857000000309199, 1958443.853950001765043 ], [ 965118.56299999973271, 1958441.12495000148192 ], [ 965111.874999999534339, 1958433.874950000550598 ], [ 965110.026999998604879, 1958426.735950000118464 ], [ 965109.125000000349246, 1958423.249950000550598 ], [ 965099.625000000814907, 1958395.249950000550598 ], [ 965095.684000001405366, 1958384.012950000353158 ], [ 965090.374999999417923, 1958368.87495000148192 ], [ 965088.42899999988731, 1958363.409950000233948 ], [ 965087.438000001013279, 1958360.62495000148192 ], [ 965081.375000000582077, 1958352.62495000148192 ], [ 965081.128999999724329, 1958352.177950000856072 ], [ 965080.688000000664033, 1958351.37495 ], [ 965078.88, 1958348.290950000286102 ], [ 965076.000000001047738, 1958343.37495 ], [ 965068.298000001115724, 1958331.601950001204386 ], [ 965067.250000000349246, 1958329.999950001016259 ], [ 965059.250000000698492, 1958320.749949999619275 ], [ 965052.938000000896864, 1958313.12495000148192 ], [ 965044.604000000748783, 1958303.146950001362711 ], [ 965043.749999999650754, 1958302.12495 ], [ 965042.173000000184402, 1958299.43395 ], [ 965039.063000001013279, 1958294.12495 ], [ 965029.688000000547618, 1958284.874950001016259 ], [ 965027.684000000474043, 1958281.108949999790639 ], [ 965026.562999999616295, 1958278.999950001016259 ], [ 965024.436000000336207, 1958274.961949999444187 ], [ 965021.624999999767169, 1958269.624950000550598 ], [ 965020.968999999924563, 1958268.35195 ], [ 965019.500000000232831, 1958265.499950000550598 ], [ 965013.500000000931323, 1958253.624950001016259 ], [ 965013.13300000061281, 1958250.423950001597404 ], [ 965011.438000000314787, 1958235.624950001016259 ], [ 965013.723999999579974, 1958228.552949999226257 ], [ 965016.812999999849126, 1958218.999949999619275 ], [ 965020.875999999698251, 1958206.709950000513345 ], [ 965021.93800000124611, 1958203.499950001016259 ], [ 965023.187500000232831, 1958194.249949999619275 ], [ 965024.500000000232831, 1958187.49995000148192 ], [ 965028.243000000482425, 1958179.929950000951067 ], [ 965030.000000001047738, 1958176.374950001016259 ], [ 965031.749999998952262, 1958172.874950000550598 ], [ 965037.059999999823049, 1958163.603950000368059 ], [ 965043.062999999849126, 1958153.124950000550598 ], [ 965045.304000000469387, 1958149.297950000269338 ], [ 965045.629000000655651, 1958148.73845000192523 ], [ 965051.563000000081956, 1958132.749950000783429 ], [ 965051.833000000566244, 1958129.861950000515208 ], [ 965052.31300000124611, 1958124.749950001016259 ], [ 965052.812999999616295, 1958119.99995000124909 ], [ 965052.750000000698492, 1958109.999950001016259 ], [ 965053.844999999855645, 1958107.809950000606477 ], [ 965056.062999999616295, 1958103.374949999852106 ], [ 965056.926000000908971, 1958101.565950000425801 ], [ 965057.374999999185093, 1958100.624950000550598 ], [ 965060.034000000217929, 1958097.288950000889599 ], [ 965060.063000000547618, 1958097.24995000148192 ], [ 965064.000000000465661, 1958093.874950000550598 ], [ 965066.256999999284744, 1958091.34695 ], [ 965068.688000000081956, 1958088.62495 ], [ 965075.31300000124611, 1958081.874949999619275 ], [ 965079.4819999987958, 1958079.042950000148267 ], [ 965085.250000000232831, 1958075.124950001714751 ], [ 965093.25, 1958072.37495 ], [ 965099.125000000116415, 1958069.999950000317767 ], [ 965099.614999999641441, 1958069.848949999548495 ], [ 965099.938000000081956, 1958069.74995 ], [ 965104.563000000780448, 1958067.749950001714751 ], [ 965112.42600000044331, 1958063.418950001243502 ], [ 965113.188000000198372, 1958062.999949999619275 ], [ 965121.812999999616295, 1958054.24995000124909 ], [ 965124.187999999616295, 1958052.999950001714751 ], [ 965131.812999999849126, 1958048.874950001714751 ], [ 965133.424000000231899, 1958047.552950000856072 ], [ 965139.125000000931323, 1958042.87495 ], [ 965143.813000000547618, 1958042.87495 ], [ 965149.544000000343658, 1958042.78495000069961 ], [ 965151.813000000314787, 1958042.74995000124909 ], [ 965163.125, 1958041.99995 ], [ 965165.110999999800697, 1958041.638950001448393 ], [ 965166.563000000314787, 1958041.374950000550598 ], [ 965167.911999999312684, 1958041.063950001029298 ], [ 965169.813000000198372, 1958040.62495000148192 ], [ 965173.813000001129694, 1958038.624950001016259 ], [ 965175.286000000545755, 1958038.018950000405312 ], [ 965178.375000000698492, 1958036.749949999619275 ], [ 965180.121000001206994, 1958035.973949999082834 ], [ 965181.749999999767169, 1958035.24995 ], [ 965183.384999999776483, 1958033.847950000781566 ], [ 965186.563000000547618, 1958031.12495 ], [ 965187.062999999150634, 1958030.62495000148192 ], [ 965197.062999999267049, 1958025.874950001714751 ], [ 965197.70900000014808, 1958025.462950000539422 ], [ 965198.438000000081956, 1958024.99995000148192 ], [ 965199.28000000026077, 1958024.510950000956655 ], [ 965200.374999999301508, 1958023.87495000124909 ], [ 965203.690999999060296, 1958018.491950000170618 ], [ 965203.752000000327826, 1958018.306950001046062 ], [ 965205.688000001013279, 1958012.499950000317767 ], [ 965205.188000000314787, 1958007.964950001332909 ], [ 965204.877000000793487, 1958005.123766667442396 ], [ 965214.251150000607595, 1957999.244999998947605 ], [ 965214.429149999748915, 1957999.132999999448657 ], [ 965222.81315000122413, 1957993.875 ], [ 965223.195150000974536, 1957993.619999999180436 ], [ 965224.3131500009913, 1957992.875000000931323 ], [ 965225.838150001480244, 1957991.471 ], [ 965228.250150000792928, 1957989.249999999301508 ], [ 965229.813149999594316, 1957987.749999999534339 ], [ 965231.634150000056252, 1957985.982000001240522 ], [ 965234.063150000758469, 1957983.624999999534339 ], [ 965240.231150000123307, 1957980.153000000631437 ], [ 965242.500150000094436, 1957978.874999999534339 ], [ 965245.563150000758469, 1957978.750000000698492 ], [ 965252.312150000128895, 1957981.194000001065433 ], [ 965252.813149999594316, 1957981.375000000931323 ], [ 965261.188150000874884, 1957984.874999999068677 ], [ 965262.358149999869056, 1957985.414999999804422 ], [ 965263.625150000909343, 1957985.999999999301508 ], [ 965269.4381500009913, 1957987.499999999068677 ], [ 965277.313150001573376, 1957987.625000000465661 ], [ 965284.813150000642054, 1957986.874999999534339 ], [ 965287.393150000018068, 1957986.383000000147149 ], [ 965291.375150000676513, 1957985.625 ], [ 965296.625150001142174, 1957984.75 ], [ 965301.47514999913983, 1957983.732000000309199 ], [ 965305.563149999827147, 1957982.875000000698492 ], [ 965307.549149999627843, 1957982.437999998917803 ], [ 965311.25014999974519, 1957981.624999999068677 ], [ 965321.188149999827147, 1957978.25 ], [ 965323.613150001037866, 1957977.185 ], [ 965326.31315000122413, 1957975.999999999068677 ], [ 965330.375150000094436, 1957974.125 ], [ 965343.563150000059977, 1957969.000000000931323 ], [ 965349.346350000821985, 1957967.647600001422688 ], [ 965349.434249999467283, 1957967.627399999182671 ], [ 965349.437149999313988, 1957967.626800000201911 ], [ 965354.625149999512359, 1957967.000000000465661 ], [ 965355.625150000909343, 1957967.000000000465661 ], [ 965358.424150000559166, 1957967.000000000465661 ], [ 965363.688149999594316, 1957967.000000000465661 ], [ 965369.6881500009913, 1957967.124999999301508 ], [ 965380.000149999512359, 1957965.750000000931323 ], [ 965383.684150000335649, 1957965.777000001166016 ], [ 965396.8131500009913, 1957965.875 ], [ 965396.814149999874644, 1957965.926 ], [ 965397.063150001456961, 1957976.874999999068677 ], [ 965403.569150000694208, 1957977.32700000051409 ], [ 965413.250149999978021, 1957977.999999999534339 ], [ 965421.017150000901893, 1957977.828 ], [ 965424.563150000758469, 1957977.749999999301508 ], [ 965429.50014999974519, 1957976.75 ], [ 965436.375150001375005, 1957974.875000000931323 ], [ 965458.785150001291186, 1957967.385999999474734 ], [ 965460.688149999710731, 1957966.75 ], [ 965460.879150000750087, 1957966.688999998616055 ], [ 965463.43815000122413, 1957965.875 ], [ 965473.125149999978021, 1957962.625 ], [ 965474.47215000144206, 1957962.41200000140816 ], [ 965475.50014999974519, 1957962.250000000465661 ], [ 965477.750150000676513, 1957962.000000000232831 ], [ 965478.090150000411086, 1957962.067999999737367 ], [ 965478.375150000443682, 1957962.124999999301508 ], [ 965480.267150001134723, 1957962.327999999048188 ], [ 965481.875150000676513, 1957962.500000000931323 ], [ 965487.250150000210851, 1957964.000000000698492 ], [ 965491.375150000210851, 1957965.374999999068677 ], [ 965495.784150001360103, 1957966.869000001810491 ], [ 965502.438150000642054, 1957969.125 ], [ 965540.250150000792928, 1957981.750000000232831 ], [ 965545.65314999956172, 1957983.242000001017004 ], [ 965568.313149999827147, 1957989.499999999534339 ], [ 965584.37715000147, 1957993.396999999182299 ], [ 965593.563150000642054, 1957995.625 ], [ 965604.702149999793619, 1957996.821999999694526 ], [ 965618.000149999279529, 1957998.250000000465661 ], [ 965640.313149999477901, 1957998.374999999534339 ], [ 965658.563149999710731, 1957997.000000000931323 ], [ 965669.813149999361485, 1957994.625000000931323 ], [ 965683.899150000419468, 1957989.587999999290332 ], [ 965701.625150000210851, 1957983.25 ], [ 965707.885150000918657, 1957980.409999999217689 ], [ 965713.750149999978021, 1957977.749999999301508 ], [ 965726.792149999877438, 1957970.369999998714775 ], [ 965736.063150000176392, 1957965.125000000931323 ], [ 965751.881150000961497, 1957955.213999999221414 ], [ 965771.375150001375005, 1957942.999999999068677 ], [ 965805.188150001456961, 1957925.625000000931323 ], [ 965818.451150001375936, 1957920.337 ], [ 965824.625149999978021, 1957917.874999999534339 ], [ 965835.438150000176392, 1957914.25 ], [ 965838.580150000401773, 1957913.404 ], [ 965838.688250001054257, 1957913.375499998219311 ], [ 965838.69954999955371, 1957913.372600000817329 ], [ 965858.500150000327267, 1957908.375 ], [ 965863.9381500009913, 1957906.250000000465661 ], [ 965864.484150001313537, 1957906.076999999582767 ], [ 965865.125149999279529, 1957905.875000000931323 ], [ 965865.58015000144951, 1957905.607000000309199 ], [ 965866.188149999594316, 1957905.249999999068677 ], [ 965869.06815000064671, 1957903.910000000149012 ], [ 965871.56315000122413, 1957902.75 ], [ 965873.62514999974519, 1957901.0 ], [ 965876.688150000525638, 1957898.500000000931323 ], [ 965877.892150000319816, 1957897.455999999772757 ], [ 965878.563149999594316, 1957896.875 ], [ 965901.809250001329929, 1957869.255199999548495 ], [ 965901.81375000148546, 1957869.250700001604855 ], [ 965903.931149999145418, 1957867.404 ], [ 965920.750150000094436, 1957852.749999999068677 ], [ 965930.940150000387803, 1957846.249999999068677 ], [ 965934.625149999978021, 1957845.374999999068677 ], [ 965934.797149999649264, 1957845.312000000150874 ], [ 965935.313150000874884, 1957845.125000000931323 ], [ 965942.250150000327267, 1957845.125000000931323 ], [ 965946.721149999415502, 1957845.286999999545515 ], [ 965952.625149999978021, 1957845.500000000465661 ], [ 965954.770149999530986, 1957845.573999999091029 ], [ 965967.125149999512359, 1957846.000000000931323 ], [ 965984.445150000043213, 1957847.645 ], [ 965988.188150000292808, 1957847.999999999301508 ], [ 965998.817149999784306, 1957850.251999999862164 ], [ 966008.250150000676513, 1957852.250000000465661 ], [ 966021.563149999827147, 1957856.249999999301508 ], [ 966022.356149999657646, 1957856.494999999180436 ], [ 966030.063150000292808, 1957858.874999999534339 ], [ 966038.855150000890717, 1957860.08500000089407 ], [ 966045.500149999978021, 1957860.999999999068677 ], [ 966051.921150000533089, 1957860.537 ], [ 966052.438150000525638, 1957860.500000000465661 ], [ 966053.750150000094436, 1957859.875000000931323 ], [ 966055.158150000730529, 1957859.156 ], [ 966056.688149999594316, 1957858.375000000931323 ], [ 966067.438150000758469, 1957851.625000000931323 ], [ 966075.563149999594316, 1957842.875 ], [ 966082.41625, 1957832.40610000025481 ], [ 966083.478350000223145, 1957830.7832 ], [ 966083.50010000099428, 1957830.750099999131635 ], [ 966083.918350000516511, 1957829.712200000416487 ], [ 966085.313250000355765, 1957826.250099999830127 ], [ 966085.500249999575317, 1957825.875100000295788 ], [ 966086.751250000088476, 1957820.250100000528619 ], [ 966086.667250000056811, 1957818.456100000534207 ], [ 966086.500250000972301, 1957814.875099998898804 ], [ 966086.481150000821799, 1957814.810099999886006 ], [ 966084.875249999808148, 1957809.250099998898804 ], [ 966076.563249999657273, 1957792.0001 ], [ 966074.048250001156703, 1957786.05710000032559 ], [ 966072.438249999657273, 1957782.250100000295788 ], [ 966071.760150001151487, 1957775.891099999891594 ], [ 966071.625550000462681, 1957774.619000001810491 ], [ 966071.625350000686012, 1957774.613099998794496 ], [ 966071.750250000972301, 1957771.500099998898804 ], [ 966071.780150001286529, 1957769.755100001581013 ], [ 966071.813249999890104, 1957767.875099999597296 ], [ 966072.845149999135174, 1957765.271100000478327 ], [ 966073.25025000073947, 1957764.250100000295788 ], [ 966074.813249999540858, 1957761.875100000295788 ], [ 966075.012150000897236, 1957761.520099998917431 ], [ 966075.375250000273809, 1957760.875099998898804 ], [ 966076.250250000506639, 1957760.251100000459701 ], [ 966079.000249999691732, 1957758.125099999830127 ], [ 966094.625249999808148, 1957750.00010000099428 ], [ 966138.12525000073947, 1957725.125099999364465 ], [ 966151.893249999731779, 1957717.049100001109764 ], [ 966168.813250000122935, 1957707.125099999597296 ], [ 966177.972250001039356, 1957700.072100001387298 ], [ 966180.500249999342486, 1957698.125100000761449 ], [ 966195.813250001054257, 1957681.875099998898804 ], [ 966197.250249999691732, 1957678.7501 ], [ 966197.493249999708496, 1957678.168099999194965 ], [ 966197.563250001287088, 1957678.000099999131635 ], [ 966198.813250000588596, 1957673.375100000761449 ], [ 966203.125249999808148, 1957665.375100000761449 ], [ 966203.818249999079853, 1957664.152099999599159 ], [ 966204.188250000122935, 1957663.500099999364465 ], [ 966203.250250001205131, 1957654.125099998898804 ], [ 966203.223149999743327, 1957653.999099998967722 ], [ 966199.486150000942871, 1957636.221100000198931 ], [ 966196.813099999795668, 1957623.500100000761449 ], [ 966196.823150000302121, 1957623.457999999867752 ], [ 966202.938149999710731, 1957599.374999999534339 ], [ 966209.549150000093505, 1957586.738000000361353 ], [ 966209.994750000303611, 1957585.8852 ], [ 966214.375150000792928, 1957567.125000000465661 ], [ 966208.875149999978021, 1957541.249999999767169 ], [ 966193.563150001456961, 1957518.125000000698492 ], [ 966193.221149999648333, 1957517.668999999761581 ], [ 966191.500149999861605, 1957515.374999999068677 ], [ 966169.250150000909343, 1957485.249999999534339 ], [ 966163.758150001522154, 1957456.66200000140816 ], [ 966163.750149999978021, 1957456.624999999534339 ], [ 966168.196150000672787, 1957443.815 ], [ 966169.000150000443682, 1957441.500000000465661 ], [ 966169.797149999882095, 1957439.180999998934567 ], [ 966175.188149999943562, 1957423.500000000465661 ], [ 966179.250650001456961, 1957379.369000000180677 ], [ 966179.272150001022965, 1957379.142999999690801 ], [ 966180.375150001375005, 1957367.5 ], [ 966181.125150000210851, 1957359.25 ], [ 966172.06315000122413, 1957342.249999999301508 ], [ 966166.925150000141002, 1957325.242000001482666 ], [ 966164.813150000292808, 1957318.250000000232831 ], [ 966169.250150000909343, 1957312.875000000698492 ], [ 966191.688150000059977, 1957282.624999999767169 ], [ 966192.771150000393391, 1957281.141000000527129 ], [ 966196.250149999512359, 1957276.375000000232831 ], [ 966198.500150000443682, 1957273.375000000465661 ], [ 966205.250150000676513, 1957203.750000000931323 ], [ 966206.813149999361485, 1957159.000000000232831 ], [ 966224.787050001090392, 1957123.535900000715628 ], [ 966225.374849999323487, 1957122.375000000698492 ], [ 966225.376750000403263, 1957122.370500000659376 ], [ 966228.875150000443682, 1957111.624999999534339 ], [ 966225.574150000233203, 1957097.367000001017004 ], [ 966221.813149999710731, 1957081.125000000465661 ], [ 966218.657150001032278, 1957067.766000001691282 ], [ 966217.000150001025759, 1957060.750000000465661 ], [ 966221.439650001819246, 1957057.622500001685694 ], [ 966232.126150001306087, 1957049.99599999981001 ], [ 966239.594149999320507, 1957022.362999999895692 ], [ 966248.813150000758469, 1956988.250000000232831 ], [ 966224.438149999827147, 1956939.250000000698492 ], [ 966222.623150001047179, 1956904.495999998413026 ], [ 966221.87514999974519, 1956903.000000000465661 ], [ 966220.835150000406429, 1956900.855999999679625 ], [ 966217.8131500009913, 1956894.624999999068677 ], [ 966216.362149999244139, 1956891.778999998699874 ], [ 966214.5631500009913, 1956888.250000000465661 ], [ 966211.000149999512359, 1956888.124999999068677 ], [ 966205.805150001076981, 1956887.808000000426546 ], [ 966202.813150000642054, 1956887.625000000931323 ], [ 966202.938149999710731, 1956882.875000000931323 ], [ 966203.187649999512359, 1956872.138100000564009 ], [ 966203.211249999701977, 1956870.493100001476705 ], [ 966203.250250001205131, 1956867.875099999364465 ], [ 966203.312650000909343, 1956866.008099999278784 ], [ 966181.000249999924563, 1956820.625099999830127 ], [ 966178.714250000659376, 1956816.053099999204278 ], [ 966178.375249999808148, 1956815.375200000591576 ], [ 966178.273150000604801, 1956793.5832 ], [ 966178.252000001259148, 1956788.620500000193715 ], [ 966164.68815000122413, 1956677.375000000698492 ], [ 966161.754199998569675, 1956668.512100000632927 ], [ 966172.563250000705011, 1956660.625099998898804 ], [ 966179.966249999939464, 1956653.568099998869002 ], [ 966180.558650001650676, 1956653.004599998705089 ], [ 966207.688250000472181, 1956644.500100000528619 ], [ 966233.175249999621883, 1956624.79209999833256 ], [ 966274.938250000355765, 1956592.500099999131635 ], [ 966299.250250000040978, 1956553.500099999597296 ], [ 966301.793149998877198, 1956549.406099999789149 ], [ 966311.438250000821427, 1956533.875100000761449 ], [ 966315.35115, 1956513.229099999647588 ], [ 966316.438250000937842, 1956507.500099999597296 ], [ 966306.688250001054257, 1956491.625099999364465 ], [ 966309.313250001287088, 1956422.625000000465661 ], [ 966309.500250000506639, 1956417.124999999534339 ], [ 966307.188249999540858, 1956385.875100000528619 ], [ 966290.333250000141561, 1956355.924100000411272 ], [ 966289.250350000802428, 1956353.999299999559298 ], [ 966275.688250001287088, 1956335.750199999194592 ], [ 966275.00125000148546, 1956331.577099998947233 ], [ 966274.063250000355765, 1956325.875099999364465 ], [ 966285.688249999424443, 1956285.125000000931323 ], [ 966284.188249999540858, 1956260.875100000295788 ], [ 966282.91615000134334, 1956254.893100001383573 ], [ 966279.750250000273809, 1956240.000099999830127 ], [ 966280.975250001298264, 1956224.150200001196936 ], [ 966283.063250001287088, 1956197.124999999767169 ], [ 966256.67705000040587, 1956170.341999999247491 ], [ 966233.313250000705011, 1956146.625099998898804 ], [ 966233.125250000506639, 1956146.400099999271333 ], [ 966233.000249999226071, 1956146.250000000931323 ], [ 966225.587250001030043, 1956137.9070999994874 ], [ 966217.563150000525638, 1956128.875099999364465 ], [ 966212.97815000009723, 1956119.188100000843406 ], [ 966203.188250001054257, 1956098.500099999364465 ], [ 966201.500250000972301, 1956095.000099999131635 ], [ 966197.188249999657273, 1956085.875099998898804 ], [ 966183.500250001088716, 1956039.125100000295788 ], [ 966183.953249998972751, 1956024.368099999846891 ], [ 966184.375250001205131, 1956010.625099999364465 ], [ 966176.250250000273809, 1956004.750099999364465 ], [ 966175.81625000142958, 1956004.356100000906736 ], [ 966175.563250000355765, 1956004.125099999597296 ], [ 966156.245250001433305, 1955990.038099999772385 ], [ 966152.250250000972301, 1955987.125099998898804 ], [ 966146.357250000583008, 1955979.053100000135601 ], [ 966137.375249999808148, 1955966.750000000232831 ], [ 966127.507150000194088, 1955962.773099998943508 ], [ 966120.934250001329929, 1955960.120999999344349 ], [ 966097.188249999890104, 1955933.75 ], [ 966086.805250001139939, 1955922.235000000335276 ], [ 966076.563249999657273, 1955910.8751 ], [ 966076.549150000093505, 1955910.846099999733269 ], [ 966066.375249999342486, 1955889.125000000698492 ], [ 966060.83015000121668, 1955877.442099999869242 ], [ 966058.188250000355765, 1955871.874900000868365 ], [ 966058.159250000026077, 1955871.818199999630451 ], [ 966057.875250001088716, 1955871.250199999660254 ], [ 966057.196649999939837, 1955869.767699999734759 ], [ 966035.500250000855885, 1955829.885100000537932 ], [ 966020.125250001205131, 1955801.625199999893084 ], [ 966015.063250000821427, 1955792.364099999656901 ], [ 966009.125249999575317, 1955781.500200000358745 ], [ 966005.16025000042282, 1955776.21309999935329 ], [ 966003.125250000273809, 1955773.500200000591576 ], [ 965999.892150000901893, 1955769.23420000099577 ], [ 965993.938250000122935, 1955761.375199998728931 ], [ 965954.250249999808148, 1955735.500200000358745 ], [ 965952.000250001205131, 1955729.625200000125915 ], [ 965947.834249999839813, 1955718.624099998734891 ], [ 965945.563250000122935, 1955712.625199999427423 ], [ 965939.625250001088716, 1955706.500199998728931 ], [ 965935.454249999253079, 1955702.261199999600649 ], [ 965932.00025000073947, 1955698.750199999660254 ], [ 965912.06374999973923, 1955686.742199999745935 ], [ 965913.313250001054257, 1955670.625200000358745 ], [ 965913.317149999551475, 1955670.578199999872595 ], [ 965917.188250000705011, 1955638.000199999660254 ], [ 965922.912250000052154, 1955627.307200000155717 ], [ 965923.814050000859424, 1955625.625199999427423 ], [ 966098.500249999342486, 1955388.125200000125915 ], [ 966102.188249999890104, 1955383.875199998961762 ], [ 966146.063250000355765, 1955332.750199999660254 ], [ 966146.104249999392778, 1955332.70119999954477 ], [ 966279.497049999423325, 1955172.758300001267344 ], [ 966309.636249999515712, 1955136.612099999096245 ], [ 966310.223149999976158, 1955135.908100000116974 ], [ 966310.250249999342486, 1955135.875100000295788 ], [ 966271.605250001419336, 1955046.932099999394268 ], [ 966261.750250000273809, 1955024.250099999131635 ], [ 966220.563250001287088, 1955023.125100000761449 ], [ 966214.063250001287088, 1955021.000099999131635 ], [ 966206.989150000852533, 1955018.718099999474362 ], [ 966175.31325, 1955008.5001 ], [ 966152.852249999879859, 1955011.576099998317659 ], [ 966136.063250000122935, 1955013.875099999364465 ], [ 966103.399250000133179, 1954998.249100000597537 ], [ 966043.563249999424443, 1954969.625099999597296 ], [ 966030.063250001287088, 1954965.125100000295788 ], [ 965973.813250000588596, 1954957.375100000761449 ], [ 965923.250250000040978, 1954954.375099998898804 ], [ 965915.561249999795109, 1954952.159099998883903 ], [ 965908.938250000588596, 1954950.250099998898804 ], [ 965883.118249999824911, 1954950.173099999316037 ], [ 965867.250249999808148, 1954950.125099999830127 ], [ 965861.642150000552647, 1954947.302100000437349 ], [ 965848.375249999808148, 1954940.625100000295788 ], [ 965838.035249999957159, 1954928.4551 ], [ 965832.129150000866503, 1954921.504600000102073 ], [ 965825.750249999226071, 1954837.625099998898804 ], [ 965816.836250000167638, 1954825.06709999917075 ], [ 965798.688250000355765, 1954799.500099999364465 ], [ 965786.563250000588596, 1954791.625099998898804 ], [ 965782.563249999657273, 1954789.000100000761449 ], [ 965782.257149999728426, 1954788.816100000170991 ], [ 965781.935099998721853, 1954788.619099999777973 ], [ 965781.932650000089779, 1954788.617000001249835 ], [ 965742.750250000273809, 1954730.500099999364465 ], [ 965718.563249999657273, 1954674.125099999830127 ], [ 965699.745749999769032, 1954662.863600001903251 ], [ 965692.063249999424443, 1954643.500099999364465 ], [ 965682.815249999985099, 1954620.436099999584258 ], [ 965681.438249999424443, 1954617.000099999131635 ], [ 965678.221249999362044, 1954604.336100001819432 ], [ 965671.500249999342486, 1954577.875100000761449 ], [ 965663.563250000821427, 1954561.500099999597296 ], [ 965659.529250001185574, 1954548.746099998243153 ], [ 965651.188250000705011, 1954522.375099998898804 ], [ 965631.625249999808148, 1954507.000099999131635 ], [ 965627.00324999995064, 1954503.360100000165403 ], [ 965615.438250001287088, 1954494.250099999830127 ], [ 965595.278150001075119, 1954385.125099999830127 ], [ 965592.438250001287088, 1954369.739100000122562 ], [ 965592.625250000506639, 1954328.875099999364465 ], [ 965580.684199999668635, 1954296.005199999548495 ], [ 965573.28025000100024, 1954274.184100000187755 ], [ 965573.214150000363588, 1954273.98909999942407 ], [ 965568.125250000623055, 1954259.000000000465661 ], [ 965567.387149999616668, 1954254.240100000519305 ], [ 965564.813149999594316, 1954237.624999999068677 ], [ 965560.968150001135655, 1954208.179999999003485 ], [ 965558.563149999943562, 1954189.75010000099428 ], [ 965559.125150000792928, 1954155.25 ], [ 965553.166150000528432, 1954135.2141 ], [ 965538.93815000122413, 1954087.375099999131635 ], [ 965527.000249999342486, 1954042.374999999534339 ], [ 965526.691150001017377, 1954041.2281 ], [ 965525.250150000443682, 1954035.875100000528619 ], [ 965518.768249999731779, 1954019.544999999459833 ], [ 965507.438249999540858, 1953991.000100000761449 ], [ 965483.817150000599213, 1953996.604099999647588 ], [ 965465.813150001107715, 1954000.875099999830127 ], [ 965453.654249999206513, 1954003.698999999091029 ], [ 965443.750250000040978, 1954006.000000000232831 ], [ 965421.94415, 1954016.310099999886006 ], [ 965384.000249999226071, 1954034.250000000698492 ], [ 965323.998649999964982, 1954062.497099999105558 ], [ 965314.438250000588596, 1954041.000000000931323 ], [ 965314.414250000845641, 1954040.94700000109151 ], [ 965301.125850000767969, 1954011.001700001535937 ], [ 965279.796050000237301, 1953998.151200001128018 ], [ 965264.813150000292808, 1953989.124300000490621 ], [ 965258.152150000678375, 1953988.594300000695512 ], [ 965235.000150001025759, 1953986.750000000931323 ], [ 965216.375150001375005, 1953981.125000000931323 ], [ 965191.716250000405125, 1953978.918199998792261 ], [ 965184.250150001258589, 1953978.250099999364465 ], [ 965183.444149999413639, 1953978.160099999746308 ], [ 965183.128149999422021, 1953978.125399998622015 ], [ 965077.063250000472181, 1953951.125200000125915 ], [ 964918.938250000937842, 1953931.375200000125915 ], [ 964916.625250001205131, 1953932.000199999893084 ], [ 964898.45915, 1953937.304100000299513 ], [ 964890.938050001161173, 1953939.500199998728931 ], [ 964883.625250000972301, 1953934.625200000125915 ], [ 964877.235149999614805, 1953930.284400000236928 ], [ 964877.000249999808148, 1953930.125200000591576 ], [ 964865.312949999934062, 1953922.000100000761449 ], [ 964853.813050000811927, 1953916.250200000591576 ], [ 964847.36335000093095, 1953913.055999999633059 ], [ 964840.688249999424443, 1953909.750099999830127 ], [ 964810.813150001456961, 1953899.250099998898804 ], [ 964789.250250001088716, 1953898.625099999364465 ], [ 964787.603250000043772, 1953856.11409999942407 ], [ 964787.249750000075437, 1953847.000099999364465 ], [ 964764.134150000754744, 1953839.346199999796227 ], [ 964749.500250000623055, 1953834.500199998961762 ], [ 964728.625150001375005, 1953830.125199998728931 ], [ 964713.963150001014583, 1953827.0961 ], [ 964686.875249999109656, 1953821.500199999194592 ], [ 964661.06215000001248, 1953815.625100000295788 ], [ 964641.500250001205131, 1953818.750199999893084 ], [ 964638.250250001205131, 1953819.250200000591576 ], [ 964623.832249999511987, 1953826.902100000530481 ], [ 964618.940749999717809, 1953829.498600000981241 ], [ 964605.063249999540858, 1953830.125199998728931 ], [ 964577.375150001142174, 1953844.625200000591576 ], [ 964573.875150000909343, 1953843.000100000761449 ], [ 964572.766150000970811, 1953842.445199999026954 ], [ 964572.133250000886619, 1953842.129200001247227 ], [ 964571.750250000040978, 1953838.375199998728931 ], [ 964571.539250001194887, 1953836.052100001368672 ], [ 964571.367749999742955, 1953834.247700000647455 ], [ 964535.024250001180917, 1953821.282199999783188 ], [ 964484.125250000390224, 1953803.125099998898804 ], [ 964477.608150000218302, 1953794.606200000271201 ], [ 964469.688249999657273, 1953784.250199999893084 ], [ 964468.196150000207126, 1953782.234200001228601 ], [ 964467.375150001142174, 1953781.125100000295788 ], [ 964441.88814999978058, 1953771.279200000222772 ], [ 964441.813250000821427, 1953771.250200000125915 ], [ 964473.875249999808148, 1953772.125200000125915 ], [ 964476.600250000599772, 1953773.669199999887496 ], [ 964477.625250000506639, 1953774.250199999660254 ], [ 964482.938249999890104, 1953775.125199999660254 ], [ 964490.250250000972301, 1953772.625199998728931 ], [ 964496.982250000815839, 1953772.785100000910461 ], [ 964506.000250000040978, 1953773.000200000125915 ], [ 964510.434350000694394, 1953773.750100000295788 ], [ 964510.438150000525638, 1953773.750800000503659 ], [ 964516.935250000562519, 1953774.810200000647455 ], [ 964551.813250000821427, 1953780.500199999194592 ], [ 964553.670249999733642, 1953780.334200001321733 ], [ 964563.000249999342486, 1953779.500200000125915 ], [ 964582.125249999691732, 1953777.875199999194592 ], [ 964605.645149999530986, 1953775.902100000297651 ], [ 964629.813249999657273, 1953773.875200000358745 ], [ 964636.807250000885688, 1953774.668099998962134 ], [ 964641.938249999424443, 1953775.250199998728931 ], [ 964644.401250001159497, 1953775.562100000679493 ], [ 964646.875250000623055, 1953775.875200000824407 ], [ 964674.500249999109656, 1953779.125200000591576 ], [ 964681.503250000532717, 1953776.762100000865757 ], [ 964699.688249999890104, 1953770.625200000358745 ], [ 964714.778150000725873, 1953765.620199999772012 ], [ 964724.563250001287088, 1953762.375200000125915 ], [ 964926.938250000588596, 1953671.500200000591576 ], [ 964926.893249999848194, 1953671.450099998153746 ], [ 964919.688249999657273, 1953663.375199999660254 ], [ 964915.938250001287088, 1953655.250199998728931 ], [ 964913.189250000752509, 1953646.62739999871701 ], [ 964912.998249999829568, 1953641.076199998147786 ], [ 964912.875250000506639, 1953637.500199999194592 ], [ 964912.881249999860302, 1953637.469200001098216 ], [ 964913.727249999763444, 1953632.956199999898672 ], [ 964914.563250000588596, 1953628.500200000125915 ], [ 964916.215150001225993, 1953624.958199999760836 ], [ 964921.563250001170672, 1953613.500199999893084 ], [ 964921.722250001039356, 1953613.054099999368191 ], [ 964921.875249999342486, 1953612.625199999893084 ], [ 964925.798250000691041, 1953600.170199999352917 ], [ 964925.81325000023935, 1953600.125200000591576 ], [ 964926.108150000451133, 1953595.988099998794496 ], [ 964926.250249999808148, 1953594.000200000125915 ], [ 964926.457150000380352, 1953589.515100001590326 ], [ 964926.938250000588596, 1953579.125199998961762 ], [ 964926.625249999109656, 1953571.000200000125915 ], [ 964926.375250001088716, 1953563.750199999194592 ], [ 964925.697150000371039, 1953556.349199999822304 ], [ 964925.000250000273809, 1953548.750199998961762 ], [ 964923.711249999469146, 1953540.127100000623614 ], [ 964923.000249999808148, 1953535.375199999660254 ], [ 964920.188250000355765, 1953522.750199999194592 ], [ 964915.875250000273809, 1953509.750199999660254 ], [ 964920.938249999191612, 1953460.750199999893084 ], [ 964923.875249999924563, 1953432.000199998728931 ], [ 964923.872150000417605, 1953431.966200000140816 ], [ 964923.735250001307577, 1953430.254099999554455 ], [ 964922.063249999657273, 1953409.375200000358745 ], [ 964921.438249999890104, 1953402.000200000358745 ], [ 964921.19524999987334, 1953399.201199998613447 ], [ 964920.875250000273809, 1953395.500200000591576 ], [ 964918.993250000756234, 1953372.27119999891147 ], [ 964917.618699998827651, 1953355.375099999830127 ], [ 964917.336250000749715, 1953333.536100000608712 ], [ 964917.000250000623055, 1953308.125100000295788 ], [ 964916.751250001252629, 1953287.799100000876933 ], [ 964916.750250000273809, 1953287.750100000295788 ], [ 964907.891250001033768, 1953280.605100000742823 ], [ 964901.250249999342486, 1953275.250099998898804 ], [ 964899.738250000751577, 1953267.342100000707433 ], [ 964898.813249999191612, 1953262.500099999364465 ], [ 964896.438249999424443, 1953256.375099998898804 ], [ 964892.845150000182912, 1953247.309100000420585 ], [ 964892.38025000016205, 1953246.1376 ], [ 964870.904750000103377, 1953225.279100000392646 ], [ 964870.875249999342486, 1953225.250100000295788 ], [ 964866.617250001057982, 1953215.032099998556077 ], [ 964861.500250000972301, 1953202.750100000761449 ], [ 964857.55614999984391, 1953199.116099999286234 ], [ 964855.125750000705011, 1953196.8676 ], [ 964855.654250001185574, 1953189.14809999987483 ], [ 964856.750250001205131, 1953173.125099999830127 ], [ 964856.4302500016056, 1953170.139100000727922 ], [ 964856.375249999691732, 1953169.625099999364465 ], [ 964856.240249999449588, 1953168.504100000951439 ], [ 964855.938250000122935, 1953166.0001 ], [ 964842.59315000125207, 1953140.946100000757724 ], [ 964836.563249999424443, 1953129.625100000761449 ], [ 964831.688250000588596, 1953108.625099999131635 ], [ 964829.629149999818765, 1953104.020099998451769 ], [ 964823.250250000390224, 1953089.750099999131635 ], [ 964818.134150000405498, 1953084.391100000124425 ], [ 964816.688250000355765, 1953082.875099999830127 ], [ 964815.223150001373142, 1953081.385099998908117 ], [ 964809.313250000355765, 1953075.375100000761449 ], [ 964803.5922499995213, 1953060.003099999623373 ], [ 964799.125250000040978, 1953048.000100000295788 ], [ 964782.750250001205131, 1953022.000100000761449 ], [ 964779.664249999448657, 1953016.17009999928996 ], [ 964778.250249999575317, 1953013.500100000295788 ], [ 964777.412250001099892, 1953011.898100000340492 ], [ 964772.563249999540858, 1953002.6251 ], [ 964770.688250000355765, 1952987.625099999830127 ], [ 964774.938249999424443, 1952968.750099999830127 ], [ 964775.524249999900348, 1952965.027099999599159 ], [ 964776.750249999691732, 1952957.250099999830127 ], [ 964778.563250001054257, 1952945.999099999200553 ], [ 964788.000249999342486, 1952930.125099999830127 ], [ 964790.125250001205131, 1952919.625099998898804 ], [ 964785.250250000040978, 1952895.8751 ], [ 964783.631250000558794, 1952881.920099999755621 ], [ 964783.625250001205131, 1952881.875099998898804 ], [ 964782.121750000165775, 1952868.7456 ], [ 964758.250249999109656, 1952836.000100000295788 ], [ 964754.400150001281872, 1952830.659099999349564 ], [ 964754.375249999342486, 1952830.625100000761449 ], [ 964757.250250000040978, 1952811.875099999830127 ], [ 964757.625249999342486, 1952809.250099999364465 ], [ 964758.285250001004897, 1952807.631099999882281 ], [ 964759.000250000040978, 1952805.875100000528619 ], [ 964764.688250001054257, 1952791.250099999597296 ], [ 964764.681149999727495, 1952791.199100001715124 ], [ 964760.750199998728931, 1952762.125099999131635 ], [ 964760.7491500005126, 1952762.088099999818951 ], [ 964760.688250000122935, 1952759.500199999893084 ], [ 964760.148150000488386, 1952755.264100000495091 ], [ 964759.875250000273809, 1952753.125199998961762 ], [ 964759.995250000851229, 1952751.312100001145154 ], [ 964759.999149999464862, 1952751.250199999660254 ], [ 964760.250249999575317, 1952748.000199999893084 ], [ 964761.87525000073947, 1952741.625199998961762 ], [ 964763.813250001054257, 1952737.375199999893084 ], [ 964764.938249999191612, 1952735.000200000125915 ], [ 964767.501249999273568, 1952730.89809999987483 ], [ 964769.000250000273809, 1952728.500200000125915 ], [ 964777.563249999657273, 1952715.500200000358745 ], [ 964781.688249999657273, 1952709.875200000591576 ], [ 964793.250249999808148, 1952694.000200000125915 ], [ 964794.599250001134351, 1952692.202099999645725 ], [ 964798.688250000472181, 1952686.750199999194592 ], [ 964799.466250000754371, 1952685.78609999967739 ], [ 964800.000250000040978, 1952685.125200000358745 ], [ 964802.438250001054257, 1952681.500199998728931 ], [ 964803.816250000381842, 1952679.361099999863654 ], [ 964805.500250000855885, 1952676.750199998961762 ], [ 964806.799149999627843, 1952674.467099999543279 ], [ 964807.56325000023935, 1952673.125199999660254 ], [ 964809.813250001054257, 1952669.000199999660254 ], [ 964812.943250000244007, 1952663.537200000602752 ], [ 964813.250250000273809, 1952663.000200000358745 ], [ 964813.281250000232831, 1952662.952099999878556 ], [ 964813.30724999983795, 1952662.913100000936538 ], [ 964814.563250000821427, 1952661.000199999893084 ], [ 964818.000250000040978, 1952655.875200000591576 ], [ 964819.233150001382455, 1952654.544199999887496 ], [ 964821.938250000821427, 1952651.625199999427423 ], [ 964822.687750001321547, 1952650.749700000975281 ], [ 964822.689450000412762, 1952650.747400000691414 ], [ 964827.375250000506639, 1952645.625200000125915 ], [ 964833.563249999890104, 1952640.625200000125915 ], [ 964837.107249999884516, 1952638.473099999129772 ], [ 964840.563250000472181, 1952636.375199998728931 ], [ 964845.184150000568479, 1952633.775100000668317 ], [ 964848.563250000122935, 1952631.875199999427423 ], [ 964856.973150000208989, 1952629.134099999442697 ], [ 964857.000249999342486, 1952629.125200000125915 ], [ 964857.225250001298264, 1952629.092099999310449 ], [ 964859.563249999424443, 1952628.750200000591576 ], [ 964863.684150001150556, 1952628.0301 ], [ 964866.000250000506639, 1952627.625200000125915 ], [ 964871.315249999635853, 1952627.2531999994535 ], [ 964874.938250001403503, 1952627.000200000591576 ], [ 964876.061249999795109, 1952626.902100000996143 ], [ 964880.688250000355765, 1952626.500199999893084 ], [ 964883.593150001135655, 1952626.750200000125915 ], [ 964886.500249999342486, 1952627.000200000591576 ], [ 964899.063249999657273, 1952628.375199999194592 ], [ 964903.776249999878928, 1952629.213099998887628 ], [ 964907.500250001088716, 1952629.875199998728931 ], [ 964910.149250000948086, 1952630.113099999492988 ], [ 964913.063250000821427, 1952630.375199999660254 ], [ 964918.000249999808148, 1952630.750199998961762 ], [ 964925.625250000040978, 1952630.500199998728931 ], [ 964930.036150000058115, 1952630.419199999421835 ], [ 964932.438249999191612, 1952630.375199999660254 ], [ 964934.040249999379739, 1952630.115200000349432 ], [ 964937.063249999890104, 1952629.625200000824407 ], [ 964939.16025000018999, 1952629.191099998774007 ], [ 964940.688249999191612, 1952628.875199999660254 ], [ 964944.810250000795349, 1952627.10010000015609 ], [ 964949.688250000355765, 1952625.000200000125915 ], [ 964953.46815000125207, 1952622.893200000748038 ], [ 964957.313250000588596, 1952620.750199998728931 ], [ 964966.125249999342486, 1952613.500200000125915 ], [ 964977.52124999917578, 1952603.390099999494851 ], [ 964989.375249999575317, 1952592.875199999893084 ], [ 964998.146249999292195, 1952585.6711 ], [ 965002.313249999308027, 1952582.250200000125915 ], [ 965002.516249999054708, 1952582.097200001589954 ], [ 965003.313250000705011, 1952581.500199998961762 ], [ 965016.414249999914318, 1952569.646199998445809 ], [ 965016.437149999779649, 1952569.625199999660254 ], [ 965028.688250000588596, 1952557.875199999194592 ], [ 965030.563249999773689, 1952555.375200000358745 ], [ 965032.00025000073947, 1952551.875200000125915 ], [ 965032.299150000326335, 1952550.510099999606609 ], [ 965032.438250001287088, 1952549.875199999660254 ], [ 965033.185450001154095, 1952546.883699999656528 ], [ 965036.375250000972301, 1952527.250199998961762 ], [ 965037.078249999205582, 1952524.281199999386445 ], [ 965038.063250001054257, 1952520.125199999194592 ], [ 965039.125250000273809, 1952515.875200000125915 ], [ 965041.813249999424443, 1952505.500200000591576 ], [ 965045.438250001054257, 1952495.000199999660254 ], [ 965047.063249999890104, 1952489.500199998961762 ], [ 965047.115250001079403, 1952488.738100000424311 ], [ 965047.250250001321547, 1952486.750199999660254 ], [ 965047.364149999339134, 1952484.242199999280274 ], [ 965047.438249999308027, 1952482.625199999660254 ], [ 965046.938250000821427, 1952477.625199999660254 ], [ 965046.861150000244379, 1952476.712100000120699 ], [ 965046.813249999540858, 1952476.125199999660254 ], [ 965046.79825, 1952476.0702 ], [ 965044.68825, 1952468.250199999194592 ], [ 965041.385149999056011, 1952462.887099999468774 ], [ 965036.375250000972301, 1952454.750200000824407 ], [ 965033.356149999075569, 1952449.879100000485778 ], [ 965028.938250000937842, 1952442.750200000125915 ], [ 965025.625249999808148, 1952439.000199999660254 ], [ 965021.68825, 1952434.500200000125915 ], [ 965021.035250001004897, 1952433.413100001402199 ], [ 965020.961350000929087, 1952433.289000000106171 ], [ 965020.938150000292808, 1952433.250000000931323 ], [ 965020.403149999910966, 1952432.407100000651553 ], [ 965015.625249999575317, 1952424.875100000528619 ], [ 965012.569150000461377, 1952419.688100001309067 ], [ 965008.188249999424443, 1952412.2501 ], [ 965005.75025000073947, 1952407.250099999830127 ], [ 965005.724250001134351, 1952407.196100001223385 ], [ 965003.187149999663234, 1952401.875100000528619 ], [ 965003.165250000776723, 1952401.8281 ], [ 964998.37525000073947, 1952392.000099999364465 ], [ 964993.562950000050478, 1952383.125200000591576 ], [ 964988.313450000132434, 1952373.62470000050962 ], [ 964985.687950001563877, 1952369.000200000358745 ], [ 964979.939150001271628, 1952355.08909999881871 ], [ 964979.438250000588596, 1952353.875099999830127 ], [ 964975.750250000040978, 1952342.625100000295788 ], [ 964975.72525000164751, 1952342.528100000694394 ], [ 964974.671150000533089, 1952338.380099999718368 ], [ 964971.875250000390224, 1952327.375099999830127 ], [ 964969.875249999924563, 1952311.250099998898804 ], [ 964969.750750001287088, 1952310.125100000761449 ], [ 964969.747950000339188, 1952310.095200000330806 ], [ 964969.500250000506639, 1952307.250100000295788 ], [ 964968.625250000506639, 1952295.625099998898804 ], [ 964968.00025000073947, 1952289.125099998898804 ], [ 964966.924149999744259, 1952277.679099999833852 ], [ 964966.250250000506639, 1952270.500099999364465 ], [ 964963.117250000592321, 1952248.649099999573082 ], [ 964962.766950001008809, 1952246.206299999728799 ], [ 964956.625249999808148, 1952203.375100000761449 ], [ 964952.37525000073947, 1952177.250099999830127 ], [ 964948.750249999109656, 1952151.375099999364465 ], [ 964947.478150001028553, 1952145.997099998872727 ], [ 964945.438250001287088, 1952137.375100000295788 ], [ 964942.641249999171123, 1952128.527100000996143 ], [ 964941.250250000040978, 1952124.125100000295788 ], [ 964939.938649999909103, 1952119.875099998898804 ], [ 964934.313250000588596, 1952106.62510000099428 ], [ 964930.035250000073574, 1952095.497099999571219 ], [ 964927.250250001205131, 1952088.250099999364465 ], [ 964923.571250000735745, 1952076.440099998842925 ], [ 964922.188250000821427, 1952072.000099999597296 ], [ 964916.802150000468828, 1952050.835199999623001 ], [ 964915.062450000084937, 1952044.000200000591576 ], [ 964913.125250000972301, 1952032.125100000295788 ], [ 964910.266250000917353, 1952015.822100000455976 ], [ 964908.500250000273809, 1952005.750099998898804 ], [ 964905.063250001054257, 1951981.250099998898804 ], [ 964903.986149999080226, 1951974.520099998917431 ], [ 964900.125250001088716, 1951950.375100000761449 ], [ 964895.169250000733882, 1951905.255100001115352 ], [ 964891.750249999808148, 1951874.125099999830127 ], [ 964888.063250000355765, 1951845.625099998898804 ], [ 964887.064150001155213, 1951838.1341 ], [ 964886.563250000472181, 1951834.375099999364465 ], [ 964881.438250001287088, 1951787.625100000295788 ], [ 964880.750250000506639, 1951777.125099999364465 ], [ 964879.651250001741573, 1951759.545099999755621 ], [ 964879.438250000821427, 1951756.125099999830127 ], [ 964878.805250001954846, 1951751.431099998764694 ], [ 964877.500250000506639, 1951741.750099999364465 ], [ 964874.125249999226071, 1951731.000100000295788 ], [ 964872.356149998959154, 1951727.75709999864921 ], [ 964871.125249999575317, 1951725.500099999597296 ], [ 964868.754150000633672, 1951721.252100000390783 ], [ 964868.125250000040978, 1951720.125100000295788 ], [ 964859.375249999342486, 1951705.750099999597296 ], [ 964844.916149999946356, 1951682.129099999554455 ], [ 964843.000250000506639, 1951679.000099998898804 ], [ 964842.583250001072884, 1951678.267100001685321 ], [ 964839.938250000705011, 1951673.625099999364465 ], [ 964833.625250000040978, 1951662.375099999830127 ], [ 964831.606149999424815, 1951655.057099999394268 ], [ 964829.625250001205131, 1951647.875100000295788 ], [ 964828.375249999575317, 1951642.250100000295788 ], [ 964825.882149999961257, 1951631.4591 ], [ 964824.563250001054257, 1951625.750100000295788 ], [ 964822.813250000821427, 1951606.750099998898804 ], [ 964822.966249999124557, 1951603.412099999375641 ], [ 964823.18825000023935, 1951598.625100000295788 ], [ 964823.488249999703839, 1951596.60509999957867 ], [ 964824.938250000355765, 1951586.875099999830127 ], [ 964826.000249999691732, 1951583.500100000761449 ], [ 964826.292250000056811, 1951582.556100000161678 ], [ 964827.62525000073947, 1951578.250100000295788 ], [ 964830.488250000402331, 1951570.2891 ], [ 964833.875250000273809, 1951560.875100000295788 ], [ 964839.563250001287088, 1951544.3751 ], [ 964841.534249999327585, 1951538.225099998991936 ], [ 964844.250249999924563, 1951529.750099999364465 ], [ 964845.626249999506399, 1951524.95409999974072 ], [ 964846.438250000588596, 1951522.125099998898804 ], [ 964846.438250000588596, 1951519.48509999923408 ], [ 964846.438250000588596, 1951514.750099998898804 ], [ 964846.188250000355765, 1951508.125199998728931 ], [ 964843.875250000506639, 1951499.500199999194592 ], [ 964843.860250001074746, 1951499.474199999822304 ], [ 964842.730250000022352, 1951497.710100000258535 ], [ 964838.438250000821427, 1951491.0001 ], [ 964832.87624999997206, 1951486.789100000169128 ], [ 964832.000250001205131, 1951486.125099998898804 ], [ 964831.032250000862405, 1951485.654100000858307 ], [ 964829.688250000122935, 1951485.000100000761449 ], [ 964822.063249999890104, 1951481.375099999364465 ], [ 964818.312950000632554, 1951479.250700001139194 ], [ 964818.30645000084769, 1951479.247000000206754 ], [ 964814.625250000972301, 1951477.125100000295788 ], [ 964811.875249999458902, 1951474.375100000761449 ], [ 964810.655150000238791, 1951473.197100000455976 ], [ 964810.063250001403503, 1951472.625100000761449 ], [ 964803.438250000122935, 1951465.500099998898804 ], [ 964794.500249999342486, 1951453.750100000761449 ], [ 964791.15925000119023, 1951444.2610999988392 ], [ 964788.250249999691732, 1951436.000099998898804 ], [ 964786.983149999985471, 1951431.256100000813603 ], [ 964783.875249999342486, 1951419.625100000295788 ], [ 964782.311249999562278, 1951413.554099998436868 ], [ 964781.750249999808148, 1951411.375100000295788 ], [ 964776.250250001205131, 1951385.000099998898804 ], [ 964769.125249999342486, 1951358.625099999830127 ], [ 964768.063250000122935, 1951348.750100000761449 ], [ 964768.000250001205131, 1951341.514100000727922 ], [ 964768.29024999961257, 1951339.450099998153746 ], [ 964770.000249999458902, 1951327.375099999830127 ], [ 964773.688249999890104, 1951317.625099999830127 ], [ 964777.393249999731779, 1951303.962099999887869 ], [ 964781.688249999657273, 1951288.1251 ], [ 964779.301150000072084, 1951280.063100000144914 ], [ 964773.454250000184402, 1951260.307100000791252 ], [ 964773.438200000207871, 1951260.250099998898804 ], [ 965047.156250000116415, 1951242.75209999945946 ], [ 965047.188133332179859, 1951242.750099999830127 ], [ 965074.43825000023935, 1951241.000099999597296 ], [ 965204.313249999424443, 1951239.375100000761449 ], [ 965335.63925, 1951237.7771 ], [ 965463.504150000866503, 1951235.197399999247864 ], [ 965556.655049999943003, 1951083.373500000452623 ], [ 965684.28365000046324, 1951130.553900000173599 ], [ 965887.788933333707973, 1951129.353300000540912 ], [ 965889.336350001511164, 1951129.344199999468401 ], [ 965863.258950000512414, 1951280.911699999123812 ], [ 965902.462150001665577, 1951270.912199999205768 ], [ 965944.750149999279529, 1951260.125199998728931 ], [ 965996.454150000819936, 1951246.901200000196695 ], [ 966039.563149999710731, 1951235.875199999194592 ], [ 966130.186150001478381, 1951251.575099998153746 ], [ 966145.619050000794232, 1951254.249099998734891 ], [ 966158.199150001397356, 1951270.832100000232458 ], [ 966225.625150000443682, 1951359.750199999194592 ], [ 966279.90415000077337, 1951423.950099999085069 ], [ 966303.938150000758469, 1951452.375199998728931 ], [ 966364.194050000747666, 1951523.747099999338388 ], [ 966382.875149999978021, 1951545.875199998728931 ], [ 966465.505150000099093, 1951607.7541 ], [ 966507.813150000059977, 1951639.500199999660254 ], [ 966514.88205000013113, 1951643.831200000364333 ], [ 966521.688149999943562, 1951648.000200000125915 ], [ 966594.636149999685585, 1951693.2952 ], [ 966638.250149999978021, 1951720.375199999194592 ], [ 966641.953149999957532, 1951721.965099999681115 ], [ 966649.313150000409223, 1951725.125199999194592 ], [ 966749.408549999701791, 1951768.895400000270456 ], [ 967446.563150001456961, 1952073.750200000824407 ], [ 967454.188149999594316, 1952077.375200000125915 ], [ 967458.7600499993423, 1952079.587099999655038 ], [ 967461.93815000122413, 1952081.125200000591576 ], [ 967470.000150001025759, 1952085.000200000591576 ], [ 967473.242150001809932, 1952086.54909999971278 ], [ 967478.375150000210851, 1952089.000199999194592 ], [ 967487.125150000909343, 1952093.250200000591576 ], [ 967490.433150001335889, 1952094.904199999757111 ], [ 967496.375149999978021, 1952097.875199998961762 ], [ 967499.358049999340437, 1952099.2792 ], [ 967499.563149999827147, 1952099.375199998728931 ], [ 967506.1881500009913, 1952102.625199998728931 ], [ 967507.62514999974519, 1952103.34809999819845 ], [ 967516.625150000792928, 1952107.875199999194592 ], [ 967526.3341500016395, 1952112.622099999338388 ], [ 967527.875150000443682, 1952113.375200000125915 ], [ 967540.188150000409223, 1952119.500200000591576 ], [ 967541.943150001112372, 1952120.432200000155717 ], [ 967544.188150001456961, 1952121.625200000125915 ], [ 967561.640050000278279, 1952130.3942 ], [ 967570.063149999710731, 1952134.625199999660254 ], [ 967588.563150000292808, 1952144.125199999194592 ], [ 967589.95915, 1952144.860200000926852 ], [ 967590.938150000176392, 1952145.375199998728931 ], [ 967596.622050000587478, 1952148.292199999559671 ], [ 967609.938150001456961, 1952155.125199998728931 ], [ 967619.910150000127032, 1952160.316099998774007 ], [ 967663.245149999740534, 1952182.872500000521541 ], [ 968046.483100000303239, 1952298.722100000595674 ], [ 968326.938099998980761, 1952383.500099998898804 ], [ 968326.974150001304224, 1952383.5110999988392 ], [ 968459.56315000122413, 1952424.000100000295788 ], [ 968460.998150000115857, 1952424.461100001819432 ], [ 968464.625149999279529, 1952425.625099999364465 ], [ 968465.663099999306723, 1952425.896099998615682 ], [ 968465.902150001376867, 1952425.958100000862032 ], [ 968466.063150001107715, 1952426.000100000761449 ], [ 968844.875150000443682, 1952541.625100000761449 ], [ 969358.255299999378622, 1952763.128100001253188 ], [ 969358.258149999892339, 1952763.129699999466538 ], [ 969423.500150000094436, 1952801.375099998898804 ], [ 969766.125150000443682, 1953002.125099999364465 ], [ 969803.563149999827147, 1953024.000099998898804 ], [ 969808.063149999361485, 1953026.750100000528619 ], [ 970103.260689329355955, 1953203.65481780609116 ], [ 970117.086150000570342, 1953211.940099999774247 ], [ 970117.188099999446422, 1953212.0001 ], [ 970119.714150001527742, 1953213.591100000310689 ], [ 970120.563150000059977, 1953214.125099999597296 ], [ 970214.625150000676513, 1953270.500099999364465 ], [ 970246.19315000064671, 1953293.347100000828505 ], [ 970324.125149999978021, 1953349.750099999830127 ], [ 970353.182099999394268, 1953370.817299999762326 ], [ 970395.501350000617094, 1953401.500424999278039 ], [ 970395.544050000840798, 1953401.502850000280887 ], [ 970457.313050001394004, 1953405.500050000380725 ], [ 970471.244049999862909, 1953406.387050001416355 ], [ 970510.313049999764189, 1953408.875050001544878 ], [ 970514.375050000846386, 1953408.125050000380725 ], [ 970709.375050000264309, 1953371.62505 ], [ 970712.375049999915063, 1953371.62505 ], [ 970716.12505000049714, 1953371.750050001312047 ], [ 970718.366050001233816, 1953372.138050000416115 ], [ 970741.375050001312047, 1953376.125049999449402 ], [ 970910.556550001492724, 1953391.74885000102222 ], [ 971031.688049999764189, 1953388.000050001079217 ], [ 971211.250050000613555, 1953405.375050001312047 ], [ 971304.813050001510419, 1953457.250050001312047 ], [ 971326.028049999615178, 1953466.242050001164898 ], [ 971363.500049999915063, 1953482.125050000846386 ], [ 971475.11975000181701, 1953529.622650001198053 ], [ 971475.124049999983981, 1953529.62404999951832 ], [ 971539.688050000462681, 1953543.25005 ], [ 971523.800550000858493, 1953500.854850001633167 ], [ 971517.647050000610761, 1953484.433049999875948 ], [ 971517.625050000613555, 1953484.375050001544878 ], [ 971517.534050000249408, 1953484.129050000803545 ], [ 971514.06305000022985, 1953474.750050000846386 ], [ 971504.125050000147894, 1953463.37505 ], [ 971497.097050000331365, 1953455.293049999745563 ], [ 971481.624049999867566, 1953437.488050000509247 ], [ 971477.869050000794232, 1953390.36504999967292 ], [ 971447.063050000695512, 1953337.250050001312047 ], [ 971391.875049999449402, 1953283.500049999682233 ], [ 971348.250050001544878, 1953271.500050001312047 ], [ 971344.063050001394004, 1953234.50005 ], [ 971343.750049999915063, 1953231.87505 ], [ 971338.617050001514144, 1953186.272050001192838 ], [ 971334.563049999531358, 1953150.250050001544878 ], [ 971352.253050001105294, 1953075.491050000302494 ], [ 971356.688049999531358, 1953056.750049999449402 ], [ 971360.357050000922754, 1953023.826050000265241 ], [ 971368.375050000846386, 1952951.875050000846386 ], [ 971368.435050001251511, 1952950.792050000512972 ], [ 971368.500049999915063, 1952949.625050000147894 ], [ 971369.375050000147894, 1952938.500049999449402 ], [ 971369.538049999624491, 1952936.808049999875948 ], [ 971369.688050001626834, 1952935.250049999449402 ], [ 971374.063049999764189, 1952879.500049999682233 ], [ 971382.976049999939278, 1952852.863049999345094 ], [ 971395.188050000462681, 1952816.37505 ], [ 971402.188050001161173, 1952800.375050000380725 ], [ 971407.305050001014024, 1952793.03505 ], [ 971408.375049999449402, 1952791.500050000613555 ], [ 971430.438050001510419, 1952770.125049999449402 ], [ 971447.563050001394004, 1952740.375050001312047 ], [ 971465.688050000346266, 1952716.750049999449402 ], [ 971465.728050000499934, 1952716.697050001705065 ], [ 971473.125050000380725, 1952707.000049999449402 ], [ 971487.077049999963492, 1952678.336050000507385 ], [ 971491.500049999798648, 1952669.250049999449402 ], [ 971509.563050000811927, 1952632.62505 ], [ 971517.886050001019612, 1952621.060050001367927 ], [ 971551.125050001544878, 1952574.875049999682233 ], [ 971550.64405, 1952549.33005 ], [ 971550.250050001544878, 1952528.375050001312047 ], [ 971550.073050001170486, 1952516.934050000505522 ], [ 971549.875049999915063, 1952504.125049999449402 ], [ 971583.940050000092015, 1952442.043049999745563 ], [ 971592.125050001544878, 1952427.125049999682233 ], [ 971595.425050000660121, 1952411.35005 ], [ 971599.813050000695512, 1952390.375050001079217 ], [ 971600.875049999915063, 1952385.250049999682233 ], [ 971600.915050000185147, 1952385.009049999527633 ], [ 971601.000050001312047, 1952384.500050000846386 ], [ 971603.375050001079217, 1952373.12505 ], [ 971604.875550001394004, 1952366.000050000380725 ], [ 971604.888050000648946, 1952365.949050000170246 ], [ 971609.438050001510419, 1952348.500050001079217 ], [ 971622.174050000263378, 1952320.370050001423806 ], [ 971626.813049999531358, 1952310.125050001312047 ], [ 971629.584049999946728, 1952305.143050001468509 ], [ 971639.750050000380725, 1952286.875050001079217 ], [ 971645.144050001166761, 1952277.322050001472235 ], [ 971650.125049999915063, 1952268.500049999449402 ], [ 971662.625050001312047, 1952247.375050000846386 ], [ 971662.656050001387484, 1952247.252050001639873 ], [ 971662.750050000380725, 1952246.875050000380725 ], [ 971662.872050000820309, 1952246.49205000163056 ], [ 971663.188050000928342, 1952245.500049999449402 ], [ 971663.31305, 1952245.000050001079217 ], [ 971665.935150000383146, 1952235.720150001579896 ], [ 971666.562850000220351, 1952233.500050001079217 ], [ 971673.375050000380725, 1952209.500049999682233 ], [ 971674.215050000697374, 1952203.433049999643117 ], [ 971675.313050000695512, 1952195.500050000846386 ], [ 971675.923050000797957, 1952190.86005000048317 ], [ 971676.250050000846386, 1952188.375050001079217 ], [ 971676.75504999991972, 1952184.743050001328811 ], [ 971677.187950001098216, 1952181.625050000846386 ], [ 971678.213050001999363, 1952174.012050001416355 ], [ 971678.937950001331046, 1952168.625050000846386 ], [ 971683.250050001544878, 1952136.875050000380725 ], [ 971685.250049999682233, 1952122.000050001312047 ], [ 971686.635049999458715, 1952112.030050000175834 ], [ 971687.750050000846386, 1952104.000050001312047 ], [ 971689.67104999977164, 1952089.689050000626594 ], [ 971692.313050001394004, 1952070.00005 ], [ 971692.126550000626594, 1952058.23105000029318 ], [ 971692.108049999689683, 1952057.084050002275035 ], [ 971691.938049999764189, 1952046.37505 ], [ 971691.837050000438467, 1952042.064049999695271 ], [ 971691.750049999682233, 1952038.375050000380725 ], [ 971691.000050000846386, 1952023.250050000846386 ], [ 971691.370049999677576, 1952016.214049999602139 ], [ 971691.375050000264309, 1952016.125050001312047 ], [ 971691.313050000113435, 1952012.000050001312047 ], [ 971691.111050001345575, 1952001.819050001213327 ], [ 971691.000050000846386, 1951996.25005 ], [ 971690.979049999732524, 1951994.533049999736249 ], [ 971690.938050000695512, 1951991.125050000846386 ], [ 971691.069050001329742, 1951989.35005 ], [ 971691.188050001044758, 1951987.750049999449402 ], [ 971693.29495000152383, 1951963.830050000920892 ], [ 971693.500049999798648, 1951961.500049999449402 ], [ 971693.519349999725819, 1951961.255050002131611 ], [ 971693.687950001214631, 1951959.12505 ], [ 971693.732850000960752, 1951958.812050000531599 ], [ 971693.812950000283308, 1951958.250049999682233 ], [ 971693.874250000109896, 1951957.511450000340119 ], [ 971693.875150000210851, 1951957.500050000846386 ], [ 971693.885523422737606, 1951957.347801596159115 ], [ 971693.973950000014156, 1951956.05005000019446 ], [ 971694.062350001418963, 1951954.754549999488518 ], [ 971694.062649999861605, 1951954.750049999449402 ], [ 971701.93805, 1951864.375050000380725 ], [ 971702.247050001984462, 1951861.204049999825656 ], [ 971702.438050000695512, 1951859.250050001312047 ], [ 971704.982049999525771, 1951848.389050001744181 ], [ 971708.938050000695512, 1951831.500050001312047 ], [ 971715.81305, 1951802.50005 ], [ 971718.125050000846386, 1951792.625050001079217 ], [ 971718.579049999825656, 1951790.809050001204014 ], [ 971718.750050000613555, 1951790.12505 ], [ 971719.804050000733696, 1951789.13905000151135 ], [ 971726.500049999915063, 1951782.875050001312047 ], [ 971733.438050000462681, 1951776.125050000846386 ], [ 971733.89505000016652, 1951775.748049999587238 ], [ 971737.375050000264309, 1951772.875050001079217 ], [ 971740.694050000747666, 1951763.207050001481548 ], [ 971743.81305, 1951754.125050000147894 ], [ 971744.861050000763498, 1951748.880050000268966 ], [ 971745.68785000173375, 1951744.750049999682233 ], [ 971745.889050001394935, 1951743.59705 ], [ 971746.125050001079217, 1951742.250050000846386 ], [ 971746.125050001079217, 1951735.673050001263618 ], [ 971746.125050001079217, 1951734.921050000470132 ], [ 971746.125050001079217, 1951734.875050000846386 ], [ 971746.694050000049174, 1951732.47505 ], [ 971747.250050001428463, 1951730.125050000846386 ], [ 971748.680050001945347, 1951723.928049999289215 ], [ 971750.250050001079217, 1951717.125050001312047 ], [ 971753.123050001799129, 1951709.463049999205396 ], [ 971754.375050001079217, 1951706.125049999449402 ], [ 971758.999050000682473, 1951697.378050001803786 ], [ 971760.750049999682233, 1951694.125050001312047 ], [ 971768.003550001885742, 1951684.116050000768155 ], [ 971785.437849999871105, 1951637.250050000846386 ], [ 971801.187050000065938, 1951596.082050000783056 ], [ 971811.500049999449402, 1951569.125050000846386 ], [ 971824.313050000113435, 1951537.250050001079217 ], [ 971825.747050000121817, 1951533.59905 ], [ 971827.063050001626834, 1951530.250050000380725 ], [ 971830.000050000031479, 1951522.000050000380725 ], [ 971837.313049999880604, 1951501.625050000613555 ], [ 971876.063050001161173, 1951424.625050000846386 ], [ 971878.000050000613555, 1951420.750050001312047 ], [ 971889.188050000113435, 1951398.50005 ], [ 971893.755050000268966, 1951389.476049999240786 ], [ 971899.438050000695512, 1951378.250050001312047 ], [ 971904.717050001374446, 1951360.11104999948293 ], [ 971912.063050001044758, 1951334.875049999449402 ], [ 971913.033050001133233, 1951317.216050000395626 ], [ 971914.000050000380725, 1951299.625050000613555 ], [ 971915.956050001084805, 1951262.56105000176467 ], [ 971916.375550000695512, 1951254.625049999682233 ], [ 971914.750050001428463, 1951214.375050000846386 ], [ 971914.10605000029318, 1951197.634050000458956 ], [ 971913.625050001079217, 1951185.125050001312047 ], [ 971912.99955000076443, 1951169.613049999345094 ], [ 971912.907050000969321, 1951167.520050000865012 ], [ 971912.813049999764189, 1951165.375050001312047 ], [ 971908.30955000128597, 1951136.351150000933558 ], [ 971907.642050001071766, 1951132.051050001755357 ], [ 971904.23434912157245, 1951110.092992375604808 ], [ 971903.250050001428463, 1951103.75014999974519 ], [ 971900.491750000044703, 1951089.631050000432879 ], [ 971898.834150000708178, 1951081.142150000669062 ], [ 971898.441150001017377, 1951079.12415 ], [ 971893.918050001957454, 1951055.912150000222027 ], [ 971890.188150000292808, 1951036.750150000210851 ], [ 971889.95505000045523, 1951035.57015 ], [ 971888.438150000059977, 1951027.875150000676513 ], [ 971882.610150000546128, 1950996.920149999437854 ], [ 971876.8131500009913, 1950966.125149999279529 ], [ 971876.332050000666641, 1950950.413150000618771 ], [ 971876.125150000210851, 1950943.62514999974519 ], [ 971883.438149999943562, 1950909.375150000210851 ], [ 971884.967150000040419, 1950887.049150000326335 ], [ 971887.4381500009913, 1950851.000150000210851 ], [ 971887.625150000210851, 1950791.75014999974519 ], [ 971866.125149999978021, 1950679.375150000210851 ], [ 971870.87514999974519, 1950628.625150000210851 ], [ 971874.422150000580586, 1950590.637150000780821 ], [ 971879.495150000788271, 1950536.304149999748915 ], [ 971879.500150001375005, 1950536.250150000676513 ], [ 971868.063150000292808, 1950534.250150000210851 ], [ 971857.9381500009913, 1950480.125149999279529 ], [ 971856.188150000874884, 1950470.62514999974519 ], [ 971856.888150000479072, 1950456.397150000557303 ], [ 971857.813149999827147, 1950437.62514999974519 ], [ 971893.688150000525638, 1950398.750149999279529 ], [ 971909.313150000525638, 1950381.87514999974519 ], [ 971950.50014999974519, 1950345.125150001142174 ], [ 971950.530049999943003, 1950345.107150000752881 ], [ 971974.480049999896437, 1950330.647950000362471 ], [ 972000.812850001384504, 1950314.750150001142174 ], [ 972001.155050000641495, 1950314.541250000707805 ], [ 972012.500150001375005, 1950307.625149999279529 ], [ 972012.166049999883398, 1950302.519250002223998 ], [ 972011.625150001258589, 1950294.25015 ], [ 972012.513150001061149, 1950282.311150000663474 ], [ 972013.438150000292808, 1950269.875149999279529 ], [ 972013.866050001000986, 1950223.270149999763817 ], [ 972014.063150000059977, 1950201.875150000676513 ], [ 972009.500149999512359, 1950194.00014999974519 ], [ 972008.240150001132861, 1950192.16715000057593 ], [ 972007.441150001948699, 1950191.005150001030415 ], [ 972005.483050000388175, 1950190.292149999178946 ], [ 971998.813149999361485, 1950187.875149999279529 ], [ 971998.215050001395866, 1950174.84015 ], [ 971998.125150000792928, 1950172.875150001375005 ], [ 971997.750150001375005, 1950168.62515 ], [ 971992.250150000676513, 1950166.375149999279529 ], [ 971985.375150001375005, 1950125.250150000210851 ], [ 971989.420250001829118, 1950091.876149999443442 ], [ 971989.87565000122413, 1950088.12515 ], [ 971989.720950001617894, 1950078.639150001108646 ], [ 971989.437850000453182, 1950061.250150000210851 ], [ 971989.250150000909343, 1950051.375150001375005 ], [ 971989.12604999972973, 1950044.178049999289215 ], [ 971989.125050000962801, 1950044.125049999449402 ], [ 971987.875050001544878, 1950005.250050001312047 ], [ 971986.733150000451133, 1949998.895050000399351 ], [ 971986.437850000802428, 1949997.250050001544878 ], [ 971970.938049999531358, 1949909.625049999682233 ], [ 971972.5920500010252, 1949884.99505 ], [ 971977.438049999531358, 1949812.87505 ], [ 971978.805050001130439, 1949792.286050000227988 ], [ 971982.313050000579096, 1949739.500049999449402 ], [ 971995.184050001669675, 1949723.020049999468029 ], [ 972009.063050001161173, 1949705.25005 ], [ 972021.437050000298768, 1949689.29805000196211 ], [ 972029.813050000462681, 1949678.500050001312047 ], [ 972046.195233333623037, 1949657.493866666220129 ], [ 972040.282050001202151, 1949644.419050000607967 ], [ 972038.625050001312047, 1949640.750050001312047 ], [ 972031.887049999786541, 1949625.96305 ], [ 972025.125050000846386, 1949611.125050000147894 ], [ 971988.880050001200289, 1949606.302050000289455 ], [ 971867.307050001109019, 1949590.133049999829382 ], [ 971813.567450000206009, 1949663.243050000164658 ], [ 971811.9381500009913, 1949665.500150000210851 ], [ 971786.625150001258589, 1949688.500150000210851 ], [ 971744.250150000560097, 1949727.000150001142174 ], [ 971727.849150000023656, 1949730.767150001134723 ], [ 971712.688150000059977, 1949734.25015 ], [ 971712.376149999559857, 1949734.375150001142174 ], [ 971712.369250000221655, 1949734.37764999922365 ], [ 971712.063150000292808, 1949734.500249999109656 ], [ 971666.79105000034906, 1949745.006250001490116 ], [ 971648.500149999861605, 1949749.250249999109656 ], [ 971630.484149999450892, 1949742.465150000527501 ], [ 971523.375150000560097, 1949702.125250000972301 ], [ 971492.450950001948513, 1949673.553650000598282 ], [ 971483.42325000022538, 1949668.373850001487881 ], [ 971457.968350000795908, 1949662.74995000124909 ], [ 971342.688149999361485, 1949592.000249999575317 ], [ 971259.813149999361485, 1949592.48725000070408 ], [ 971236.375150001142174, 1949592.625249999342486 ], [ 971232.78715000115335, 1949595.998250000644475 ], [ 971223.87514999974519, 1949604.375249999575317 ], [ 971215.479149999562651, 1949612.36725000012666 ], [ 971213.500050001312047, 1949614.25014999974519 ], [ 971213.478050001431257, 1949614.27105 ], [ 971200.063049999764189, 1949627.000050000380725 ], [ 971196.393094557803124, 1949627.000152898719534 ], [ 971195.438050001277588, 1949627.000149999279529 ], [ 971173.791150000877678, 1949626.976450000423938 ], [ 971113.318149999482557, 1949626.910149999894202 ], [ 971081.250150001142174, 1949626.875150000210851 ], [ 971053.875150000792928, 1949633.250150001142174 ], [ 970985.125150001142174, 1949602.375150000443682 ], [ 970984.934050001320429, 1949602.279150001704693 ], [ 970984.625150000443682, 1949602.125150000210851 ], [ 970984.021150001790375, 1949601.905150000937283 ], [ 970983.938150000525638, 1949601.87514999974519 ], [ 970982.717150001320988, 1949601.320150001440197 ], [ 970978.438149999827147, 1949599.375150000676513 ], [ 970960.775050000054762, 1949591.50315000093542 ], [ 970912.250150001375005, 1949569.875150000909343 ], [ 970875.297150000697002, 1949560.153150000143796 ], [ 970856.1881500009913, 1949555.125150000909343 ], [ 970809.500150000094436, 1949549.750149999279529 ], [ 970780.938150001456961, 1949573.00014999974519 ], [ 970758.882349999505095, 1949580.260149999521673 ], [ 970757.324149999301881, 1949580.778150000609457 ], [ 970755.938150000874884, 1949581.250250000506639 ], [ 970729.047150000697002, 1949590.068250000942498 ], [ 970725.06285000173375, 1949591.37525 ], [ 970686.375150001258589, 1949572.875249999109656 ], [ 970663.078150000306778, 1949578.099250000203028 ], [ 970649.486550000146963, 1949581.117750000674278 ], [ 970641.637050000717863, 1949562.341249999823049 ], [ 970631.325550000416115, 1949567.574050001101568 ], [ 970637.875150000094436, 1949583.750249999575317 ], [ 970633.750149999978021, 1949585.625250000972301 ], [ 970617.814050001790747, 1949592.796150001464412 ], [ 970598.750149999279529, 1949601.37525 ], [ 970593.250150000792928, 1949598.12525 ], [ 970588.83315000042785, 1949595.558250000467524 ], [ 970584.000149999395944, 1949592.750250000506639 ], [ 970581.813149999710731, 1949591.500250001205131 ], [ 970580.154450000729412, 1949573.985550000797957 ], [ 970571.746850001276471, 1949530.497550000902265 ], [ 970566.238249999820255, 1949515.131849999772385 ], [ 970552.188150000758469, 1949508.125250000506639 ], [ 970537.381150001194328, 1949500.941150000551715 ], [ 970520.500150000094436, 1949492.750250000972301 ], [ 970517.270050001563504, 1949491.15815000096336 ], [ 970511.625150000327267, 1949488.375250000506639 ], [ 970498.978050001198426, 1949493.899250000948086 ], [ 970495.313150000409223, 1949495.50025 ], [ 970491.431049999315292, 1949497.165150000480935 ], [ 970478.125149999512359, 1949502.87525 ], [ 970476.873150000115857, 1949503.574150002095848 ], [ 970475.438150001340546, 1949504.37525 ], [ 970474.500150000094436, 1949504.875250000506639 ], [ 970458.994050001027063, 1949512.869949999032542 ], [ 970446.092150000738911, 1949519.570250000804663 ], [ 970427.188150000525638, 1949529.375250000506639 ], [ 970377.438149999827147, 1949536.500350001035258 ], [ 970367.136150000384077, 1949540.752250001300126 ], [ 970328.375150001258589, 1949556.75025000073947 ], [ 970299.489150001085363, 1949562.910149999894202 ], [ 970285.000149999279529, 1949566.000350000802428 ], [ 970274.02515000058338, 1949568.374250001041219 ], [ 970247.446150000905618, 1949574.123150000348687 ], [ 970247.408049999387003, 1949574.085150002036244 ], [ 970245.381872728234157, 1949571.577722037443891 ], [ 970224.763750001089647, 1949546.062450001714751 ], [ 970214.249049999285489, 1949528.620850000297651 ], [ 970180.000149999279529, 1949469.625350000569597 ], [ 970166.000150000443682, 1949444.000249999342486 ], [ 970145.028050001361407, 1949423.646250000689179 ], [ 970134.188149999594316, 1949413.125250000972301 ], [ 970107.813249999191612, 1949382.125250001205131 ], [ 970059.25255000195466, 1949313.452650000806898 ], [ 969999.76314999954775, 1949195.842149999458343 ], [ 969999.721149999648333, 1949195.771350000984967 ], [ 969999.657150001963601, 1949195.661149999592453 ], [ 969999.563166666426696, 1949195.500233332859352 ], [ 969995.936957137892023, 1949191.507938931463286 ], [ 969959.938149999361485, 1949151.87525000073947 ], [ 969952.063150000874884, 1949144.750250000972301 ], [ 969951.980150001822039, 1949144.680249999510124 ], [ 969933.750149999512359, 1949129.375249999109656 ], [ 969911.563149999361485, 1949112.625250000972301 ], [ 969898.499050000915304, 1949101.171149999368936 ], [ 969894.313150000525638, 1949097.500249999342486 ], [ 969886.157150001614355, 1949086.617249999893829 ], [ 969859.938149999594316, 1949051.625250000506639 ], [ 969851.938149999827147, 1949041.87525000073947 ], [ 969848.997050000820309, 1949038.234250000678003 ], [ 969848.000150001142174, 1949037.000249999575317 ], [ 969846.563150000292808, 1949035.261249999515712 ], [ 969838.18815000122413, 1949025.125250000273809 ], [ 969833.037150000338443, 1949014.287250001681969 ], [ 969831.000150000443682, 1949010.000250000972301 ], [ 969828.875150000909343, 1949005.625250000506639 ], [ 969813.063149999361485, 1948985.500250000972301 ], [ 969801.943149999482557, 1948975.260150000918657 ], [ 969790.938149999477901, 1948965.125249999109656 ], [ 969786.967150001088157, 1948959.509150000754744 ], [ 969785.813150000292808, 1948957.875250000506639 ], [ 969773.625149999512359, 1948940.375250001205131 ], [ 969747.707050001248717, 1948912.022150000557303 ], [ 969747.6881500009913, 1948912.000249999575317 ], [ 969744.063149999361485, 1948900.62525000073947 ], [ 969741.688149999477901, 1948893.25025000073947 ], [ 969712.5327500004787, 1948852.256849999539554 ], [ 969697.125150000443682, 1948838.125250000506639 ], [ 969697.855150001239963, 1948816.3011500001885 ], [ 969698.313149999710731, 1948802.625249999109656 ], [ 969697.34715000144206, 1948796.770150000229478 ], [ 969696.375149999279529, 1948790.875250000972301 ], [ 969686.00014999974519, 1948771.375249999109656 ], [ 969677.813150000758469, 1948757.625250000506639 ], [ 969676.980150000774302, 1948756.209250000771135 ], [ 969673.62514999974519, 1948750.500250000972301 ], [ 969665.712150000734255, 1948742.500250001205131 ], [ 969662.250150000909343, 1948739.000250000972301 ], [ 969637.125150001375005, 1948729.37525 ], [ 969634.122550000436604, 1948728.176150002051145 ], [ 969624.125149999279529, 1948721.62525000073947 ], [ 969609.438150000525638, 1948676.750250000972301 ], [ 969601.563149999827147, 1948666.375249999109656 ], [ 969600.831150001380593, 1948665.46925000147894 ], [ 969574.218049999792129, 1948647.879150001797825 ], [ 969540.245450000511482, 1948616.364550001453608 ], [ 969537.111049999948591, 1948609.000250000506639 ], [ 969535.403049999848008, 1948604.993250001221895 ], [ 969534.063149999594316, 1948601.875250000972301 ], [ 969535.843050000024959, 1948588.990250001195818 ], [ 969536.68315000156872, 1948582.866150000598282 ], [ 969535.89005000074394, 1948581.403150000143796 ], [ 969531.8131500009913, 1948573.87525000073947 ], [ 969521.875150000909343, 1948555.750249999575317 ], [ 969513.57505000079982, 1948541.383250000420958 ], [ 969507.9381500009913, 1948531.625249999109656 ], [ 969508.085050001158379, 1948528.787250000284985 ], [ 969508.250149999279529, 1948525.62525 ], [ 969508.450050001614727, 1948520.988149999640882 ], [ 969508.688149999827147, 1948515.500250000506639 ], [ 969504.595049999887124, 1948504.617250001057982 ], [ 969503.000150001025759, 1948500.375249999109656 ], [ 969502.375150001258589, 1948498.75025 ], [ 969497.438150000059977, 1948490.12525000073947 ], [ 969495.614050000091083, 1948486.95625 ], [ 969489.813149999827147, 1948476.875250000506639 ], [ 969481.640550001058728, 1948459.657550001284108 ], [ 969481.047150000697002, 1948458.40815000096336 ], [ 969480.452750001568347, 1948457.156950000906363 ], [ 969480.438149999361485, 1948457.125250000506639 ], [ 969467.063150000059977, 1948439.000249999342486 ], [ 969454.793050000211224, 1948430.986150000244379 ], [ 969448.500150000560097, 1948426.875249999575317 ], [ 969422.813150000292808, 1948409.991649999516085 ], [ 969423.188149999594316, 1948387.750250000972301 ], [ 969417.875150000210851, 1948373.75025 ], [ 969412.605149999726564, 1948369.923150000860915 ], [ 969396.188150000874884, 1948358.000250000972301 ], [ 969391.313133334042504, 1948354.375266665127128 ], [ 969389.764250000589527, 1948306.117100001079962 ], [ 969388.75014999974519, 1948274.500200001755729 ], [ 969388.379100000485778, 1948239.793200000189245 ], [ 969387.813149999594316, 1948186.951200000941753 ], [ 969387.813149999594316, 1948186.875199999893084 ], [ 969387.3131500009913, 1948136.000200001057237 ], [ 969388.3611000002129, 1948109.954199999570847 ], [ 969391.813150000525638, 1948024.250200001057237 ], [ 969386.500150001142174, 1947947.625200000591576 ], [ 969381.250150000676513, 1947939.250200001522899 ], [ 969372.679100000648759, 1947930.227200001711026 ], [ 969365.813150000874884, 1947923.000200001755729 ], [ 969363.063149999361485, 1947880.625200001057237 ], [ 969360.203150000539608, 1947869.779200001154095 ], [ 969359.438150000059977, 1947866.875200000125915 ], [ 969359.220099999103695, 1947866.084200002253056 ], [ 969358.750150001375005, 1947864.375200001290068 ], [ 969363.998549999319948, 1947836.883200000971556 ], [ 969350.43815000122413, 1947810.375200001522899 ], [ 969341.617150000063702, 1947802.534200001740828 ], [ 969334.688149999827147, 1947796.375200000358745 ], [ 969318.375150001142174, 1947775.500199999893084 ], [ 969315.468100000172853, 1947767.217199999839067 ], [ 969311.750149999978021, 1947756.625199999893084 ], [ 969309.875150000792928, 1947751.375200001522899 ], [ 969290.000149999512359, 1947726.500200000125915 ], [ 969270.875150001375005, 1947705.375200001522899 ], [ 969268.868250001454726, 1947703.957200002158061 ], [ 969252.125150000443682, 1947692.125200001522899 ], [ 969247.81315000122413, 1947683.000200001522899 ], [ 969246.603100000414997, 1947680.488200001418591 ], [ 969246.188150000059977, 1947679.625200000125915 ], [ 969237.063149999943562, 1947672.750200000824407 ], [ 969213.87514999974519, 1947655.375200000591576 ], [ 969203.115149999619462, 1947643.282199999783188 ], [ 969194.188150000758469, 1947633.250200000591576 ], [ 969175.938150000525638, 1947612.875200001057237 ], [ 969173.188150001340546, 1947604.125200000125915 ], [ 969173.027250000392087, 1947603.643100000917912 ], [ 969172.31315000122413, 1947601.500200000125915 ], [ 969146.938150001340546, 1947575.875199999660254 ], [ 969133.937099998933263, 1947558.386200000531971 ], [ 969129.375150000909343, 1947552.250200000125915 ], [ 969126.749899999471381, 1947548.750399999320507 ], [ 969126.741550000151619, 1947548.73924999916926 ], [ 969119.875099999830127, 1947539.500050000147894 ], [ 969118.337099999655038, 1947537.409050001529977 ], [ 969118.313099999912083, 1947537.375050000613555 ], [ 969113.236100000096485, 1947524.775050000753254 ], [ 969111.313099999330007, 1947520.000050000380725 ], [ 969107.067099999869242, 1947514.236050000879914 ], [ 969104.500100000062957, 1947510.750050001312047 ], [ 969104.173100000130944, 1947510.336050000507385 ], [ 969103.313099999679253, 1947509.250050001312047 ], [ 969088.938099998980761, 1947497.875050000380725 ], [ 969073.581099999602884, 1947489.278050000313669 ], [ 969056.563100000843406, 1947479.750050001544878 ], [ 969043.981100001372397, 1947464.003050000872463 ], [ 969037.188100000144914, 1947455.50005 ], [ 969023.438099999213591, 1947427.620499999262393 ], [ 969023.453099998878315, 1947424.48604999948293 ], [ 969023.500099999364465, 1947415.250050000846386 ], [ 969032.125099998898804, 1947388.750050000613555 ], [ 969031.335099999792874, 1947384.993050001794472 ], [ 969029.313099999446422, 1947375.375050001312047 ], [ 969028.873100001364946, 1947373.372600002214313 ], [ 969005.813100001076236, 1947344.00005 ], [ 969003.629099999903701, 1947339.720050001982599 ], [ 968990.188100000959821, 1947313.375049999682233 ], [ 968982.645100000896491, 1947286.953050000127405 ], [ 968980.875100000645034, 1947280.750050001079217 ], [ 968983.000100000179373, 1947267.500050000846386 ], [ 968960.740100000053644, 1947214.005050000268966 ], [ 968959.137549999868497, 1947210.155850000213832 ], [ 968959.125100000062957, 1947210.12505 ], [ 968943.521099998964928, 1947186.657050000503659 ], [ 968943.500100000062957, 1947186.625050001544878 ], [ 968944.063099999679253, 1947163.750050000613555 ], [ 968942.025100000901148, 1947158.371049999259412 ], [ 968934.875100000528619, 1947139.500050001079217 ], [ 968929.775099999969825, 1947133.80504999961704 ], [ 968927.375099999364465, 1947131.12505 ], [ 968914.500100000761449, 1947116.625050000147894 ], [ 968897.688100000144914, 1947087.875050001312047 ], [ 968874.958950001280755, 1947044.155199999222532 ], [ 968874.942150001763366, 1947044.122899999609217 ], [ 968873.540099998936057, 1947041.42405000096187 ], [ 968869.31310000072699, 1947033.250049999449402 ], [ 968861.99710000003688, 1947033.13905000127852 ], [ 968844.688099999679253, 1947032.875050000147894 ], [ 968819.625100000179373, 1947032.375049999449402 ], [ 968782.62509999901522, 1947029.250050000846386 ], [ 968768.601100000320002, 1947028.00305 ], [ 968765.750099999597296, 1947027.750050000846386 ], [ 968750.056099998997524, 1947027.049050000496209 ], [ 968701.375100000179373, 1947024.875033334828913 ], [ 968687.063100000843406, 1946983.875050000380725 ], [ 968651.458100000396371, 1946877.283049999270588 ], [ 968636.875099999597296, 1946833.625049999449402 ], [ 968628.914099999004975, 1946809.516050001606345 ], [ 968605.875099999830127, 1946739.750050000147894 ], [ 968613.188099999679253, 1946714.500050001544878 ], [ 968612.500099998782389, 1946707.375049999682233 ], [ 968611.726100000320002, 1946699.15705000073649 ], [ 968610.68810000072699, 1946688.125050000380725 ], [ 968611.45710000093095, 1946671.279050000943244 ], [ 968611.938100000144914, 1946660.75005 ], [ 968616.188099999213591, 1946646.500050000613555 ], [ 968618.188099999795668, 1946616.250049999682233 ], [ 968616.649100000737235, 1946602.90105 ], [ 968614.688099999446422, 1946585.875049999682233 ], [ 968617.947099999524653, 1946556.982050001388416 ], [ 968620.625099999830127, 1946533.250050000846386 ], [ 968624.100099999457598, 1946515.126050000544637 ], [ 968631.625099999131635, 1946475.875049999682233 ], [ 968630.8340999991633, 1946471.747049998957664 ], [ 968629.375100000528619, 1946464.125049999449402 ], [ 968628.875099999830127, 1946461.500050001312047 ], [ 968604.610100000863895, 1946465.54405 ], [ 968594.423099999199621, 1946467.242050001164898 ], [ 968594.375099999830127, 1946467.250166667159647 ], [ 968617.842250001034699, 1946449.540200001327321 ], [ 968664.438149999594316, 1946414.37514999974519 ], [ 968664.063150000059977, 1946397.125150000676513 ], [ 968663.819099999731407, 1946387.017150000901893 ], [ 968663.438100001076236, 1946371.136200000531971 ], [ 968627.828150001703762, 1946345.022199999541044 ], [ 968623.874899999937043, 1946342.122550000669435 ], [ 968616.454250000533648, 1946321.671049999538809 ], [ 968616.43815000122413, 1946321.625150000909343 ], [ 968602.904149999842048, 1946318.157149999402463 ], [ 968591.563149999827147, 1946315.250200001522899 ], [ 968589.801099999342114, 1946315.250200001522899 ], [ 968587.000149999279529, 1946315.250200001522899 ], [ 968567.563150000642054, 1946315.625149999279529 ], [ 968476.813150000059977, 1946317.125200000824407 ], [ 968470.987150000291876, 1946317.280200001318008 ], [ 968467.438149999594316, 1946317.375200001057237 ], [ 968435.377100000041537, 1946319.33720000134781 ], [ 968377.563150001340546, 1946322.875199999660254 ], [ 968324.250149999279529, 1946315.125150001142174 ], [ 968295.967249999986961, 1946315.872050000354648 ], [ 968262.750150000443682, 1946316.75014999974519 ], [ 968211.750150000327267, 1946318.000149999279529 ], [ 968198.801099999109283, 1946311.375150000210851 ], [ 968187.563149999827147, 1946305.625150001607835 ], [ 968183.405100000556558, 1946306.226099999854341 ], [ 968176.313150000059977, 1946307.250150000210851 ], [ 968159.813150000059977, 1946309.500200000591576 ], [ 968159.84114999929443, 1946309.45805 ], [ 968168.568150001345202, 1946296.560200001113117 ], [ 968205.06315000122413, 1946242.625150000676513 ], [ 968219.242150000296533, 1946238.426100000273436 ], [ 968232.500149999512359, 1946234.50014999974519 ], [ 968407.6881500009913, 1946176.500150001142174 ], [ 968417.167699999292381, 1946164.150549998972565 ], [ 968417.187649999978021, 1946164.124650000594556 ], [ 968431.438149999827147, 1946145.625150000443682 ], [ 968486.250150000676513, 1946110.750150001142174 ], [ 968486.90415000077337, 1946092.202099999412894 ], [ 968487.688150000292808, 1946070.000150001607835 ], [ 968493.090099998749793, 1946022.751150000840425 ], [ 968496.063100000144914, 1945996.746400001924485 ], [ 968496.130150000099093, 1945996.105150000192225 ], [ 968496.374550000648014, 1945993.755550000583753 ], [ 968413.363250000984408, 1946001.296050000470132 ], [ 968367.125150000676513, 1946005.500200000125915 ], [ 968354.30015000118874, 1945979.4321 ], [ 968344.117650002008304, 1945958.749650001525879 ], [ 968334.066299999132752, 1945959.494849999435246 ], [ 968284.199250001460314, 1945954.033100000582635 ], [ 968217.063149999710731, 1945720.625150000909343 ], [ 968213.625149999512359, 1945708.250150000676513 ], [ 968207.547149999649264, 1945685.701200000476092 ], [ 968205.438150000642054, 1945677.875200000125915 ], [ 968200.540250001940876, 1945635.562100000912324 ], [ 968194.688149999361485, 1945585.000150000676513 ], [ 968191.011150001082569, 1945573.346099999733269 ], [ 968180.688150000525638, 1945540.62514999974519 ], [ 968192.560150001314469, 1945528.8522 ], [ 968203.120749999536201, 1945518.379300000611693 ], [ 968203.276150001678616, 1945517.396150000393391 ], [ 968203.751225988613442, 1945514.311060403939337 ], [ 968213.500199999893084, 1945451.000200001057237 ], [ 968213.875200001522899, 1945449.750200001522899 ], [ 968213.875200001522899, 1945449.000200000591576 ], [ 968216.825100000947714, 1945439.629100000951439 ], [ 968217.063200001372024, 1945438.875200001290068 ], [ 968230.563200001837686, 1945435.625200001290068 ], [ 968236.334199999575503, 1945432.354099999181926 ], [ 968242.243600000161678, 1945429.003499999409541 ], [ 968252.96309999958612, 1945414.616100000683218 ], [ 968295.866600000765175, 1945357.031600002199411 ], [ 968295.875200001290068, 1945357.00029999925755 ], [ 968284.791400001733564, 1945286.588600001996383 ], [ 968264.556099999696016, 1945219.455099999438971 ], [ 968273.68790000048466, 1945205.12529999925755 ], [ 968274.509099999442697, 1945203.84520000196062 ], [ 968282.188200001604855, 1945191.875299999024719 ], [ 968304.266200001002289, 1945184.447099999524653 ], [ 968308.938200000091456, 1945182.875300000421703 ], [ 968310.930200001457706, 1945182.813200001372024 ], [ 968317.000199999893084, 1945182.625200001057237 ], [ 968344.964200001675636, 1945170.848099999362603 ], [ 968377.250200001522899, 1945157.250200001290068 ], [ 968386.375200001522899, 1945141.500200000125915 ], [ 968386.400100001366809, 1945141.485200000461191 ], [ 968392.43819999974221, 1945137.875200000591576 ], [ 968416.574300001142547, 1945123.240200000815094 ], [ 968447.688200001139194, 1945104.375199999660254 ], [ 968481.807200000155717, 1945087.139200001489371 ], [ 968496.188200000207871, 1945079.875199999893084 ], [ 968559.011304443934932, 1945073.4467434422113 ], [ 968563.375200001057237, 1945073.000200000591576 ], [ 968567.659100000048056, 1945072.517100000521168 ], [ 968567.81709999893792, 1945072.495500000193715 ], [ 968577.875200000707991, 1945060.125299998559058 ], [ 968584.817099999752827, 1945051.683299998752773 ], [ 968590.31319999974221, 1945045.00029999925755 ], [ 968618.188200000789948, 1945030.625299998559058 ], [ 968618.209700000239536, 1945030.5895 ], [ 968618.739100000588223, 1945029.7273 ], [ 968628.250200001057237, 1945014.2503 ], [ 968628.375200000125915, 1945004.263200000626966 ], [ 968628.378200000966899, 1945004.00209999922663 ], [ 968628.563200000440702, 1944990.750299999024719 ], [ 968631.779200001619756, 1944987.212199999717996 ], [ 968634.813199999975041, 1944983.8753 ], [ 968643.848099999595433, 1944974.030200001318008 ], [ 968643.875200001057237, 1944974.000299998791888 ], [ 968648.107199999969453, 1944976.57630000077188 ], [ 968649.6252, 1944977.500299999024719 ], [ 968650.593099999241531, 1944978.062100000213832 ], [ 968653.50020000198856, 1944979.7503 ], [ 968658.633200000273064, 1944982.869100001640618 ], [ 968663.375200000824407, 1944985.750299999024719 ], [ 968668.823200000450015, 1944977.340100000612438 ], [ 968676.250200001639314, 1944965.8753 ], [ 968715.875200000824407, 1944959.000299998559058 ], [ 968753.813200000906363, 1944961.125300000188872 ], [ 968762.188200000091456, 1944961.625299998559058 ], [ 968776.120200001751073, 1944959.383300001267344 ], [ 968789.37520000024233, 1944957.250300000421703 ], [ 968816.000200001755729, 1944965.750299998559058 ], [ 968838.31319999974221, 1944956.50029999949038 ], [ 968847.272300000535324, 1944952.77309999987483 ], [ 968860.258600000408478, 1944947.382299999706447 ], [ 968865.454300001263618, 1944951.82630000077188 ], [ 968879.688200001372024, 1944964.000299998559058 ], [ 968894.823199999635108, 1944977.051100000971928 ], [ 968900.563200001837686, 1944982.000299998559058 ], [ 968945.06319999974221, 1944998.0003 ], [ 968960.919200001051649, 1945008.724200000986457 ], [ 968996.813200000906363, 1945033.000299998559058 ], [ 969000.88820000179112, 1945035.301099999807775 ], [ 969002.125200001522899, 1945036.000300000421703 ], [ 969015.063200001139194, 1945043.1253 ], [ 969076.125200001639314, 1945084.1253 ], [ 969093.250200001522899, 1945071.875299999024719 ], [ 969135.813200000091456, 1945041.500299999024719 ], [ 969139.375200000591576, 1945039.0003 ], [ 969166.438200000440702, 1945008.6253 ], [ 969178.500200001290068, 1944995.12529999949038 ], [ 969189.533099999418482, 1944983.210100000258535 ], [ 969207.438200000440702, 1944963.87529999949038 ], [ 969209.716200000490062, 1944961.121199999470264 ], [ 969210.438199999975041, 1944960.250300000188872 ], [ 969212.688200000789948, 1944957.500299998559058 ], [ 969223.233099999371916, 1944944.335099999792874 ], [ 969232.313200001837686, 1944933.000299998791888 ], [ 969232.394200001144782, 1944932.960100001189858 ], [ 969233.209200000856072, 1944932.552200002828613 ], [ 969233.313200000906363, 1944932.500300000421703 ], [ 969246.893200001912192, 1944928.236099998466671 ], [ 969254.813200001139194, 1944925.7503 ], [ 969263.921100000967272, 1944926.472299999557436 ], [ 969297.375200001057237, 1944929.125299999024719 ], [ 969314.375200001755729, 1944922.125299998559058 ], [ 969330.938200000906363, 1944905.625299998559058 ], [ 969348.5442, 1944888.146200001705438 ], [ 969348.563200001372024, 1944888.125299999024719 ], [ 969371.110200001276098, 1944887.709300000686198 ], [ 969382.438200001604855, 1944887.50029999949038 ], [ 969393.244100000476465, 1944887.7503 ], [ 969414.8752, 1944888.250300000421703 ], [ 969423.681100000510924, 1944884.476100000552833 ], [ 969431.500200001406483, 1944881.125299998559058 ], [ 969467.938200001837686, 1944865.37529999949038 ], [ 969534.375200001755729, 1944836.625300000654534 ], [ 969575.500200000707991, 1944818.875299998791888 ], [ 969609.192100000334904, 1944804.246199999470264 ], [ 969612.063200000207871, 1944803.000299998559058 ], [ 969614.077100000344217, 1944802.134199999738485 ], [ 969636.188200000557117, 1944792.625299999024719 ], [ 969651.938200001837686, 1944813.000299998559058 ], [ 969737.938200000440702, 1944924.0003 ], [ 969739.28609999967739, 1944923.468100000638515 ], [ 969742.688200000207871, 1944922.125299998559058 ], [ 969750.993300001020543, 1944918.921100000618026 ], [ 969760.18820000172127, 1944915.375300000421703 ], [ 969760.500199999893084, 1944915.000299999024719 ], [ 969761.249199999962002, 1944914.000700001604855 ], [ 969771.06319999974221, 1944901.500300000654534 ], [ 969837.250200001522899, 1944766.375299999024719 ], [ 969864.571200001053512, 1944749.927200001198798 ], [ 969874.000200000125915, 1944744.250299999024719 ], [ 969914.722200000542216, 1944732.0461 ], [ 969996.625200000591576, 1944707.500300000421703 ], [ 970069.250199999893084, 1944608.000299999024719 ], [ 970069.250199999893084, 1944607.948200001381338 ], [ 970069.125200000940822, 1944588.625300000421703 ], [ 970069.088100000517443, 1944580.539100001100451 ], [ 970069.000200001872145, 1944561.375200000591576 ], [ 970068.86720000137575, 1944544.196200001984835 ], [ 970068.813200000440702, 1944537.158099999884143 ], [ 970068.813200000440702, 1944537.125200001057237 ], [ 970063.127100000507198, 1944529.60020000115037 ], [ 970051.625200001755729, 1944514.375200001290068 ], [ 970044.039200000581332, 1944504.226099999155849 ], [ 970042.37423333292827, 1944501.996166665805504 ], [ 970038.313200001372024, 1944486.500200000125915 ], [ 970037.826200000476092, 1944484.553199999732897 ], [ 970037.500200001522899, 1944483.250200000358745 ], [ 970024.848099999595433, 1944460.663100001402199 ], [ 970018.875200001755729, 1944450.000199999660254 ], [ 970011.745200001634657, 1944437.254100000951439 ], [ 970001.812700000358745, 1944419.50029999949038 ], [ 969996.18790000025183, 1944324.750200001522899 ], [ 969995.321100001456216, 1944309.875000000465661 ], [ 969994.997200000914745, 1944304.37209999980405 ], [ 969954.626299999072216, 1944265.501099999062717 ], [ 969953.870150000555441, 1944263.99015000090003 ], [ 969953.25510000041686, 1944262.760050000622869 ], [ 969943.500149999279529, 1944244.000149999279529 ], [ 969937.500150000094436, 1944232.500149999279529 ], [ 969936.800150000490248, 1944231.256200000876561 ], [ 969936.37514999974519, 1944230.500150001142174 ], [ 969935.707700001075864, 1944229.163200002396479 ], [ 969935.688149999827147, 1944229.125150000443682 ], [ 969935.375150000560097, 1944226.750150000676513 ], [ 969935.367150001460686, 1944226.684099999256432 ], [ 969933.063149999594316, 1944208.00014999974519 ], [ 969932.126250000437722, 1944200.125150001142174 ], [ 969930.938150000059977, 1944190.375150001142174 ], [ 969930.018150001298636, 1944182.71610000077635 ], [ 969928.688150001456961, 1944171.625150000210851 ], [ 969929.135100000537932, 1944168.141200002282858 ], [ 969929.813149999594316, 1944162.87514999974519 ], [ 969932.223099999828264, 1944142.974200000520796 ], [ 969932.750150000327267, 1944138.625150000210851 ], [ 969933.563700000173412, 1944131.375150001607835 ], [ 969933.790250000660308, 1944129.359049999387935 ], [ 969935.875150001142174, 1944110.875150000210851 ], [ 969943.31209999974817, 1944079.250150000909343 ], [ 969943.356099999509752, 1944079.064099998911843 ], [ 969944.188700000056997, 1944075.500150000210851 ], [ 969944.275099999504164, 1944072.471100001130253 ], [ 969944.93815000122413, 1944049.500150000676513 ], [ 969945.02809999906458, 1944045.783100000582635 ], [ 969945.188149999361485, 1944039.250150000210851 ], [ 969946.749099998967722, 1944020.300200001802295 ], [ 969948.000150000909343, 1944005.125149999512359 ], [ 969949.93815000122413, 1943981.000200000591576 ], [ 969949.667149999877438, 1943972.99520000256598 ], [ 969949.375149999512359, 1943964.375250000972301 ], [ 969947.630100000533275, 1943957.599049999145791 ], [ 969943.000150000909343, 1943939.62514999974519 ], [ 969941.213350001024082, 1943934.665950001217425 ], [ 969935.750149999978021, 1943919.500150000210851 ], [ 969932.125150000676513, 1943905.625150000443682 ], [ 969927.688150000059977, 1943888.500150000676513 ], [ 969925.75014999974519, 1943882.500150001375005 ], [ 969922.438149999594316, 1943872.125200001057237 ], [ 969922.182100000558421, 1943871.383199999108911 ], [ 969921.750099999364465, 1943870.125000000931323 ], [ 969907.120100000174716, 1943848.087049998808652 ], [ 969902.000099999364465, 1943840.375000000465661 ], [ 969886.500100000528619, 1943825.875000000931323 ], [ 969886.470099999336526, 1943825.846999999601394 ], [ 969886.213100000750273, 1943825.608050000853837 ], [ 969877.375100000528619, 1943817.375000000465661 ], [ 969876.780099999858066, 1943816.780049999244511 ], [ 969876.000099999713711, 1943816.000000002095476 ], [ 969874.137099999235943, 1943814.307000001426786 ], [ 969873.938099999097176, 1943814.125000000698492 ], [ 969865.780100000440143, 1943805.023050000891089 ], [ 969859.375100000528619, 1943797.875000000931323 ], [ 969845.625099999713711, 1943779.875000000931323 ], [ 969843.813099999446422, 1943776.250000001629815 ], [ 969842.257100001093931, 1943773.237049999414012 ], [ 969841.813099998980761, 1943772.375000001862645 ], [ 969840.861100001493469, 1943770.472000001231208 ], [ 969839.063099999679253, 1943766.875000001164153 ], [ 969820.813099999446422, 1943730.75 ], [ 969820.271099998732097, 1943729.700049998937175 ], [ 969818.813099998980761, 1943726.875000000465661 ], [ 969814.601100000320002, 1943710.114050001604483 ], [ 969812.705099999904633, 1943702.567000000271946 ], [ 969812.625099999480881, 1943702.250000001396984 ], [ 969802.438100000144914, 1943654.375 ], [ 969799.362099999561906, 1943639.854000001680106 ], [ 969793.250099998898804, 1943611.000000000232831 ], [ 969791.458100000862032, 1943601.827000000746921 ], [ 969791.125099999364465, 1943600.125000002328306 ], [ 969788.688099999213591, 1943587.500000001862645 ], [ 969789.188099999912083, 1943586.375000001396984 ], [ 969792.750100000295788, 1943578.250000000465661 ], [ 969803.791749999625608, 1943548.846899999305606 ], [ 969785.563100000610575, 1943535.125000000931323 ], [ 969785.365099999238737, 1943532.556050000712276 ], [ 969785.188099998980761, 1943530.250000002095476 ], [ 969784.751099999528378, 1943525.408000000752509 ], [ 969784.500100000295788, 1943522.625000001862645 ], [ 969781.625099999830127, 1943521.125000001862645 ], [ 969780.016544299316593, 1943520.491987442132086 ], [ 969773.644099999219179, 1943517.984049999853596 ], [ 969758.125099999131635, 1943511.875000000465661 ], [ 969747.459100000094622, 1943500.570000001229346 ], [ 969738.956399999675341, 1943491.557099998928607 ], [ 969738.589599999133497, 1943491.1682 ], [ 969729.92369999946095, 1943481.757299999706447 ], [ 969723.50969999935478, 1943478.8556999983266 ], [ 969714.957700000144541, 1943468.089500001166016 ], [ 969732.748900000704452, 1943458.4685 ], [ 969769.170900000492111, 1943452.970899998443201 ], [ 969802.147300000535324, 1943451.6415 ], [ 969690.695885684690438, 1943375.630720987450331 ], [ 969661.349600000306964, 1943355.616300000809133 ], [ 969660.563200001372024, 1943353.875199999660254 ], [ 969652.490600001066923, 1943349.574500001268461 ], [ 969504.800899999914691, 1943248.848899999633431 ], [ 969170.263050000648946, 1943020.691249999217689 ], [ 969082.894899999024346, 1942961.1055 ], [ 969071.371299998834729, 1942952.839899999089539 ], [ 969060.250100000295788, 1942944.038500000722706 ], [ 969049.558299999451265, 1942934.721700000576675 ], [ 969039.318899999256246, 1942924.909700000658631 ], [ 969029.554700001142919, 1942914.624299998860806 ], [ 969020.287500000558794, 1942903.888899999670684 ], [ 969011.538500000955537, 1942892.727299999212846 ], [ 969003.327100000577047, 1942881.164699999848381 ], [ 968995.671100000152364, 1942869.227099998854101 ], [ 968988.588699999847449, 1942856.940099998377264 ], [ 968961.626699999324046, 1942807.5025 ], [ 968887.789300001459196, 1942672.114300000481308 ], [ 968882.884499998763204, 1942662.730499999597669 ], [ 968878.313900000881404, 1942653.178300001425669 ], [ 968874.083100000629202, 1942643.4715 ], [ 968868.827100000809878, 1942629.881100000813603 ], [ 968864.236700000241399, 1942616.05089999968186 ], [ 968860.32370000006631, 1942602.01450000051409 ], [ 968857.097500000149012, 1942587.804500001482666 ], [ 968854.565699999802746, 1942573.454700001515448 ], [ 968852.733299999963492, 1942558.998299999861047 ], [ 968851.605300000868738, 1942544.470700000412762 ], [ 968845.995700000086799, 1942439.072500000474975 ], [ 968832.804699999280274, 1942191.229900000151247 ], [ 968830.601700001396239, 1942149.838500000769272 ], [ 968825.791099999798462, 1942059.446899999864399 ], [ 968544.620100000873208, 1942075.7185 ], [ 968544.308699999586679, 1942069.8671 ], [ 968542.48369999951683, 1942035.577899998985231 ], [ 968540.800899999914691, 1942003.960200000554323 ], [ 968539.798299999441952, 1941992.549800000619143 ], [ 968538.630300000309944, 1941985.160099999513477 ], [ 968538.010099999140948, 1941981.23589999973774 ], [ 968536.64673736738041, 1941975.300891414284706 ], [ 968535.445700000738725, 1941970.072200000751764 ], [ 968532.117200001841411, 1941959.111600002273917 ], [ 968528.040499999769963, 1941948.4073 ], [ 968523.235400001518428, 1941938.009700001217425 ], [ 968497.469400001689792, 1941886.961699999403208 ], [ 968490.954300001263618, 1941874.055200000293553 ], [ 968486.467999999644235, 1941864.346700000111014 ], [ 968482.661300000152551, 1941854.350899999029934 ], [ 968479.553300000727177, 1941844.117500000633299 ], [ 968477.159499999368563, 1941833.693199999863282 ], [ 968475.489699999336153, 1941823.12849999871105 ], [ 968474.553200001828372, 1941812.474700000602752 ], [ 968469.309299999615178, 1941713.95009999955073 ], [ 968241.223100000293925, 1941726.089500001631677 ], [ 968177.716699999989942, 1941729.469499999191612 ], [ 968155.685499999322928, 1941730.642100001685321 ], [ 967919.376300000585616, 1941743.219100000336766 ], [ 967818.303099999553524, 1941748.598300001351163 ], [ 967806.205699999583885, 1941749.369500000961125 ], [ 967790.525899999542162, 1941750.466300000203773 ], [ 967767.321299999486655, 1941752.869299999438226 ], [ 967744.209499999880791, 1941756.044099999591708 ], [ 967721.216899999883026, 1941759.987700000405312 ], [ 967698.367900000535883, 1941764.696299999486655 ], [ 967514.032299999846146, 1941805.802100001834333 ], [ 967501.249700000043958, 1941570.209899999666959 ], [ 967500.940100001054816, 1941559.003100000787526 ], [ 967501.229899999685585, 1941547.794699999503791 ], [ 967502.116900000721216, 1941536.618499998934567 ], [ 967503.599899998866022, 1941525.505499999038875 ], [ 967505.674100000178441, 1941514.487700001336634 ], [ 967508.333499998552725, 1941503.596500000916421 ], [ 967511.570500001078472, 1941492.862299998290837 ], [ 967515.099899998866022, 1941481.178299999795854 ], [ 967518.010900000110269, 1941469.324899998493493 ], [ 967520.29530000127852, 1941457.335300000850111 ], [ 967521.946699999272823, 1941445.24210000038147 ], [ 967522.961500000325032, 1941433.078700000420213 ], [ 967523.335900000529364, 1941420.879100000485778 ], [ 967523.05970000079833, 1941408.698299999814481 ], [ 967505.526899999240413, 1941401.787499999627471 ], [ 967487.875499999849126, 1941372.37529999949038 ], [ 967470.631300000473857, 1941370.961300001712516 ], [ 967465.000500001013279, 1941370.500300000188872 ], [ 967454.619300000136718, 1941369.248500000685453 ], [ 967454.063500000629574, 1941369.12529999949038 ], [ 967419.324300000444055, 1941261.356499998830259 ], [ 967517.500500001013279, 1941028.875299999024719 ], [ 967493.173299999907613, 1941021.164500000886619 ], [ 967439.481105147278868, 1941016.413041858002543 ], [ 967435.31950000138022, 1941016.0447 ], [ 967366.837899999576621, 1941013.3407 ], [ 967334.007100000279024, 1941009.02089999942109 ], [ 967308.520100001012906, 1941009.236900000832975 ], [ 967275.47310000017751, 1941011.6127 ], [ 967249.122100000851788, 1941016.36470000166446 ], [ 967233.138699999079108, 1941022.196299999020994 ], [ 967218.962299999082461, 1941030.531300000147894 ], [ 967180.66810000105761, 1941049.920700001064688 ], [ 967110.526700000511482, 1941086.271500000730157 ], [ 967071.616100001265295, 1941095.487099999561906 ], [ 967032.531300000613555, 1941106.947099999524653 ], [ 966980.83286091091577, 1941135.77242989372462 ], [ 966980.812684043659829, 1941135.783646386116743 ], [ 966980.43269999907352, 1941135.995499999728054 ], [ 966968.188149999710731, 1941125.25025 ], [ 966908.4381500009913, 1941175.625250000506639 ], [ 966874.06209999974817, 1941199.999099999666214 ], [ 966874.036100000259466, 1941200.018200002145022 ], [ 966855.875149999978021, 1941212.875249999575317 ], [ 966847.063150001340546, 1941212.25025 ], [ 966839.831150000682101, 1941211.831250000745058 ], [ 966838.438149999594316, 1941211.750249999342486 ], [ 966835.001150000607595, 1941207.802200002362952 ], [ 966829.188150000525638, 1941201.125249999575317 ], [ 966829.125149999279529, 1941187.75025 ], [ 966845.813149999594316, 1941142.125249999575317 ], [ 966855.435699999565259, 1940933.87370000127703 ], [ 966849.389150000875816, 1940929.074100001715124 ], [ 966843.313150000758469, 1940924.250249999109656 ], [ 966823.625150000792928, 1940908.750250000506639 ], [ 966813.735750001622364, 1940902.622450001072139 ], [ 966804.649150001467206, 1940892.804700000910088 ], [ 966776.685149999801069, 1940879.66509999986738 ], [ 966735.063150000874884, 1940853.875250000506639 ], [ 966598.938066666945815, 1940734.000066665466875 ], [ 966587.333150001009926, 1940731.967100000940263 ], [ 966581.813150000176392, 1940731.000099999364465 ], [ 966577.174050000030547, 1940730.1631 ], [ 966565.875099999364465, 1940728.125099998898804 ], [ 966559.389100000145845, 1940713.647099999245256 ], [ 966556.188149999943562, 1940706.500099999830127 ], [ 966525.125099999713711, 1940636.875099999830127 ], [ 966459.375099999597296, 1940579.000100000528619 ], [ 966437.01005000108853, 1940561.695099999662489 ], [ 966406.063150000059977, 1940537.750100000295788 ], [ 966393.653099998831749, 1940531.54509999928996 ], [ 966386.313150000059977, 1940527.875099999131635 ], [ 966328.062100000912324, 1940498.37610000022687 ], [ 966328.034099999349564, 1940498.362099999561906 ], [ 966327.787099999841303, 1940498.237100000493228 ], [ 966317.563150000292808, 1940493.12510000099428 ], [ 966266.188150000874884, 1940462.625099999830127 ], [ 966220.625099998782389, 1940431.125099999364465 ], [ 966170.188149999827147, 1940398.250100000295788 ], [ 966161.477099998970516, 1940384.680100000463426 ], [ 966158.313150000409223, 1940379.750099999830127 ], [ 966153.585099998977967, 1940372.467099999077618 ], [ 966145.250100000062957, 1940359.625100000295788 ], [ 966141.756099999183789, 1940347.4441 ], [ 966136.25009999901522, 1940328.250099998898804 ], [ 966132.243099999846891, 1940312.34809999819845 ], [ 966128.438150001107715, 1940297.250099999364465 ], [ 966124.75009999901522, 1940269.875099998898804 ], [ 966122.5631500009913, 1940244.750099999364465 ], [ 966121.595049999654293, 1940233.405099999625236 ], [ 966119.875100000179373, 1940213.250099998898804 ], [ 966113.625100000645034, 1940118.250099999364465 ], [ 966108.875100000877865, 1940062.125099999830127 ], [ 966105.487499999348074, 1940001.625100000295788 ], [ 966004.187999999267049, 1940002.125 ], [ 965974.250000001047738, 1940025.875000000931323 ], [ 965962.366050000768155, 1940035.210000001359731 ], [ 965951.24199999962002, 1940043.948999999789521 ], [ 965927.624999999068677, 1940062.500000000465661 ], [ 965856.437999999383464, 1940118.374999999534339 ], [ 965836.497000000439584, 1940127.392999998759478 ], [ 965831.563000000081956, 1940129.624999999068677 ], [ 965827.63199999963399, 1940133.338999999221414 ], [ 965796.500000000465661, 1940162.750000000698492 ], [ 965796.365000000223517, 1940176.512000000104308 ], [ 965796.312999999150634, 1940181.875000000931323 ], [ 965796.188000000081956, 1940196.744000000646338 ], [ 965764.18800000124611, 1940212.749999999534339 ], [ 965775.756999999517575, 1940222.858999998308718 ], [ 965794.375000000931323, 1940239.125000000698492 ], [ 965801.217049999861047, 1940245.062999999616295 ], [ 965807.625000001164153, 1940250.625000000698492 ], [ 965807.627999999676831, 1940250.653999998699874 ], [ 965810.31205000076443, 1940277.618499999633059 ], [ 965788.807000000728294, 1940283.315000000176951 ], [ 965778.187850001966581, 1940286.125 ], [ 965688.812849999871105, 1940332.375000000232831 ], [ 965623.75, 1940348.999999999534339 ], [ 965618.618000000482425, 1940349.973000000230968 ], [ 965567.68799999973271, 1940359.624999999301508 ], [ 965518.346000000601634, 1940368.852 ], [ 965504.188000000431202, 1940371.500000000931323 ], [ 965442.822499999194406, 1940381.122999999672174 ], [ 965419.062999999616295, 1940386.625000000465661 ], [ 965356.663049999508075, 1940401.187 ], [ 965346.750000000698492, 1940403.499999999767169 ], [ 965345.481999998679385, 1940403.803 ], [ 965334.187999999267049, 1940406.499999999534339 ], [ 965330.798999999533407, 1940407.369 ], [ 965329.313000000547618, 1940407.750000000931323 ], [ 965213.562999999383464, 1940435.875000000232831 ], [ 965206.942000000039116, 1940437.450999998720363 ], [ 965195.188000000081956, 1940440.250000000465661 ], [ 965184.000000000465661, 1940443.0 ], [ 965179.696000000461936, 1940438.75400000042282 ], [ 965170.187999999616295, 1940429.375000000465661 ], [ 965141.749999998952262, 1940417.500000000931323 ], [ 965131.025999999372289, 1940410.994999998249114 ], [ 965120.937999999616295, 1940404.875000000465661 ], [ 965103.562999999383464, 1940403.75 ], [ 965088.688000000431202, 1940401.625000000465661 ], [ 965072.750000001164153, 1940399.000000000465661 ], [ 965068.609999999403954, 1940399.689999998779967 ], [ 965066.000000000931323, 1940400.125000000931323 ], [ 965054.688000001013279, 1940401.875000000931323 ], [ 965049.792999999830499, 1940401.145 ], [ 965044.624999999767169, 1940400.375000001164153 ], [ 965026.895000000251457, 1940401.415999999269843 ], [ 965008.438000000780448, 1940402.500000000698492 ], [ 965008.455549999838695, 1940402.440000000409782 ], [ 965021.750000000931323, 1940358.124999999534339 ], [ 965022.187999999383464, 1940356.624999999534339 ], [ 965025.188000001129694, 1940345.749999999534339 ], [ 965038.750050001079217, 1940311.874999999068677 ], [ 965049.875000000232831, 1940296.625000000698492 ], [ 965050.938000000431202, 1940292.624999999767169 ], [ 965051.499999999068677, 1940289.250000000698492 ], [ 965048.937999999965541, 1940287.374999999301508 ], [ 965048.375000000349246, 1940287.0 ], [ 965039.438000000431202, 1940284.000000000465661 ], [ 965033.572050001937896, 1940281.716000000946224 ], [ 965032.375000000931323, 1940281.250000000931323 ], [ 965031.811000000336207, 1940280.934000000823289 ], [ 965026.562999999616295, 1940278.000000000931323 ], [ 965021.750000000931323, 1940275.375000000931323 ], [ 965003.312999999383464, 1940253.375 ], [ 964993.270000000251457, 1940241.431 ], [ 964982.188000000780448, 1940228.250000000465661 ], [ 964978.3358, 1940217.827100000344217 ], [ 964977.937850001268089, 1940216.750000000465661 ], [ 964977.770300000091083, 1940211.191999999107793 ], [ 964977.250000000698492, 1940193.874999999534339 ], [ 964976.531999998609535, 1940187.705000000307336 ], [ 964974.937999999849126, 1940174.000000000465661 ], [ 964974.910450001712888, 1940173.970600000582635 ], [ 964945.313000000780448, 1940141.999999999301508 ], [ 964941.937999999616295, 1940138.375 ], [ 964934.562999999616295, 1940120.875000000698492 ], [ 964916.383050000295043, 1940116.573999999091029 ], [ 964884.375000000698492, 1940108.999999999068677 ], [ 964879.333299999125302, 1940107.750300000421703 ], [ 964876.812850001035258, 1940107.125199999660254 ], [ 964854.015700000454672, 1940104.38560000108555 ], [ 964790.125050001312047, 1940086.375000000698492 ], [ 964786.087000000523403, 1940085.392999999690801 ], [ 964780.875000000582077, 1940084.125 ], [ 964778.475000000093132, 1940083.619999998714775 ], [ 964772.563000000314787, 1940082.374999999534339 ], [ 964764.375049999915063, 1940080.624999999534339 ], [ 964756.812999999150634, 1940077.875000000232831 ], [ 964747.999999999417923, 1940074.749999999534339 ], [ 964738.951000000117347, 1940074.472999998601153 ], [ 964731.687999999616295, 1940074.250000000931323 ], [ 964718.98305000027176, 1940075.70399999897927 ], [ 964713.125, 1940076.375000000465661 ], [ 964708.875050000380725, 1940076.125 ], [ 964707.206, 1940075.96999999973923 ], [ 964706.188000000547618, 1940075.874999999767169 ], [ 964692.812999999150634, 1940066.375000000232831 ], [ 964686.812999999849126, 1940062.124999999068677 ], [ 964675.192999999271706, 1940058.644999998621643 ], [ 964673.876499999547377, 1940058.249900000635535 ], [ 964663.438000000547618, 1940056.875000000698492 ], [ 964652.276999999303371, 1940057.292000000132248 ], [ 964650.062999999150634, 1940057.374999999068677 ], [ 964640.188000000081956, 1940062.875 ], [ 964639.402000000700355, 1940063.817000000737607 ], [ 964638.938000000664033, 1940064.374999999767169 ], [ 964635.173999999300577, 1940068.715999999316409 ], [ 964623.43799999973271, 1940082.250000000465661 ], [ 964618.440050001023337, 1940087.884999999310821 ], [ 964614.124999999301508, 1940092.749999999301508 ], [ 964610.130550001049414, 1940092.749999999301508 ], [ 964602.264999999431893, 1940086.916000000201166 ], [ 964600.1859999995213, 1940085.374999999301508 ], [ 964599.234050001483411, 1940084.766 ], [ 964571.812999999849126, 1940067.250000000465661 ], [ 964550.312999999616295, 1940055.249999999534339 ], [ 964549.000050000613555, 1940054.500000000931323 ], [ 964536.608050001319498, 1940056.702999998815358 ], [ 964532.124999999534339, 1940057.500000000465661 ], [ 964523.989999999525025, 1940054.807999999495223 ], [ 964515.125000000931323, 1940051.875000000465661 ], [ 964496.875000000698492, 1940045.874999999068677 ], [ 964466.562999999616295, 1940030.625000000931323 ], [ 964464.160049999831244, 1940027.205000001005828 ], [ 964459.624999999185093, 1940020.749999999534339 ], [ 964459.604000000283122, 1940020.777000000234693 ], [ 964452.813000001013279, 1940029.624999999534339 ], [ 964438.938000001129694, 1940047.624999999301508 ], [ 964428.063000000896864, 1940056.124999999767169 ], [ 964419.749999999767169, 1940063.249999999534339 ], [ 964419.294050000375137, 1940063.614000000990927 ], [ 964418.18799999973271, 1940064.500000000931323 ], [ 964406.813000001013279, 1940087.000000000465661 ], [ 964404.143050001584925, 1940090.164999999338761 ], [ 964398.063000000314787, 1940097.375 ], [ 964384.74500000057742, 1940106.165999999735504 ], [ 964366.438000000780448, 1940118.250000000465661 ], [ 964357.945000000763685, 1940119.589000000618398 ], [ 964351.374999999301508, 1940120.625000000465661 ], [ 964346.82205000158865, 1940121.27500000083819 ], [ 964346.125050000613555, 1940121.374999999068677 ], [ 964300.063733332790434, 1940323.995999999344349 ], [ 964260.000050000613555, 1940283.125000000232831 ], [ 964257.750049999915063, 1940277.750000000698492 ], [ 964254.731349999667145, 1940270.457900001201779 ], [ 964252.93805, 1940266.124999999534339 ], [ 964249.500049999798648, 1940257.874999999534339 ], [ 964244.818950001848862, 1940218.302899999078363 ], [ 964244.813050001161173, 1940218.250000000232831 ], [ 964222.484950000536628, 1940200.452099999878556 ], [ 964218.938050000579096, 1940197.625 ], [ 964215.375050001312047, 1940187.124999999068677 ], [ 964194.875050000380725, 1940126.500000000465661 ], [ 964183.691950000356883, 1940100.228999999351799 ], [ 964169.813049999764189, 1940067.624999999767169 ], [ 964151.657050000620075, 1940034.856000000610948 ], [ 964149.314049999695271, 1940030.625000000931323 ], [ 964149.807049999944866, 1940029.926 ], [ 964157.188050001510419, 1940019.5 ], [ 964177.312049999949522, 1939990.875000000465661 ], [ 964179.146050000097603, 1939989.233999998774379 ], [ 964192.813049999764189, 1939977.000000000465661 ], [ 964201.309050000505522, 1939969.482000001007691 ], [ 964206.375050000380725, 1939964.999999999767169 ], [ 964206.383050001692027, 1939964.960999998264015 ], [ 964213.625149999978021, 1939928.250199998728931 ], [ 964211.753050000639632, 1939909.032000000588596 ], [ 964209.439750000135973, 1939885.250000000698492 ], [ 964209.434450000990182, 1939885.207300000358373 ], [ 964207.438050000579096, 1939874.249999999068677 ], [ 964191.068050000118092, 1939783.780999999027699 ], [ 964191.063049999531358, 1939783.750000001164153 ], [ 964159.875049999682233, 1939778.0 ], [ 964155.992050000699237, 1939778.208000000333413 ], [ 964117.813050000462681, 1939780.250000000931323 ], [ 964094.875050000613555, 1939752.625 ], [ 964081.448050000239164, 1939746.669000000692904 ], [ 964061.625050000031479, 1939737.875 ], [ 964036.18805, 1939699.374999999068677 ], [ 964036.437049999367446, 1939690.570999999530613 ], [ 964037.000050001079217, 1939670.749999999301508 ], [ 964031.982050000689924, 1939660.829999999608845 ], [ 964031.562550000962801, 1939660.000000000465661 ], [ 964003.502050000010058, 1939605.003799999132752 ], [ 964009.625050000729971, 1939591.500000000931323 ], [ 964012.799050002009608, 1939584.653999999631196 ], [ 964012.813050000579096, 1939584.624999999534339 ], [ 963993.750050000380725, 1939534.249999999068677 ], [ 963992.092050001723692, 1939529.985999999102205 ], [ 963990.688050000695512, 1939526.375000000465661 ], [ 963977.250050000264309, 1939509.124999999534339 ], [ 963976.343050001421943, 1939504.802000000374392 ], [ 963974.313049999531358, 1939495.125000000465661 ], [ 963968.625050000846386, 1939468.499999999068677 ], [ 963961.496050001587719, 1939466.489999999525025 ], [ 963930.938049999764189, 1939457.874999999068677 ], [ 963926.731050001690164, 1939459.216000001179054 ], [ 963926.629049999173731, 1939459.249500001547858 ], [ 963908.199550000485033, 1939465.370999998413026 ], [ 963895.81305, 1939446.624999999534339 ], [ 963891.250049999449402, 1939439.75 ], [ 963872.827050000778399, 1939430.900999999605119 ], [ 963859.500050000846386, 1939424.499999999534339 ], [ 963847.500050000264309, 1939403.750000000232831 ], [ 963834.173050000448711, 1939395.523999999742955 ], [ 963822.188050001510419, 1939388.125000000232831 ], [ 963809.999749999842606, 1939371.873900000704452 ], [ 963809.625050001195632, 1939370.499999999534339 ], [ 963805.500050001195632, 1939356.082000000402331 ], [ 963797.500050001544878, 1939328.124999999068677 ], [ 963781.938050000346266, 1939273.375000000465661 ], [ 963782.279050001176074, 1939262.343000000109896 ], [ 963782.813050000462681, 1939245.125 ], [ 963770.963050001766533, 1939226.937999998684973 ], [ 963761.31305000022985, 1939212.125 ], [ 963708.750050001312047, 1939191.125000000465661 ], [ 963695.188050000695512, 1939159.500000000931323 ], [ 963697.897050000960007, 1939143.307999999262393 ], [ 963700.500050001312047, 1939127.75 ], [ 963699.438049999764189, 1939110.375 ], [ 963687.426050000358373, 1939103.031 ], [ 963673.063050000811927, 1939094.249999999068677 ], [ 963658.125050000613555, 1939074.000000000698492 ], [ 963654.598049999913201, 1939073.69 ], [ 963646.750049999682233, 1939072.999999999301508 ], [ 963633.875050001195632, 1939070.125000000931323 ], [ 963640.563050001277588, 1939025.000000000931323 ], [ 963636.164050001185387, 1939019.687000001780689 ], [ 963634.250050000613555, 1939017.375000000698492 ], [ 963626.149050001520663, 1939007.428999999305233 ], [ 963621.625050000147894, 1939001.874999999767169 ], [ 963591.250050000147894, 1938968.375000000931323 ], [ 963591.167050001095049, 1938956.369000000879169 ], [ 963591.063050000928342, 1938941.124999999767169 ], [ 963589.928050001617521, 1938938.96299999859184 ], [ 963589.750050000380725, 1938938.625000000931323 ], [ 963589.233050000388175, 1938937.67200000025332 ], [ 963582.563050000579096, 1938925.375000000698492 ], [ 963586.957050000084564, 1938907.576999999582767 ], [ 963597.625050001079217, 1938864.375000000465661 ], [ 963600.550050000660121, 1938856.806000000797212 ], [ 963600.813050000811927, 1938856.125000000465661 ], [ 963601.696050000027753, 1938853.872999999672174 ], [ 963610.813050001044758, 1938830.624999999068677 ], [ 963610.750049999915063, 1938819.624999999767169 ], [ 963598.416050001047552, 1938793.384 ], [ 963589.188049999531358, 1938773.750000000931323 ], [ 963588.125050001544878, 1938757.875000000698492 ], [ 963576.125050000846386, 1938719.124999999534339 ], [ 963575.376050000777468, 1938716.607999998843297 ], [ 963574.562550000380725, 1938713.874500000616536 ], [ 963574.719049999956042, 1938713.698000000789762 ], [ 963577.438050001394004, 1938710.624999999068677 ], [ 963584.637049999902956, 1938702.666999999433756 ], [ 963589.313050000811927, 1938697.5 ], [ 963589.982050000340678, 1938692.901000001002103 ], [ 963591.18805, 1938684.624999999301508 ], [ 963583.991050001233816, 1938672.413000001106411 ], [ 963582.93805, 1938670.625000000465661 ], [ 963578.446050001890399, 1938663.062999999150634 ], [ 963574.251050000311807, 1938655.996500000357628 ], [ 963585.04905000096187, 1938621.425000001676381 ], [ 963588.813050000113435, 1938609.374999999767169 ], [ 963588.771050000097603, 1938596.859999998938292 ], [ 963588.750050001195632, 1938590.499999999767169 ], [ 963577.994050000561401, 1938564.684999999590218 ], [ 963555.625033334014006, 1938511.000099999830127 ], [ 963548.125149999512359, 1938506.375099999131635 ], [ 963541.008150001172908, 1938501.914100001100451 ], [ 963539.750150000327267, 1938501.125100000761449 ], [ 963518.875149999861605, 1938489.000099998898804 ], [ 963515.406149999704212, 1938487.033100000582635 ], [ 963510.93815000122413, 1938484.500099999364465 ], [ 963486.688149999594316, 1938481.125100000528619 ], [ 963348.688149999594316, 1938508.125099999364465 ], [ 963339.479150001658127, 1938503.768100001383573 ], [ 963328.875150000560097, 1938498.750099998898804 ], [ 963310.804650000762194, 1938452.367599998600781 ], [ 963296.585050000110641, 1938439.90610000025481 ], [ 963276.438149999594316, 1938422.250099999830127 ], [ 963249.938150001456961, 1938410.500099999364465 ], [ 963213.4381500009913, 1938394.375100000761449 ], [ 963203.375149999628775, 1938382.250099998898804 ], [ 963197.000150000909343, 1938374.625100000761449 ], [ 963187.438150001340546, 1938338.125100000295788 ], [ 963187.411049999762326, 1938338.091099999379367 ], [ 963187.336150000919588, 1938337.994099999777973 ], [ 963184.938150000176392, 1938334.875100000295788 ], [ 963178.036050001624972, 1938325.783100000116974 ], [ 963161.500149999628775, 1938304.000099999830127 ], [ 963132.095050000934862, 1938268.539099999703467 ], [ 963132.063150000758469, 1938268.500100000528619 ], [ 963132.823150000767782, 1938261.658099998952821 ], [ 963133.063149999943562, 1938259.500099999364465 ], [ 963134.000150000210851, 1938250.750099998898804 ], [ 963133.687049999833107, 1938242.2871 ], [ 963133.375150000443682, 1938233.875099999364465 ], [ 963122.063150000642054, 1938217.2501 ], [ 963117.239050001022406, 1938210.104099999181926 ], [ 963111.938150001340546, 1938202.250099999830127 ], [ 963111.479149999679066, 1938198.94510000012815 ], [ 963108.313149999827147, 1938176.125099998898804 ], [ 963093.875150000327267, 1938156.000099999364465 ], [ 963087.375150000443682, 1938147.000100000761449 ], [ 963074.813150001107715, 1938113.875099999131635 ], [ 963060.875150000094436, 1938096.509099998977035 ], [ 963051.438149999477901, 1938084.750100000761449 ], [ 963019.6881500009913, 1938076.500100000761449 ], [ 963015.972150001209229, 1938075.033100000815466 ], [ 962986.438150000409223, 1938063.375099999597296 ], [ 962960.674050001660362, 1938060.950099998386577 ], [ 962954.563049999647774, 1938060.374999999068677 ], [ 962935.438050001510419, 1938058.625000001164153 ], [ 962926.878050000872463, 1938063.282000000588596 ], [ 962910.625050000147894, 1938072.124999999534339 ], [ 962894.000050001079217, 1938081.12599999923259 ], [ 962890.999050000449643, 1938083.759999999776483 ], [ 962867.375049999449402, 1938104.5 ], [ 962814.000049999449402, 1938124.125000000931323 ], [ 962776.875050001544878, 1938119.375000001164153 ], [ 962756.625050000729971, 1938129.874999999767169 ], [ 962730.938050000346266, 1938140.874999999068677 ], [ 962727.224050000309944, 1938140.64299999922514 ], [ 962726.938050001626834, 1938140.625000000931323 ], [ 962701.192550000268966, 1938138.625499998684973 ], [ 962700.982049999525771, 1938138.777 ], [ 962699.500050000147894, 1938139.875 ], [ 962678.500050000613555, 1938154.625 ], [ 962672.56305000022985, 1938161.125 ], [ 962666.246049999957904, 1938167.997999999206513 ], [ 962653.661049999762326, 1938162.358999998774379 ], [ 962643.375050000846386, 1938157.750000000931323 ], [ 962635.132050001062453, 1938156.749900000635535 ], [ 962611.688150000059977, 1938154.000099998898804 ], [ 962588.930150001076981, 1938172.619100001407787 ], [ 962585.56315000122413, 1938175.3751 ], [ 962582.058150000404567, 1938178.007099998416379 ], [ 962558.938149999710731, 1938195.375100000528619 ], [ 962554.089150000363588, 1938196.818100000731647 ], [ 962551.375149999512359, 1938197.625099999131635 ], [ 962522.875150000909343, 1938206.375099999830127 ], [ 962501.676050000358373, 1938208.769099998753518 ], [ 962480.813149999594316, 1938211.125099999597296 ], [ 962440.688149999710731, 1938207.375099998898804 ], [ 962383.875149999512359, 1938223.000099998898804 ], [ 962383.049050001078285, 1938222.919099999591708 ], [ 962371.18815000122413, 1938221.750099999364465 ], [ 962333.813150000642054, 1938218.250099999364465 ], [ 962287.35214999911841, 1938214.492099999450147 ], [ 962282.813150000525638, 1938214.125099999364465 ], [ 962244.573150001000613, 1938195.005599999800324 ], [ 962230.271150000626221, 1938199.621100000105798 ], [ 962207.063150000292808, 1938207.125100000761449 ], [ 962193.874050000449643, 1938211.34510000096634 ], [ 962177.382050001760945, 1938216.657200000248849 ], [ 962174.68675000150688, 1938214.879200000781566 ], [ 962174.490150000667199, 1938214.752100001089275 ], [ 962172.688150001456961, 1938213.625100000761449 ], [ 962153.112150000873953, 1938200.656099998857826 ], [ 962132.688150000758469, 1938187.125100000295788 ], [ 962120.854150000261143, 1938171.347099999897182 ], [ 962118.625150000560097, 1938168.375099999364465 ], [ 962111.395050001097843, 1938158.6741 ], [ 962108.750149999512359, 1938155.125099999364465 ], [ 962109.682150001288392, 1938144.741099999751896 ], [ 962111.063150001456961, 1938129.3751 ], [ 962117.3131500009913, 1938117.625099999830127 ], [ 962126.095049999654293, 1938101.209099999628961 ], [ 962130.687550000846386, 1938092.614600001834333 ], [ 962130.638150000944734, 1938083.443099999567494 ], [ 962130.188149999594316, 1938000.500100000295788 ], [ 962131.766150000039488, 1937988.387099999003112 ], [ 962135.937849999871105, 1937956.374800000805408 ], [ 962141.061149999964982, 1937953.381100001279265 ], [ 962190.688150001456961, 1937924.375100000295788 ], [ 962197.873150001396425, 1937920.020100000314415 ], [ 962207.18814999924507, 1937914.375100000295788 ], [ 962260.250149999978021, 1937882.000099999830127 ], [ 962285.438150000758469, 1937864.000099999830127 ], [ 962331.313149999477901, 1937840.500099999131635 ], [ 962364.374150000978261, 1937822.9871 ], [ 962362.929049999918789, 1937802.593100001337007 ], [ 962362.250150000210851, 1937793.000099999364465 ], [ 962359.625149999978021, 1937756.6251 ], [ 962335.438149999477901, 1937680.500100000295788 ], [ 962307.938150000059977, 1937633.625100000295788 ], [ 962287.688149999361485, 1937633.750099999364465 ], [ 962270.484150000032969, 1937624.09809999819845 ], [ 962253.375150000676513, 1937614.500099999830127 ], [ 962220.500149999512359, 1937572.6251 ], [ 962218.204050000291318, 1937571.175000000745058 ], [ 962212.188149999361485, 1937567.375099999597296 ], [ 962192.688149999594316, 1937555.000099999364465 ], [ 962166.673150000511669, 1937546.889099999330938 ], [ 962155.00014999974519, 1937543.250099999131635 ], [ 962150.533049999270588, 1937539.358100000303239 ], [ 962133.625150000909343, 1937524.625099999364465 ], [ 962125.461150000686757, 1937522.8801 ], [ 962117.250149999861605, 1937521.125099999364465 ], [ 962092.942150001996197, 1937511.876599999144673 ], [ 962090.52415000111796, 1937507.972100001061335 ], [ 962074.000150001375005, 1937481.250099999830127 ], [ 962067.875150000792928, 1937443.7501 ], [ 962085.875150000676513, 1937423.625100000761449 ], [ 962088.063150001456961, 1937332.8751 ], [ 962074.375150000676513, 1937271.3743 ], [ 962026.500149999279529, 1937180.250099998898804 ], [ 962026.00905, 1937179.267100001452491 ], [ 962025.875149999512359, 1937179.000099999597296 ], [ 962023.669150000670925, 1937172.72010000096634 ], [ 962016.875150000676513, 1937153.375099999364465 ], [ 962009.250150000443682, 1937131.500099999830127 ], [ 962010.188149999361485, 1937115.000099999597296 ], [ 962010.884050000691786, 1937103.294099999126047 ], [ 962011.563150000059977, 1937091.875100000528619 ], [ 962039.063149999594316, 1937052.1251 ], [ 962047.898050000309013, 1937023.492100001079962 ], [ 962069.688149999827147, 1936952.875099999131635 ], [ 962067.063149999594316, 1936922.250099998898804 ], [ 962065.938649999676272, 1936911.50859999936074 ], [ 962065.227149999700487, 1936910.282099999021739 ], [ 962064.625150000909343, 1936909.250099998898804 ], [ 962059.125150000094436, 1936899.750099999364465 ], [ 962050.731050000875257, 1936890.495100001804531 ], [ 962041.438149999361485, 1936880.250099999830127 ], [ 962036.886150001082569, 1936870.93610000051558 ], [ 962036.063149999943562, 1936869.250100000295788 ], [ 962030.88614999956917, 1936869.4641 ], [ 962030.000149999512359, 1936869.500100000761449 ], [ 962029.920150001300499, 1936869.490099999587983 ], [ 962023.750149999978021, 1936868.750099999830127 ], [ 962022.709150001872331, 1936867.570099999662489 ], [ 962021.875150000792928, 1936866.625100000295788 ], [ 962021.580050000920892, 1936866.231099999509752 ], [ 962021.313149999943562, 1936865.875099999131635 ], [ 962018.096149999881163, 1936858.361099999397993 ], [ 962014.2506500009913, 1936849.363600000739098 ], [ 962014.306050000246614, 1936847.451099999481812 ], [ 962014.438150000642054, 1936842.875099999131635 ], [ 962011.812050000648014, 1936839.750100000528619 ], [ 962002.500150000094436, 1936848.785099999047816 ], [ 961997.125150000676513, 1936854.000099999830127 ], [ 962000.120149999624118, 1936871.843099999707192 ], [ 962000.125150000210851, 1936871.875100000761449 ], [ 961973.6881500009913, 1936894.875100000761449 ], [ 961952.563150000292808, 1936933.625099999830127 ], [ 961940.438150000525638, 1936920.750099998898804 ], [ 961939.400049999938346, 1936919.564099999610335 ], [ 961938.688150000292808, 1936918.750100000761449 ], [ 961922.63645000057295, 1936908.882400000700727 ], [ 961922.63355000060983, 1936908.880800000391901 ], [ 961920.676050000707619, 1936907.7201 ], [ 961919.250150000792928, 1936906.875200000125915 ], [ 961911.135049999924377, 1936901.854199999012053 ], [ 961899.250150000443682, 1936894.500200000125915 ], [ 961853.563149999594316, 1936888.375199999660254 ], [ 961833.938150000874884, 1936901.375199999194592 ], [ 961804.875150000443682, 1936920.500199999660254 ], [ 961794.238149999640882, 1936911.836200000951067 ], [ 961770.500149999512359, 1936892.500199999660254 ], [ 961768.875150000676513, 1936891.125199998728931 ], [ 961766.500150000676513, 1936890.500199999194592 ], [ 961668.938149999827147, 1936863.000199999660254 ], [ 961664.159149999730289, 1936856.785100000910461 ], [ 961658.750149999395944, 1936849.750199999427423 ], [ 961657.532150001032278, 1936848.207099999766797 ], [ 961655.000150000909343, 1936845.000199999660254 ], [ 961630.52305000112392, 1936825.251099999528378 ], [ 961603.875149999512359, 1936803.750199999427423 ], [ 961583.249049999751151, 1936767.771199998445809 ], [ 961576.000150000676513, 1936755.125199999194592 ], [ 961575.994050000328571, 1936755.08420000015758 ], [ 961575.343050001189113, 1936750.922200000844896 ], [ 961573.508150000940077, 1936739.174100001342595 ], [ 961573.500149999512359, 1936739.125199999660254 ], [ 961560.923150000860915, 1936740.5691 ], [ 961547.375150000909343, 1936742.125199999427423 ], [ 961484.599150000954978, 1936754.46919999923557 ], [ 961450.750150000210851, 1936761.125200000591576 ], [ 961387.801050000824034, 1936803.718099999707192 ], [ 961379.625150000560097, 1936809.250200000125915 ], [ 961354.875150000443682, 1936817.000199999660254 ], [ 961352.832050000084564, 1936817.20119999954477 ], [ 961351.063066666596569, 1936817.378599999239668 ], [ 961322.938150000525638, 1936820.250100000761449 ], [ 961274.18815000122413, 1936827.000099998898804 ], [ 961238.563150000758469, 1936832.000099998898804 ], [ 961231.056050000246614, 1936834.812100000679493 ], [ 961215.875150001142174, 1936840.500099999364465 ], [ 961206.06315000122413, 1936844.125100000761449 ], [ 961194.835050000459887, 1936849.321100000292063 ], [ 961166.625150001142174, 1936862.375099998898804 ], [ 961165.735150001593865, 1936862.537099999608472 ], [ 961164.563150000525638, 1936862.750100000528619 ], [ 961158.688150000409223, 1936863.500099999364465 ], [ 961154.689050001674332, 1936862.967100000940263 ], [ 961148.375150000909343, 1936862.125100000761449 ], [ 961139.313149999827147, 1936858.625100000528619 ], [ 961133.209150000358932, 1936854.818100000265986 ], [ 961120.875149999279529, 1936847.125100000295788 ], [ 961114.67605000117328, 1936844.13509999983944 ], [ 961099.625149999512359, 1936836.875099999830127 ], [ 961077.799050001427531, 1936829.119100001174957 ], [ 961075.000150000560097, 1936828.125099999364465 ], [ 961055.563149999827147, 1936823.0001 ], [ 961046.188149999361485, 1936821.500100000295788 ], [ 961042.287150000105612, 1936821.567099998705089 ], [ 961038.875149999512359, 1936821.625099999364465 ], [ 961032.578150001587346, 1936821.8841 ], [ 961029.750149999279529, 1936822.000100000761449 ], [ 961018.625150000909343, 1936823.500100000761449 ], [ 961003.063149999827147, 1936825.500099998898804 ], [ 960983.623150000465102, 1936830.608100001001731 ], [ 960979.737650001305155, 1936831.630600000731647 ], [ 960936.50014999974519, 1936850.375100000295788 ], [ 960907.500150000560097, 1936863.250099998898804 ], [ 960897.495149999856949, 1936865.82909999974072 ], [ 960893.438150001456961, 1936866.875100000528619 ], [ 960891.477150000166148, 1936866.940099999308586 ], [ 960885.875150001375005, 1936867.125100000761449 ], [ 960885.347150001325645, 1936867.125100000761449 ], [ 960884.625149999628775, 1936867.125100000761449 ], [ 960862.313150000525638, 1936860.62510000099428 ], [ 960835.692049999721348, 1936851.103099999483675 ], [ 960829.8131500009913, 1936849.000099999830127 ], [ 960821.903049999615178, 1936846.9921 ], [ 960788.938150000059977, 1936838.6251 ], [ 960779.508149999892339, 1936835.2621 ], [ 960772.813149999361485, 1936832.875099998898804 ], [ 960763.938149999594316, 1936828.000100000295788 ], [ 960751.140050001908094, 1936825.600099999457598 ], [ 960743.938150001456961, 1936824.250099999364465 ], [ 960736.750150000676513, 1936823.125099999131635 ], [ 960731.730150000425056, 1936822.427100001368672 ], [ 960729.563150000758469, 1936822.125099999830127 ], [ 960719.500149999512359, 1936820.000100000295788 ], [ 960665.81315000122413, 1936801.875099999364465 ], [ 960629.625150001142174, 1936793.500100000295788 ], [ 960627.000150000909343, 1936793.125100000761449 ], [ 960593.3131500009913, 1936788.5001 ], [ 960591.326150000095367, 1936787.867100001079962 ], [ 960586.250150001375005, 1936786.250099999364465 ], [ 960583.313150000758469, 1936785.375099999131635 ], [ 960580.410150000825524, 1936784.539100000634789 ], [ 960575.938150000758469, 1936783.250099999597296 ], [ 960551.563149999943562, 1936776.000100000761449 ], [ 960543.561150000430644, 1936772.8971 ], [ 960529.000149999512359, 1936767.250100000295788 ], [ 960522.094150000135414, 1936764.679099998669699 ], [ 960517.250150001375005, 1936762.875099999830127 ], [ 960515.550150000373833, 1936761.411100000608712 ], [ 960512.313150000176392, 1936758.625100000761449 ], [ 960506.404150001355447, 1936753.773100000573322 ], [ 960502.875150000792928, 1936750.875099999131635 ], [ 960498.37815, 1936746.48509999923408 ], [ 960492.375149999978021, 1936740.625100000761449 ], [ 960491.064050000393763, 1936739.424099999479949 ], [ 960490.875150000094436, 1936739.2501 ], [ 960483.833150001708418, 1936734.476100000552833 ], [ 960446.625150000210851, 1936709.250099999364465 ], [ 960414.688150000292808, 1936691.875099999364465 ], [ 960401.063150000758469, 1936687.250100000761449 ], [ 960394.125150000327267, 1936687.250100000761449 ], [ 960388.133150000241585, 1936688.81709999917075 ], [ 960386.000149999279529, 1936689.375100000295788 ], [ 960384.396150001557544, 1936690.250100000295788 ], [ 960377.063149999361485, 1936694.250099999131635 ], [ 960376.137050000368617, 1936694.806100000627339 ], [ 960375.813149999943562, 1936695.000100000295788 ], [ 960362.750150001142174, 1936707.192100000567734 ], [ 960358.938150000409223, 1936710.750099999364465 ], [ 960325.563150000758469, 1936752.500100000295788 ], [ 960318.844150000601076, 1936759.775099999736995 ], [ 960290.813150000525638, 1936790.125099998898804 ], [ 960266.125150000443682, 1936816.750100000528619 ], [ 960232.500150000443682, 1936843.250100000761449 ], [ 960204.500150000443682, 1936863.750099999597296 ], [ 960188.401150001445785, 1936878.322100000455976 ], [ 960175.500150001142174, 1936890.000099999597296 ], [ 960136.375150000443682, 1936902.6251 ], [ 960095.875150001142174, 1936917.125099999597296 ], [ 960084.188149999710731, 1936915.625099999830127 ], [ 960074.313150000758469, 1936914.250099999131635 ], [ 960067.875150001025759, 1936914.1251 ], [ 960066.653049999848008, 1936914.1251 ], [ 960065.4381500009913, 1936914.1251 ], [ 960054.167150000226684, 1936915.239100000355393 ], [ 960049.000150001025759, 1936915.750099998898804 ], [ 960039.938149999827147, 1936918.375099999131635 ], [ 960031.15415000054054, 1936920.991099999286234 ], [ 960031.125150000210851, 1936920.999100000597537 ], [ 960030.383150000590831, 1936921.189099998213351 ], [ 960016.875150000909343, 1936924.625100000761449 ], [ 960004.938150001456961, 1936927.375100000295788 ], [ 960001.313149999827147, 1936929.875099999131635 ], [ 959999.677150001050904, 1936930.465099999215454 ], [ 959989.875149999978021, 1936934.000099999131635 ], [ 959979.579149999772198, 1936938.942099998705089 ], [ 959975.813150000874884, 1936940.750099999364465 ], [ 959972.388150000479072, 1936943.4331 ], [ 959966.875149999978021, 1936947.750099999830127 ], [ 959966.277150000678375, 1936948.695099999196827 ], [ 959965.688149999361485, 1936949.625099999131635 ], [ 959964.266049999278039, 1936952.036999999778345 ], [ 959963.623199999565259, 1936953.122700000181794 ], [ 959962.91924999980256, 1936955.253099999856204 ], [ 959959.188250000472181, 1936966.500100000761449 ], [ 959956.000250000623055, 1936982.250099999830127 ], [ 959954.625250002136454, 1937000.125100000761449 ], [ 959954.216250001918525, 1937003.294099999358878 ], [ 959954.125250001437962, 1937004.000100000528619 ], [ 959953.525150001398288, 1937008.390100000426173 ], [ 959951.563250000122935, 1937022.750099999364465 ], [ 959949.430150000378489, 1937034.537000000244007 ], [ 959949.192150001064874, 1937035.841200000606477 ], [ 959949.188750000786968, 1937035.87120000179857 ], [ 959947.938250000821427, 1937047.875099998898804 ], [ 959947.350250000483356, 1937053.167099999263883 ], [ 959947.315550001570955, 1937053.485000000335276 ], [ 959947.313950001262128, 1937053.500300000654534 ], [ 959947.229250001022592, 1937054.521099998848513 ], [ 959946.188250000588596, 1937067.125100000295788 ], [ 959944.688250000821427, 1937073.750099999364465 ], [ 959944.640150000457652, 1937073.950099998153746 ], [ 959944.063150000059977, 1937076.375200000591576 ], [ 959940.188150000409223, 1937086.000199999194592 ], [ 959931.313150000642054, 1937103.125199998961762 ], [ 959921.875250000040978, 1937113.875099999364465 ], [ 959919.710149999242276, 1937116.393100000685081 ], [ 959919.188249999657273, 1937117.0001 ], [ 959908.188250000355765, 1937132.250100000761449 ], [ 959903.847250000806525, 1937138.647099999245256 ], [ 959899.875250001437962, 1937144.500200000591576 ], [ 959896.591250000521541, 1937150.952100000111386 ], [ 959896.375150000094436, 1937151.375 ], [ 959895.82715000002645, 1937152.434099999722093 ], [ 959892.625250000506639, 1937158.625099999830127 ], [ 959888.500250000390224, 1937168.250100000528619 ], [ 959888.487849999917671, 1937168.283300000242889 ], [ 959886.125250000506639, 1937175.000100000761449 ], [ 959884.081250000279397, 1937180.746100000105798 ], [ 959883.81675000092946, 1937181.491900001652539 ], [ 959883.814050000859424, 1937181.500399999320507 ], [ 959883.520150001626462, 1937182.625099998898804 ], [ 959881.500250002020039, 1937190.375100000528619 ], [ 959879.367250001057982, 1937198.434099999722093 ], [ 959878.688250000355765, 1937201.000100000295788 ], [ 959876.688249999890104, 1937211.625100000295788 ], [ 959874.188250001054257, 1937224.500099998898804 ], [ 959873.968150001019239, 1937225.646100000478327 ], [ 959873.063250000588596, 1937230.375099999131635 ], [ 959871.500250001903623, 1937236.750099999830127 ], [ 959870.642150000086986, 1937240.183099999558181 ], [ 959869.813250000588596, 1937243.500100000295788 ], [ 959865.625250001670793, 1937251.250099999597296 ], [ 959862.073250000132248, 1937255.380100000184029 ], [ 959860.250250000040978, 1937257.500099999131635 ], [ 959857.627150000771508, 1937259.425099999643862 ], [ 959853.438249999657273, 1937262.500099999364465 ], [ 959852.384250001749024, 1937263.244100000709295 ], [ 959851.31325, 1937264.000099998898804 ], [ 959849.910249999957159, 1937264.882099999580532 ], [ 959849.125250001554377, 1937265.375099999830127 ], [ 959839.000250000040978, 1937269.875099999364465 ], [ 959828.188250000937842, 1937273.625099999830127 ], [ 959825.994149999925867, 1937274.607100000837818 ], [ 959824.000250002020039, 1937275.500099998898804 ], [ 959809.813249999424443, 1937281.625099999597296 ], [ 959804.420250001829118, 1937283.808099999558181 ], [ 959799.313250000821427, 1937285.875100000761449 ], [ 959784.902250001789071, 1937290.559100000886247 ], [ 959781.625250001321547, 1937291.625099999830127 ], [ 959778.339250000659376, 1937293.318100000265986 ], [ 959767.313249999657273, 1937299.000099999830127 ], [ 959757.939150001388043, 1937304.790100001031533 ], [ 959751.125250000040978, 1937309.000099999830127 ], [ 959745.980250000720844, 1937313.0921 ], [ 959740.750250000506639, 1937317.250099999830127 ], [ 959739.0222500001546, 1937318.818099999334663 ], [ 959734.688250001054257, 1937322.750100000761449 ], [ 959727.279250000254251, 1937330.2421000006143 ], [ 959723.563250000472181, 1937334.000100000295788 ], [ 959721.748250001575798, 1937336.117100000847131 ], [ 959717.563250001287088, 1937341.000099998898804 ], [ 959711.563249999890104, 1937351.000099998898804 ], [ 959710.440250001382083, 1937353.332100000232458 ], [ 959709.938250000937842, 1937354.375100000295788 ], [ 959709.213149999617599, 1937355.943099999567494 ], [ 959706.875250000273809, 1937361.000099999131635 ], [ 959702.830149999586865, 1937373.427100000437349 ], [ 959700.813250000821427, 1937379.625099998898804 ], [ 959699.375250001205131, 1937385.875100000761449 ], [ 959698.826250000158325, 1937388.336100000422448 ], [ 959697.813250001287088, 1937392.875099998898804 ], [ 959694.563250001287088, 1937402.625099998898804 ], [ 959690.250250000972301, 1937415.875099998898804 ], [ 959685.313249999890104, 1937426.375099999830127 ], [ 959678.50025000073947, 1937438.250099999364465 ], [ 959668.125250001088716, 1937451.875099998898804 ], [ 959666.16025000018999, 1937454.408099999884143 ], [ 959665.313249999424443, 1937455.500100000295788 ], [ 959651.812149999197572, 1937470.843100001104176 ], [ 959645.625250001670793, 1937477.875100000761449 ], [ 959644.829250001115724, 1937478.83009999897331 ], [ 959643.750250000273809, 1937480.125099999364465 ], [ 959640.334250000072643, 1937484.27610000106506 ], [ 959633.875250001437962, 1937492.125199998728931 ], [ 959627.135250000050291, 1937499.400200000498444 ], [ 959626.00025000073947, 1937500.625199999194592 ], [ 959623.975550000322983, 1937502.822399999713525 ], [ 959617.938250000821427, 1937509.375099998898804 ], [ 959611.625250000157394, 1937515.875099998898804 ], [ 959606.438250000821427, 1937521.250100000528619 ], [ 959603.328250001766719, 1937525.1161 ], [ 959601.813250000122935, 1937527.000099999364465 ], [ 959599.818250000244007, 1937529.561099999584258 ], [ 959596.750250001205131, 1937533.500099999364465 ], [ 959586.063250001054257, 1937546.875100000761449 ], [ 959582.331250000745058, 1937550.925100000808015 ], [ 959580.188250000937842, 1937553.250099999364465 ], [ 959576.602250000811182, 1937557.229099999181926 ], [ 959569.938250000355765, 1937564.625100000295788 ], [ 959557.188250000821427, 1937578.375099998898804 ], [ 959544.188250001054257, 1937593.500100000528619 ], [ 959532.125250001437962, 1937606.125100000761449 ], [ 959520.12525000073947, 1937618.750099999131635 ], [ 959508.62525000073947, 1937628.250100000761449 ], [ 959494.438250000355765, 1937636.625099999830127 ], [ 959479.77515000035055, 1937646.874099999433383 ], [ 959476.375250001670793, 1937649.250100000295788 ], [ 959475.294250000966713, 1937649.89310000045225 ], [ 959464.813249999191612, 1937656.125099999830127 ], [ 959459.024250001180917, 1937660.888099999167025 ], [ 959453.875250000040978, 1937665.125100000761449 ], [ 959448.670250000432134, 1937669.180099999299273 ], [ 959447.938249999657273, 1937669.750099999364465 ], [ 959446.337250000564381, 1937670.970099999569356 ], [ 959445.313249999540858, 1937671.750099999830127 ], [ 959444.588150000432506, 1937672.26909999945201 ], [ 959438.688250000588596, 1937676.500099999364465 ], [ 959434.255850001121871, 1937679.620800000149757 ], [ 959434.250350000103936, 1937679.625199999194592 ], [ 959425.938250001054257, 1937687.125099999364465 ], [ 959424.821249999804422, 1937688.577099999878556 ], [ 959424.688249999424443, 1937688.750100000528619 ], [ 959423.329250001348555, 1937690.4221 ], [ 959422.246250001015142, 1937691.758099999278784 ], [ 959420.855249999789521, 1937694.713100000284612 ], [ 959420.250250000040978, 1937696.000099999131635 ], [ 959420.10225000011269, 1937696.326099998317659 ], [ 959419.625250000390224, 1937697.375099999830127 ], [ 959418.71314999985043, 1937701.44810000108555 ], [ 959415.875250001903623, 1937714.125100000295788 ], [ 959407.563249999540858, 1937746.500100000761449 ], [ 959406.89515, 1937748.4391 ], [ 959405.625250001437962, 1937752.125100000761449 ], [ 959403.161149999941699, 1937755.805099999764934 ], [ 959400.765150001156144, 1937759.384099999442697 ], [ 959400.68825000023935, 1937759.500100000761449 ], [ 959399.137150001479313, 1937760.810100000351667 ], [ 959397.875250002020039, 1937761.875100000528619 ], [ 959393.188250001287088, 1937766.000100000528619 ], [ 959383.750250001903623, 1937770.625099998898804 ], [ 959375.64015000150539, 1937774.306099999230355 ], [ 959366.125250001321547, 1937778.625099998898804 ], [ 959362.363250001915731, 1937780.380100001581013 ], [ 959358.625250000040978, 1937782.125099998898804 ], [ 959353.421150000416674, 1937784.6691 ], [ 959347.375250000390224, 1937787.625099999830127 ], [ 959329.308249999769032, 1937792.848099999828264 ], [ 959326.188249999424443, 1937793.750100000295788 ], [ 959307.750250001205131, 1937800.875099999830127 ], [ 959301.978150001494214, 1937801.924099999479949 ], [ 959298.813250001287088, 1937802.500099998898804 ], [ 959297.730250000953674, 1937802.5301 ], [ 959294.313249999657273, 1937802.625100000295788 ], [ 959292.027250000392087, 1937802.772099999245256 ], [ 959290.438249999890104, 1937802.875100000528619 ], [ 959285.768250000663102, 1937802.248099998570979 ], [ 959281.125250001903623, 1937801.625099998898804 ], [ 959274.726150000235066, 1937800.534099999349564 ], [ 959270.125250000273809, 1937799.750099999597296 ], [ 959251.750250000972301, 1937795.625099999597296 ], [ 959247.19715000060387, 1937794.946100001223385 ], [ 959237.500250001670793, 1937793.5001 ], [ 959227.500250001437962, 1937794.500099999131635 ], [ 959223.500250000506639, 1937795.250100000295788 ], [ 959220.000250000273809, 1937795.875099999830127 ], [ 959216.394250000012107, 1937797.231100001372397 ], [ 959212.688249999191612, 1937798.625099999131635 ], [ 959204.499150001676753, 1937801.637099999701604 ], [ 959201.813250001054257, 1937802.625100000295788 ], [ 959198.125250000623055, 1937804.000100000761449 ], [ 959195.813249999657273, 1937804.625100000761449 ], [ 959192.727250000229105, 1937805.551100000739098 ], [ 959189.563250000122935, 1937806.500099999830127 ], [ 959181.563250000355765, 1937807.000100000528619 ], [ 959177.258250001585111, 1937806.659099999815226 ], [ 959175.250250001903623, 1937806.500099999830127 ], [ 959173.334250001469627, 1937806.399100000504404 ], [ 959172.875250002020039, 1937806.375100000761449 ], [ 959168.688249999657273, 1937806.125100000295788 ], [ 959165.378250001464039, 1937805.837099999655038 ], [ 959162.938250000821427, 1937805.625099999830127 ], [ 959147.875250001437962, 1937803.375099998898804 ], [ 959139.563249999191612, 1937802.375099999830127 ], [ 959133.625250000040978, 1937801.625099998898804 ], [ 959127.188250001287088, 1937801.875099999131635 ], [ 959119.625250001088716, 1937802.125099999364465 ], [ 959112.027250001206994, 1937802.412099999375641 ], [ 959109.688249999773689, 1937802.500099998898804 ], [ 959108.364150000503287, 1937802.305100000463426 ], [ 959101.188249999424443, 1937801.250099999364465 ], [ 959092.587249999633059, 1937801.123100000433624 ], [ 959084.313249999890104, 1937801.000099998898804 ], [ 959076.007150000310503, 1937801.830100000370294 ], [ 959069.313249999657273, 1937802.500099998898804 ], [ 959068.27724999981001, 1937802.855100000277162 ], [ 959067.125250001205131, 1937803.250099999830127 ], [ 959057.196250001201406, 1937806.205100000835955 ], [ 959056.625250000273809, 1937806.375199999660254 ], [ 959045.563250000821427, 1937815.625099999830127 ], [ 959044.316249999916181, 1937816.7541 ], [ 959036.313249999424443, 1937824.000099998898804 ], [ 959027.830149999586865, 1937831.634099999442697 ], [ 959025.063249999657273, 1937834.125100000528619 ], [ 959013.687950000166893, 1937843.500199999660254 ], [ 959011.937950000166893, 1937844.875200000591576 ], [ 959009.790250000311062, 1937846.520099998451769 ], [ 959006.063250000588596, 1937849.375099998898804 ], [ 959002.884250001050532, 1937850.811100000981241 ], [ 958991.125250000506639, 1937856.125099999364465 ], [ 958990.125250001437962, 1937856.625099999830127 ], [ 958987.210149999591522, 1937857.968099999707192 ], [ 958978.188249999657273, 1937862.125100000761449 ], [ 958974.375250000040978, 1937863.750099999364465 ], [ 958970.500250000390224, 1937865.375100000761449 ], [ 958967.063250001287088, 1937866.168100000359118 ], [ 958964.000250000506639, 1937866.875100000295788 ], [ 958959.41925000178162, 1937868.650100001133978 ], [ 958950.125250000506639, 1937872.250099999830127 ], [ 958946.285250000539236, 1937874.509099998511374 ], [ 958941.625250000273809, 1937877.2501 ], [ 958940.068250000826083, 1937879.551100000971928 ], [ 958938.750250001903623, 1937881.500099999131635 ], [ 958936.15525000076741, 1937889.501200000755489 ], [ 958935.750250000040978, 1937890.750199999194592 ], [ 958935.628249999601394, 1937891.7562 ], [ 958935.250250001554377, 1937894.875100000528619 ], [ 958934.604250000789762, 1937899.89409999968484 ], [ 958934.188250000122935, 1937903.125100000528619 ], [ 958934.190249999868684, 1937903.176100000739098 ], [ 958934.563249999424443, 1937909.750099999597296 ], [ 958934.805250000674278, 1937914.901100000366569 ], [ 958935.063250000122935, 1937920.375099999364465 ], [ 958934.750250000972301, 1937936.500100000295788 ], [ 958934.507149999961257, 1937938.440100000239909 ], [ 958934.499150000745431, 1937938.500100000761449 ], [ 958934.392149999854155, 1937939.282100000418723 ], [ 958933.188250000937842, 1937948.000100000295788 ], [ 958931.545250001829118, 1937952.8561 ], [ 958930.313250000355765, 1937956.500100000528619 ], [ 958925.824250000994653, 1937967.083100000396371 ], [ 958920.188250001054257, 1937980.375100000761449 ], [ 958914.375250001088716, 1937997.250100000295788 ], [ 958911.191250000847504, 1938007.902100000530481 ], [ 958907.688249999773689, 1938019.625100000295788 ], [ 958906.612249999772757, 1938025.204100000672042 ], [ 958905.688249999308027, 1938030.0001 ], [ 958905.500250001321547, 1938031.125100000295788 ], [ 958905.275150000699796, 1938033.3761 ], [ 958904.875250001554377, 1938037.3751 ], [ 958903.188250000355765, 1938053.250100000295788 ], [ 958902.390150001156144, 1938062.999099999200553 ], [ 958900.938249999540858, 1938080.750099999830127 ], [ 958901.000250001903623, 1938095.375100000761449 ], [ 958902.732250001747161, 1938100.918100000359118 ], [ 958902.863750000717118, 1938101.3405 ], [ 958902.864650000585243, 1938101.3432 ], [ 958902.875166665762663, 1938101.375099999830127 ], [ 958909.43815000122413, 1938108.374999999534339 ], [ 958915.064149999758229, 1938115.344 ], [ 958919.125149999861605, 1938120.375000000232831 ], [ 958922.922150001162663, 1938124.147999999579042 ], [ 958929.313150000292808, 1938130.499999999534339 ], [ 958936.938150000525638, 1938135.125000000232831 ], [ 958950.563150000059977, 1938144.875 ], [ 958950.871150000952184, 1938145.051000001374632 ], [ 958951.00014999974519, 1938145.125000000465661 ], [ 958952.707150001078844, 1938146.247 ], [ 958959.938150000525638, 1938151.000000000465661 ], [ 958967.07015000062529, 1938155.5 ], [ 958970.438150001456961, 1938157.624999999534339 ], [ 958972.036149999825284, 1938158.815999999642372 ], [ 958976.813150000059977, 1938162.374999999301508 ], [ 958980.625150000909343, 1938165.125000000931323 ], [ 958988.063149999827147, 1938171.000000000931323 ], [ 958999.371150000020862, 1938179.801999998278916 ], [ 959000.750150000327267, 1938180.875 ], [ 959008.375150000676513, 1938187.124999999534339 ], [ 959009.766150001902133, 1938188.291999999899417 ], [ 959012.250150000327267, 1938190.374999999534339 ], [ 959013.07115000160411, 1938191.097999999765307 ], [ 959013.81315000122413, 1938191.75 ], [ 959015.14515000092797, 1938193.025000000372529 ], [ 959018.125150000443682, 1938195.875000000232831 ], [ 959022.143149999552406, 1938201.232000001706183 ], [ 959022.438150000758469, 1938201.624999999068677 ], [ 959027.188150000525638, 1938208.750000000931323 ], [ 959027.817150002112612, 1938210.104000000515953 ], [ 959030.500150000560097, 1938215.875000000465661 ], [ 959035.563149999594316, 1938230.625000000465661 ], [ 959039.063149999827147, 1938242.125000000465661 ], [ 959039.500149999512359, 1938245.874999999068677 ], [ 959040.250150000443682, 1938251.999999999534339 ], [ 959040.92615000042133, 1938256.617999999783933 ], [ 959042.500150001258589, 1938267.374999999068677 ], [ 959044.250149999279529, 1938276.499999999301508 ], [ 959047.750149999512359, 1938285.874999999767169 ], [ 959052.999649999430403, 1938297.250499999150634 ], [ 959063.674150000326335, 1938311.552999999839813 ], [ 959065.692449999507517, 1938314.253700000233948 ], [ 959065.696050001890399, 1938314.258099999278784 ], [ 959074.3131500009913, 1938323.750000000931323 ], [ 959074.750150000443682, 1938324.249999999534339 ], [ 959081.250150000443682, 1938332.249999999068677 ], [ 959086.258149999659508, 1938339.112999999895692 ], [ 959088.000150000676513, 1938341.500000000465661 ], [ 959091.438150000758469, 1938347.125000000465661 ], [ 959091.966150000691414, 1938348.113999999593943 ], [ 959093.375150000094436, 1938350.749999999767169 ], [ 959094.235150000662543, 1938352.312999998452142 ], [ 959094.750150000909343, 1938353.250000000931323 ], [ 959094.762149999616668, 1938353.289000000106171 ], [ 959094.789150000084192, 1938353.36200000019744 ], [ 959095.313150000525638, 1938354.874999999767169 ], [ 959095.449149999534711, 1938355.148000000976026 ], [ 959095.563150000758469, 1938355.375000000465661 ], [ 959095.845149999950081, 1938356.223 ], [ 959095.938150000176392, 1938356.500000000931323 ], [ 959098.1881500009913, 1938362.624999999068677 ], [ 959098.88014999916777, 1938364.442 ], [ 959100.188149999361485, 1938367.874999999534339 ], [ 959103.654150001006201, 1938377.335999999893829 ], [ 959105.500149999861605, 1938382.374999999068677 ], [ 959110.095150001579896, 1938393.209000000497326 ], [ 959117.375149999279529, 1938410.374999999301508 ], [ 959120.451149999746121, 1938416.079999999608845 ], [ 959124.250150000792928, 1938423.125000000931323 ], [ 959129.856150001520291, 1938432.954000000376254 ], [ 959133.375150000909343, 1938439.125000000465661 ], [ 959141.063150000059977, 1938459.25 ], [ 959146.938150000292808, 1938476.749999999068677 ], [ 959147.215150001225993, 1938477.639 ], [ 959147.563150000059977, 1938478.749999999534339 ], [ 959148.143150001182221, 1938480.444000001065433 ], [ 959149.063149999827147, 1938483.125 ], [ 959151.5631500009913, 1938491.375 ], [ 959152.375149999978021, 1938494.124999999301508 ], [ 959152.509150001453236, 1938494.930000000167638 ], [ 959152.625150000210851, 1938495.624999999068677 ], [ 959153.938150000874884, 1938502.500000000698492 ], [ 959154.554150000447407, 1938506.554000000469387 ], [ 959155.6881500009913, 1938514.000000000698492 ], [ 959159.375150000560097, 1938530.875000000232831 ], [ 959162.375150000210851, 1938542.375000000232831 ], [ 959164.188150001456961, 1938560.625000000465661 ], [ 959166.563150001340546, 1938575.875000000931323 ], [ 959166.750150000443682, 1938584.374999999068677 ], [ 959166.748250001692213, 1938584.40599999926053 ], [ 959166.747349999495782, 1938584.418999999063089 ], [ 959165.813150000292808, 1938596.749999999301508 ], [ 959162.875150000909343, 1938610.249999999767169 ], [ 959161.683149999706075, 1938614.343999999808148 ], [ 959160.000150000210851, 1938620.125000000931323 ], [ 959156.25284999969881, 1938626.121799999615178 ], [ 959156.251350000384264, 1938626.124199999030679 ], [ 959151.063150000292808, 1938633.5 ], [ 959143.337150000734255, 1938639.943000000435859 ], [ 959136.375150000443682, 1938645.749999999068677 ], [ 959124.125149999512359, 1938653.374999999301508 ], [ 959115.057150001171976, 1938660.321000001160428 ], [ 959109.438150000758469, 1938664.624999999068677 ], [ 959104.310150000732392, 1938668.498999999836087 ], [ 959089.750150000676513, 1938679.500000000232831 ], [ 959086.756150000495836, 1938683.357000001706183 ], [ 959083.250150000909343, 1938687.874999999301508 ], [ 959078.500150001142174, 1938698.250000001164153 ], [ 959075.125149999861605, 1938713.249999999068677 ], [ 959074.375150001142174, 1938722.999999999068677 ], [ 959076.250150000210851, 1938735.750000000698492 ], [ 959080.813150000758469, 1938754.000000000931323 ], [ 959083.973150001373142, 1938766.867000000551343 ], [ 959084.313150001107715, 1938768.250000000232831 ], [ 959084.322150001302361, 1938768.289000001735985 ], [ 959087.000149999279529, 1938779.750000000465661 ], [ 959087.002150001237169, 1938779.781000000424683 ], [ 959087.375150000909343, 1938785.250000000931323 ], [ 959087.362950000213459, 1938785.297199999215081 ], [ 959086.375149999512359, 1938789.249999999767169 ], [ 959084.485150000778958, 1938796.505000001285225 ], [ 959084.063150000758469, 1938798.124999999534339 ], [ 959083.091150000924245, 1938802.183999999891967 ], [ 959079.125150000909343, 1938818.749999999767169 ], [ 959074.500150000210851, 1938841.249999999068677 ], [ 959074.499850001651794, 1938856.92 ], [ 959074.499850001651794, 1938857.447999999858439 ], [ 959074.500150000210851, 1938857.494999998249114 ], [ 959075.1881500009913, 1938870.500000000931323 ], [ 959077.375150000676513, 1938879.625000000931323 ], [ 959083.375149999978021, 1938897.125000000232831 ], [ 959089.063150000874884, 1938906.999999999068677 ], [ 959091.749150000279769, 1938912.131 ], [ 959096.000150000327267, 1938920.249999999301508 ], [ 959097.471149999881163, 1938922.4879999991972 ], [ 959098.875150000909343, 1938924.624999999534339 ], [ 959100.385150001849979, 1938926.849999999627471 ], [ 959102.438150000059977, 1938929.875 ], [ 959103.500149999395944, 1938931.250000000931323 ], [ 959108.18815000122413, 1938937.500000000465661 ], [ 959114.313149999477901, 1938946.875000000931323 ], [ 959117.688150000758469, 1938953.625000001164153 ], [ 959121.283950000070035, 1938960.93510000128299 ], [ 959121.493950000149198, 1938961.362900000764057 ], [ 959121.499450001167133, 1938961.375499998684973 ], [ 959124.813150000292808, 1938969.749999999534339 ], [ 959125.028150001075119, 1938971.225999999791384 ], [ 959125.250149999978021, 1938972.749999999068677 ], [ 959125.628150000120513, 1938975.017999998293817 ], [ 959126.000150000909343, 1938977.250000000931323 ], [ 959125.063150000758469, 1938983.500000000465661 ], [ 959121.777150000096299, 1938995.501 ], [ 959117.875149999978021, 1939009.750000000465661 ], [ 959117.093150000087917, 1939011.70399999897927 ], [ 959116.625150000443682, 1939012.874999999068677 ], [ 959116.11515000090003, 1939014.10600000154227 ], [ 959114.813150000176392, 1939017.249999999534339 ], [ 959110.470150000881404, 1939026.357000001473352 ], [ 959100.625150001025759, 1939046.999999999767169 ], [ 959099.572150002000853, 1939048.548999999882653 ], [ 959098.500149999279529, 1939050.125000000465661 ], [ 959095.142149999504909, 1939055.47499999939464 ], [ 959094.813149999827147, 1939056.000000000931323 ], [ 959091.791150000179186, 1939060.215999999083579 ], [ 959089.438150000292808, 1939063.499999999767169 ], [ 959088.053150000516325, 1939065.449999998789281 ], [ 959080.563150000525638, 1939075.999999999068677 ], [ 959077.45515000121668, 1939080.820000000298023 ], [ 959074.438150000059977, 1939085.500000000698492 ], [ 959073.231150001520291, 1939087.456000001402572 ], [ 959072.125150000210851, 1939089.249999999068677 ], [ 959068.007150000659749, 1939099.963999999687076 ], [ 959063.813150000059977, 1939110.875000000465661 ], [ 959061.170149999437854, 1939118.604000001214445 ], [ 959059.625150001142174, 1939123.124999999534339 ], [ 959054.688149999943562, 1939136.0 ], [ 959053.02015, 1939140.31599999894388 ], [ 959050.438150000758469, 1939146.999999999534339 ], [ 959049.852150000398979, 1939148.170999999623746 ], [ 959049.375150000560097, 1939149.124999999068677 ], [ 959045.188150000409223, 1939157.125000000931323 ], [ 959033.375150001142174, 1939182.999999999301508 ], [ 959033.000149999512359, 1939183.5 ], [ 959032.982150001451373, 1939183.525999999605119 ], [ 959028.375150001025759, 1939190.374999999301508 ], [ 959011.1881500009913, 1939210.625 ], [ 958997.063150000758469, 1939224.5 ], [ 958982.625150001375005, 1939244.374999999068677 ], [ 958978.230150000890717, 1939249.673000001115724 ], [ 958978.063149999594316, 1939249.873500000685453 ], [ 958973.750149999279529, 1939255.125000000232831 ], [ 958985.938150000292808, 1939301.499999999534339 ], [ 958995.313150000758469, 1939337.249999999068677 ], [ 958999.887150001246482, 1939354.575000000186265 ], [ 959005.313150000874884, 1939375.125000000465661 ], [ 959001.250150001025759, 1939491.749999999301508 ], [ 959013.057150000939146, 1939508.15300000179559 ], [ 959028.063650001073256, 1939529.000000000931323 ], [ 959031.50014999974519, 1939554.249999999534339 ], [ 959055.683150000637397, 1939591.492500000167638 ], [ 959056.831149999750778, 1939612.051999998744577 ], [ 959060.063149999361485, 1939670.124999999534339 ], [ 959055.648150001070462, 1939688.269999998621643 ], [ 959046.438149999827147, 1939726.125 ], [ 959033.125150000792928, 1939785.124999999534339 ], [ 959029.072149999905378, 1939803.031000000424683 ], [ 959026.250149999279529, 1939815.499999999534339 ], [ 958998.454149999888614, 1939853.529999998863786 ], [ 958950.875150000676513, 1939918.625000000465661 ], [ 958950.218149999855086, 1939918.217000001110137 ], [ 958949.063150000292808, 1939917.5 ], [ 958931.526150001678616, 1939914.169999999459833 ], [ 958929.313150000292808, 1939913.749999999301508 ], [ 958917.304150001611561, 1939915.299000001745299 ], [ 958911.875150001142174, 1939916.0 ], [ 958911.498150001978502, 1939916.078999999444932 ], [ 958910.688150000642054, 1939916.250000000465661 ], [ 958899.123150001978502, 1939921.535000000614673 ], [ 958889.625149999978021, 1939925.874999999068677 ], [ 958882.833150001941249, 1939934.975000000558794 ], [ 958876.750149999279529, 1939943.125 ], [ 958871.941150000086054, 1939949.436000001151115 ], [ 958868.750149999512359, 1939953.625000000931323 ], [ 958867.607150000985712, 1939959.886000000406057 ], [ 958862.312650000210851, 1939988.875 ], [ 958862.471450000302866, 1939993.766299999784678 ], [ 958868.882200000574812, 1939997.607050001854077 ], [ 958877.151899999938905, 1940059.090450000949204 ], [ 958868.063149999594316, 1940057.875 ], [ 958850.125149999861605, 1940132.874999999068677 ], [ 958872.438150000059977, 1940158.375000000465661 ], [ 958871.671149999601766, 1940171.595000001369044 ], [ 958870.238650001119822, 1940196.125499998684973 ], [ 958870.08125000144355, 1940198.6071 ], [ 958870.062950000399724, 1940198.875199999194592 ], [ 958869.375250000273809, 1940210.125100000295788 ], [ 958869.375250000273809, 1940210.586200000485405 ], [ 958869.3711499995552, 1940210.874399998690933 ], [ 958848.346450000070035, 1940207.343800000147894 ], [ 958830.126350000267848, 1940204.284199999645352 ], [ 958769.130450000520796, 1940194.040899998741224 ], [ 958751.538850001525134, 1940267.823799999663606 ], [ 958749.24315000185743, 1940275.143100001849234 ], [ 958738.277950000250712, 1940310.102299998980016 ], [ 958756.375250000623055, 1940353.750199998728931 ], [ 958756.25245000119321, 1940354.302299999631941 ], [ 958756.125250000273809, 1940354.875199999194592 ], [ 958763.125250000855885, 1940367.375200000591576 ], [ 958778.18195, 1940385.565500001423061 ], [ 958780.000250000390224, 1940423.625199998961762 ], [ 958787.493250001221895, 1940444.9272 ], [ 958789.938250000355765, 1940451.875199999427423 ], [ 958795.684150001034141, 1940465.284199999645352 ], [ 958798.563249999890104, 1940472.000199998961762 ], [ 958822.188249999657273, 1940527.127100000157952 ], [ 958829.688250000821427, 1940544.625200000591576 ], [ 958831.533150000032037, 1940553.168099998729303 ], [ 958836.547450001584366, 1940574.765100000891834 ], [ 958825.550349999917671, 1940581.865800000261515 ], [ 958824.812750001554377, 1940592.625199998728931 ], [ 958841.660250000073574, 1940606.186099999584258 ], [ 958855.247150000417605, 1940617.132400000933558 ], [ 958849.995250001200475, 1940625.008199998410419 ], [ 958841.251650001620874, 1940638.12250000028871 ], [ 958833.063249999890104, 1940645.750200000591576 ], [ 958829.242250001174398, 1940649.346199999796227 ], [ 958825.625250000972301, 1940652.750199999194592 ], [ 958823.00025000073947, 1940655.250200000125915 ], [ 958806.625250001903623, 1940670.500199998728931 ], [ 958801.443250000942498, 1940675.328199998941272 ], [ 958796.563249999424443, 1940679.875199999194592 ], [ 958748.063250000355765, 1940694.125200000591576 ], [ 958748.049150000908412, 1940694.150100000202656 ], [ 958736.875250000972301, 1940716.250200000591576 ], [ 958723.478150000795722, 1940735.905099999625236 ], [ 958715.06325000023935, 1940748.250199999427423 ], [ 958695.369149999925867, 1940761.843099999241531 ], [ 958677.93825, 1940773.875199999660254 ], [ 958606.188250000588596, 1940802.250199999194592 ], [ 958577.457149999914691, 1940817.640099999494851 ], [ 958573.750250001205131, 1940819.625199999194592 ], [ 958568.27225000038743, 1940822.57120000012219 ], [ 958549.803249999880791, 1940832.497099998407066 ], [ 958425.125133334542625, 1940796.500099999364465 ], [ 958443.438250000355765, 1940656.500199999660254 ], [ 958435.938150000409223, 1940624.999999999534339 ], [ 958424.139149999711663, 1940575.558199999388307 ], [ 958424.125250002136454, 1940575.500199998961762 ], [ 958420.492550002178177, 1940570.114100000821054 ], [ 958377.94505000137724, 1940506.622300000395626 ], [ 958335.813149999361485, 1940443.750000000931323 ], [ 958335.70815000042785, 1940443.59699999820441 ], [ 958335.098150000208989, 1940442.6890000004787 ], [ 958327.063249999657273, 1940430.750099999830127 ], [ 958251.063250001287088, 1940309.750100000528619 ], [ 958242.750250000040978, 1940296.500100000295788 ], [ 958242.717250000219792, 1940296.434100000653416 ], [ 958242.563250000821427, 1940296.125099998898804 ], [ 958242.225250000832602, 1940295.634100000374019 ], [ 958241.875249999924563, 1940295.125099999830127 ], [ 958241.438250000355765, 1940294.375100000761449 ], [ 958240.563250000355765, 1940293.000100000295788 ], [ 958239.866150000598282, 1940291.781099998392165 ], [ 958239.563250001287088, 1940291.250099999830127 ], [ 958237.250250001437962, 1940287.500099999364465 ], [ 958231.323250000132248, 1940277.827099999180064 ], [ 958198.875250001787208, 1940224.875100000295788 ], [ 958193.563250001170672, 1940216.250100000761449 ], [ 958192.784250002121553, 1940214.881100001512095 ], [ 958189.955150000168942, 1940209.906099999789149 ], [ 958189.937950001098216, 1940209.875099999830127 ], [ 958170.39005000074394, 1940178.302999999374151 ], [ 958170.128450001124293, 1940177.875499998219311 ], [ 958161.420149999670684, 1940161.851000000955537 ], [ 958135.689849999733269, 1940114.486600000411272 ], [ 958132.436350000789389, 1940108.49750000028871 ], [ 958128.835250000120141, 1940101.890000001061708 ], [ 958126.375150000443682, 1940097.375 ], [ 958089.093050001305528, 1940028.75789999961853 ], [ 958089.066250000614673, 1940028.7449 ], [ 958062.357150000170805, 1940012.356200001202524 ], [ 957963.750149999279529, 1939951.875000000931323 ], [ 957847.125150000327267, 1939893.999999999068677 ], [ 957779.750150001375005, 1939860.624999999534339 ], [ 957733.464150000363588, 1939838.222 ], [ 957711.3131500009913, 1939827.500000000465661 ], [ 957708.683150000171736, 1939826.256999999051914 ], [ 957707.875150000792928, 1939825.874999999301508 ], [ 957703.923150001442991, 1939823.959000001195818 ], [ 957689.313150000059977, 1939816.875000000465661 ], [ 957664.840150000760332, 1939805.09000000031665 ], [ 957619.750150000443682, 1939783.374999999534339 ], [ 957602.829149999190122, 1939775.150000000139698 ], [ 957595.063150001456961, 1939771.375000000931323 ], [ 957487.040150000946596, 1939743.613999999128282 ], [ 957358.188149999827147, 1939710.499999999767169 ], [ 957208.75014999974519, 1939684.750000000465661 ], [ 957116.882150001358241, 1939689.226000000257045 ], [ 957049.688150000059977, 1939692.5 ], [ 956959.125150000909343, 1939700.375000000465661 ], [ 956953.479150000028312, 1939700.872000000439584 ], [ 956912.250150000792928, 1939704.500000000465661 ], [ 956808.688150000525638, 1939694.374999999068677 ], [ 956775.549150000559166, 1939691.105000001378357 ], [ 956756.750149999279529, 1939689.25 ], [ 956756.416150001110509, 1939689.949999999487773 ], [ 956755.438149999594316, 1939691.999999999068677 ], [ 956741.049150000559166, 1939721.554999998770654 ], [ 956725.43815000122413, 1939753.624999999301508 ], [ 956715.938149999594316, 1939788.625 ], [ 956705.313149999594316, 1939799.750000000465661 ], [ 956704.50014999974519, 1939800.625000000698492 ], [ 956697.188150000758469, 1939808.250000000931323 ], [ 956697.171149999368936, 1939808.276000000536442 ], [ 956678.25014999974519, 1939839.000000000465661 ], [ 956677.813150000176392, 1939839.625 ], [ 956647.692150000017136, 1939862.179999999236315 ], [ 956638.250150001142174, 1939869.249999999068677 ], [ 956628.396150001091883, 1939874.73700000019744 ], [ 956604.125150000443682, 1939888.250000000465661 ], [ 956578.211150000803173, 1939908.630999999586493 ], [ 956576.321450000512414, 1939910.117900000885129 ], [ 956549.938149999361485, 1939967.999999999301508 ], [ 956538.510150000685826, 1940018.083000001497567 ], [ 956538.500149999512359, 1940018.124999999534339 ], [ 956522.378150001866743, 1940039.62199999880977 ], [ 956521.192150000017136, 1940043.198999998625368 ], [ 956504.750150000443682, 1940092.875000000465661 ], [ 956457.750150001375005, 1940186.125 ], [ 956422.310150000266731, 1940219.797000000718981 ], [ 956400.125149999978021, 1940240.875000000931323 ], [ 956404.625149999512359, 1940302.374999999534339 ], [ 956375.375149999861605, 1940347.874999999068677 ], [ 956374.875150001375005, 1940348.625 ], [ 956346.2491500005126, 1940419.888000000733882 ], [ 956336.313150000292808, 1940444.625000000931323 ], [ 956323.336150001385249, 1940452.116 ], [ 956308.813150000758469, 1940460.499999999068677 ], [ 956303.737149999942631, 1940463.493000000715256 ], [ 956298.000150000676513, 1940466.875 ], [ 956282.50014999974519, 1940475.875000000931323 ], [ 956260.308150001335889, 1940488.702999999048188 ], [ 956250.063150001340546, 1940494.624999999767169 ], [ 956249.746150000253692, 1940496.035000000149012 ], [ 956247.563150000176392, 1940505.750000000465661 ], [ 956239.000150000909343, 1940543.125000000931323 ], [ 956231.000150001142174, 1940578.124999999534339 ], [ 956227.211150001268834, 1940594.588999998755753 ], [ 956224.125149999628775, 1940608.000000000931323 ], [ 956152.938149999827147, 1940734.124999999534339 ], [ 956152.94315000041388, 1940734.154999998398125 ], [ 956163.813150000176392, 1940805.375000000232831 ], [ 956152.492150000296533, 1940824.369999998714775 ], [ 956134.313150000292808, 1940854.875000000465661 ], [ 956133.375649999594316, 1940856.507999998517334 ], [ 956137.188150000758469, 1940917.375000000698492 ], [ 956122.193150001112372, 1940933.395000000251457 ], [ 956102.438150000525638, 1940954.500000000931323 ], [ 956088.126633333624341, 1941009.754500000271946 ], [ 956035.949149999301881, 1940991.726999999489635 ], [ 956017.563150000059977, 1940985.374999999534339 ], [ 956005.670150000369176, 1940984.170000000856817 ], [ 955994.125149999512359, 1940982.999999999534339 ], [ 955976.694150000810623, 1940981.289999999571592 ], [ 955954.625149999395944, 1940979.125 ], [ 955952.522149999742396, 1940981.096999998670071 ], [ 955944.625150001375005, 1940988.500000000465661 ], [ 955930.198150001931936, 1941002.185 ], [ 955917.875150000676513, 1941013.875000000232831 ], [ 955907.695149999577552, 1941015.307000000495464 ], [ 955885.000149999628775, 1941018.500000000931323 ], [ 955860.985150001011789, 1941000.774000001139939 ], [ 955844.188149999827147, 1940988.374999999068677 ], [ 955823.900150000932626, 1940988.032999999355525 ], [ 955814.563150000874884, 1940987.875000000465661 ], [ 955781.313150000292808, 1940987.375 ], [ 955763.125150000210851, 1941000.374999999767169 ], [ 955761.733150000218302, 1941001.410999999381602 ], [ 955760.438149999827147, 1941002.375000000232831 ], [ 955735.456149999750778, 1941005.546000000555068 ], [ 955731.875150000210851, 1941005.999999999534339 ], [ 955673.375150001025759, 1941013.500000000931323 ], [ 955607.313150000525638, 1941024.125000000698492 ], [ 955601.483150001149625, 1941021.90000000060536 ], [ 955599.125150000560097, 1941021.0 ], [ 955571.50014999974519, 1941010.375 ], [ 955540.313150000874884, 1941007.000000000931323 ], [ 955524.62514999974519, 1941005.250000000931323 ], [ 955455.813533333595842, 1940952.9951000015717 ], [ 955464.875250002136454, 1940833.375099999131635 ], [ 955465.459250000538304, 1940832.206100000999868 ], [ 955466.125250001554377, 1940830.875100000295788 ], [ 955467.947150002000853, 1940827.157099998556077 ], [ 955472.250250002136454, 1940818.375099998898804 ], [ 955471.89815000037197, 1940793.6021 ], [ 955471.500250000972301, 1940765.625100000761449 ], [ 955471.125250001670793, 1940740.655099999392405 ], [ 955471.125250001670793, 1940740.625100000295788 ], [ 955537.750250001787208, 1940644.625099999364465 ], [ 955537.610250001074746, 1940643.431100000627339 ], [ 955532.313249999890104, 1940598.375099998898804 ], [ 955527.209250001935288, 1940591.0101 ], [ 955518.625250001437962, 1940578.625099998898804 ], [ 955511.250250001437962, 1940567.8731 ], [ 955512.120250000967644, 1940539.005100000184029 ], [ 955513.750250000506639, 1940484.875100000761449 ], [ 955502.375250001670793, 1940449.875100000295788 ], [ 955455.588150000199676, 1940429.62709999922663 ], [ 955434.500250002136454, 1940420.500099999364465 ], [ 955430.66925000003539, 1940418.873099998570979 ], [ 955425.375250001903623, 1940416.625099999830127 ], [ 955353.563250000355765, 1940385.625099999830127 ], [ 955289.31325, 1940371.0011 ], [ 955254.625250002020039, 1940376.375100000761449 ], [ 955232.475250001298264, 1940379.847100001759827 ], [ 955214.750250000273809, 1940382.625100000295788 ], [ 955207.563250000472181, 1940379.00010000099428 ], [ 955203.702050001826137, 1940377.011199999134988 ], [ 955203.437949999701232, 1940376.875099999364465 ], [ 955200.867150000296533, 1940375.579100000206381 ], [ 955181.125250000273809, 1940365.625099999364465 ], [ 955181.107350000995211, 1940365.595899999607354 ], [ 955173.971350001404062, 1940353.730900001246482 ], [ 955118.875250000506639, 1940262.125099999364465 ], [ 955118.563250000122935, 1940237.793099999893457 ], [ 955118.563250000122935, 1940237.750100000761449 ], [ 955114.375250001088716, 1940226.000100000761449 ], [ 955105.313249999890104, 1940217.750100000528619 ], [ 955101.375250001321547, 1940218.000100000761449 ], [ 955100.005250001093373, 1940218.134100000141189 ], [ 955098.81325, 1940218.250099998898804 ], [ 955088.444150001043454, 1940222.073000000789762 ], [ 955087.625149999512359, 1940222.375000000232831 ], [ 955086.953150001354516, 1940221.814999999245629 ], [ 955086.132450000848621, 1940221.127000000560656 ], [ 955080.927249999251217, 1940216.750099999131635 ], [ 955067.567650001263246, 1940205.5041000014171 ], [ 955052.50025000073947, 1940173.500100000761449 ], [ 955017.68825000023935, 1940223.00010000099428 ], [ 955017.219249999616295, 1940223.00010000099428 ], [ 955016.813250000122935, 1940223.00010000099428 ], [ 955008.813250000355765, 1940223.250099999131635 ], [ 955000.628250001231208, 1940214.265099999727681 ], [ 954997.313250000355765, 1940210.625100000761449 ], [ 954996.407250000280328, 1940209.615100000519305 ], [ 954993.500250000855885, 1940206.375099999597296 ], [ 954967.663150002015755, 1940182.176100000273436 ], [ 954958.000250001670793, 1940173.125099998898804 ], [ 954953.313250000821427, 1940170.875100000295788 ], [ 954924.163150000851601, 1940156.473099999362603 ], [ 954921.688249999191612, 1940155.250100000295788 ], [ 954916.368250001687557, 1940151.983100001234561 ], [ 954889.938250000705011, 1940135.750100000761449 ], [ 954876.760150000918657, 1940122.572099999524653 ], [ 954871.1881500009913, 1940117.000000000931323 ], [ 954868.785250000655651, 1940110.399100000504404 ], [ 954867.832150001078844, 1940107.776000001234934 ], [ 954864.500250001903623, 1940098.625100000295788 ], [ 954850.813249999890104, 1940068.0001 ], [ 954843.181150000542402, 1940056.928099999437109 ], [ 954835.563249999308027, 1940045.875100000295788 ], [ 954813.365249999333173, 1940029.309100000187755 ], [ 954805.750250000157394, 1940023.625099998898804 ], [ 954797.329150000354275, 1940018.592000000178814 ], [ 954773.743666666094214, 1940004.510466667823493 ], [ 954771.455200000200421, 1940003.279950000112876 ], [ 954768.813200000673532, 1940001.87495 ], [ 954760.6402000002563, 1939997.397950001759455 ], [ 954749.18819999974221, 1939991.12495000124909 ], [ 954741.938199998810887, 1939986.124950001016259 ], [ 954727.563200000440702, 1939976.124950001016259 ], [ 954694.125199999660254, 1939957.37495 ], [ 954669.358200000249781, 1939946.742950001964346 ], [ 954644.625199999427423, 1939936.12495 ], [ 954634.963199999183416, 1939932.309950000839308 ], [ 954615.500199998845346, 1939924.62495 ], [ 954602.941200000466779, 1939921.218950001057237 ], [ 954600.750199998961762, 1939920.62495000148192 ], [ 954600.260199999436736, 1939920.484950000653043 ], [ 954595.063199998927303, 1939918.999950000317767 ], [ 954560.313200000789948, 1939912.37495000148192 ], [ 954517.313200000440702, 1939908.374950000550598 ], [ 954507.168200001004152, 1939905.057950001908466 ], [ 954500.875200000358745, 1939902.999950001016259 ], [ 954486.981199999223463, 1939894.532950000371784 ], [ 954471.750199999893084, 1939885.24995000148192 ], [ 954462.223199999891222, 1939881.138950001914054 ], [ 954459.875200000475161, 1939880.12495 ], [ 954442.000199999660254, 1939872.374950000550598 ], [ 954423.813200000440702, 1939866.749950000783429 ], [ 954400.750199999427423, 1939867.24995000148192 ], [ 954376.500199999893084, 1939867.749949999852106 ], [ 954356.938199999975041, 1939863.624949999852106 ], [ 954347.647199999541044, 1939860.997949999757111 ], [ 954338.813199998810887, 1939858.499950000550598 ], [ 954329.498200000962242, 1939858.322950000409037 ], [ 954325.688199999975041, 1939858.249950000317767 ], [ 954317.125200000591576, 1939857.374950000317767 ], [ 954283.938199999043718, 1939853.87495 ], [ 954256.604199999943376, 1939851.550950000295416 ], [ 954253.063200000557117, 1939851.248950000852346 ], [ 954246.250199999194592, 1939849.74995 ], [ 954241.007199999177828, 1939848.518949999473989 ], [ 954234.000200000358745, 1939846.87495000148192 ], [ 954226.438199999043718, 1939842.49995000124909 ], [ 954222.441200001048855, 1939840.251950000179932 ], [ 954220.43819999974221, 1939839.12495 ], [ 954208.375200000125915, 1939829.624950000550598 ], [ 954207.932199998991564, 1939829.238450000528246 ], [ 954204.462199999950826, 1939821.926950000226498 ], [ 954200.938199999975041, 1939814.499950001016259 ], [ 954199.196199999074452, 1939798.244950000662357 ], [ 954198.689200000138953, 1939793.509950000559911 ], [ 954203.93819999974221, 1939768.62495 ], [ 954213.0612, 1939743.879450000124052 ], [ 954213.536199999973178, 1939740.55195 ], [ 954219.000200000125915, 1939702.249950000317767 ], [ 954217.875199999660254, 1939677.249949999852106 ], [ 954214.308200000901707, 1939661.127950002206489 ], [ 954211.375199999776669, 1939647.87495000124909 ], [ 954210.250199999427423, 1939642.874950001016259 ], [ 954208.06319999974221, 1939633.162950001657009 ], [ 954207.126699999906123, 1939629.00745 ], [ 954206.07219999935478, 1939626.747950000688434 ], [ 954197.188199999392964, 1939607.74995000148192 ], [ 954185.020800000056624, 1939586.410149999661371 ], [ 954185.000699999043718, 1939586.37444999977015 ], [ 954184.983199999202043, 1939586.339950000401586 ], [ 954184.750200000358745, 1939585.874949999619275 ], [ 954181.063199998694472, 1939582.24995 ], [ 954173.58719999936875, 1939575.069950000848621 ], [ 954170.000200000475161, 1939571.624950000317767 ], [ 954159.938200000091456, 1939565.499949999619275 ], [ 954153.2502, 1939561.374949999619275 ], [ 954147.789200000697747, 1939556.754950001835823 ], [ 954140.250200000125915, 1939550.374950000550598 ], [ 954136.522199999541044, 1939546.727950001135468 ], [ 954128.750200000125915, 1939539.124950000783429 ], [ 954120.500200000125915, 1939530.999949999619275 ], [ 954118.932199998525903, 1939529.991950001567602 ], [ 954117.000199999893084, 1939528.749950001016259 ], [ 954106.274200000567362, 1939522.060950002167374 ], [ 954099.563199999509379, 1939517.874950001016259 ], [ 954097.916200000792742, 1939516.603950000368059 ], [ 954093.250199998728931, 1939512.999949999852106 ], [ 954091.798200000543147, 1939511.937950000632554 ], [ 954090.68819999974221, 1939511.124950000550598 ], [ 954090.662200000253506, 1939511.070950001943856 ], [ 954090.609200000297278, 1939510.955950001720339 ], [ 954086.5001999984961, 1939502.124949999619275 ], [ 954086.501199999591336, 1939502.09095000103116 ], [ 954086.813199999975041, 1939484.37495 ], [ 954089.625199999427423, 1939461.874950000550598 ], [ 954089.311200001393445, 1939459.322950000409037 ], [ 954088.563200000207871, 1939453.249950001016259 ], [ 954084.688200000440702, 1939444.874949999852106 ], [ 954083.178199999500066, 1939441.58095 ], [ 954082.625199998961762, 1939440.374950000550598 ], [ 954071.641200000070967, 1939433.482949999626726 ], [ 954066.688200000673532, 1939430.37495 ], [ 954047.375200000125915, 1939422.374950000550598 ], [ 954039.765199999324977, 1939419.915950000751764 ], [ 954033.063200000673532, 1939417.749949999852106 ], [ 954016.869199999375269, 1939408.650950001552701 ], [ 954006.813200000673532, 1939402.999949999852106 ], [ 953995.265200001304038, 1939393.12195 ], [ 953975.250199999194592, 1939375.999950001016259 ], [ 953958.188200000440702, 1939366.24995000124909 ], [ 953954.13820000027772, 1939365.458950001280755 ], [ 953942.188199998810887, 1939363.124950000317767 ], [ 953935.935200000647455, 1939359.123950000619516 ], [ 953929.688199999625795, 1939355.124950000550598 ], [ 953916.820199999259785, 1939344.334950001444668 ], [ 953907.625199999893084, 1939336.62495 ], [ 953889.062200000276789, 1939317.498950000852346 ], [ 953880.063200000207871, 1939295.999950001714751 ], [ 953876.585199999855831, 1939287.87195 ], [ 953874.875199999893084, 1939283.874949999619275 ], [ 953873.311200000229292, 1939273.34295 ], [ 953871.813200000207871, 1939263.249949999619275 ], [ 953869.688200000673532, 1939256.749949999619275 ], [ 953869.170199999702163, 1939255.232950000558048 ], [ 953868.750199999427423, 1939253.999950000550598 ], [ 953850.852199999848381, 1939239.85695 ], [ 953835.688199999043718, 1939227.874950001714751 ], [ 953799.563200000207871, 1939198.12495000148192 ], [ 953794.389200000674464, 1939195.203950001392514 ], [ 953784.063199999276549, 1939189.374950000783429 ], [ 953774.063199999043718, 1939186.124950000783429 ], [ 953760.036199999623932, 1939187.605950001627207 ], [ 953732.625199998612516, 1939190.499950001016259 ], [ 953731.063200000906363, 1939190.249950001016259 ], [ 953725.125199999543838, 1939189.124950000550598 ], [ 953715.85120000061579, 1939185.64695 ], [ 953708.125199998728931, 1939182.749949999619275 ], [ 953703.628200000151992, 1939179.62395 ], [ 953699.313200000207871, 1939176.62495000124909 ], [ 953683.063200000440702, 1939165.499950000550598 ], [ 953682.542200000723824, 1939165.152950000483543 ], [ 953680.813199999509379, 1939163.999950001016259 ], [ 953675.063200000673532, 1939159.99995 ], [ 953649.938199998810887, 1939131.124949999619275 ], [ 953636.653199999127537, 1939111.273950000293553 ], [ 953633.375199999893084, 1939106.374949999619275 ], [ 953627.171199999866076, 1939090.148950001690537 ], [ 953617.125200000125915, 1939063.874949999852106 ], [ 953615.339199999347329, 1939061.168950000312179 ], [ 953615.063199999509379, 1939060.749950001016259 ], [ 953591.000199999194592, 1939025.124950000783429 ], [ 953542.18819999974221, 1938950.499950001016259 ], [ 953479.250199999078177, 1938848.749950001016259 ], [ 953474.129199999500997, 1938844.067950000520796 ], [ 953472.688199999043718, 1938842.748950000852346 ], [ 953431.625200000125915, 1938846.249949999619275 ], [ 953416.375199999543838, 1938848.624949999619275 ], [ 953405.813200000673532, 1938850.249950000783429 ], [ 953377.063199999625795, 1938856.37495000124909 ], [ 953368.125199998728931, 1938856.24995 ], [ 953362.537200000486337, 1938856.184950001304969 ], [ 953357.313199999509379, 1938856.124950001016259 ], [ 953339.847199999028817, 1938849.039949999190867 ], [ 953317.563199999043718, 1938839.99995 ], [ 953307.24620000005234, 1938837.876950000412762 ], [ 953291.438200000440702, 1938834.624950000550598 ], [ 953254.188199998810887, 1938833.874949999619275 ], [ 953231.500199999427423, 1938835.499950000783429 ], [ 953211.55119999917224, 1938836.869949998799711 ], [ 953192.875199999311008, 1938829.374950000317767 ], [ 953192.631200000527315, 1938829.252950001973659 ], [ 953192.172199998982251, 1938829.023950000526384 ], [ 953192.125200000591576, 1938829.000066665466875 ], [ 953147.061800001189113, 1938794.87455000076443 ], [ 953103.68830000073649, 1938770.00005 ], [ 953095.813300000037998, 1938766.375050000380725 ], [ 953084.566300001111813, 1938761.20805000141263 ], [ 953063.438299999572337, 1938751.500050001312047 ], [ 953058.524299999233335, 1938751.231050001922995 ], [ 953054.313299999339506, 1938751.000050000846386 ], [ 953045.416200001025572, 1938750.379050000570714 ], [ 953043.563300000387244, 1938750.25005 ], [ 953014.063300000503659, 1938755.500050000147894 ], [ 953009.879200000083074, 1938755.55505 ], [ 953004.713199999765493, 1938755.624050000449643 ], [ 953004.625200000125915, 1938755.625033333431929 ], [ 952996.737300000619143, 1938755.625150000210851 ], [ 952985.250300000421703, 1938755.625150000210851 ], [ 952967.014300000853837, 1938753.194050000980496 ], [ 952952.438300000503659, 1938751.25014999974519 ], [ 952940.25029999949038, 1938746.125150000676513 ], [ 952931.563300000037998, 1938742.500150001375005 ], [ 952901.188300000037998, 1938719.875150000676513 ], [ 952886.87529999949038, 1938692.00014999974519 ], [ 952882.637200000463054, 1938688.047150001395494 ], [ 952872.938299999572337, 1938679.00014999974519 ], [ 952860.842300000134856, 1938675.03305 ], [ 952853.500299999956042, 1938672.625150001142174 ], [ 952843.563299998641014, 1938671.526150000281632 ], [ 952812.813299999339506, 1938668.12514999974519 ], [ 952789.438299999805167, 1938668.250150000909343 ], [ 952756.500299999723211, 1938674.500150000443682 ], [ 952734.750300001469441, 1938678.750149999512359 ], [ 952727.250300000188872, 1938680.250149999279529 ], [ 952713.313300000154413, 1938674.250150000210851 ], [ 952673.554200000828132, 1938652.115150001365691 ], [ 952672.000300001003779, 1938651.250150000210851 ], [ 952670.181200001621619, 1938650.405050000175834 ], [ 952645.37529999949038, 1938638.87515 ], [ 952641.1383, 1938636.976050000172108 ], [ 952638.125300000654534, 1938635.625150000210851 ], [ 952632.896299999207258, 1938630.907149999169633 ], [ 952624.688299999106675, 1938623.500150000210851 ], [ 952619.75220000022091, 1938612.997049999888986 ], [ 952616.875300000887364, 1938606.875150001142174 ], [ 952610.832199999596924, 1938592.185150001663715 ], [ 952598.313300000037998, 1938561.750150001142174 ], [ 952587.254799999762326, 1938542.758149999193847 ], [ 952585.484299998963252, 1938533.077050000894815 ], [ 952583.188299998524599, 1938520.500150000909343 ], [ 952572.249199999496341, 1938473.000150001142174 ], [ 952572.563299998641014, 1938443.750149999279529 ], [ 952574.188299999688752, 1938431.500150000676513 ], [ 952575.405200000619516, 1938422.543049999512732 ], [ 952575.938299999805167, 1938418.62514999974519 ], [ 952579.410299998708069, 1938403.336150002200156 ], [ 952583.688299999223091, 1938384.500150001375005 ], [ 952587.271300000837073, 1938364.494050000561401 ], [ 952591.188300000503659, 1938342.625150001375005 ], [ 952592.679199999198318, 1938327.70615000044927 ], [ 952593.625300000421703, 1938318.250150000676513 ], [ 952593.847299999324605, 1938316.177150002215058 ], [ 952594.000299999956042, 1938314.750150000210851 ], [ 952596.313299999572337, 1938278.875149999512359 ], [ 952594.987299999222159, 1938259.706150001613423 ], [ 952594.125300001120195, 1938247.250150000210851 ], [ 952592.063300000503659, 1938243.75014999974519 ], [ 952584.62529999949038, 1938231.000150000210851 ], [ 952573.879200001247227, 1938219.931049999315292 ], [ 952563.875300000188872, 1938209.625150001375005 ], [ 952557.625300000654534, 1938205.875150000676513 ], [ 952549.939200000138953, 1938201.303049999056384 ], [ 952538.500300000421703, 1938194.50014999974519 ], [ 952531.000300001353025, 1938188.00014999974519 ], [ 952529.300300000351854, 1938182.495150000788271 ], [ 952528.375300001120195, 1938179.500149999512359 ], [ 952526.702199999592267, 1938174.257050000596792 ], [ 952526.500499999383464, 1938173.619350001914427 ], [ 952526.499199999962002, 1938173.61405000067316 ], [ 952524.938299999688752, 1938159.12514999974519 ], [ 952517.875300000188872, 1938141.000150000676513 ], [ 952506.519300000509247, 1938122.781150000635535 ], [ 952506.500200000475161, 1938122.750066665234044 ], [ 952501.063299999572337, 1938119.000050001079217 ], [ 952500.079099999042228, 1938118.344050001353025 ], [ 952499.375299999606796, 1938117.875050000846386 ], [ 952487.125300000887364, 1938110.00005 ], [ 952484.546199999283999, 1938108.325049999635667 ], [ 952475.000300001120195, 1938102.125049999449402 ], [ 952448.241199999349192, 1938087.289050001651049 ], [ 952431.938300000503659, 1938078.250050001544878 ], [ 952413.383199999108911, 1938073.251150001306087 ], [ 952404.563300000154413, 1938070.875050001544878 ], [ 952400.539200000697747, 1938070.78785000089556 ], [ 952393.063300000154413, 1938070.625050001312047 ], [ 952376.250300000770949, 1938070.125050000380725 ], [ 952373.169200000935234, 1938069.989050001371652 ], [ 952356.438300000503659, 1938069.250050000380725 ], [ 952336.819200000260025, 1938070.560850001405925 ], [ 952326.500300000188872, 1938071.250050000846386 ], [ 952301.563299998524599, 1938072.87505 ], [ 952275.438299999805167, 1938075.375050000846386 ], [ 952268.212199999950826, 1938076.034850000403821 ], [ 952260.375300000654534, 1938076.750049999449402 ], [ 952243.18830000073649, 1938079.125050001544878 ], [ 952211.813299999339506, 1938083.500049999682233 ], [ 952194.660199999227189, 1938089.116950001567602 ], [ 952187.000300000188872, 1938091.625050000846386 ], [ 952180.687900000950322, 1938092.000050000147894 ], [ 952177.563299999572337, 1938092.125050001312047 ], [ 952174.115199999534525, 1938089.966950000962242 ], [ 952169.375299999723211, 1938087.00005 ], [ 952164.125300001585856, 1938083.75005 ], [ 952158.228400000138208, 1938076.929850000888109 ], [ 952153.750299999723211, 1938071.750049999449402 ], [ 952148.47719999961555, 1938065.588949999306351 ], [ 952147.438300000037998, 1938064.375049999449402 ], [ 952129.375300001120195, 1938033.250050000613555 ], [ 952127.575099999783561, 1938029.239049999741837 ], [ 952117.313300000270829, 1938006.375050000846386 ], [ 952113.370299998903647, 1937994.328049999661744 ], [ 952107.25030000123661, 1937975.625050001544878 ], [ 952095.383100001141429, 1937959.80205 ], [ 952093.750300000654534, 1937957.625049999449402 ], [ 952090.418199999490753, 1937956.792049999348819 ], [ 952086.25029999949038, 1937955.750050000147894 ], [ 952074.875300000654534, 1937953.000050000846386 ], [ 952058.200199999148026, 1937950.866850002435967 ], [ 952037.750300000421703, 1937948.250050001312047 ], [ 952020.491200000513345, 1937945.948949999175966 ], [ 952019.946699999505654, 1937945.876449999399483 ], [ 952019.937800000305288, 1937945.874950000317767 ], [ 951997.875300001003779, 1937941.750050001312047 ], [ 951969.750299999606796, 1937936.375049999449402 ], [ 951900.938299999805167, 1937918.124050000449643 ], [ 951900.930700000142679, 1937918.122350001474842 ], [ 951884.688300000037998, 1937915.37505 ], [ 951869.242200001142919, 1937912.7018500007689 ], [ 951858.688300000270829, 1937910.875050000613555 ], [ 951844.140200000372715, 1937910.462849999777973 ], [ 951819.000299999956042, 1937909.750050000147894 ], [ 951786.402200000942685, 1937913.187150000128895 ], [ 951782.250300001353025, 1937913.62505 ], [ 951779.261199998552911, 1937914.322849999880418 ], [ 951767.250300001120195, 1937917.125050000147894 ], [ 951749.313300000037998, 1937921.250050000147894 ], [ 951719.500300000887364, 1937933.000050000380725 ], [ 951712.571199999656528, 1937935.694950001314282 ], [ 951703.750299999606796, 1937939.125050000846386 ], [ 951678.438299998641014, 1937948.12505 ], [ 951652.744199999142438, 1937955.427049999590963 ], [ 951643.250299999956042, 1937958.12505 ], [ 951640.43529999977909, 1937958.452249999856576 ], [ 951627.125300001469441, 1937960.000050001544878 ], [ 951589.375300001585856, 1937957.875049999682233 ], [ 951579.252200001152232, 1937957.111050000181422 ], [ 951572.813299999106675, 1937956.625050000380725 ], [ 951563.218200000701472, 1937955.814150001155213 ], [ 951546.188299999688752, 1937954.375049999449402 ], [ 951524.188299998873845, 1937953.000050000846386 ], [ 951499.250300000654534, 1937951.37505 ], [ 951484.188300000270829, 1937948.875050000846386 ], [ 951476.398199999704957, 1937947.620950000826269 ], [ 951469.438300000270829, 1937946.500050000846386 ], [ 951444.188299999455921, 1937938.250050000846386 ], [ 951442.245299998437986, 1937937.596849999856204 ], [ 951437.125299999956042, 1937935.875050001079217 ], [ 951393.875300001353025, 1937920.750049999449402 ], [ 951370.793200000189245, 1937912.071950001176447 ], [ 951369.922199999680743, 1937911.74195000063628 ], [ 951368.607200001482852, 1937911.244950000662357 ], [ 951353.813300000503659, 1937905.625050000147894 ], [ 951342.375300000654534, 1937900.875050000380725 ], [ 951339.438299999921583, 1937899.625050000846386 ], [ 951324.777300000656396, 1937889.510950000490993 ], [ 951321.500300000188872, 1937887.250050000846386 ], [ 951319.910299998708069, 1937886.512850001920015 ], [ 951317.188299998641014, 1937885.250050000380725 ], [ 951308.664099998772144, 1937881.471150000579655 ], [ 951305.063299998873845, 1937879.875050000846386 ], [ 951275.250299999723211, 1937875.375050001312047 ], [ 951248.115300000878051, 1937875.49904999951832 ], [ 951247.940699999919161, 1937875.500650001922622 ], [ 951229.617300000041723, 1937881.635550000471994 ], [ 951216.813299999572337, 1937898.00005 ], [ 951197.50030000123661, 1937911.625050001544878 ], [ 951188.563299999106675, 1937912.625050000846386 ], [ 951177.625299999956042, 1937906.375050001312047 ], [ 951174.50030000123661, 1937904.500049999682233 ], [ 951171.814099999843165, 1937902.858250001445413 ], [ 951163.25029999925755, 1937897.625050000380725 ], [ 951160.253066667122766, 1937895.876766667235643 ], [ 951132.000250002136454, 1937886.50005 ], [ 951121.188250000821427, 1937882.875050000380725 ], [ 951079.688250000122935, 1937862.500050000613555 ], [ 951066.208150001009926, 1937852.594950001686811 ], [ 951060.125250001437962, 1937848.125050000147894 ], [ 951044.984249999397434, 1937834.923950001597404 ], [ 951025.000250001670793, 1937817.50005 ], [ 951012.875250002020039, 1937808.62505 ], [ 951010.212150000385009, 1937806.688050000695512 ], [ 951009.438250000588596, 1937806.125050001079217 ], [ 950996.438250000821427, 1937793.750050000846386 ], [ 950992.000350000336766, 1937788.435850000940263 ], [ 950986.313249999424443, 1937781.625050001312047 ], [ 950974.688250000355765, 1937767.750050001312047 ], [ 950955.500250000972301, 1937756.375050000380725 ], [ 950926.625250000855885, 1937745.750050000380725 ], [ 950923.60615000105463, 1937745.430050000781193 ], [ 950908.938250000122935, 1937743.875050001312047 ], [ 950886.625250000040978, 1937743.625050000846386 ], [ 950874.696150000905618, 1937746.040050000883639 ], [ 950871.18825000023935, 1937746.750049999449402 ], [ 950867.938250000355765, 1937747.375050001544878 ], [ 950829.063249999890104, 1937754.37505 ], [ 950826.603250001207925, 1937754.725250000599772 ], [ 950808.875250001437962, 1937757.250050000380725 ], [ 950801.188250001054257, 1937756.500049999449402 ], [ 950798.084150000242516, 1937756.207150001311675 ], [ 950787.938250000821427, 1937755.25005 ], [ 950754.430250000907108, 1937749.37505 ], [ 950703.625250001321547, 1937748.250049999449402 ], [ 950688.2091500016395, 1937749.358849999494851 ], [ 950675.813249999191612, 1937750.25005 ], [ 950671.926750001264736, 1937750.494050000794232 ], [ 950664.313249999191612, 1937746.500050001312047 ], [ 950659.287150000804104, 1937737.755949999205768 ], [ 950655.188250001287088, 1937730.625050001079217 ], [ 950647.947250000433996, 1937718.141950000310317 ], [ 950647.938250000355765, 1937718.12485 ], [ 950646.730250000953674, 1937715.581050001084805 ], [ 950638.563249999890104, 1937698.375049999682233 ], [ 950635.737350000767037, 1937692.454850001260638 ], [ 950629.375250000855885, 1937679.125050000380725 ], [ 950624.501250000786968, 1937671.999550002394244 ], [ 950607.563250000122935, 1937647.500050000846386 ], [ 950577.938250001170672, 1937626.000050000613555 ], [ 950538.500250001205131, 1937600.500049999449402 ], [ 950531.458250000607222, 1937596.922050000634044 ], [ 950515.375250002136454, 1937588.750050001312047 ], [ 950498.437950001796708, 1937586.500050000380725 ], [ 950471.750250001903623, 1937586.375050001312047 ], [ 950463.593150001135655, 1937586.375050001312047 ], [ 950462.812650000560097, 1937586.375150000210851 ], [ 950460.843149999622256, 1937585.824950000736862 ], [ 950440.438249999540858, 1937580.125049999682233 ], [ 950420.313250000122935, 1937570.250050000846386 ], [ 950417.313250000472181, 1937568.750050000846386 ], [ 950415.096150000812486, 1937568.895249999826774 ], [ 950413.500250000972301, 1937569.000050001312047 ], [ 950409.000250001437962, 1937569.375050000613555 ], [ 950407.62525000073947, 1937571.375050001312047 ], [ 950407.597249999293126, 1937571.41495000035502 ], [ 950405.933050001389347, 1937573.798950000433251 ], [ 950402.563250000588596, 1937578.62505 ], [ 950399.062950001680292, 1937593.125049999449402 ], [ 950398.851250000298023, 1937593.548050000332296 ], [ 950398.375250001554377, 1937594.500050000380725 ], [ 950386.575550000648946, 1937620.223650000523776 ], [ 950386.562950000399724, 1937620.250049999449402 ], [ 950376.750250000040978, 1937640.25005 ], [ 950376.173350000753999, 1937641.311050000367686 ], [ 950371.774150000885129, 1937649.403949999250472 ], [ 950366.625250000855885, 1937658.875049999449402 ], [ 950354.094050001818687, 1937676.524850001093 ], [ 950353.312949999817647, 1937677.625050000380725 ], [ 950352.51035000057891, 1937678.762150000780821 ], [ 950348.375250000506639, 1937684.625050001079217 ], [ 950344.87224999954924, 1937688.421950001269579 ], [ 950329.000250002136454, 1937705.625050000613555 ], [ 950322.473249999573454, 1937713.145049999700859 ], [ 950315.438249999308027, 1937721.250050000613555 ], [ 950314.127550001488999, 1937722.672249999362975 ], [ 950313.25025000073947, 1937723.625050000380725 ], [ 950307.875250001321547, 1937733.12505 ], [ 950308.181250000139698, 1937743.91594999935478 ], [ 950308.375250002020039, 1937750.750050000380725 ], [ 950310.313250000122935, 1937778.750050000613555 ], [ 950308.25025000073947, 1937796.000049999449402 ], [ 950306.428250001510605, 1937803.019049999304116 ], [ 950301.500250000506639, 1937822.000050001312047 ], [ 950298.138250001240522, 1937829.097050001844764 ], [ 950298.125250001437962, 1937829.125050001079217 ], [ 950295.813250000588596, 1937833.875050000846386 ], [ 950287.106149999890476, 1937844.344050001585856 ], [ 950275.438250000705011, 1937858.375050000613555 ], [ 950272.125250001903623, 1937867.00005 ], [ 950271.815250001149252, 1937867.776050000451505 ], [ 950271.125250000506639, 1937869.500050001312047 ], [ 950272.232250000583008, 1937888.569050000747666 ], [ 950272.750250001554377, 1937897.500050001312047 ], [ 950273.640150000108406, 1937910.255050001433119 ], [ 950275.438250000705011, 1937936.000050000147894 ], [ 950274.942150000832044, 1937952.064049999462441 ], [ 950274.563250000588596, 1937964.375049999682233 ], [ 950277.438250001287088, 1937972.250050000380725 ], [ 950279.313250000355765, 1937977.250050000380725 ], [ 950283.37475000100676, 1937983.87555 ], [ 950283.401650000480004, 1937983.918650001753122 ], [ 950286.563249999191612, 1937989.000050000846386 ], [ 950291.847250000340864, 1937993.20905000064522 ], [ 950301.000250002020039, 1938000.500050000846386 ], [ 950314.063250000821427, 1938014.250050001544878 ], [ 950318.773149999324232, 1938026.879050001502037 ], [ 950322.875250001670793, 1938037.875050001312047 ], [ 950324.223150000907481, 1938043.268050001002848 ], [ 950326.500250000972301, 1938052.375050000846386 ], [ 950317.625250001205131, 1938074.000050000147894 ], [ 950315.027250001439825, 1938077.796050000470132 ], [ 950314.375250001205131, 1938078.75005 ], [ 950298.688250001054257, 1938101.500049999682233 ], [ 950285.626250001136214, 1938120.947050001472235 ], [ 950276.188249999424443, 1938135.000050000380725 ], [ 950275.246150000020862, 1938136.610049999784678 ], [ 950272.313249999890104, 1938141.625049999449402 ], [ 950259.00025000073947, 1938164.250050000147894 ], [ 950231.188250000821427, 1938214.375050000147894 ], [ 950218.688249999424443, 1938233.375050001312047 ], [ 950215.06125000026077, 1938234.987050000578165 ], [ 950214.750250000855885, 1938235.125050001544878 ], [ 950213.304150001029484, 1938235.786049999762326 ], [ 950210.375250000506639, 1938237.12505 ], [ 950192.438249999540858, 1938243.00005 ], [ 950188.172249999828637, 1938247.160049999598414 ], [ 950184.875250001554377, 1938250.37505 ], [ 950177.000250000972301, 1938261.250050000380725 ], [ 950171.156250000814907, 1938266.099049999611452 ], [ 950165.250250000506639, 1938271.000050000147894 ], [ 950163.557250002166256, 1938272.354049999732524 ], [ 950163.375250001321547, 1938272.500150000909343 ], [ 950162.563250000122935, 1938272.639050001977012 ], [ 950156.063250000355765, 1938273.750049999449402 ], [ 950147.563249999890104, 1938275.250050001312047 ], [ 950140.563249999308027, 1938278.500050001312047 ], [ 950133.500250002020039, 1938281.750050001312047 ], [ 950132.000250000040978, 1938283.875050000846386 ], [ 950125.313250000821427, 1938293.250050001312047 ], [ 950124.151250001043081, 1938295.619050001725554 ], [ 950122.125250001088716, 1938299.75015 ], [ 950119.313249999424443, 1938304.000150001142174 ], [ 950115.688250000122935, 1938309.625150001142174 ], [ 950099.875150001142174, 1938327.62495000124909 ], [ 950092.437149999896064, 1938341.750050000380725 ], [ 950082.438249999540858, 1938365.875050000846386 ], [ 950074.940750000765547, 1938377.37055000057444 ], [ 950073.684150000452064, 1938378.131050001131371 ], [ 950070.375250002136454, 1938380.12505 ], [ 950069.120249999919906, 1938380.903050000313669 ], [ 950065.938249999424443, 1938382.875050001544878 ], [ 950055.008249999489635, 1938387.928049999289215 ], [ 950053.500250000506639, 1938388.625050000380725 ], [ 950028.563250001054257, 1938400.250049999449402 ], [ 950007.375250001437962, 1938407.750050000846386 ], [ 950002.53425000119023, 1938411.113050000974908 ], [ 949996.938249999424443, 1938415.000049999449402 ], [ 949983.375250000040978, 1938432.250050000380725 ], [ 949982.407249999698251, 1938433.17405000096187 ], [ 949979.188249999890104, 1938436.250050001544878 ], [ 949973.455149999354035, 1938441.931049999780953 ], [ 949972.250250001670793, 1938443.125050000846386 ], [ 949968.424150001257658, 1938447.098049999214709 ], [ 949954.313250000588596, 1938461.750050000380725 ], [ 949940.530150001170114, 1938473.129050001036376 ], [ 949932.813250000355765, 1938479.50005 ], [ 949916.795250000664964, 1938489.130050001433119 ], [ 949902.250250000273809, 1938497.875050001544878 ], [ 949896.488250000402331, 1938501.598049999447539 ], [ 949890.063250000355765, 1938505.75005 ], [ 949879.125250001205131, 1938516.125049999449402 ], [ 949876.057250001933426, 1938518.994050000794232 ], [ 949874.313250001287088, 1938520.625050001312047 ], [ 949872.320250001153909, 1938522.262050000950694 ], [ 949870.813250000937842, 1938523.500049999449402 ], [ 949868.567150000948459, 1938525.296050001401454 ], [ 949862.06325000023935, 1938530.500050000147894 ], [ 949857.633250000071712, 1938532.953050000593066 ], [ 949853.938249999191612, 1938535.000049999449402 ], [ 949847.000250000972301, 1938538.750050000380725 ], [ 949831.563250001170672, 1938549.625050000380725 ], [ 949830.743250000872649, 1938550.541049999650568 ], [ 949825.188250000355765, 1938556.750050000147894 ], [ 949818.313250001054257, 1938564.500049999449402 ], [ 949804.819249999942258, 1938577.003050001803786 ], [ 949804.687450000201352, 1938577.124950001016259 ], [ 949789.562950001331046, 1938584.249950000783429 ], [ 949774.45125000027474, 1938591.092050001258031 ], [ 949764.438250000355765, 1938595.625050000380725 ], [ 949757.750250000273809, 1938598.500050001079217 ], [ 949751.772250000853091, 1938601.017050001537427 ], [ 949750.625250000506639, 1938601.500050000846386 ], [ 949747.023150001186877, 1938603.055050000315532 ], [ 949727.750250001903623, 1938611.375049999449402 ], [ 949722.704249999951571, 1938614.69605 ], [ 949718.063250000937842, 1938617.750050000380725 ], [ 949690.548249999759719, 1938637.005050000268966 ], [ 949685.375250001205131, 1938640.625050001312047 ], [ 949672.500250000506639, 1938655.25005 ], [ 949671.530150001635775, 1938658.64605 ], [ 949670.000250001437962, 1938664.000050000846386 ], [ 949669.769250000244938, 1938679.05005000019446 ], [ 949669.750150000210851, 1938680.236850000917912 ], [ 949670.146250001620501, 1938681.591050000395626 ], [ 949670.563250001054257, 1938683.00005 ], [ 949671.588149999966845, 1938686.561050001531839 ], [ 949674.125250001437962, 1938695.37505 ], [ 949675.111150001175702, 1938711.002049999777228 ], [ 949675.750250000390224, 1938721.125050001312047 ], [ 949673.688249999773689, 1938738.375050000380725 ], [ 949670.125250000506639, 1938746.750049999449402 ], [ 949666.188250000705011, 1938758.000050001312047 ], [ 949663.375250000273809, 1938766.125050000147894 ], [ 949660.918150001438335, 1938784.63905000151135 ], [ 949659.875250000040978, 1938792.500050001312047 ], [ 949660.43525000102818, 1938807.494050002191216 ], [ 949661.188250000588596, 1938827.625050001079217 ], [ 949660.710150001104921, 1938858.309050000738353 ], [ 949660.625250000972301, 1938863.75005 ], [ 949662.625250001437962, 1938872.62505 ], [ 949663.188250001054257, 1938875.25005 ], [ 949666.100250001065433, 1938879.346050002146512 ], [ 949667.188249999890104, 1938880.87505 ], [ 949670.935249999631196, 1938886.240050000371411 ], [ 949673.128666666103527, 1938889.378533333539963 ], [ 949672.09315000125207, 1938905.117950002430007 ], [ 949670.744149999925867, 1938925.635450001107529 ], [ 949656.353150001028553, 1938950.81995000038296 ], [ 949636.250149999279529, 1938985.99995 ], [ 949593.256650000927038, 1939038.867450000718236 ], [ 949591.636149999918416, 1939055.84495000122115 ], [ 949591.063150001456961, 1939061.87495000148192 ], [ 949574.600150000769645, 1939080.996950000990182 ], [ 949560.500150001142174, 1939097.374950000550598 ], [ 949537.06065000128001, 1939108.006950000999495 ], [ 949534.017150000203401, 1939118.127950000576675 ], [ 949531.887150000082329, 1939125.209950001444668 ], [ 949531.875150001375005, 1939125.249949999619275 ], [ 949513.000150001375005, 1939137.37495000148192 ], [ 949512.445150000974536, 1939137.722950000315905 ], [ 949509.813150000292808, 1939139.374949999619275 ], [ 949485.938150000292808, 1939154.749950001714751 ], [ 949473.380633333115838, 1939153.750566667411476 ], [ 949436.813199998694472, 1939098.125199998728931 ], [ 949374.438199999858625, 1939049.000099998898804 ], [ 949367.563200000557117, 1939044.625100000761449 ], [ 949345.000200000125915, 1939030.375099999364465 ], [ 949316.250199998961762, 1939006.250099998898804 ], [ 949302.641199999954551, 1939000.681099999696016 ], [ 949286.313199999509379, 1938994.0001 ], [ 949260.3752, 1938975.250099999131635 ], [ 949257.092200000188313, 1938974.966100000310689 ], [ 949245.938199999276549, 1938974.000099999830127 ], [ 949238.254099998623133, 1938973.237099999096245 ], [ 949237.125199999660254, 1938973.125099999597296 ], [ 949235.049099999479949, 1938971.082100000232458 ], [ 949229.125199999893084, 1938965.250099998898804 ], [ 949214.993199999327771, 1938940.329100000206381 ], [ 949194.250200000591576, 1938903.750100000295788 ], [ 949171.125199999194592, 1938858.875100000528619 ], [ 949163.42410000145901, 1938851.549100000876933 ], [ 949159.563199999043718, 1938847.875099998898804 ], [ 949154.330099999206141, 1938847.818099999334663 ], [ 949148.125199999194592, 1938847.750099999830127 ], [ 949133.063199998810887, 1938848.000100000295788 ], [ 949126.315200000535697, 1938843.229099999414757 ], [ 949120.688199998694472, 1938839.250099999597296 ], [ 949114.069100000429899, 1938830.162100001238286 ], [ 949100.750200000591576, 1938811.875099999364465 ], [ 949085.250199999660254, 1938806.500099999830127 ], [ 949083.075100000016391, 1938805.766100001521409 ], [ 949080.063200000440702, 1938804.750099999597296 ], [ 949063.813200000673532, 1938784.375099999830127 ], [ 949056.466199999907985, 1938780.019099998520687 ], [ 949049.688200000440702, 1938776.000100000761449 ], [ 949040.38620000006631, 1938770.604100000113249 ], [ 949027.06319999974221, 1938762.875099999597296 ], [ 949008.518200000631623, 1938757.678099999204278 ], [ 949004.318200000678189, 1938756.5016 ], [ 949001.000199998961762, 1938748.125099999597296 ], [ 948999.03010000102222, 1938743.036100001074374 ], [ 948998.000199999427423, 1938740.375100000295788 ], [ 948985.813199999509379, 1938732.125100000295788 ], [ 948969.56319999974221, 1938717.250099998898804 ], [ 948961.438199998810887, 1938706.625099998898804 ], [ 948956.500199998728931, 1938700.125099999131635 ], [ 948945.620200000237674, 1938676.492599998600781 ], [ 948944.244099999661557, 1938674.363099998794496 ], [ 948926.563199999276549, 1938647.000099999364465 ], [ 948903.674100001109764, 1938621.829100000206381 ], [ 948883.938200000557117, 1938600.125099999364465 ], [ 948879.625200000358745, 1938574.625100000295788 ], [ 948877.438200000673532, 1938568.625099998898804 ], [ 948876.244099998730235, 1938565.251100000925362 ], [ 948875.625199999427423, 1938563.500099999830127 ], [ 948875.599199999822304, 1938563.484099999070168 ], [ 948843.563200000440702, 1938545.125100000295788 ], [ 948837.777200000826269, 1938537.018100001849234 ], [ 948834.375199999078177, 1938532.250099999830127 ], [ 948825.06319999974221, 1938519.250099999830127 ], [ 948815.348100000759587, 1938509.139100001426414 ], [ 948812.813199998810887, 1938506.500100000295788 ], [ 948810.911100000375882, 1938504.484099999535829 ], [ 948807.625200000591576, 1938501.000099999597296 ], [ 948792.06206666608341, 1938484.750099999830127 ], [ 948787.500149999628775, 1938466.000099998898804 ], [ 948785.17605000117328, 1938451.221100000897422 ], [ 948782.625150000792928, 1938435.000099999364465 ], [ 948780.793050001608208, 1938430.9951 ], [ 948779.938150000525638, 1938429.125099998898804 ], [ 948775.563150000059977, 1938419.625099999364465 ], [ 948754.375150000327267, 1938383.250100000295788 ], [ 948752.145050000865012, 1938379.43210000032559 ], [ 948740.500150000443682, 1938359.500099999364465 ], [ 948725.642049999791197, 1938334.405099998693913 ], [ 948725.62404999951832, 1938334.375099999830127 ], [ 948706.688150001340546, 1938302.500099999830127 ], [ 948703.688149999477901, 1938291.750100000761449 ], [ 948703.413049999624491, 1938290.809100001119077 ], [ 948703.250150001142174, 1938290.250099998898804 ], [ 948690.938150000059977, 1938236.750099999830127 ], [ 948690.570150000974536, 1938235.64909999910742 ], [ 948689.188149999827147, 1938231.500099999364465 ], [ 948687.295150000369176, 1938226.055100000463426 ], [ 948684.625149999279529, 1938218.375100000528619 ], [ 948683.313149999710731, 1938214.500100000761449 ], [ 948683.206150000914931, 1938211.011100000469014 ], [ 948683.125149999512359, 1938208.375100000295788 ], [ 948683.021150001557544, 1938206.228100000880659 ], [ 948682.938150000292808, 1938204.500100000761449 ], [ 948683.555150000844151, 1938200.4981 ], [ 948684.250149999978021, 1938196.000100000295788 ], [ 948687.188149999361485, 1938180.625100000528619 ], [ 948687.153050001012161, 1938178.217100000940263 ], [ 948687.125150000443682, 1938176.250100000295788 ], [ 948684.438150000059977, 1938171.000099999830127 ], [ 948665.000150000443682, 1938151.37510000099428 ], [ 948663.618150001624599, 1938149.55210000067018 ], [ 948659.125150000327267, 1938143.625099999364465 ], [ 948655.500150000909343, 1938135.125099998898804 ], [ 948650.000150000210851, 1938122.125099999131635 ], [ 948642.587149999802932, 1938114.027100000996143 ], [ 948642.563150000059977, 1938114.000100000295788 ], [ 948627.221150000346825, 1938104.080100000603124 ], [ 948590.750149999978021, 1938080.500099999364465 ], [ 948590.194049999816343, 1938080.113099999260157 ], [ 948589.313150001456961, 1938079.500100000295788 ], [ 948566.187850001500919, 1938060.875100000761449 ], [ 948525.125150001258589, 1938019.625100000295788 ], [ 948524.029150001122616, 1938018.991100000683218 ], [ 948520.375149999279529, 1938016.875099998898804 ], [ 948512.789150000317022, 1938017.4021 ], [ 948511.375150000443682, 1938017.500100000761449 ], [ 948483.917150001041591, 1938033.129100000485778 ], [ 948471.625149999978021, 1938040.125099999364465 ], [ 948461.338050001184456, 1938045.96409999881871 ], [ 948415.250150000327267, 1938072.125100000295788 ], [ 948401.750149999861605, 1938079.2501 ], [ 948392.750150000909343, 1938080.875099998898804 ], [ 948386.313150000059977, 1938079.375099999131635 ], [ 948383.651150000281632, 1938078.827099998947233 ], [ 948382.0631500009913, 1938078.500099998898804 ], [ 948379.142049999791197, 1938076.540100001031533 ], [ 948372.375150001142174, 1938072.000099999131635 ], [ 948355.498150001978502, 1938060.9070999994874 ], [ 948341.188150000059977, 1938051.500100000295788 ], [ 948327.502050000359304, 1938045.82109999936074 ], [ 948326.125150000909343, 1938045.250100000761449 ], [ 948298.375150001142174, 1938037.875100000761449 ], [ 948298.130050000268966, 1938037.863000000827014 ], [ 948283.209599320078269, 1938037.148014190141112 ], [ 948269.688133333111182, 1938036.500099999830127 ], [ 948239.226049999240786, 1938040.308100001187995 ], [ 948232.688149999827147, 1938041.125100000761449 ], [ 948215.03005000075791, 1938038.548999999882653 ], [ 948194.120450000162236, 1938035.513500000117347 ], [ 948193.849750001681969, 1938035.475800000363961 ], [ 948193.76165000104811, 1938035.463700000662357 ], [ 948193.350150000536814, 1938035.409100000280887 ], [ 948192.000150000443682, 1938035.250100000528619 ], [ 948190.500150000676513, 1938035.000100000295788 ] ] ] ] } }
]
}
