{
"type": "FeatureCollection",
"name": "seoul",
"crs": { "type": "name", "properties": { "name": "urn:ogc:def:crs:OGC:1.3:CRS84" } },
"features": [
{ "type": "Feature", "properties": { "BASE_DATE": "20250630", "SIDO_CD": "11", "SIDO_NM": "서울특별시" }, "geometry": { "type": "Polygon", "coordinates": [ [ [ 127.019827360278924, 37.701017422727929 ], [ 127.022148289417231, 37.699720819747419 ], [ 127.02330792318196, 37.700048033899378 ], [ 127.023388729705886, 37.700070785589382 ], [ 127.025315407538272, 37.699580546594866 ], [ 127.025813567273502, 37.69979158699568 ], [ 127.026898071392239, 37.700251137436943 ], [ 127.026910439988328, 37.700337272916478 ], [ 127.027022191571618, 37.701115405152585 ], [ 127.027687345594188, 37.700937379404294 ], [ 127.027945437045361, 37.700616905571032 ], [ 127.028074188653846, 37.700457033195875 ], [ 127.028215978740519, 37.700280970006837 ], [ 127.028313030511327, 37.700160443291026 ], [ 127.028418786365222, 37.700082119945726 ], [ 127.02899106723784, 37.699658276396796 ], [ 127.029285577944407, 37.699291622130637 ], [ 127.029545302937962, 37.698373539743116 ], [ 127.029601414331808, 37.69817519370234 ], [ 127.029654420760352, 37.697806630145386 ], [ 127.029657957066306, 37.697734180130979 ], [ 127.029711560146069, 37.696636086994943 ], [ 127.029729311092765, 37.696272434640193 ], [ 127.030166317323364, 37.695198204359158 ], [ 127.030454048439694, 37.694775805063323 ], [ 127.03047540896641, 37.694714899877397 ], [ 127.030502535536087, 37.694637548557921 ], [ 127.030683563948827, 37.694122824242271 ], [ 127.030733820210841, 37.693951723917472 ], [ 127.030738062731814, 37.693937275366906 ], [ 127.030827074088776, 37.69368976579522 ], [ 127.03094952901634, 37.693577816613519 ], [ 127.030972478225522, 37.693556835716294 ], [ 127.030990326384796, 37.693415775653861 ], [ 127.030993141107359, 37.693393531224139 ], [ 127.031010626999347, 37.693256129111006 ], [ 127.031026131750636, 37.693074526030649 ], [ 127.031108578336557, 37.693035048478087 ], [ 127.031540485721052, 37.692828330827801 ], [ 127.032026316236966, 37.692950356580724 ], [ 127.032169867112145, 37.692815210288387 ], [ 127.032228856065601, 37.6925800404643 ], [ 127.032334671964875, 37.692158190866301 ], [ 127.032339658209807, 37.692138312888623 ], [ 127.032414288363867, 37.691839037510661 ], [ 127.032539462896708, 37.691858349036735 ], [ 127.033596581229347, 37.692021403179631 ], [ 127.03396065736635, 37.691998025375597 ], [ 127.033961869234119, 37.691997947242626 ], [ 127.034259364326132, 37.692225072405471 ], [ 127.034928161566839, 37.692308503521915 ], [ 127.035625428097532, 37.692491569585549 ], [ 127.03565050162905, 37.692472165349933 ], [ 127.035776526037353, 37.692374200279637 ], [ 127.036328399866662, 37.692522920522386 ], [ 127.036762849338487, 37.692639918851533 ], [ 127.036953767566445, 37.692883847422621 ], [ 127.037002330890857, 37.692945896358609 ], [ 127.037527746702338, 37.693220812228375 ], [ 127.037906842265201, 37.693271937295535 ], [ 127.038447714656982, 37.693284652462616 ], [ 127.038498030334253, 37.693285834542586 ], [ 127.038665395304633, 37.693471275516501 ], [ 127.038807840024873, 37.693629233692242 ], [ 127.038820797746325, 37.693691171460685 ], [ 127.038836424260921, 37.693765775232542 ], [ 127.038950095594942, 37.693981971874663 ], [ 127.039133171002618, 37.694000797034029 ], [ 127.039428620841207, 37.694031174261902 ], [ 127.039572496846787, 37.694045967209235 ], [ 127.039913548345311, 37.694081337971951 ], [ 127.039940576959722, 37.694275595214719 ], [ 127.039953518640587, 37.694368570975172 ], [ 127.039997480000082, 37.694684391664673 ], [ 127.040068695794076, 37.694717919495744 ], [ 127.040836546088471, 37.69507941386135 ], [ 127.041108786023571, 37.695299781475278 ], [ 127.041313775023838, 37.695323083412646 ], [ 127.041558475864406, 37.695352124026442 ], [ 127.041603207248031, 37.695357431893747 ], [ 127.041812621009427, 37.695382284227669 ], [ 127.041984311808193, 37.695126611325072 ], [ 127.041989344356963, 37.695119104770967 ], [ 127.042021314101078, 37.695071413411185 ], [ 127.042056958101938, 37.695069408478254 ], [ 127.042172427509243, 37.69506291120117 ], [ 127.042330188982035, 37.695053857749016 ], [ 127.043072534129251, 37.695230905887627 ], [ 127.043103231063782, 37.695164460747058 ], [ 127.043193100661085, 37.694969919852468 ], [ 127.043219899223004, 37.694911912244592 ], [ 127.043286444325346, 37.694769428239397 ], [ 127.043397842269712, 37.694401675514698 ], [ 127.043369189896239, 37.694182363003328 ], [ 127.043354787553071, 37.69407255772785 ], [ 127.043157808066709, 37.693793047751591 ], [ 127.043101444829816, 37.693713168058935 ], [ 127.043037246219285, 37.693622186041509 ], [ 127.043273369458575, 37.693570576723815 ], [ 127.043709142054709, 37.693510731739686 ], [ 127.043749889026515, 37.693506211498537 ], [ 127.04383560762453, 37.693455223205142 ], [ 127.043837987984219, 37.693453820029426 ], [ 127.043890502981696, 37.693422821830247 ], [ 127.0440301399356, 37.693186259832437 ], [ 127.044065542432662, 37.693126287031674 ], [ 127.044313464499666, 37.693099481671233 ], [ 127.044326835010196, 37.693098036229074 ], [ 127.044531257792897, 37.693072339497782 ], [ 127.044583687139749, 37.693056552399582 ], [ 127.044621942472688, 37.693035419737228 ], [ 127.044661794210427, 37.69301401741965 ], [ 127.044752053779035, 37.692965905005096 ], [ 127.044764869635046, 37.692959073728538 ], [ 127.044817115003056, 37.692936251837288 ], [ 127.044837235323598, 37.692812919411395 ], [ 127.044852952690363, 37.692717184931404 ], [ 127.044904323966762, 37.692405485182135 ], [ 127.045051732821179, 37.692389745313257 ], [ 127.045052807668867, 37.692389629583133 ], [ 127.045078312179669, 37.692386905912421 ], [ 127.045092064932106, 37.692385437521637 ], [ 127.045094292933129, 37.692385199152071 ], [ 127.045295952201897, 37.692363673497915 ], [ 127.045649208639361, 37.692380152206923 ], [ 127.045650051113583, 37.69237034537727 ], [ 127.045785216988335, 37.69239489103493 ], [ 127.045819979738255, 37.692401203545387 ], [ 127.045844395915694, 37.692405638386674 ], [ 127.045973128735326, 37.692429015265688 ], [ 127.04596854713418, 37.692465903483459 ], [ 127.04604066453382, 37.692497130999016 ], [ 127.04609753959123, 37.692521885036108 ], [ 127.046124482593839, 37.692533450052416 ], [ 127.046138831982432, 37.692539609988991 ], [ 127.046204754593603, 37.692563514591406 ], [ 127.046419328715899, 37.692641421866547 ], [ 127.046523345967401, 37.692683339876545 ], [ 127.046754913992288, 37.692717317073274 ], [ 127.046820317584832, 37.692765430862629 ], [ 127.046864099887713, 37.692812435821047 ], [ 127.046964621975874, 37.692920512952611 ], [ 127.047078163995977, 37.6930023950802 ], [ 127.047213688883929, 37.692993348815158 ], [ 127.047273914594669, 37.693007963470997 ], [ 127.047328526990967, 37.693095507489879 ], [ 127.047364697976377, 37.693152362520586 ], [ 127.047449272595443, 37.69325031016664 ], [ 127.047526362536317, 37.693313326834129 ], [ 127.047526714958082, 37.693313568841489 ], [ 127.047690704970336, 37.693280978548763 ], [ 127.047750833501851, 37.693269067350116 ], [ 127.047758222672158, 37.693271406698315 ], [ 127.047815122389935, 37.69328986331049 ], [ 127.047891368573943, 37.693394013201605 ], [ 127.047964424989132, 37.693492811336405 ], [ 127.048062100976082, 37.693596663800555 ], [ 127.04814120518472, 37.693716306622996 ], [ 127.048161609221353, 37.693784422592465 ], [ 127.048186271705305, 37.693860148577876 ], [ 127.048194130308872, 37.693886827405834 ], [ 127.048195662909606, 37.693892030345715 ], [ 127.048209465175262, 37.69393889379203 ], [ 127.048211314532523, 37.693945170527762 ], [ 127.048226192292162, 37.693949380855244 ], [ 127.04823735183551, 37.6939524773139 ], [ 127.048441657059186, 37.694009553294435 ], [ 127.048629433110591, 37.69406225909951 ], [ 127.048631698947645, 37.694062895999352 ], [ 127.048660717225346, 37.693932851434489 ], [ 127.048720719139936, 37.69366397101286 ], [ 127.048753226572472, 37.693522622669889 ], [ 127.048807462053475, 37.693281302616903 ], [ 127.048900404041092, 37.692893001096898 ], [ 127.048919843156554, 37.692811348258601 ], [ 127.048966003250342, 37.692691105325501 ], [ 127.049075651635803, 37.69240612840553 ], [ 127.049198760673747, 37.692105380876782 ], [ 127.049365728904448, 37.69168974150552 ], [ 127.049515123862562, 37.691487240802743 ], [ 127.049707697105475, 37.691223071724117 ], [ 127.049847330566692, 37.691032125314621 ], [ 127.049933610378361, 37.690914141510248 ], [ 127.049965754819539, 37.690870181921632 ], [ 127.049976938347868, 37.690762450725757 ], [ 127.049980683894731, 37.690726362231025 ], [ 127.050012581748135, 37.690419111357023 ], [ 127.049968509882063, 37.690214968491851 ], [ 127.049861731689319, 37.689720363246423 ], [ 127.049751029698456, 37.689207134013849 ], [ 127.049780083590065, 37.688689315112526 ], [ 127.04979148832534, 37.688486063512947 ], [ 127.049804626354728, 37.688252364358654 ], [ 127.049807556349677, 37.688199954147194 ], [ 127.049820023641075, 37.687977003492819 ], [ 127.049969915773815, 37.687643282810264 ], [ 127.049984709454606, 37.687610348752017 ], [ 127.0504662117511, 37.686826873569203 ], [ 127.050643145175002, 37.686507802510668 ], [ 127.050826731032956, 37.686276772386144 ], [ 127.050865123471056, 37.686228456740857 ], [ 127.050920674336609, 37.686158551943578 ], [ 127.051085694224071, 37.686055159404525 ], [ 127.051367976919764, 37.685921580142228 ], [ 127.051375792749241, 37.685919639565128 ], [ 127.05177862904155, 37.685819685040713 ], [ 127.051798136157558, 37.685814846925389 ], [ 127.051803316606225, 37.68581359032892 ], [ 127.051803333070424, 37.68583837159111 ], [ 127.051803520416826, 37.686115958866559 ], [ 127.051803523981164, 37.686121020755785 ], [ 127.051803644673925, 37.686302630423206 ], [ 127.051803758766823, 37.686470635368558 ], [ 127.051803847732458, 37.68660248241666 ], [ 127.051803852416043, 37.686608112148313 ], [ 127.051803898619426, 37.686678084456844 ], [ 127.05180390607282, 37.686688154155718 ], [ 127.051804161443087, 37.687066761026109 ], [ 127.051967054643001, 37.687203529649707 ], [ 127.051984943917248, 37.687218442534132 ], [ 127.052060630180847, 37.687282883177588 ], [ 127.052144291124833, 37.687352394300397 ], [ 127.052227065273641, 37.687420777135287 ], [ 127.052399309480819, 37.687498411891646 ], [ 127.052619036375305, 37.687597424040277 ], [ 127.052772839767272, 37.687666335514152 ], [ 127.052808107341804, 37.687681240267594 ], [ 127.052873844627513, 37.687718656811548 ], [ 127.052944382053212, 37.687761708610097 ], [ 127.052968312853849, 37.68777464509553 ], [ 127.053026439209702, 37.68780953241118 ], [ 127.053109373733434, 37.68785821213892 ], [ 127.05317724321651, 37.687898717342442 ], [ 127.053266744464523, 37.687950493575734 ], [ 127.053273837776402, 37.687954637725881 ], [ 127.05340161031053, 37.688029268760246 ], [ 127.053476750990825, 37.688073437295976 ], [ 127.053557207620869, 37.688115918787837 ], [ 127.053623123046009, 37.68815023320677 ], [ 127.053659803853876, 37.688169363085862 ], [ 127.053691876928852, 37.688187089268361 ], [ 127.05369573688634, 37.688189121055146 ], [ 127.053759757549088, 37.688222809913768 ], [ 127.053859347198582, 37.688274571593546 ], [ 127.054023266581851, 37.688361504861447 ], [ 127.054035323409593, 37.688367131497856 ], [ 127.054086361015891, 37.68839384885942 ], [ 127.054152641010816, 37.688429867875868 ], [ 127.054193040731079, 37.688451526361973 ], [ 127.054312480213284, 37.688515667665008 ], [ 127.054373375314313, 37.688548264583133 ], [ 127.054463292397685, 37.688596398298834 ], [ 127.054476219425908, 37.688603318883565 ], [ 127.054630401048044, 37.688685861089276 ], [ 127.054690127382415, 37.688718215478261 ], [ 127.054695449345814, 37.688722718794153 ], [ 127.054759970983298, 37.688787730247128 ], [ 127.054872539646666, 37.688899453334322 ], [ 127.054995925729926, 37.689021587845616 ], [ 127.055094666048603, 37.689122053190999 ], [ 127.05517872806611, 37.689204798806301 ], [ 127.055206832696598, 37.689204784035603 ], [ 127.055229680240345, 37.689204774668063 ], [ 127.055429557786951, 37.689204675693674 ], [ 127.055618873473094, 37.689204596068777 ], [ 127.055626490837085, 37.689204592324977 ], [ 127.055734018595473, 37.689204543192822 ], [ 127.055864582184569, 37.689204483378553 ], [ 127.056102669010201, 37.689204372131712 ], [ 127.056114006579563, 37.689204367938572 ], [ 127.056177461164452, 37.689204338173028 ], [ 127.056225488042244, 37.68922261583436 ], [ 127.056262163939891, 37.689236679405951 ], [ 127.056368301796468, 37.689276895925971 ], [ 127.056460625240803, 37.68931175516019 ], [ 127.056537892669496, 37.689341000099418 ], [ 127.056764174295196, 37.689426776002492 ], [ 127.056846577785606, 37.689475443892867 ], [ 127.056911444858443, 37.689513703967364 ], [ 127.056931108148106, 37.689519326439466 ], [ 127.056967826649881, 37.689535426959225 ], [ 127.056990117038907, 37.689545201807334 ], [ 127.057028404645479, 37.689561796724114 ], [ 127.057060830467449, 37.689576134311054 ], [ 127.057096452582556, 37.689591605149083 ], [ 127.057141286038913, 37.689611018739086 ], [ 127.057190690685431, 37.689632673961107 ], [ 127.057239226863345, 37.689634054972636 ], [ 127.057275542368359, 37.689635162950083 ], [ 127.057306188427603, 37.689635997260829 ], [ 127.05732779876621, 37.689636545273075 ], [ 127.057355439171104, 37.689637377301672 ], [ 127.057387854610781, 37.689638211022043 ], [ 127.057954929626405, 37.68965398420481 ], [ 127.058172613396664, 37.689669927924037 ], [ 127.058390340374061, 37.68968586960073 ], [ 127.058706526337531, 37.68987830660955 ], [ 127.058837840406426, 37.689941310626828 ], [ 127.059553093559927, 37.690284456515592 ], [ 127.059660137411939, 37.690331983250097 ], [ 127.059918543069188, 37.690586548082941 ], [ 127.059973216789771, 37.690640408322295 ], [ 127.060616255791587, 37.691273867271391 ], [ 127.061209195337895, 37.692169746127249 ], [ 127.061667877755013, 37.692414180284466 ], [ 127.061742769501492, 37.692572378950445 ], [ 127.062209053274259, 37.692805266163695 ], [ 127.062367797264841, 37.69302423694397 ], [ 127.062373544884267, 37.693135159770357 ], [ 127.062394788326728, 37.693546495823846 ], [ 127.062601748946548, 37.694243793687669 ], [ 127.062732141558371, 37.694675910789009 ], [ 127.063059285878992, 37.694799064391475 ], [ 127.063386314140573, 37.694921884065913 ], [ 127.064584841648227, 37.694553885994161 ], [ 127.065325542964118, 37.694763185518916 ], [ 127.0663080140245, 37.694441734583599 ], [ 127.067576997226553, 37.694680333316704 ], [ 127.067715642953914, 37.694731701923779 ], [ 127.067827189898424, 37.694773029382361 ], [ 127.067957832338848, 37.694583181389675 ], [ 127.068028129396339, 37.694481029769015 ], [ 127.068298540009067, 37.694357272301893 ], [ 127.068548025395955, 37.694000402270937 ], [ 127.068715281604952, 37.693954260294632 ], [ 127.068832108625486, 37.69392202870857 ], [ 127.069027648679267, 37.693868083229773 ], [ 127.069151088755675, 37.693689531868259 ], [ 127.06955710830205, 37.693789501214752 ], [ 127.069822783855045, 37.693981069647812 ], [ 127.070644361368906, 37.693810835368893 ], [ 127.070878944814353, 37.693700055860795 ], [ 127.071201447146521, 37.693718157802401 ], [ 127.072657601293358, 37.69379950168323 ], [ 127.073137865392468, 37.693975747771624 ], [ 127.073231666171466, 37.694020827529094 ], [ 127.07323426558952, 37.694022077167467 ], [ 127.073398235125495, 37.694100877120867 ], [ 127.073782700081338, 37.694493691790825 ], [ 127.073930074385345, 37.694644232811321 ], [ 127.074486362836751, 37.695009628182596 ], [ 127.07490680570281, 37.695219680913176 ], [ 127.075809309175966, 37.695430006169822 ], [ 127.078196279668774, 37.695986510803301 ], [ 127.081104883659208, 37.696137462338186 ], [ 127.082301546669513, 37.695320889819278 ], [ 127.083843287743932, 37.694268889700695 ], [ 127.083852831491541, 37.693866662104568 ], [ 127.083878323437247, 37.692792123037457 ], [ 127.083895504351005, 37.692142341934534 ], [ 127.083905019563318, 37.691782452320446 ], [ 127.084814066917914, 37.690787355295718 ], [ 127.085030966929054, 37.69054991937729 ], [ 127.085177196506422, 37.690389849932586 ], [ 127.08653063150804, 37.68991220772353 ], [ 127.088453579865998, 37.689902639944691 ], [ 127.088681992696181, 37.689866459719646 ], [ 127.08931815932209, 37.689765688036829 ], [ 127.090551888290577, 37.689570251965144 ], [ 127.090605071564013, 37.68958078660112 ], [ 127.092384247331069, 37.689933184664888 ], [ 127.093036723209565, 37.689966465605046 ], [ 127.094289389951726, 37.689131805951035 ], [ 127.095097142605781, 37.689384849568569 ], [ 127.095629393996632, 37.689199020341555 ], [ 127.095995961538705, 37.689071047349117 ], [ 127.095584832073229, 37.688395090262929 ], [ 127.096080750479317, 37.687907043855716 ], [ 127.096118004457736, 37.687778976772805 ], [ 127.096118445935602, 37.687777461342677 ], [ 127.096295226508076, 37.687169760207382 ], [ 127.096425147224281, 37.686264181074122 ], [ 127.096424464678421, 37.68605357159165 ], [ 127.096423113976385, 37.685637440675691 ], [ 127.096045248930054, 37.68519655354828 ], [ 127.095809836038825, 37.684640392643367 ], [ 127.095788783962504, 37.684623495312273 ], [ 127.095176157246939, 37.684131770195144 ], [ 127.094287578588919, 37.683418537632733 ], [ 127.094148823361948, 37.683080498438471 ], [ 127.093883229878372, 37.682741721308474 ], [ 127.093392249283824, 37.682189692780121 ], [ 127.092919053063511, 37.681551502040733 ], [ 127.092966796498942, 37.68119754567325 ], [ 127.092927601620374, 37.680934950293597 ], [ 127.092794808504308, 37.680045278865613 ], [ 127.092530772527638, 37.679517297838508 ], [ 127.092174202510478, 37.67920954802026 ], [ 127.091946564293337, 37.679190298621684 ], [ 127.091943075088707, 37.678844476459894 ], [ 127.091941538382443, 37.67869251533407 ], [ 127.092189590510415, 37.678030107205551 ], [ 127.092479598367134, 37.677643034139301 ], [ 127.092536800988796, 37.677573623583825 ], [ 127.0925383204723, 37.67757177929672 ], [ 127.092574564215369, 37.677527803152174 ], [ 127.092614355933648, 37.677474560922597 ], [ 127.092967906554804, 37.677345336102654 ], [ 127.093340001290926, 37.676883572985695 ], [ 127.093530043946132, 37.676738715871174 ], [ 127.093853732337166, 37.676659344579107 ], [ 127.093885845539575, 37.676142951188552 ], [ 127.094014363894289, 37.675797096643393 ], [ 127.093962773846457, 37.675617231805354 ], [ 127.094275434818883, 37.67465998324947 ], [ 127.094542347150707, 37.673775773787582 ], [ 127.094546473238566, 37.673762101210485 ], [ 127.09461462761881, 37.673536317791132 ], [ 127.094919396921796, 37.673083900889516 ], [ 127.095017890042783, 37.673000577262215 ], [ 127.09514692255749, 37.672891417076755 ], [ 127.095587926177259, 37.672731914736204 ], [ 127.095750764663208, 37.672673018241255 ], [ 127.096018927454281, 37.671850378636478 ], [ 127.095891012665987, 37.671635014489325 ], [ 127.095720404578998, 37.671347766638128 ], [ 127.095805711409838, 37.671159899979159 ], [ 127.095748700034477, 37.670619641018185 ], [ 127.095773602442208, 37.670561062087856 ], [ 127.095956272735492, 37.670193498109576 ], [ 127.096012969197588, 37.670079413867832 ], [ 127.096447257605831, 37.669689106489599 ], [ 127.096237365335753, 37.668829414074281 ], [ 127.095119378119264, 37.667736920239314 ], [ 127.094979294923803, 37.667600027619052 ], [ 127.094887633781994, 37.667271770106282 ], [ 127.094581001050599, 37.666173612930081 ], [ 127.094580632883535, 37.666172300221533 ], [ 127.094680015422071, 37.664921278859822 ], [ 127.095410631961997, 37.663889645033287 ], [ 127.095152978143403, 37.663769642243487 ], [ 127.094142117518231, 37.663298825759739 ], [ 127.093699119272884, 37.66263601032432 ], [ 127.093256826111485, 37.661974239347863 ], [ 127.092173577723457, 37.660792548284384 ], [ 127.09120691429797, 37.659334557161664 ], [ 127.091132288209735, 37.658243025194352 ], [ 127.091574300693892, 37.65777245615709 ], [ 127.091891323079864, 37.657434951837388 ], [ 127.092162980242989, 37.656288268787037 ], [ 127.092196016239569, 37.656148816387045 ], [ 127.092351648182685, 37.655491862340952 ], [ 127.092568581758982, 37.655055190223706 ], [ 127.092810297731091, 37.654568624069711 ], [ 127.09286741456927, 37.654453659162456 ], [ 127.092908828919477, 37.65431393258131 ], [ 127.093066323980068, 37.653782559010153 ], [ 127.093568433432168, 37.65331872945324 ], [ 127.093915743577114, 37.652961730446307 ], [ 127.094007884968889, 37.652728530886407 ], [ 127.094009780644129, 37.652717665477702 ], [ 127.094040754896852, 37.65254014188578 ], [ 127.094035297548857, 37.652418520053338 ], [ 127.093999911941665, 37.652295226891844 ], [ 127.093928254485817, 37.652197300495132 ], [ 127.093724614620086, 37.651900701023344 ], [ 127.093601212912134, 37.651617838214413 ], [ 127.093366843378973, 37.65122721825486 ], [ 127.0933456693474, 37.65086008809385 ], [ 127.093265875682974, 37.65061772810035 ], [ 127.092761473340587, 37.650045255412252 ], [ 127.092465880400368, 37.649709767069325 ], [ 127.092715612801015, 37.649346373624759 ], [ 127.092637433462514, 37.648972250318835 ], [ 127.092680807560228, 37.648674113975531 ], [ 127.092694499582194, 37.648579993953497 ], [ 127.092864247499932, 37.648412935523169 ], [ 127.092911124955364, 37.648366800964205 ], [ 127.092916961421153, 37.648361055244308 ], [ 127.092927595121552, 37.648324383139638 ], [ 127.092956367536445, 37.648225154054252 ], [ 127.09295664132182, 37.648224214903223 ], [ 127.093068759923781, 37.64783753373581 ], [ 127.093605765963915, 37.647543422341705 ], [ 127.093673155202524, 37.647506513021874 ], [ 127.093834039612389, 37.647321966406992 ], [ 127.09364645784855, 37.646674342462688 ], [ 127.093632409735847, 37.646625840824576 ], [ 127.094049433474865, 37.646111400002241 ], [ 127.094369483584188, 37.645933764543607 ], [ 127.094369118470198, 37.645924196480969 ], [ 127.09442043634462, 37.645887968754991 ], [ 127.094474539798924, 37.645849773044858 ], [ 127.094494138759444, 37.64574324721341 ], [ 127.094537848723164, 37.645505667591763 ], [ 127.094381368878757, 37.644955916105545 ], [ 127.094529173851825, 37.644656509145499 ], [ 127.094569971877618, 37.644570594943019 ], [ 127.097558910815394, 37.643964830390281 ], [ 127.0989080643092, 37.644034397064743 ], [ 127.099772592526094, 37.644464176596372 ], [ 127.101592643414222, 37.644772357695537 ], [ 127.102800138037765, 37.645204922216983 ], [ 127.102871013945801, 37.645380755156886 ], [ 127.102882389568279, 37.645408975611659 ], [ 127.103053739441705, 37.645422815477581 ], [ 127.103867372398483, 37.645488524142607 ], [ 127.103834747125305, 37.645546925001696 ], [ 127.10383415283107, 37.645548265099571 ], [ 127.103833831424495, 37.645549661095508 ], [ 127.103833788740687, 37.645551081462216 ], [ 127.103834028376582, 37.6455524892569 ], [ 127.103834542584153, 37.645553849301336 ], [ 127.103835317938248, 37.645555128200868 ], [ 127.103836337598793, 37.645556295253414 ], [ 127.103837574519105, 37.645557320624008 ], [ 127.103838999371135, 37.64555817717396 ], [ 127.103840574844298, 37.645558846751193 ], [ 127.104006408775675, 37.645616363619482 ], [ 127.104023232191395, 37.645621830825377 ], [ 127.104025075180317, 37.645622287680759 ], [ 127.104026987534979, 37.64562248969002 ], [ 127.104028914879564, 37.645622430361321 ], [ 127.10403080279039, 37.645622112215953 ], [ 127.10403259567201, 37.645621544982085 ], [ 127.10403424017214, 37.645620742902075 ], [ 127.10403569194925, 37.645619731064549 ], [ 127.10403690437559, 37.645618538155901 ], [ 127.10403784552588, 37.645617199221178 ], [ 127.104040531008081, 37.645612480712266 ], [ 127.104117215147681, 37.645480331384576 ], [ 127.105312146718703, 37.64540432689305 ], [ 127.105718561189093, 37.64539564315492 ], [ 127.105718402090091, 37.645396148274344 ], [ 127.105718260049173, 37.645397715228057 ], [ 127.105718464899766, 37.645399277031736 ], [ 127.105719005554448, 37.645400786778715 ], [ 127.105719868644343, 37.645402200258673 ], [ 127.105721026064913, 37.64540347321212 ], [ 127.105774692881255, 37.645452740378872 ], [ 127.105757850348013, 37.645464384376815 ], [ 127.105756492136578, 37.645465499300919 ], [ 127.105755396007183, 37.645466784552553 ], [ 127.105754593917652, 37.645468198776925 ], [ 127.105754107614615, 37.645469702387821 ], [ 127.10575395320555, 37.64547125037209 ], [ 127.105754135477113, 37.645472794974815 ], [ 127.105754648985609, 37.645474293814807 ], [ 127.105755476980647, 37.645475699065187 ], [ 127.105756597001374, 37.645476970991922 ], [ 127.105795002570005, 37.645513444919814 ], [ 127.105796249794651, 37.645514455882939 ], [ 127.105797680402915, 37.64551529980978 ], [ 127.10579926050805, 37.645515954053607 ], [ 127.105800949379429, 37.645516404056927 ], [ 127.105802706271987, 37.645516637966153 ], [ 127.105804488140365, 37.645516650229446 ], [ 127.105806248510035, 37.645516440691495 ], [ 127.105807947683715, 37.645516013726358 ], [ 127.105809541396795, 37.645515380002223 ], [ 127.105810989885356, 37.645514556511614 ], [ 127.105911839568577, 37.645447106442987 ], [ 127.105912219465679, 37.645446861646484 ], [ 127.105984434196486, 37.645402650621158 ], [ 127.105990996640173, 37.645410093262129 ], [ 127.105992170715624, 37.645411218448963 ], [ 127.105993559903112, 37.645412178507819 ], [ 127.105995124672148, 37.645412946266525 ], [ 127.105996826582881, 37.645413502668596 ], [ 127.105998619232224, 37.645413834038948 ], [ 127.106000455064589, 37.645413930304002 ], [ 127.10600228648623, 37.645413788600827 ], [ 127.106004063593474, 37.645413414170797 ], [ 127.106005742140852, 37.645412814076835 ], [ 127.106007276687393, 37.64541200709531 ], [ 127.10604465043248, 37.645388674558788 ], [ 127.106576378487304, 37.645377309262535 ], [ 127.107200622158132, 37.645147575784449 ], [ 127.107692242282482, 37.644966646303935 ], [ 127.107808590720524, 37.644779741196103 ], [ 127.107862696702114, 37.644692821049325 ], [ 127.108006130273651, 37.644460131204241 ], [ 127.108099655597712, 37.644350727314823 ], [ 127.108428376129211, 37.643966187161055 ], [ 127.10866996069241, 37.643665544851842 ], [ 127.108704750120964, 37.64362177042905 ], [ 127.108711837160826, 37.643612854451547 ], [ 127.108815693002967, 37.643483442956814 ], [ 127.108820886697345, 37.643476971436179 ], [ 127.108840497682891, 37.643452534451562 ], [ 127.109046353045102, 37.643177828788204 ], [ 127.109288613266855, 37.642858888406501 ], [ 127.109862250745607, 37.642509497819802 ], [ 127.109898329340851, 37.642487522587267 ], [ 127.109974787839917, 37.64250909476246 ], [ 127.110305150236755, 37.64260230245403 ], [ 127.110751292749271, 37.642730280083967 ], [ 127.111154703012602, 37.642563508770678 ], [ 127.111209334101929, 37.642463292213741 ], [ 127.111257281545875, 37.642375332555361 ], [ 127.111289949882391, 37.64231533166258 ], [ 127.111423799872668, 37.642086862984613 ], [ 127.111429593306198, 37.641928628461692 ], [ 127.11138491865583, 37.641699794320154 ], [ 127.111345397820457, 37.641497363851208 ], [ 127.111393022238744, 37.64145320366022 ], [ 127.111615006410375, 37.641247370111785 ], [ 127.111673168470801, 37.640979357105778 ], [ 127.11168323261289, 37.640932973035319 ], [ 127.111712418004586, 37.640798477428994 ], [ 127.111760333185558, 37.640759302449105 ], [ 127.111784924527356, 37.640738922055405 ], [ 127.111784866987051, 37.640738435142552 ], [ 127.111785022393818, 37.64073688715213 ], [ 127.111785510815437, 37.640735382620456 ], [ 127.111820517971722, 37.640656335834791 ], [ 127.111821322165667, 37.640654920673207 ], [ 127.111822421515285, 37.640653636275722 ], [ 127.111823779548416, 37.640652521279875 ], [ 127.111825358692315, 37.64065160801028 ], [ 127.111827112325386, 37.640650925156436 ], [ 127.111828985943461, 37.640650491467134 ], [ 127.111830927351463, 37.640650317586712 ], [ 127.111832876424899, 37.64065041323208 ], [ 127.11183477538583, 37.640650772805124 ], [ 127.111877593276986, 37.64066212724218 ], [ 127.112147266658212, 37.640438641760419 ], [ 127.112183168649707, 37.640408888476593 ], [ 127.112216595137525, 37.640369973037089 ], [ 127.112124244988564, 37.640311936835062 ], [ 127.112122861862744, 37.64031090385901 ], [ 127.112121713098674, 37.64030970400421 ], [ 127.112120832535695, 37.640308368928828 ], [ 127.112120244926956, 37.640306933866512 ], [ 127.112119963648794, 37.640305442125594 ], [ 127.112120002096404, 37.640303933409015 ], [ 127.112120354368216, 37.640302452764388 ], [ 127.112121013471395, 37.640301037123656 ], [ 127.11212151694852, 37.640300341141845 ], [ 127.11212195877431, 37.640299730584644 ], [ 127.112123166291738, 37.640298568220729 ], [ 127.112157064389933, 37.640270969768942 ], [ 127.112285738477269, 37.640179215370239 ], [ 127.112058803406939, 37.639813595254402 ], [ 127.111729122658502, 37.639736184369596 ], [ 127.111391343502589, 37.639865385285184 ], [ 127.111135442100633, 37.639943932126563 ], [ 127.111013806497994, 37.639819901562561 ], [ 127.110566325236661, 37.639363609200565 ], [ 127.110604537627708, 37.639247796863621 ], [ 127.110566430091737, 37.639164809994071 ], [ 127.110558858575345, 37.639148322025989 ], [ 127.110559041283352, 37.639126347959191 ], [ 127.110549310298637, 37.639126194157008 ], [ 127.110558780441963, 37.639066662163728 ], [ 127.110558256118594, 37.639065487789594 ], [ 127.110557932901699, 37.639064003116992 ], [ 127.110557923757241, 37.639062497848933 ], [ 127.110558229611627, 37.639061011647449 ], [ 127.110558842300321, 37.639059588651271 ], [ 127.110559745771781, 37.639058263959647 ], [ 127.110560190160996, 37.639057814756498 ], [ 127.110562231629686, 37.639044978300859 ], [ 127.110572225837331, 37.639031182029569 ], [ 127.110563410182749, 37.639029822552878 ], [ 127.11056503661986, 37.638987924622619 ], [ 127.11058041010503, 37.638924192037742 ], [ 127.110613270182441, 37.638787953880183 ], [ 127.110619991881819, 37.63873684394256 ], [ 127.110755905345158, 37.638766585980505 ], [ 127.110770181368281, 37.638717425318042 ], [ 127.110771529435979, 37.638712785159896 ], [ 127.110796928234677, 37.638625319081044 ], [ 127.110801779419248, 37.638605318123027 ], [ 127.110849422411277, 37.638408880376964 ], [ 127.110876896028273, 37.638334294961076 ], [ 127.110885372874279, 37.638311281960256 ], [ 127.110894860300988, 37.638285527710842 ], [ 127.110896069802351, 37.638282243610881 ], [ 127.110903352081721, 37.638262474197511 ], [ 127.110963736514634, 37.638216045196408 ], [ 127.11104464462143, 37.638209711443288 ], [ 127.111081523785259, 37.638196113719708 ], [ 127.111087623473807, 37.638194026493402 ], [ 127.111091965478863, 37.63819253917346 ], [ 127.111124008158981, 37.638181570927166 ], [ 127.111132012020008, 37.638178830193795 ], [ 127.111558191287926, 37.638032937094117 ], [ 127.111598521379847, 37.637990635672807 ], [ 127.111604087387661, 37.637981543249111 ], [ 127.111607908939661, 37.637975301429677 ], [ 127.111619286594873, 37.637979167777289 ], [ 127.111621018349894, 37.637979627753452 ], [ 127.111622821558754, 37.63797986082708 ], [ 127.111624646370117, 37.637979863228672 ], [ 127.11162644973308, 37.637979631211174 ], [ 127.111628182882797, 37.63797917002212 ], [ 127.111629799260228, 37.637978496633693 ], [ 127.111631259134953, 37.637977622632533 ], [ 127.111632523825548, 37.63797657583288 ], [ 127.111633559203014, 37.637975380458577 ], [ 127.111634340168067, 37.6379740679739 ], [ 127.1116648290417, 37.637909689154469 ], [ 127.111665353575134, 37.637908211781628 ], [ 127.111665555349276, 37.63790668287136 ], [ 127.111665426172266, 37.637905151970429 ], [ 127.111664972638167, 37.637903658759527 ], [ 127.111664206975234, 37.63790224924724 ], [ 127.11166315051662, 37.637900962261419 ], [ 127.11166183592006, 37.637899838469835 ], [ 127.111660299304603, 37.63789890683428 ], [ 127.111658585865925, 37.637898194543688 ], [ 127.111655699462105, 37.637897238635709 ], [ 127.111686996573567, 37.637846114875785 ], [ 127.111780066896628, 37.637692337040974 ], [ 127.111904381885054, 37.637486926778017 ], [ 127.11190976218316, 37.637477786858405 ], [ 127.111950648981761, 37.637408327956017 ], [ 127.111977841033905, 37.637362972710299 ], [ 127.111950923088884, 37.637355405758463 ], [ 127.112004350731766, 37.637264653356262 ], [ 127.112081946482121, 37.637132848626877 ], [ 127.112198623642243, 37.637143155951833 ], [ 127.112229178178509, 37.637096950917709 ], [ 127.112313818478228, 37.636872474433972 ], [ 127.112483192066506, 37.636489121121642 ], [ 127.112347921191585, 37.636386315112986 ], [ 127.112314274153931, 37.63642353807932 ], [ 127.112313060061609, 37.636424669778883 ], [ 127.112311626981764, 37.636425629504195 ], [ 127.112310015880254, 37.636426385842903 ], [ 127.112308269914848, 37.636426921811335 ], [ 127.112306436758104, 37.636427224046052 ], [ 127.112304565215979, 37.636427279187309 ], [ 127.112302708538962, 37.636427091015456 ], [ 127.112300915453417, 37.636426661493289 ], [ 127.112299236896249, 37.636426003406953 ], [ 127.112297715851923, 37.636425133121818 ], [ 127.112230728430319, 37.636379701738441 ], [ 127.112230483384607, 37.63637952787569 ], [ 127.112229178556859, 37.636378490650984 ], [ 127.112228105755236, 37.636377297355587 ], [ 127.112227289736168, 37.636375982321859 ], [ 127.112226752998851, 37.636374578071965 ], [ 127.112226512337898, 37.636373124320116 ], [ 127.11222657095675, 37.636371658933122 ], [ 127.112226929792058, 37.636370219770399 ], [ 127.112227577313178, 37.636368844650292 ], [ 127.112228497437243, 37.636367574981648 ], [ 127.112228689031355, 37.636367347572211 ], [ 127.112266058911231, 37.636324096981824 ], [ 127.11221344773088, 37.636284113664672 ], [ 127.112224067197872, 37.636084229436911 ], [ 127.112251683987807, 37.635564420645082 ], [ 127.112548613266185, 37.635251341085095 ], [ 127.112346965092883, 37.634756551123729 ], [ 127.112407277349945, 37.634251107905442 ], [ 127.112251274686059, 37.634173116064282 ], [ 127.1119224336895, 37.634008714648893 ], [ 127.111602323300673, 37.633848676505707 ], [ 127.11172978170643, 37.633592986311825 ], [ 127.112203447467934, 37.632642766770033 ], [ 127.11163231881163, 37.631503283947879 ], [ 127.111371171134337, 37.631227882745193 ], [ 127.111313213519423, 37.631180509321155 ], [ 127.110825492026891, 37.630781845476378 ], [ 127.11015329758456, 37.630355062197374 ], [ 127.10950758995989, 37.629818795675 ], [ 127.1094038469098, 37.629732635572658 ], [ 127.108884759512847, 37.629301518781553 ], [ 127.108553305848204, 37.629078084812079 ], [ 127.107025294262954, 37.628048017129807 ], [ 127.106910749780624, 37.62800162840275 ], [ 127.106718442610088, 37.62792374801019 ], [ 127.105906347229961, 37.627594863611534 ], [ 127.105926782286403, 37.627500442412618 ], [ 127.105963514657788, 37.627330709047058 ], [ 127.105402308124425, 37.625727749472681 ], [ 127.105286866189843, 37.625590056530939 ], [ 127.105014754830336, 37.625265492086868 ], [ 127.104992245395209, 37.624977661495386 ], [ 127.10491437795406, 37.623981963982132 ], [ 127.104327907850646, 37.62327070382613 ], [ 127.104066854689393, 37.621657042708208 ], [ 127.1040662194155, 37.621653113427271 ], [ 127.104073810169567, 37.621652341208843 ], [ 127.104909096143004, 37.621567343835586 ], [ 127.104938260343104, 37.621416682923723 ], [ 127.105152765764672, 37.621168310357135 ], [ 127.105382849908395, 37.620901895933763 ], [ 127.105457419436476, 37.620772159954718 ], [ 127.1056619893712, 37.620416246452812 ], [ 127.105556028515878, 37.620370742241313 ], [ 127.105557035244772, 37.620343412387513 ], [ 127.105561802597691, 37.620212766070658 ], [ 127.105564548916433, 37.620156873070094 ], [ 127.105758398007239, 37.620258490199603 ], [ 127.1059853497826, 37.620325072390258 ], [ 127.106040637327965, 37.620341290973677 ], [ 127.106235037983637, 37.620448332540384 ], [ 127.106435907082144, 37.620558856516539 ], [ 127.106535582421131, 37.620546429511002 ], [ 127.106654152089504, 37.620531645300211 ], [ 127.107085254534908, 37.620465386210661 ], [ 127.107243302515144, 37.620502686252067 ], [ 127.107242912402938, 37.620506621117499 ], [ 127.107331019629143, 37.620504426637538 ], [ 127.107430335343253, 37.620501949404535 ], [ 127.107534743860342, 37.620498756234788 ], [ 127.107577143078515, 37.6204971134879 ], [ 127.107582094885757, 37.62049692174535 ], [ 127.107849222744136, 37.620486568244893 ], [ 127.107921261352871, 37.620483782721955 ], [ 127.108580789944128, 37.620505104186265 ], [ 127.108946058393542, 37.620516911437242 ], [ 127.109037556505811, 37.620515705778587 ], [ 127.109066410727678, 37.620515408390105 ], [ 127.109128001593405, 37.620514775977163 ], [ 127.109967307926823, 37.620693077057787 ], [ 127.110018475681315, 37.620704012714079 ], [ 127.110099191474035, 37.620759304622069 ], [ 127.110175263251946, 37.620811418320812 ], [ 127.110461761290082, 37.621021478679992 ], [ 127.110519205918933, 37.621054583536356 ], [ 127.110915052512013, 37.620869866702371 ], [ 127.110941589737081, 37.62086083171048 ], [ 127.111305044626107, 37.620691840644547 ], [ 127.111929807216839, 37.620404879562969 ], [ 127.112142863214686, 37.620307016397227 ], [ 127.112917309899643, 37.620157904824474 ], [ 127.113317941692443, 37.620079012342998 ], [ 127.113332727501856, 37.62007610078377 ], [ 127.113398566597027, 37.620063135267401 ], [ 127.113505240506541, 37.620037410658938 ], [ 127.113938998753582, 37.619895652228024 ], [ 127.114415726017441, 37.619735840802228 ], [ 127.115021222390354, 37.619537611447427 ], [ 127.11505099059292, 37.619541943973388 ], [ 127.11511895893446, 37.61955189928694 ], [ 127.115544617768208, 37.619614248314669 ], [ 127.115715139882411, 37.619634340373956 ], [ 127.115843583175902, 37.619449040440472 ], [ 127.116061738069291, 37.619133977471897 ], [ 127.116079232655338, 37.619114813247542 ], [ 127.116193329836108, 37.618947782433494 ], [ 127.116203366810126, 37.618933090735133 ], [ 127.115873288031608, 37.618583155397594 ], [ 127.116379497078199, 37.618307128002066 ], [ 127.116510067612083, 37.618235929859416 ], [ 127.116828010177855, 37.618062476127996 ], [ 127.117147021656805, 37.617888440027585 ], [ 127.117135613257688, 37.617836084532712 ], [ 127.117090410153338, 37.617676205378061 ], [ 127.117023673593962, 37.617442284859358 ], [ 127.117016474759865, 37.617403428912965 ], [ 127.117016009494904, 37.61740091175318 ], [ 127.117009933207427, 37.617368536503946 ], [ 127.117018408521758, 37.61734740857694 ], [ 127.1171224123879, 37.617086311378472 ], [ 127.117252421562753, 37.616741870060743 ], [ 127.117255304824809, 37.616734230610533 ], [ 127.116993843052171, 37.616455742297219 ], [ 127.116905212944786, 37.61636714455215 ], [ 127.116878608984848, 37.616324932082009 ], [ 127.116671945010125, 37.616015423629797 ], [ 127.116703519049452, 37.615718915596396 ], [ 127.116713718088292, 37.615671883255935 ], [ 127.116714043600027, 37.615669173071147 ], [ 127.11673625166253, 37.615484061415792 ], [ 127.116747047826678, 37.615394412770257 ], [ 127.116790844309094, 37.61503069510956 ], [ 127.116791114151169, 37.61502845434363 ], [ 127.11679649419861, 37.614954674284206 ], [ 127.116675719377184, 37.61467295637307 ], [ 127.116833977534753, 37.614455864279151 ], [ 127.117011404086966, 37.614212476172121 ], [ 127.117061045243375, 37.614144380290874 ], [ 127.117079908635887, 37.613979086334155 ], [ 127.117085892773332, 37.613960223495404 ], [ 127.117104068083904, 37.613811543574705 ], [ 127.117128008242517, 37.613611611195026 ], [ 127.117152242798454, 37.613376771601622 ], [ 127.117185809864196, 37.613115687184077 ], [ 127.117215886083969, 37.612881729093417 ], [ 127.117244171983529, 37.612628299748167 ], [ 127.117274874472741, 37.612537588891698 ], [ 127.117361500769533, 37.612281638354027 ], [ 127.11737381298046, 37.612245255852677 ], [ 127.117416738035601, 37.611958874782786 ], [ 127.117483335634859, 37.611771287458019 ], [ 127.117374520968752, 37.611444510114254 ], [ 127.117317504513409, 37.611272078311785 ], [ 127.117312285071733, 37.611256299575558 ], [ 127.11728721895976, 37.611180499043108 ], [ 127.117212467837817, 37.611017548596514 ], [ 127.117083013461937, 37.610867025915915 ], [ 127.117046010982662, 37.610824001846986 ], [ 127.117041391166026, 37.610817249304972 ], [ 127.116962300894798, 37.610706108316656 ], [ 127.116945863056912, 37.610675628274379 ], [ 127.11693040616116, 37.61064696672176 ], [ 127.116880657319243, 37.610554714851538 ], [ 127.116828079924247, 37.610426376557236 ], [ 127.116808148314234, 37.610354317842379 ], [ 127.116788218221984, 37.610281970698026 ], [ 127.116764447361817, 37.610129673527112 ], [ 127.116770372964012, 37.609844173827547 ], [ 127.116779323791732, 37.609789393025942 ], [ 127.116784408554963, 37.609758287908619 ], [ 127.116877843215292, 37.609530699791065 ], [ 127.116878511855006, 37.609509021015953 ], [ 127.11671158416533, 37.608898481290261 ], [ 127.11669805969899, 37.608849242865723 ], [ 127.116797983513365, 37.608860091473879 ], [ 127.117262324652899, 37.608652423230311 ], [ 127.117537939149244, 37.608478994870993 ], [ 127.118032591199167, 37.608173588018602 ], [ 127.118285659816948, 37.607852632986727 ], [ 127.118476929662194, 37.607612845643786 ], [ 127.118369109391082, 37.607349416034943 ], [ 127.118350685158035, 37.607304834513307 ], [ 127.118330028288284, 37.607254850316217 ], [ 127.118271702945549, 37.607111921055747 ], [ 127.118164647858634, 37.606849572626224 ], [ 127.11806090598914, 37.606591490063018 ], [ 127.118032077836702, 37.606253640174103 ], [ 127.11800030374701, 37.605912127571472 ], [ 127.117997869145654, 37.605885967157185 ], [ 127.118083473094714, 37.605630507308149 ], [ 127.118093631236263, 37.605566870046715 ], [ 127.118093850992395, 37.605552916129085 ], [ 127.118095132614428, 37.605472423826356 ], [ 127.118095569962762, 37.605443830961143 ], [ 127.118070365186867, 37.6049384587646 ], [ 127.118067096990174, 37.604891423193109 ], [ 127.118047010018685, 37.604602297592336 ], [ 127.117554699757193, 37.604116820414653 ], [ 127.117377120220098, 37.603937078957365 ], [ 127.117093964822161, 37.603512127978831 ], [ 127.117015831131624, 37.603394868971542 ], [ 127.116944444129274, 37.603226572378958 ], [ 127.116892634851538, 37.603102508837374 ], [ 127.116871810673842, 37.603052645492888 ], [ 127.116739114460159, 37.602951413548844 ], [ 127.116574724766608, 37.602825437502851 ], [ 127.116447527018323, 37.602727570690355 ], [ 127.116368653368852, 37.602667400078275 ], [ 127.116377721113864, 37.60266738989403 ], [ 127.115722702975489, 37.60210856977023 ], [ 127.11571209383392, 37.602014020103255 ], [ 127.115706562935742, 37.601964716503772 ], [ 127.115632583697391, 37.601840892063969 ], [ 127.115584448998746, 37.601718190109416 ], [ 127.115551319692997, 37.601666326916479 ], [ 127.115526868602487, 37.601628050931062 ], [ 127.115383848753808, 37.601404156608311 ], [ 127.115293754278582, 37.60127022221036 ], [ 127.115102391992423, 37.600975901917785 ], [ 127.114964235870687, 37.600766277716197 ], [ 127.114900539049202, 37.600719299049835 ], [ 127.11487533797316, 37.600700712183844 ], [ 127.114875001658064, 37.600700464117587 ], [ 127.114756456327498, 37.600613031536867 ], [ 127.114218603498188, 37.600216071390001 ], [ 127.114099994540624, 37.600128533382083 ], [ 127.114081932943563, 37.600120947183363 ], [ 127.114066069841755, 37.600079880460235 ], [ 127.114022247985915, 37.599966430740764 ], [ 127.11404020707829, 37.599792974938225 ], [ 127.114063861344249, 37.59952096473269 ], [ 127.114401505563237, 37.599126474709351 ], [ 127.114458436481215, 37.599059959271884 ], [ 127.114470646680857, 37.59905460369901 ], [ 127.114482579992483, 37.599038142634654 ], [ 127.114665296545226, 37.598786043292854 ], [ 127.114875130994733, 37.598496530730337 ], [ 127.115058377726655, 37.598243691574176 ], [ 127.115178849102193, 37.598077474157655 ], [ 127.115489241514638, 37.597654281500198 ], [ 127.115726701476888, 37.597314488303212 ], [ 127.116126471073969, 37.596681729735167 ], [ 127.116443139150377, 37.596192357246878 ], [ 127.11687748411363, 37.595497049414121 ], [ 127.116751264039436, 37.594645456276375 ], [ 127.116664486767604, 37.594016546211968 ], [ 127.116199953514297, 37.593830017070495 ], [ 127.11569009258713, 37.593625284537048 ], [ 127.115526873438483, 37.593560120979056 ], [ 127.11548546016941, 37.593548609267742 ], [ 127.115438543785956, 37.593537135495417 ], [ 127.115413249444074, 37.593530950057961 ], [ 127.115181808837761, 37.593510332720754 ], [ 127.115028204282126, 37.593490207686692 ], [ 127.114875605193248, 37.593475016102346 ], [ 127.114454010705103, 37.593433041233723 ], [ 127.114268390028641, 37.593416046461968 ], [ 127.11366535032478, 37.593356362683259 ], [ 127.11355465394071, 37.593323777141912 ], [ 127.113337371614477, 37.59325981800523 ], [ 127.113305628105266, 37.593207134828312 ], [ 127.113137323229481, 37.592927826380858 ], [ 127.113094559026933, 37.592856857446499 ], [ 127.112917796908732, 37.592572858280839 ], [ 127.11268508486782, 37.592198965967498 ], [ 127.112429537298098, 37.591879190800348 ], [ 127.112413707040957, 37.591859379483516 ], [ 127.11241171321798, 37.591856363337691 ], [ 127.112140463293485, 37.59144546293151 ], [ 127.111860479857242, 37.591018605451232 ], [ 127.111025505471318, 37.589699696548415 ], [ 127.110854688074681, 37.589429870332317 ], [ 127.110833494025911, 37.589397496157396 ], [ 127.110675258409685, 37.589155794442043 ], [ 127.110523518313585, 37.588457671455899 ], [ 127.110430599097242, 37.588071459975673 ], [ 127.110297802383911, 37.587745543108682 ], [ 127.110154532758486, 37.587430328344126 ], [ 127.110154402866613, 37.587430041286488 ], [ 127.110022867479202, 37.586637017273844 ], [ 127.110012805840626, 37.586463177090721 ], [ 127.109986937157416, 37.586016217664941 ], [ 127.109944223973145, 37.585957413186243 ], [ 127.109732854683472, 37.585244135707207 ], [ 127.109426953518977, 37.584651502358 ], [ 127.109380010397743, 37.584560556008853 ], [ 127.109376492669583, 37.58409232634817 ], [ 127.109230766369066, 37.583866932349473 ], [ 127.109061618213303, 37.583605233598725 ], [ 127.108978701653399, 37.583407891734772 ], [ 127.108966655719982, 37.583379226805697 ], [ 127.108513469251136, 37.583268151333606 ], [ 127.108437709165742, 37.583237524603859 ], [ 127.108422990514597, 37.583229188780471 ], [ 127.108341397637389, 37.583182992575338 ], [ 127.108341367742923, 37.583161026613269 ], [ 127.107810268704014, 37.582875731442748 ], [ 127.107630314867961, 37.582715679447467 ], [ 127.107597373256354, 37.582686148125433 ], [ 127.107413300935903, 37.582494853982553 ], [ 127.107382833592709, 37.582463068444035 ], [ 127.107373443767784, 37.582450686933967 ], [ 127.107241289120068, 37.582314810651901 ], [ 127.107174542525655, 37.582304226644318 ], [ 127.106914665317305, 37.582263017161672 ], [ 127.106695114663111, 37.582121588029167 ], [ 127.106522767171896, 37.582076399604716 ], [ 127.106472502295361, 37.582063221976739 ], [ 127.106327036552628, 37.582024337680544 ], [ 127.106286685091277, 37.582013552765225 ], [ 127.106222977641039, 37.581995868518689 ], [ 127.106131321147828, 37.581972019499716 ], [ 127.106084047949125, 37.5819594123275 ], [ 127.106052393754752, 37.581950971018543 ], [ 127.105994533935146, 37.581936938599178 ], [ 127.105872385833649, 37.581877077870047 ], [ 127.10558368463002, 37.581739653003325 ], [ 127.105485259091566, 37.581692437738027 ], [ 127.105421002841965, 37.581662085473425 ], [ 127.105255659770933, 37.581565654408386 ], [ 127.104973991545734, 37.581404291916925 ], [ 127.104603334736396, 37.581199527312961 ], [ 127.104341473319607, 37.58105486584499 ], [ 127.104045401435357, 37.580913429445303 ], [ 127.104001435518953, 37.580892425653218 ], [ 127.103888753482138, 37.580832742445025 ], [ 127.103440466637011, 37.58059529665146 ], [ 127.103136229419377, 37.580214622484874 ], [ 127.10309848219508, 37.580162839272532 ], [ 127.102901262860655, 37.57991523706157 ], [ 127.10289434479968, 37.57990679158555 ], [ 127.102908695513548, 37.579786273635918 ], [ 127.10291946868486, 37.579706019521026 ], [ 127.102976994619496, 37.579277435930337 ], [ 127.103025296089442, 37.578906954663758 ], [ 127.102807845907506, 37.578596779266341 ], [ 127.102794198614276, 37.578576797307967 ], [ 127.102777547587337, 37.578552603151195 ], [ 127.102757523113027, 37.578528130840546 ], [ 127.102672949440731, 37.578433255031328 ], [ 127.102592237501682, 37.578342715031425 ], [ 127.102318190101542, 37.578043090438605 ], [ 127.102229405982456, 37.577920696354738 ], [ 127.101957568803456, 37.577552361299894 ], [ 127.101892424848145, 37.577380391337947 ], [ 127.101733201217954, 37.576966910121961 ], [ 127.101477261303828, 37.576580270668302 ], [ 127.101143512562615, 37.576070928470763 ], [ 127.10116307376623, 37.575904732554413 ], [ 127.101163823421103, 37.575898372461744 ], [ 127.101202110399655, 37.575573084020917 ], [ 127.101248444675079, 37.575166194717241 ], [ 127.101216525082108, 37.575093910429274 ], [ 127.101161686937331, 37.574969735525194 ], [ 127.100902318837825, 37.574391636477515 ], [ 127.100915333626844, 37.574244271953994 ], [ 127.100918879703428, 37.574204101774413 ], [ 127.100944705454566, 37.573880471142957 ], [ 127.100949144915532, 37.573824825101291 ], [ 127.100887866536652, 37.573763494715671 ], [ 127.100887927854515, 37.573763251558546 ], [ 127.100888926446657, 37.573759263758078 ], [ 127.100892623178368, 37.573746033625937 ], [ 127.100915702176792, 37.573544093934728 ], [ 127.100922143138234, 37.573487725465206 ], [ 127.10092741033985, 37.573441642835881 ], [ 127.100929534225628, 37.573419258684574 ], [ 127.100935615339594, 37.573355195074861 ], [ 127.101218838813622, 37.572987804732534 ], [ 127.10149444893635, 37.572626895727723 ], [ 127.101641709549725, 37.572433339310791 ], [ 127.10166464557912, 37.572400659844597 ], [ 127.102238091545502, 37.572155225997768 ], [ 127.102607745938656, 37.572206979869385 ], [ 127.103129741559798, 37.572279425150668 ], [ 127.103660889173355, 37.571917911422332 ], [ 127.103676427814619, 37.571907329460949 ], [ 127.103683658807441, 37.571896348251876 ], [ 127.104040087625862, 37.571529445512944 ], [ 127.104047964148236, 37.571523571693056 ], [ 127.104220373134311, 37.571394982744643 ], [ 127.10423019942219, 37.57138765526178 ], [ 127.104150850697195, 37.571199372979791 ], [ 127.103908165744471, 37.570623508338024 ], [ 127.103853482727573, 37.570493752144493 ], [ 127.103679300968665, 37.570299595336181 ], [ 127.103455461114322, 37.570050081793845 ], [ 127.103427216463487, 37.569890388412205 ], [ 127.103340145851575, 37.569398090159304 ], [ 127.103282210095088, 37.569148369224592 ], [ 127.103256878029612, 37.569039172011898 ], [ 127.103205995440675, 37.568821014786991 ], [ 127.103095443084527, 37.568422413862343 ], [ 127.102979023910393, 37.567997365479087 ], [ 127.102831003551358, 37.56744829114416 ], [ 127.102829531097868, 37.567442818596952 ], [ 127.102724678706565, 37.567064213956435 ], [ 127.102633970640184, 37.566688975583268 ], [ 127.102618556222907, 37.566624767348742 ], [ 127.10253045311606, 37.566257716497006 ], [ 127.102463279763811, 37.565961636303143 ], [ 127.102443277932977, 37.565873465498967 ], [ 127.102386715373257, 37.565637005684117 ], [ 127.102304391570073, 37.565180940416496 ], [ 127.102254669270067, 37.564896333548845 ], [ 127.102238284181368, 37.564421075205466 ], [ 127.102234073028981, 37.564310988009986 ], [ 127.102164283863502, 37.564223931105438 ], [ 127.101842748323264, 37.563822823892849 ], [ 127.101670825116514, 37.563404848011736 ], [ 127.101624685472927, 37.56329057764858 ], [ 127.101635313662342, 37.563037445546755 ], [ 127.101652349862846, 37.562946484566083 ], [ 127.101667482086711, 37.562632540842735 ], [ 127.101656678432818, 37.562610304105782 ], [ 127.101399469454691, 37.562026852883434 ], [ 127.10120468810625, 37.561579901705898 ], [ 127.101177224716835, 37.561405961648823 ], [ 127.101162593816198, 37.561313300148342 ], [ 127.101122095681987, 37.561050639258404 ], [ 127.101129566252695, 37.561020925300376 ], [ 127.101134063843418, 37.561003039650821 ], [ 127.101157648532308, 37.560916021713453 ], [ 127.101209962290383, 37.560719550525512 ], [ 127.101277473677328, 37.560465993945044 ], [ 127.101398855165371, 37.560250210975404 ], [ 127.101537969902949, 37.560004748518679 ], [ 127.101541587426809, 37.559998371945639 ], [ 127.101694035471496, 37.559741460250741 ], [ 127.10180078979343, 37.5595670914797 ], [ 127.101859227410074, 37.55949382657257 ], [ 127.102044748964488, 37.559374298220504 ], [ 127.102167238685766, 37.559278120343166 ], [ 127.102341368996278, 37.559150482428457 ], [ 127.10264803947679, 37.559035352281867 ], [ 127.102706373876558, 37.559019248541183 ], [ 127.102853603928779, 37.558708000455539 ], [ 127.102932767769587, 37.558639170867544 ], [ 127.103170306161459, 37.558432645881666 ], [ 127.103432779943702, 37.558204633003591 ], [ 127.103654808400776, 37.558012701898633 ], [ 127.103838492601398, 37.557853184135411 ], [ 127.103862847532469, 37.557832469853935 ], [ 127.103905436218682, 37.557796246780747 ], [ 127.104041660409237, 37.557709688963264 ], [ 127.104060005914789, 37.55769830150971 ], [ 127.10427648019683, 37.557563928970218 ], [ 127.104351778447764, 37.55740815363103 ], [ 127.104396018043474, 37.557310133786011 ], [ 127.104449637152953, 37.557207319505395 ], [ 127.104491620796495, 37.557126931528472 ], [ 127.104570280653434, 37.556976324835368 ], [ 127.104602160342353, 37.556916493469529 ], [ 127.104656883309346, 37.556813792748294 ], [ 127.104828601528624, 37.556566437999301 ], [ 127.104929247468988, 37.556421593069267 ], [ 127.105403884475848, 37.556335340785509 ], [ 127.105858572577432, 37.556358666828146 ], [ 127.106040446522286, 37.556368000716688 ], [ 127.106396191430321, 37.556461723639387 ], [ 127.106456760303601, 37.556537318269129 ], [ 127.1066401143825, 37.556766158934771 ], [ 127.106680689700141, 37.556817079912243 ], [ 127.106822626854438, 37.556909306732081 ], [ 127.106860518471493, 37.556934047040308 ], [ 127.10696938104374, 37.557005142206648 ], [ 127.107080518545203, 37.557077723060978 ], [ 127.107109192001815, 37.55709037251615 ], [ 127.107144581397648, 37.557106099895542 ], [ 127.10733698072346, 37.557362999818466 ], [ 127.107357535760869, 37.557390011402909 ], [ 127.107519299327848, 37.557606671914066 ], [ 127.107651012562002, 37.557709319432298 ], [ 127.108044732278657, 37.557894504817092 ], [ 127.108239753745707, 37.557996256768561 ], [ 127.108253559462113, 37.558003282648826 ], [ 127.108305943393432, 37.558030830516067 ], [ 127.10830771055717, 37.558031955858262 ], [ 127.10852002084269, 37.558224339791792 ], [ 127.108538777997438, 37.558241506045171 ], [ 127.108543388202293, 37.558245440410325 ], [ 127.108693574924118, 37.55827796511312 ], [ 127.108928310121101, 37.558329847725396 ], [ 127.109021540651398, 37.558350024100697 ], [ 127.109215769961665, 37.558393212758951 ], [ 127.109321951365828, 37.558448022057412 ], [ 127.109362474869826, 37.558468834964557 ], [ 127.109528691850201, 37.55855419843747 ], [ 127.109564590681359, 37.558537620506627 ], [ 127.10962273674032, 37.558510817273742 ], [ 127.109645787893442, 37.55850015117106 ], [ 127.109748913111574, 37.55845242476304 ], [ 127.109890651080207, 37.558386117383108 ], [ 127.109916799268262, 37.558374273477689 ], [ 127.109986605442785, 37.558342116697908 ], [ 127.110081887245244, 37.558318087680753 ], [ 127.11024257783302, 37.558279647382157 ], [ 127.110350013101311, 37.558253376043446 ], [ 127.1103888917837, 37.558261989676517 ], [ 127.110441369891248, 37.558288597698919 ], [ 127.11044305315761, 37.558289317123808 ], [ 127.110444751343081, 37.55828978061384 ], [ 127.110446518615106, 37.558290022599138 ], [ 127.110448311959331, 37.558290041135045 ], [ 127.110450086106397, 37.558289832466777 ], [ 127.110451795739976, 37.55828940185296 ], [ 127.110453400025676, 37.558288763580499 ], [ 127.110454858119709, 37.558287933738974 ], [ 127.110456131442689, 37.55828692842546 ], [ 127.110457217786532, 37.558285736816444 ], [ 127.110462855679899, 37.558278452660787 ], [ 127.110507596814415, 37.558288414189832 ], [ 127.110740568553467, 37.558340442416949 ], [ 127.110746206567867, 37.558348365864987 ], [ 127.110746856780693, 37.55834917562035 ], [ 127.110747611484541, 37.558349922625546 ], [ 127.110755917438169, 37.558357330281837 ], [ 127.11075650591691, 37.558357818952203 ], [ 127.110757279795834, 37.55835836231492 ], [ 127.110766680084936, 37.558364347638815 ], [ 127.110767479285101, 37.558364811765948 ], [ 127.110768242723594, 37.558365185639929 ], [ 127.110778153993053, 37.558369580859221 ], [ 127.110779482868125, 37.558370084589185 ], [ 127.110780882690065, 37.558370444336639 ], [ 127.110791319871339, 37.55837255545898 ], [ 127.110792897039275, 37.558372776982658 ], [ 127.110799370483178, 37.558373330119935 ], [ 127.110800022426716, 37.558373371928518 ], [ 127.110800620193189, 37.558373381109824 ], [ 127.110808713463186, 37.558373355509865 ], [ 127.110810668398329, 37.558373217737625 ], [ 127.110818928460688, 37.558372035350359 ], [ 127.110819404380393, 37.558371961205523 ], [ 127.110820186464082, 37.558371797934633 ], [ 127.110828094689211, 37.558369907726743 ], [ 127.110829160574042, 37.558369601174896 ], [ 127.110830186093295, 37.558369218776377 ], [ 127.110840966280648, 37.558364592514778 ], [ 127.110841792559924, 37.55836420405133 ], [ 127.11084263519632, 37.558363718295752 ], [ 127.11084337584056, 37.558363250231018 ], [ 127.110845822874523, 37.558363845978278 ], [ 127.110898477593565, 37.558377002597275 ], [ 127.110943474863092, 37.558388244725691 ], [ 127.111022895651345, 37.558407887284815 ], [ 127.111037591744164, 37.558410971455338 ], [ 127.1111683181106, 37.55844632224143 ], [ 127.111246688624945, 37.558467648522807 ], [ 127.111265972156616, 37.558472981320705 ], [ 127.111312844925877, 37.558485886169038 ], [ 127.11136309336004, 37.558499351935282 ], [ 127.111372468668051, 37.55850187593574 ], [ 127.111422183470154, 37.558515631958507 ], [ 127.111518448732355, 37.558559466033891 ], [ 127.111545004265267, 37.558571624318077 ], [ 127.11153230277732, 37.558600007575194 ], [ 127.111671622743827, 37.558727971186471 ], [ 127.111775756790522, 37.558831720384624 ], [ 127.111907104847944, 37.558795005674682 ], [ 127.111925802546295, 37.55876879992443 ], [ 127.112042840728833, 37.558841382878875 ], [ 127.112117585326061, 37.558887835383523 ], [ 127.112160903114301, 37.55891475506057 ], [ 127.112281787671719, 37.558990669191452 ], [ 127.11229746822481, 37.559000453485609 ], [ 127.112299576880034, 37.558999932217461 ], [ 127.112401746512916, 37.558971682184627 ], [ 127.112423488121635, 37.558965471131991 ], [ 127.112501256091903, 37.558943720779027 ], [ 127.112636492032465, 37.558906140100852 ], [ 127.112703562597332, 37.558887006295279 ], [ 127.112710737959247, 37.558884958524843 ], [ 127.112743082839998, 37.558875908682843 ], [ 127.112954007693546, 37.558796834246714 ], [ 127.112960646373367, 37.558794346644447 ], [ 127.113050789399708, 37.558760751262469 ], [ 127.113159128980854, 37.558719817132584 ], [ 127.113322082014179, 37.558658844444373 ], [ 127.113362733016217, 37.558643607711389 ], [ 127.113379338630594, 37.558637403098068 ], [ 127.113500417745257, 37.558592510167358 ], [ 127.113559619964491, 37.558569649162678 ], [ 127.113600442209474, 37.558554120869715 ], [ 127.113645688165647, 37.5585374731371 ], [ 127.113655052504882, 37.558533804629612 ], [ 127.113769714284587, 37.558493649562671 ], [ 127.113780013508034, 37.558490043592727 ], [ 127.11379328206614, 37.558484120042884 ], [ 127.113844667334632, 37.558443247738282 ], [ 127.11386339092644, 37.558429428147534 ], [ 127.113678863634703, 37.558132844707643 ], [ 127.113565965952304, 37.557962610869559 ], [ 127.113562889323816, 37.557920374238499 ], [ 127.113553992758199, 37.557880397177207 ], [ 127.11352711420777, 37.5575335426593 ], [ 127.113352949226169, 37.5571854199003 ], [ 127.113332831530144, 37.557097026871091 ], [ 127.113331385761356, 37.556955690045534 ], [ 127.113324747468667, 37.556890651937103 ], [ 127.113320071136187, 37.556838570887962 ], [ 127.113314531539118, 37.556830413531074 ], [ 127.113522670377023, 37.556830492914145 ], [ 127.113696849237229, 37.5568272087433 ], [ 127.113768739659236, 37.556825852146268 ], [ 127.113856442803197, 37.556824196595585 ], [ 127.113894485054018, 37.556823478241299 ], [ 127.113962623001939, 37.556822190376671 ], [ 127.114365070266146, 37.556807735459635 ], [ 127.115010251785804, 37.556772204089476 ], [ 127.115225561752112, 37.55676018786972 ], [ 127.115225977392214, 37.556760163986368 ], [ 127.11525244316735, 37.556759825695124 ], [ 127.115645632714731, 37.557699880420792 ], [ 127.116136675836358, 37.55821110085158 ], [ 127.11730331894519, 37.559425642395951 ], [ 127.117339265828818, 37.559463619312076 ], [ 127.117367063361542, 37.559479360484694 ], [ 127.11746601595334, 37.55954372942719 ], [ 127.11774197094401, 37.559712959760418 ], [ 127.117933678132573, 37.55983356740785 ], [ 127.118320812044317, 37.560077569053789 ], [ 127.118417811628206, 37.560138010900928 ], [ 127.118519604237122, 37.560202663048408 ], [ 127.118687593575558, 37.560308092475879 ], [ 127.119042339822258, 37.560529600255713 ], [ 127.119277943133639, 37.560678035982498 ], [ 127.119543656234598, 37.560843886849412 ], [ 127.119706336870223, 37.56094733817563 ], [ 127.119758022626485, 37.560979380066172 ], [ 127.119815027662824, 37.561013678021773 ], [ 127.120096495718357, 37.561199503663651 ], [ 127.12186225911644, 37.562614079348194 ], [ 127.122955569486237, 37.56348990261732 ], [ 127.125783299146121, 37.564808592532302 ], [ 127.126059410838934, 37.564940071468364 ], [ 127.126460842416421, 37.565132801996569 ], [ 127.127403185490977, 37.565586511527179 ], [ 127.128076123115818, 37.565909309092291 ], [ 127.128610492892491, 37.566160434975622 ], [ 127.129297929583203, 37.566371435074551 ], [ 127.13053980197752, 37.566770464316079 ], [ 127.130871838752583, 37.566877948964489 ], [ 127.131445657454108, 37.56706369674604 ], [ 127.132018464251033, 37.567243263425198 ], [ 127.132968371648516, 37.567542625375125 ], [ 127.133458031345583, 37.567701446935665 ], [ 127.133753101885461, 37.567793309964372 ], [ 127.133945542138633, 37.567853222049813 ], [ 127.134266368213886, 37.567953942815656 ], [ 127.134741027188227, 37.568024641527082 ], [ 127.135280579148059, 37.568095263012147 ], [ 127.135782623634327, 37.568161420007463 ], [ 127.136404460476697, 37.568248566792384 ], [ 127.136804454202377, 37.568303242764351 ], [ 127.137062189630385, 37.568338471526204 ], [ 127.137665793689905, 37.568424208997904 ], [ 127.138874228695855, 37.568425222947887 ], [ 127.139925977438352, 37.568426095561307 ], [ 127.14271982962201, 37.568428626727211 ], [ 127.144200065762291, 37.568429941508917 ], [ 127.145585574604283, 37.568431154392556 ], [ 127.145600013474819, 37.568431169796177 ], [ 127.146105472749142, 37.568431649518146 ], [ 127.148949542733988, 37.568434318078239 ], [ 127.14974410538133, 37.568905765001858 ], [ 127.150555043317382, 37.569386917522976 ], [ 127.151243351297154, 37.569795300275565 ], [ 127.153196023188016, 37.570969868660235 ], [ 127.154981058813391, 37.572043536729083 ], [ 127.155802769445557, 37.572433630954428 ], [ 127.156899167265351, 37.572954115303141 ], [ 127.160845311200546, 37.575652661605659 ], [ 127.161468116624107, 37.576046214275571 ], [ 127.162006683666917, 37.576386528461384 ], [ 127.16236805508953, 37.576612961597611 ], [ 127.162555035839716, 37.576730120225761 ], [ 127.166747299289298, 37.578975666067905 ], [ 127.168217273397303, 37.57899246533934 ], [ 127.168647536343315, 37.578997476662821 ], [ 127.168647736244594, 37.578997091445856 ], [ 127.170251440102561, 37.579016496769576 ], [ 127.171837441971874, 37.579261989010469 ], [ 127.172504515433189, 37.57946641202917 ], [ 127.173873981039705, 37.579886065904667 ], [ 127.173907959776557, 37.579896990403498 ], [ 127.174122856552017, 37.579962565822925 ], [ 127.174343417397111, 37.580028969495388 ], [ 127.174564685826624, 37.580097345058938 ], [ 127.174739584193205, 37.580151715254011 ], [ 127.174879430193812, 37.580195145404929 ], [ 127.175074324808008, 37.580255396506942 ], [ 127.175106367088006, 37.580266610973545 ], [ 127.175372930591038, 37.580412629438534 ], [ 127.175659143083735, 37.580565374889495 ], [ 127.175850947302592, 37.580669273133502 ], [ 127.176017615966273, 37.58076165673112 ], [ 127.176165691852319, 37.580842238180445 ], [ 127.176378767794375, 37.580959060697609 ], [ 127.176518510302742, 37.581034309901796 ], [ 127.177154828461994, 37.581200326669084 ], [ 127.177139895333156, 37.580944127404386 ], [ 127.177130239158942, 37.580743209774823 ], [ 127.177127813803324, 37.580692716690265 ], [ 127.177120643780341, 37.580572022453602 ], [ 127.177108800586367, 37.580559957027937 ], [ 127.177082788679797, 37.580477437527222 ], [ 127.177105561641412, 37.580391027844897 ], [ 127.177117762337517, 37.580312173204014 ], [ 127.177137457693789, 37.580185717998312 ], [ 127.177139788728141, 37.580127438530646 ], [ 127.177141200872384, 37.579997383793796 ], [ 127.177141251039927, 37.579992847432806 ], [ 127.177142856371376, 37.579858181009577 ], [ 127.177093848028122, 37.579693627962158 ], [ 127.177074769829531, 37.579629740308427 ], [ 127.177060428622525, 37.579544725328709 ], [ 127.177060371397019, 37.579544339394005 ], [ 127.176988604492635, 37.579416335098983 ], [ 127.176935896599659, 37.579340675689394 ], [ 127.176883362014919, 37.57926529614867 ], [ 127.176864391421361, 37.579247593968404 ], [ 127.176814573140433, 37.579201483285438 ], [ 127.176761015572453, 37.579139060510698 ], [ 127.176740968586614, 37.579115720117372 ], [ 127.176703737387399, 37.579082472781735 ], [ 127.176689033776128, 37.579069342192987 ], [ 127.176621146872904, 37.579008904540899 ], [ 127.176537464951721, 37.578931887386666 ], [ 127.176511430888979, 37.578914185623603 ], [ 127.176389357897762, 37.578831024100985 ], [ 127.176326127587529, 37.578795636768263 ], [ 127.176251971514134, 37.578779142398261 ], [ 127.176179002931079, 37.578742643953333 ], [ 127.176108658828838, 37.578690382628849 ], [ 127.176065766572975, 37.578652433434414 ], [ 127.176033155535777, 37.578625452136556 ], [ 127.175993419655654, 37.578576802627659 ], [ 127.175962066306241, 37.578559109577782 ], [ 127.175911816886554, 37.578551299333036 ], [ 127.175861568680958, 37.578543211454154 ], [ 127.175715719161389, 37.578507665406875 ], [ 127.175661362165428, 37.578485222056926 ], [ 127.175591419456637, 37.578454916631841 ], [ 127.175522875943258, 37.578412499052071 ], [ 127.175442271039714, 37.578362784284089 ], [ 127.175415416409962, 37.578298629802852 ], [ 127.175404281471657, 37.578208085522554 ], [ 127.17540423444828, 37.578207699615042 ], [ 127.17539743355384, 37.57809162476611 ], [ 127.17538618690125, 37.578030738226808 ], [ 127.175379007317062, 37.577994596842721 ], [ 127.175372040571744, 37.577959517834771 ], [ 127.175371999219038, 37.577959130140137 ], [ 127.175366609583435, 37.577904341119492 ], [ 127.175366571632239, 37.57790395253285 ], [ 127.175362254857959, 37.577860298146938 ], [ 127.175360980003887, 37.577847432362042 ], [ 127.17536094524678, 37.577847090654416 ], [ 127.17536008142612, 37.577842588734569 ], [ 127.175340182743113, 37.577740408234789 ], [ 127.175331472837968, 37.577705127032985 ], [ 127.175330267588166, 37.57764310716113 ], [ 127.175340786524941, 37.577600303889461 ], [ 127.175359886201662, 37.57752340357009 ], [ 127.175358024118552, 37.57748928411403 ], [ 127.175357992716059, 37.577488952330476 ], [ 127.175339621745479, 37.577426191207465 ], [ 127.175321316877799, 37.577363341029034 ], [ 127.175324339803296, 37.577299903239847 ], [ 127.175327553096878, 37.577235135579237 ], [ 127.175361752380923, 37.577186946057893 ], [ 127.175402349836446, 37.577144342666713 ], [ 127.175421403907123, 37.577124348108029 ], [ 127.175451855912414, 37.577060954179991 ], [ 127.175498277029817, 37.577020340724467 ], [ 127.175512485287271, 37.57696766696278 ], [ 127.175513235105001, 37.576910228618679 ], [ 127.175519235460783, 37.576827157660105 ], [ 127.175524698292776, 37.576742682720109 ], [ 127.175525020943056, 37.576738011002412 ], [ 127.175526921377269, 37.576710585405287 ], [ 127.17552880043381, 37.576681300261711 ], [ 127.175536524495456, 37.576658764276964 ], [ 127.175544259797419, 37.57663650774137 ], [ 127.175559476524953, 37.576623881072358 ], [ 127.175562270283706, 37.576621560560433 ], [ 127.175573161750521, 37.576592541746678 ], [ 127.17558388434928, 37.576563810900083 ], [ 127.175585631312927, 37.576551131886681 ], [ 127.175589254348949, 37.576525250529457 ], [ 127.175591545007663, 37.576508894595683 ], [ 127.175597275271841, 37.576466647786468 ], [ 127.175620607376572, 37.576379893750577 ], [ 127.175623744877043, 37.576360463830916 ], [ 127.175632636954631, 37.576304139389507 ], [ 127.175639261856531, 37.57626189142956 ], [ 127.175641397587668, 37.576252528652809 ], [ 127.175659224646353, 37.576174360173667 ], [ 127.175676195072782, 37.576099946169414 ], [ 127.175715713387149, 37.575899139922811 ], [ 127.175728472600127, 37.575836330954928 ], [ 127.17576396913816, 37.575660866846192 ], [ 127.175765689550644, 37.575562882059153 ], [ 127.175762571404448, 37.575517268720596 ], [ 127.175762516453489, 37.575516882791277 ], [ 127.175757368110425, 37.575483726861648 ], [ 127.175757318606941, 37.57548339052159 ], [ 127.17575719854284, 37.575478432759212 ], [ 127.175756348145413, 37.575443411119316 ], [ 127.175755556352158, 37.575441364679556 ], [ 127.175738417941247, 37.575397086488998 ], [ 127.175738362998331, 37.575396698756975 ], [ 127.175726588716287, 37.575326150088891 ], [ 127.175726525838385, 37.575325764137766 ], [ 127.17571039634727, 37.575233994704831 ], [ 127.17569868979632, 37.575124597971332 ], [ 127.175694807313604, 37.575049991460006 ], [ 127.175694768225654, 37.575049603771511 ], [ 127.175683087733006, 37.574898696264142 ], [ 127.175702030312678, 37.574831662515386 ], [ 127.175705872846947, 37.574825384341914 ], [ 127.175724821998756, 37.57479443350956 ], [ 127.175726873855183, 37.574791081611536 ], [ 127.175924680399618, 37.574509231371749 ], [ 127.175978796821951, 37.574429467895719 ], [ 127.176022386648128, 37.574365171541025 ], [ 127.176026563826326, 37.57435901235197 ], [ 127.176068948137569, 37.574261102171882 ], [ 127.176092180989201, 37.574207432747123 ], [ 127.176103865464086, 37.574135336849196 ], [ 127.176128963509456, 37.574092890755537 ], [ 127.176131523507948, 37.574088561376236 ], [ 127.176308484390162, 37.573974270416201 ], [ 127.176498042003317, 37.573801387993463 ], [ 127.176564984814206, 37.573683881032274 ], [ 127.176571551227937, 37.57367488009772 ], [ 127.176635650076577, 37.573586999942911 ], [ 127.176636736873263, 37.573585512084122 ], [ 127.176786937142111, 37.573447610091229 ], [ 127.176804603113865, 37.573430649950446 ], [ 127.176838644335035, 37.573397970894227 ], [ 127.176897929885186, 37.573336786270346 ], [ 127.176943639713798, 37.573293642877879 ], [ 127.176974313305848, 37.573248547458881 ], [ 127.177018330902001, 37.573164294160335 ], [ 127.177019729118157, 37.573161492979054 ], [ 127.177049147445871, 37.573102593508068 ], [ 127.177054060646469, 37.573089071349145 ], [ 127.177082583989858, 37.573034961006769 ], [ 127.177086779376225, 37.573020613047305 ], [ 127.177088528817706, 37.573014624744545 ], [ 127.177089255218519, 37.573012148014044 ], [ 127.177113502919397, 37.572944537238378 ], [ 127.177143627883765, 37.57289268554122 ], [ 127.177158784814523, 37.572869011524681 ], [ 127.177186822235612, 37.572833777738531 ], [ 127.17719546915238, 37.572823908145502 ], [ 127.177254218704036, 37.572761319366229 ], [ 127.1773467248413, 37.572611392594474 ], [ 127.177366396588809, 37.572568579866342 ], [ 127.177387347498041, 37.572522989058363 ], [ 127.17745529160625, 37.57244763872356 ], [ 127.177506852875439, 37.572408990810985 ], [ 127.177571286049584, 37.572356528760238 ], [ 127.177617871244351, 37.572310004714744 ], [ 127.177645193761634, 37.572270546029571 ], [ 127.177731131445242, 37.572187913968314 ], [ 127.177732890988651, 37.572184820825015 ], [ 127.177742243285167, 37.572171004293331 ], [ 127.177819265833079, 37.572057707271235 ], [ 127.177822580883699, 37.57204867215281 ], [ 127.177828837364132, 37.572031633845349 ], [ 127.177832733359224, 37.572021019340674 ], [ 127.177855461853198, 37.571959103501946 ], [ 127.177860907374637, 37.571940516259559 ], [ 127.177876784020086, 37.571870062139631 ], [ 127.177873148670187, 37.571864861334014 ], [ 127.177828946301645, 37.571825215526893 ], [ 127.177794808636648, 37.571794593567461 ], [ 127.177794819148247, 37.571794256490506 ], [ 127.177795472492249, 37.571774031934901 ], [ 127.177797051099319, 37.571766145807985 ], [ 127.177824532604006, 37.571571412500383 ], [ 127.177835840760949, 37.571491287025246 ], [ 127.177839658113797, 37.571463694437575 ], [ 127.177850249171314, 37.571445145572262 ], [ 127.177860096258911, 37.5714279025376 ], [ 127.17789278239303, 37.571368773796578 ], [ 127.177930193492713, 37.571301101401133 ], [ 127.177935123924485, 37.571293768832604 ], [ 127.177941633641282, 37.571279964357572 ], [ 127.17794724806663, 37.571260531200124 ], [ 127.177972013531217, 37.571183342969277 ], [ 127.177982369071074, 37.571153198455278 ], [ 127.178057688452, 37.571066933567671 ], [ 127.178179408679426, 37.570928504087291 ], [ 127.178212725211182, 37.570881719185174 ], [ 127.178243036611875, 37.570837750920433 ], [ 127.178265253045041, 37.57080730971218 ], [ 127.178272999054428, 37.570794341436212 ], [ 127.178291401859966, 37.57076091897293 ], [ 127.178314736313652, 37.570718543293438 ], [ 127.178321433194142, 37.570707270302783 ], [ 127.178321941150969, 37.570696853858458 ], [ 127.178325440892735, 37.570678549721073 ], [ 127.178326659035989, 37.570671781181353 ], [ 127.178334019686574, 37.570622812746187 ], [ 127.17833601781328, 37.570609518738983 ], [ 127.178337113635081, 37.57060222798286 ], [ 127.178338655283412, 37.570584484558729 ], [ 127.178349816964001, 37.570517452564019 ], [ 127.178357310164429, 37.570517442333603 ], [ 127.178362549864531, 37.570517433173983 ], [ 127.17837448193859, 37.570457158008495 ], [ 127.178383177479247, 37.570413231764014 ], [ 127.178396883732717, 37.570374351418188 ], [ 127.178420076935112, 37.570312373622947 ], [ 127.178442044102184, 37.570252937000355 ], [ 127.178444234831531, 37.570246989535853 ], [ 127.178448920993063, 37.570234284219595 ], [ 127.178471748097749, 37.570172363101946 ], [ 127.17849828112368, 37.570100523676381 ], [ 127.178502323110521, 37.570086722361715 ], [ 127.178514632842266, 37.570060522025955 ], [ 127.178569410994555, 37.569961609863462 ], [ 127.178579272443628, 37.569943575415614 ], [ 127.178590363236395, 37.56992300790845 ], [ 127.178652701747723, 37.569809444975995 ], [ 127.178652736996213, 37.569808357139692 ], [ 127.178654019739056, 37.569768619106163 ], [ 127.178678532271917, 37.569737894729499 ], [ 127.178741674403554, 37.5696620546275 ], [ 127.178747501101839, 37.569656134176675 ], [ 127.178755070658511, 37.569645708100971 ], [ 127.17876212997723, 37.569637280737211 ], [ 127.178786473365477, 37.569608215266733 ], [ 127.178836922836922, 37.569550702025083 ], [ 127.178904293411279, 37.569473449199435 ], [ 127.17892386453633, 37.569444705121384 ], [ 127.179021847547233, 37.569298426988162 ], [ 127.179033839801036, 37.56928095713176 ], [ 127.179063449154356, 37.569236979522792 ], [ 127.179123370151828, 37.569139184323035 ], [ 127.179132861479374, 37.569123693337893 ], [ 127.179149035617854, 37.569085098120439 ], [ 127.179181034051325, 37.569003392754261 ], [ 127.179190024551545, 37.568980839208002 ], [ 127.179203717483574, 37.568946488919032 ], [ 127.179216022785226, 37.568918315431681 ], [ 127.179220173570172, 37.568873817925201 ], [ 127.179224154832696, 37.568841651360856 ], [ 127.179229024149876, 37.568802292613618 ], [ 127.179232285255296, 37.568764834054122 ], [ 127.179245655948733, 37.568660641584906 ], [ 127.179258531118762, 37.568567424437013 ], [ 127.179261143303663, 37.568554799078278 ], [ 127.179263600515583, 37.568542927730469 ], [ 127.179272225770092, 37.568493562452737 ], [ 127.179278955267236, 37.568455058730009 ], [ 127.179319466902413, 37.568312244910899 ], [ 127.1793258819757, 37.568286850503256 ], [ 127.179331207309062, 37.568265773318053 ], [ 127.179332206080517, 37.568250713528158 ], [ 127.179339742251017, 37.568137080648242 ], [ 127.179372823145627, 37.56800611382792 ], [ 127.179377946886532, 37.567985828381005 ], [ 127.179379106304737, 37.567982424416876 ], [ 127.179436430784207, 37.567814273212747 ], [ 127.179496541219692, 37.567730552933014 ], [ 127.179496416729393, 37.567730272274382 ], [ 127.179443820259209, 37.567612217222795 ], [ 127.179438754099181, 37.567600844620493 ], [ 127.17943874632661, 37.567600544448936 ], [ 127.179434467508514, 37.567423947023357 ], [ 127.179432478874261, 37.567341819378619 ], [ 127.179431867815708, 37.567306051142332 ], [ 127.179429597458508, 37.56717260962121 ], [ 127.179441289662236, 37.566923293846592 ], [ 127.179442222959565, 37.56690342065064 ], [ 127.1794638205144, 37.566765708418593 ], [ 127.179464430701884, 37.566634406406024 ], [ 127.17946467016445, 37.566583014622218 ], [ 127.179464855517097, 37.566542929261004 ], [ 127.179465340124693, 37.566438818915373 ], [ 127.179468662690155, 37.56627015777498 ], [ 127.179482729441077, 37.56616427077708 ], [ 127.17950078396089, 37.565963572274505 ], [ 127.179512193150799, 37.565836771171391 ], [ 127.17953415003241, 37.565773669367402 ], [ 127.17954283144482, 37.565735129447283 ], [ 127.179545697548633, 37.56572240471494 ], [ 127.179548677799914, 37.565709730768127 ], [ 127.179551283412877, 37.565691995608773 ], [ 127.179583352951681, 37.565502300075998 ], [ 127.179584424030011, 37.565495980892976 ], [ 127.179665086161961, 37.565279334246803 ], [ 127.179723125399704, 37.5651702513277 ], [ 127.179768921762459, 37.565084177360283 ], [ 127.179784280790116, 37.565055311725295 ], [ 127.179843818013268, 37.564978974455776 ], [ 127.179870094012074, 37.564945282823921 ], [ 127.179943670768807, 37.56485094388956 ], [ 127.180015210648349, 37.564780611433925 ], [ 127.180022728043738, 37.564773221784343 ], [ 127.180102291159145, 37.564695003448549 ], [ 127.180194180726687, 37.564587872393481 ], [ 127.180320428382117, 37.564359284122112 ], [ 127.180375026453575, 37.564260423706131 ], [ 127.18041430690198, 37.564196177930015 ], [ 127.180457123208612, 37.564128818521169 ], [ 127.180499953667223, 37.564067937159884 ], [ 127.180624984846702, 37.563919642303013 ], [ 127.180755825711643, 37.563687159495537 ], [ 127.180782570386086, 37.563622504728734 ], [ 127.180846030446389, 37.56346909199835 ], [ 127.180994584242129, 37.56332274414568 ], [ 127.181100102300761, 37.5631513962024 ], [ 127.181185731166607, 37.563016965265398 ], [ 127.181278127497535, 37.562830428164226 ], [ 127.181286464957253, 37.562806682882659 ], [ 127.181317304486754, 37.562718870648375 ], [ 127.181348271776727, 37.562629490394386 ], [ 127.181360152888431, 37.562595198018983 ], [ 127.181393284505361, 37.562544755753677 ], [ 127.181407560484331, 37.562505385300668 ], [ 127.181435269133303, 37.562428969407854 ], [ 127.181455482742834, 37.562376842789924 ], [ 127.181514108074467, 37.562267509932603 ], [ 127.18151874378276, 37.562209226496286 ], [ 127.181518693106426, 37.562208895562819 ], [ 127.181505697050994, 37.562144722890544 ], [ 127.181534700732257, 37.562081089853613 ], [ 127.181555418439473, 37.562017430854659 ], [ 127.181584979975995, 37.561955722797059 ], [ 127.181622306149848, 37.561814038735456 ], [ 127.181670748070019, 37.561734282385522 ], [ 127.181675156132059, 37.561721749230919 ], [ 127.181722558260716, 37.561586954303039 ], [ 127.181755065168673, 37.561498210824155 ], [ 127.181801218698453, 37.561422115855436 ], [ 127.181853199991835, 37.561345740927599 ], [ 127.181887031788818, 37.561294719926387 ], [ 127.181909918855112, 37.561248798130784 ], [ 127.18196407139466, 37.561086435349836 ], [ 127.181995420275825, 37.560992444600849 ], [ 127.181995358344594, 37.56099209741285 ], [ 127.181974799094164, 37.560876119831434 ], [ 127.181974754008934, 37.56087580513752 ], [ 127.181974558879006, 37.560868968745041 ], [ 127.181970319162915, 37.560721517480737 ], [ 127.181990632766471, 37.560649662192155 ], [ 127.182031155280924, 37.560506313663915 ], [ 127.18203912315164, 37.560423145572848 ], [ 127.182040810293046, 37.560405542169413 ], [ 127.182016888713164, 37.560278550899859 ], [ 127.182007559829984, 37.5602290531655 ], [ 127.182019247000298, 37.560177090946425 ], [ 127.182024521085708, 37.560153633896064 ], [ 127.182020845198764, 37.559947826877625 ], [ 127.182020797035122, 37.559947437363022 ], [ 127.182001605983757, 37.559794379948173 ], [ 127.181984242774121, 37.559655898737567 ], [ 127.181984194610848, 37.559655509222935 ], [ 127.181910610875065, 37.559389492703765 ], [ 127.181908371773275, 37.559381391611183 ], [ 127.181870654774855, 37.559275082547551 ], [ 127.181871347165398, 37.559136198379463 ], [ 127.181812154035711, 37.558989430032426 ], [ 127.181812101340981, 37.558989041406832 ], [ 127.181795432437042, 37.558881244113856 ], [ 127.181787372965175, 37.55882911601563 ], [ 127.181782522320717, 37.558797737623401 ], [ 127.181782462836807, 37.558797348078123 ], [ 127.181781922998795, 37.558793831342285 ], [ 127.181760778935086, 37.558656108741332 ], [ 127.181760726099014, 37.558655753465402 ], [ 127.181768727020597, 37.558450625033657 ], [ 127.181752753427816, 37.55837398670765 ], [ 127.18173889212251, 37.558307043629412 ], [ 127.181700722783447, 37.558163789471351 ], [ 127.181656629295219, 37.557998300944185 ], [ 127.181656601207592, 37.557997983591775 ], [ 127.181654300628125, 37.557930896807051 ], [ 127.181586839694134, 37.557728389717219 ], [ 127.18157142598271, 37.557644513190603 ], [ 127.181553704516631, 37.557553266372359 ], [ 127.181553651620931, 37.557552925517783 ], [ 127.18156004847134, 37.557488311163603 ], [ 127.18158714034189, 37.557214715942436 ], [ 127.181656374351576, 37.556950037862585 ], [ 127.181664946402279, 37.556917271505966 ], [ 127.181674813084157, 37.556827157263612 ], [ 127.181674003837898, 37.556786902398386 ], [ 127.18166982726747, 37.556669500545979 ], [ 127.1816692719011, 37.556660057361377 ], [ 127.18166153167715, 37.55652816744221 ], [ 127.181655406827119, 37.556409920268955 ], [ 127.181684750836212, 37.556329066768626 ], [ 127.181684309048393, 37.556179269480822 ], [ 127.181683767083882, 37.555995530514402 ], [ 127.181618100778209, 37.555750002960508 ], [ 127.181616136057087, 37.555741842206778 ], [ 127.181547223705451, 37.555544592315925 ], [ 127.181525686989559, 37.55548294737347 ], [ 127.181516023765255, 37.555511955741679 ], [ 127.181502118630405, 37.555479422598502 ], [ 127.181486684451684, 37.555443308753794 ], [ 127.181392124826885, 37.554921508217987 ], [ 127.181457745674209, 37.554765630134078 ], [ 127.181487588004714, 37.554694741578565 ], [ 127.181492992175535, 37.554442748196934 ], [ 127.181495373191979, 37.554331801457394 ], [ 127.181495331827378, 37.554331411960547 ], [ 127.181491281070549, 37.5542898828311 ], [ 127.181473440449267, 37.554106866897364 ], [ 127.181473397952757, 37.554106477397468 ], [ 127.181469162247765, 37.554040045136773 ], [ 127.181466413050927, 37.553998090470849 ], [ 127.18146332601269, 37.553950924161065 ], [ 127.181453418946631, 37.553799468923621 ], [ 127.181450463957518, 37.553754265217648 ], [ 127.181450446971141, 37.553754000173498 ], [ 127.18144454047426, 37.553729272694127 ], [ 127.181437434848149, 37.553699534051646 ], [ 127.181430982503116, 37.553591328823437 ], [ 127.181419202229449, 37.553537920606942 ], [ 127.181399991161257, 37.553492341336579 ], [ 127.181384655841853, 37.553440558580846 ], [ 127.181351510091261, 37.553258353983942 ], [ 127.181351466110627, 37.553258047404576 ], [ 127.181350886727984, 37.553242825562066 ], [ 127.181346262569832, 37.553121150900203 ], [ 127.181340328303449, 37.552964963424508 ], [ 127.181421696307481, 37.552757323327505 ], [ 127.181519916236894, 37.552663700455774 ], [ 127.181594773456979, 37.552592350078882 ], [ 127.181606159478747, 37.552583543897896 ], [ 127.18170384696586, 37.552507994306154 ], [ 127.182008057754047, 37.552318323409303 ], [ 127.182141427852059, 37.552233792897951 ], [ 127.182159009650604, 37.552222650805078 ], [ 127.182188800411978, 37.552203232880778 ], [ 127.182392399129, 37.552070529783627 ], [ 127.182591532815806, 37.551956322754599 ], [ 127.182622584518001, 37.55193851432405 ], [ 127.182624252802867, 37.55193755796369 ], [ 127.182647636292003, 37.551923556068644 ], [ 127.182789293343035, 37.551838740629066 ], [ 127.182933065716497, 37.551752659787219 ], [ 127.182968471260097, 37.551624502830343 ], [ 127.183039642073169, 37.551368170011557 ], [ 127.183119047099453, 37.551081425876838 ], [ 127.183115779028711, 37.550997112445337 ], [ 127.183115418649109, 37.550987840137672 ], [ 127.183102654213513, 37.550658377638747 ], [ 127.183022601031553, 37.550664129734763 ], [ 127.183010519543203, 37.550610041218768 ], [ 127.18299080745858, 37.550521787071254 ], [ 127.182969717730018, 37.550427365752306 ], [ 127.182958602949498, 37.550377597316789 ], [ 127.182926787184329, 37.550235739499207 ], [ 127.18292674581437, 37.550235350002588 ], [ 127.182915405353526, 37.550112197104454 ], [ 127.182901898284641, 37.549965482361245 ], [ 127.182901856922598, 37.549965091061893 ], [ 127.18290392230611, 37.549650191852209 ], [ 127.182899323910533, 37.549629307715435 ], [ 127.182899295789966, 37.549628997573635 ], [ 127.182896671864668, 37.549571213639616 ], [ 127.182896659547453, 37.549570914356515 ], [ 127.182895670160192, 37.549568227462771 ], [ 127.182844605722849, 37.549429351872263 ], [ 127.182844507207534, 37.549429090214559 ], [ 127.1828602099352, 37.549389130232619 ], [ 127.182860518926205, 37.549388345080494 ], [ 127.182891108369503, 37.549310497838334 ], [ 127.182905837142442, 37.549273015764257 ], [ 127.182925813074519, 37.549198932912937 ], [ 127.182927562375724, 37.549187387640174 ], [ 127.183055634271227, 37.548708541998884 ], [ 127.183024014766659, 37.548709731639043 ], [ 127.183022237589128, 37.548709687208643 ], [ 127.18302049077667, 37.548709422928965 ], [ 127.183018817332609, 37.54870894252084 ], [ 127.183017260214413, 37.548708260521323 ], [ 127.183015855587158, 37.548707391449156 ], [ 127.183014639577777, 37.548706358836625 ], [ 127.183013641520787, 37.548705186197694 ], [ 127.183012886191847, 37.548703904244967 ], [ 127.183012391574252, 37.548702543672867 ], [ 127.183012171100131, 37.548701140571623 ], [ 127.183011835890554, 37.548695286268227 ], [ 127.182876432318196, 37.548701172692681 ], [ 127.182874655095148, 37.548701139076215 ], [ 127.182872905981114, 37.548700883801729 ], [ 127.182871230228216, 37.548700414201583 ], [ 127.182869666280993, 37.548699741195328 ], [ 127.182868254825038, 37.548698881116636 ], [ 127.182867027466628, 37.548697855682946 ], [ 127.18286602031732, 37.548696692031896 ], [ 127.182865251383291, 37.548695415449842 ], [ 127.182864745432511, 37.548694058452078 ], [ 127.182864511376351, 37.548692655314085 ], [ 127.182841961850897, 37.5483577843859 ], [ 127.182842027347931, 37.548356219808348 ], [ 127.182842430069527, 37.548354686782666 ], [ 127.182843160752967, 37.548353233957187 ], [ 127.182844196581286, 37.548351902732982 ], [ 127.182845505681072, 37.548350734486782 ], [ 127.182847049409503, 37.548349765169 ], [ 127.182848780097771, 37.548349023495007 ], [ 127.18285064558701, 37.548348529154502 ], [ 127.182852591446647, 37.548348303633844 ], [ 127.182924764377177, 37.548344881221425 ], [ 127.182908841245265, 37.548314801685223 ], [ 127.182907444579399, 37.5483157966367 ], [ 127.182905972002459, 37.548316539004702 ], [ 127.182904373436443, 37.548317091749659 ], [ 127.182902687417311, 37.548317444158776 ], [ 127.182900952488566, 37.548317583716582 ], [ 127.182875831946433, 37.54831807509369 ], [ 127.182873903295942, 37.548317979778354 ], [ 127.182872023284162, 37.548317626805868 ], [ 127.182870246219508, 37.54831702353296 ], [ 127.18286862410045, 37.548316188126407 ], [ 127.182867202094826, 37.548315147748198 ], [ 127.182866025378246, 37.548313927757626 ], [ 127.182865123223834, 37.548312566090239 ], [ 127.182864527153654, 37.548311104293113 ], [ 127.182864252856163, 37.548309580265283 ], [ 127.18286384867443, 37.548303976352742 ], [ 127.182792190592167, 37.548307198207425 ], [ 127.182790411106765, 37.548307166386323 ], [ 127.182788661986947, 37.548306914715987 ], [ 127.182786981707508, 37.548306446905208 ], [ 127.182785415505123, 37.548305773891741 ], [ 127.182784001785791, 37.548304915608618 ], [ 127.182782772170825, 37.548303890167951 ], [ 127.182781760507496, 37.54830272470128 ], [ 127.182780991578895, 37.548301448118607 ], [ 127.182780483368134, 37.548300091114349 ], [ 127.182780247058261, 37.548298686167335 ], [ 127.18276745710088, 37.54811058033269 ], [ 127.182767501626273, 37.548109156310268 ], [ 127.182767826818008, 37.548107752871722 ], [ 127.182768427979795, 37.548106409664079 ], [ 127.182769286861159, 37.548105159087072 ], [ 127.182770382962786, 37.548104029929057 ], [ 127.182771688977823, 37.548103054565445 ], [ 127.182773173116928, 37.548102254543394 ], [ 127.182774794534367, 37.548101651385643 ], [ 127.18277651694315, 37.548101259416441 ], [ 127.1827782950228, 37.54810108752757 ], [ 127.182795885302909, 37.548100514650081 ], [ 127.182709054984315, 37.547943054274114 ], [ 127.182705475411851, 37.547925954950436 ], [ 127.182704223776526, 37.547919977401236 ], [ 127.182704195588627, 37.547919683483514 ], [ 127.182703616190111, 37.547903607148129 ], [ 127.182703604103139, 37.547903253784199 ], [ 127.182696332148055, 37.547895670065728 ], [ 127.182676350795916, 37.547875458450008 ], [ 127.182676297218578, 37.547872608219109 ], [ 127.182675668333616, 37.547842036147188 ], [ 127.182675643439509, 37.547840965269643 ], [ 127.182673692512722, 37.547747319978768 ], [ 127.182673057061677, 37.54766088185707 ], [ 127.182672897738684, 37.547638913585601 ], [ 127.182669670862822, 37.547602711873111 ], [ 127.182669629503209, 37.547602320573532 ], [ 127.182669947814929, 37.547584380843183 ], [ 127.182656796206317, 37.547524399929479 ], [ 127.182682494886947, 37.547488942954686 ], [ 127.18269588952684, 37.54747343236437 ], [ 127.182723144227097, 37.547410322359532 ], [ 127.182726630572915, 37.547172968678865 ], [ 127.182730233914356, 37.547053573945561 ], [ 127.182728838609478, 37.546915895294809 ], [ 127.182745471363077, 37.546845762215924 ], [ 127.182748271368723, 37.546833370686898 ], [ 127.182759466928829, 37.546783519729289 ], [ 127.182759418776939, 37.546783128411441 ], [ 127.182751175163574, 37.546718489859714 ], [ 127.182751127011784, 37.546718098541881 ], [ 127.182724647360189, 37.546703912161824 ], [ 127.182744186438072, 37.546679361248756 ], [ 127.182754601175006, 37.546601923094926 ], [ 127.18276107615057, 37.546499425672259 ], [ 127.182795990950339, 37.546389838869324 ], [ 127.182825414864411, 37.546344464327987 ], [ 127.18297191083262, 37.546241192781942 ], [ 127.183519502252182, 37.545768908956752 ], [ 127.183545868385394, 37.545746171705105 ], [ 127.183753729585433, 37.545602738744343 ], [ 127.183794928879692, 37.545574310339028 ], [ 127.183794744454332, 37.545574019608495 ], [ 127.183779632999901, 37.545550156298795 ], [ 127.183539172493184, 37.545170394496445 ], [ 127.183137204593876, 37.545356274031676 ], [ 127.183100424139937, 37.545384547316445 ], [ 127.18284654676529, 37.545579716873249 ], [ 127.182744897027874, 37.54551427035603 ], [ 127.182439933760776, 37.545601170583105 ], [ 127.182202431145157, 37.545724861977924 ], [ 127.181963166530252, 37.546150666460534 ], [ 127.181692827593096, 37.546444749033391 ], [ 127.181256437945848, 37.54657971536988 ], [ 127.180465128302359, 37.546576609529367 ], [ 127.179910537256703, 37.546574431449429 ], [ 127.179712312715637, 37.546568252356593 ], [ 127.179451399699047, 37.546567683165556 ], [ 127.179331282652925, 37.546567421024733 ], [ 127.178417557356411, 37.5462796380491 ], [ 127.178292286920069, 37.546316703992112 ], [ 127.178271902057247, 37.546306729932311 ], [ 127.178261313680323, 37.546301548932085 ], [ 127.178237842384107, 37.546292742726102 ], [ 127.178154407267058, 37.546261438393799 ], [ 127.177836765175115, 37.546142258413994 ], [ 127.17762387255253, 37.546062046194507 ], [ 127.177479996330135, 37.546006515563775 ], [ 127.177005841274564, 37.545832420591807 ], [ 127.176905213705055, 37.545823701395406 ], [ 127.176903327867834, 37.545823407801457 ], [ 127.17690153140984, 37.545822863875102 ], [ 127.17689987633419, 37.545822085983033 ], [ 127.176898410092448, 37.545821095887646 ], [ 127.176897175576997, 37.545819922549683 ], [ 127.176896208864761, 37.545818600319393 ], [ 127.176895535832742, 37.545817166223216 ], [ 127.176895177806486, 37.545815662683211 ], [ 127.176895143655472, 37.545814132988731 ], [ 127.176896985097898, 37.545792451403528 ], [ 127.176793386930015, 37.545754412789634 ], [ 127.176793352378652, 37.545754025112004 ], [ 127.176784193601307, 37.545622545389037 ], [ 127.176799068520154, 37.545487245701651 ], [ 127.176784498497099, 37.545432890109403 ], [ 127.176749006286855, 37.545377757058681 ], [ 127.176724020959753, 37.545368390269978 ], [ 127.176723106195695, 37.545388332971172 ], [ 127.176723089063003, 37.545388630371747 ], [ 127.176722887152209, 37.545390035934325 ], [ 127.176722411480313, 37.545391397482334 ], [ 127.176721673499799, 37.545392684401016 ], [ 127.176720691470763, 37.545393862488829 ], [ 127.176719489290178, 37.545394902967793 ], [ 127.176718098755643, 37.545395782489706 ], [ 127.176716551672627, 37.545396475903701 ], [ 127.176714886588101, 37.545396969794901 ], [ 127.176713145452808, 37.545397248955155 ], [ 127.176711302257658, 37.545397307003739 ], [ 127.176655297541487, 37.54539568985701 ], [ 127.176653358067426, 37.545395498866782 ], [ 127.176651487647291, 37.545395045771038 ], [ 127.176649742831245, 37.545394342442236 ], [ 127.176648175602551, 37.545393409753935 ], [ 127.176646833377433, 37.54539227758071 ], [ 127.17664575677216, 37.545390977581285 ], [ 127.176644977308058, 37.54538955040298 ], [ 127.1766445174502, 37.545388036668356 ], [ 127.176644391716238, 37.545386482386313 ], [ 127.176645371631778, 37.545351198785006 ], [ 127.176645556672653, 37.545349767938397 ], [ 127.176646023406363, 37.545348379325539 ], [ 127.176646761496769, 37.545347067169651 ], [ 127.176647753815686, 37.545345865675365 ], [ 127.176648971934242, 37.545344804509575 ], [ 127.176650386299343, 37.545343911533386 ], [ 127.176651962860987, 37.545343207384725 ], [ 127.176653658509167, 37.54534271357808 ], [ 127.17665498839861, 37.545342508105122 ], [ 127.176637529085355, 37.545335963320859 ], [ 127.176586079973461, 37.545337165439186 ], [ 127.176469877518258, 37.545398912687716 ], [ 127.176466530341486, 37.54540069180711 ], [ 127.176410028323815, 37.545433724009712 ], [ 127.176347725331183, 37.545483082770396 ], [ 127.176287900520023, 37.545531599214087 ], [ 127.176262554485817, 37.545545436748476 ], [ 127.176201027013235, 37.545579030136906 ], [ 127.17608601641669, 37.545619465006645 ], [ 127.175981385787352, 37.545636512822448 ], [ 127.175938015016612, 37.54561827835262 ], [ 127.17585910642606, 37.545518718824702 ], [ 127.175768312850849, 37.545404263249424 ], [ 127.175750845441726, 37.545342625631861 ], [ 127.17575079845939, 37.545342234314369 ], [ 127.175744902859108, 37.545293359222505 ], [ 127.175744857004958, 37.545292968809441 ], [ 127.175743910892322, 37.545290033199009 ], [ 127.175725557623082, 37.545232990960955 ], [ 127.175717420342096, 37.545207703605612 ], [ 127.175641971629886, 37.545228925218694 ], [ 127.17562242615702, 37.545230206436244 ], [ 127.175470677779586, 37.54524015957967 ], [ 127.175412752885435, 37.545214876873082 ], [ 127.175383243584605, 37.545201997399822 ], [ 127.175284550887909, 37.54521512470221 ], [ 127.175169195287722, 37.545230468489002 ], [ 127.175024963600819, 37.545249267814583 ], [ 127.174807026378019, 37.545274644004877 ], [ 127.174637604352398, 37.54525912465845 ], [ 127.174477099595933, 37.545277659445148 ], [ 127.174351656918688, 37.545292845730728 ], [ 127.174337350742178, 37.545294576539241 ], [ 127.174314663135846, 37.54529732349274 ], [ 127.17420689538308, 37.545410951288879 ], [ 127.174172593550367, 37.545561070312729 ], [ 127.174137929031403, 37.545712037398907 ], [ 127.173938617910551, 37.54561575149237 ], [ 127.173918854102055, 37.545606313801684 ], [ 127.17391472962737, 37.545604344666934 ], [ 127.173905709107586, 37.545600037414367 ], [ 127.173905822358421, 37.54558183484469 ], [ 127.173808966842799, 37.545567793709957 ], [ 127.173615459524399, 37.545539748720927 ], [ 127.173406898572438, 37.545569055617136 ], [ 127.173406468393551, 37.545569057131402 ], [ 127.173241860940351, 37.545569523828995 ], [ 127.173235962973948, 37.545569541759413 ], [ 127.173205115291239, 37.545569237362194 ], [ 127.173075124359613, 37.545556199966754 ], [ 127.172581595959187, 37.545529490017493 ], [ 127.172482219189632, 37.545524110946211 ], [ 127.172193732150788, 37.545531893143114 ], [ 127.172107046768929, 37.545534232145314 ], [ 127.171788032881636, 37.545434176893245 ], [ 127.171571690126513, 37.545385772857671 ], [ 127.171527986682491, 37.545326246534003 ], [ 127.171525044003772, 37.545322240834871 ], [ 127.171513869751635, 37.545307019199598 ], [ 127.17114471205555, 37.545154177212275 ], [ 127.171065244633368, 37.54512127541048 ], [ 127.171027918011347, 37.54511233813826 ], [ 127.170740275581906, 37.54504346422884 ], [ 127.17049604559466, 37.544954282436784 ], [ 127.170370084169704, 37.544908286216319 ], [ 127.169989257904703, 37.544833652045547 ], [ 127.169763582548669, 37.544804691508773 ], [ 127.169632031887019, 37.544824114605952 ], [ 127.169617240319596, 37.544826298669435 ], [ 127.169476027872136, 37.544868777383044 ], [ 127.169386839669173, 37.544895606237681 ], [ 127.168970944612269, 37.545081554431533 ], [ 127.168968566054858, 37.545082617672925 ], [ 127.168907630928999, 37.54510986157063 ], [ 127.168822674209551, 37.545147845324102 ], [ 127.168769421557272, 37.545145519183727 ], [ 127.168448049561434, 37.545131479109223 ], [ 127.168248359303519, 37.545122754669798 ], [ 127.168195242502293, 37.545091573547637 ], [ 127.168170455078624, 37.545078940796039 ], [ 127.167949769149345, 37.545059538877226 ], [ 127.167941563652306, 37.545060181003521 ], [ 127.16773441957551, 37.545076382461161 ], [ 127.167715490078564, 37.545077863302609 ], [ 127.167652347186689, 37.54494213610409 ], [ 127.167651546094802, 37.54494077550612 ], [ 127.167650472756733, 37.544939541233056 ], [ 127.167649157592635, 37.544938465819349 ], [ 127.167647636694767, 37.544937579111298 ], [ 127.167645950707339, 37.544936905559894 ], [ 127.167644149358694, 37.544936463332249 ], [ 127.167642280129172, 37.544936266983626 ], [ 127.167640345250717, 37.544936323731228 ], [ 127.16763845109611, 37.544936641986595 ], [ 127.167636650901756, 37.544937214688765 ], [ 127.167553899128478, 37.544970307570793 ], [ 127.167552268885359, 37.544971101582334 ], [ 127.167550831295131, 37.544972103448075 ], [ 127.167549623842149, 37.544973284430185 ], [ 127.167548685174836, 37.544974608583281 ], [ 127.167548038085485, 37.544976041719956 ], [ 127.167547705410414, 37.544977539738099 ], [ 127.167547691857791, 37.544979062089965 ], [ 127.167548002159847, 37.544980562819738 ], [ 127.167548622908583, 37.544982002229986 ], [ 127.16760651296579, 37.545086388074672 ], [ 127.167596833060898, 37.545087144104258 ], [ 127.167586836072772, 37.545087926281106 ], [ 127.167570701272879, 37.545093800964104 ], [ 127.16758761427684, 37.545123760070062 ], [ 127.167588224055578, 37.545125121031212 ], [ 127.167588549491413, 37.54512652806244 ], [ 127.167588591688286, 37.545127987476292 ], [ 127.167588338546295, 37.545129419919434 ], [ 127.167587802629569, 37.545130800189277 ], [ 127.167586996534325, 37.545132095872418 ], [ 127.167585939664846, 37.545133270969309 ], [ 127.167584661577479, 37.545134297621047 ], [ 127.167583194096594, 37.545135147073871 ], [ 127.167581572398632, 37.545135800498336 ], [ 127.167518794641651, 37.545156225142073 ], [ 127.16751692243669, 37.545156697589114 ], [ 127.16751504688456, 37.545156904126763 ], [ 127.167513154341137, 37.545156858236894 ], [ 127.167511296874935, 37.545156560967484 ], [ 127.16750952877851, 37.54515602238633 ], [ 127.167507882868208, 37.545155245289905 ], [ 127.167506450604819, 37.545154282214398 ], [ 127.167505226336246, 37.545153131341166 ], [ 127.167504246210839, 37.545151809897781 ], [ 127.167487405766224, 37.545124126006513 ], [ 127.167303471006335, 37.545191092424204 ], [ 127.16713818995899, 37.545209064764002 ], [ 127.167076680444168, 37.545215619078689 ], [ 127.167026664860074, 37.545208832356927 ], [ 127.167008940093297, 37.545206428033225 ], [ 127.166978169815636, 37.545202250904666 ], [ 127.166891719614313, 37.545126346354259 ], [ 127.166852999433729, 37.545044776185968 ], [ 127.166854846920302, 37.545044262217317 ], [ 127.166856513160013, 37.545043521497 ], [ 127.166857998088688, 37.545042568446512 ], [ 127.166859260833604, 37.545041429991208 ], [ 127.16686026503011, 37.545040137575988 ], [ 127.16686098220147, 37.545038730780171 ], [ 127.166861391807046, 37.545037246501352 ], [ 127.166861481194218, 37.545035729771691 ], [ 127.166861460567532, 37.545035277232877 ], [ 127.166852844747567, 37.544844741454497 ], [ 127.16685262490823, 37.544843266216105 ], [ 127.166852101474504, 37.544841838794369 ], [ 127.166851290125962, 37.544840497090526 ], [ 127.166850215582343, 37.544839282636616 ], [ 127.166848902619364, 37.544838224345973 ], [ 127.166847389588895, 37.544837352972863 ], [ 127.166845717146956, 37.544836690264539 ], [ 127.166843931617564, 37.544836256181505 ], [ 127.166842079364798, 37.544836061670857 ], [ 127.166841062822698, 37.54483605880278 ], [ 127.166840693700252, 37.544836077591164 ], [ 127.166757185206833, 37.544841007620562 ], [ 127.16674646070264, 37.544818061283173 ], [ 127.166800889288453, 37.544588411495965 ], [ 127.166823220958619, 37.544540000489427 ], [ 127.166923647364754, 37.544322298988718 ], [ 127.16691683168024, 37.544306232022578 ], [ 127.166896682832927, 37.544277261490315 ], [ 127.166893945034587, 37.5442733238553 ], [ 127.166885086828202, 37.544272607526487 ], [ 127.166637354775162, 37.544252564410726 ], [ 127.166309449142545, 37.544302641465471 ], [ 127.166285639153784, 37.544306277850097 ], [ 127.166166837755981, 37.544312631910046 ], [ 127.165988953644401, 37.544322433180625 ], [ 127.165794522181116, 37.544333144591057 ], [ 127.165783577324277, 37.544336818186572 ], [ 127.165689686517695, 37.544334137673289 ], [ 127.165448688190992, 37.544374044084137 ], [ 127.165448572748019, 37.544387718227249 ], [ 127.165448398429092, 37.54438923561667 ], [ 127.165447906215533, 37.544390707939016 ], [ 127.165447108752716, 37.544392091965008 ], [ 127.165446029981752, 37.544393349905505 ], [ 127.165444700627759, 37.54439444579333 ], [ 127.165443159323758, 37.544395347289139 ], [ 127.165441449190467, 37.544396031079827 ], [ 127.165439617880637, 37.54439647296379 ], [ 127.165437719766544, 37.544396664982855 ], [ 127.165295830489157, 37.544401298761279 ], [ 127.165253550106002, 37.544436663489037 ], [ 127.165188420331631, 37.544486877250783 ], [ 127.165197411192096, 37.544574877778921 ], [ 127.165170269041639, 37.544627727533204 ], [ 127.165168179245839, 37.544631797538578 ], [ 127.164885074610453, 37.544694132610644 ], [ 127.164726825530281, 37.54468899815167 ], [ 127.164573977840845, 37.544732007619153 ], [ 127.164467348644223, 37.544808738152533 ], [ 127.164370356738928, 37.544842659948486 ], [ 127.164241069394208, 37.544824818717331 ], [ 127.164045507047661, 37.544900266611158 ], [ 127.163926411160176, 37.544895310969451 ], [ 127.16391448413863, 37.544894815529311 ], [ 127.163865769738905, 37.544905428240462 ], [ 127.163715501859485, 37.54493816487583 ], [ 127.16348775881076, 37.54501534093032 ], [ 127.163431723421695, 37.545019922358172 ], [ 127.163358506897211, 37.545013265348786 ], [ 127.163313070354562, 37.545016148135829 ], [ 127.163281786027113, 37.54501759664398 ], [ 127.163260741177524, 37.545013687842641 ], [ 127.163236363355708, 37.545011355016911 ], [ 127.163234561947462, 37.54501118312858 ], [ 127.163169798484503, 37.544987620846143 ], [ 127.163164314451919, 37.544990250681913 ], [ 127.163162729596706, 37.544991010510699 ], [ 127.163126978424955, 37.544953189489227 ], [ 127.162979317592146, 37.54479698862901 ], [ 127.16291458982667, 37.544706978360672 ], [ 127.162858509564231, 37.544633085552029 ], [ 127.162790110094491, 37.544552816498651 ], [ 127.16277915439791, 37.544540008493506 ], [ 127.162778201649957, 37.544538660949797 ], [ 127.162777552777897, 37.544537203407124 ], [ 127.162777225702968, 37.544535678280397 ], [ 127.16277723154208, 37.54453413066917 ], [ 127.162777568952166, 37.54453260744009 ], [ 127.162778229810215, 37.544531152736397 ], [ 127.162779192409232, 37.544529810662539 ], [ 127.162780429418746, 37.544528617194665 ], [ 127.162781904444245, 37.544527610085794 ], [ 127.162789081800881, 37.544523505978326 ], [ 127.162744534651054, 37.544473511246231 ], [ 127.162727278437174, 37.544480496140451 ], [ 127.162715207259524, 37.544485380360371 ], [ 127.162591438950301, 37.544317461120045 ], [ 127.162480551904082, 37.544141352792238 ], [ 127.162180546832403, 37.543826693264542 ], [ 127.161709468504469, 37.543459898901865 ], [ 127.161262651689171, 37.542948625390011 ], [ 127.160916948976052, 37.542509020738827 ], [ 127.160839759632822, 37.542377913148179 ], [ 127.160698867156043, 37.542135402347526 ], [ 127.16053593811337, 37.541921638070193 ], [ 127.160343562715781, 37.541669224343977 ], [ 127.160310421137325, 37.541625739528826 ], [ 127.160095897686745, 37.541514530332847 ], [ 127.159923965681969, 37.541392000695723 ], [ 127.159723410819481, 37.541356508916238 ], [ 127.159647411253999, 37.541283126808274 ], [ 127.159640880395528, 37.541257099350851 ], [ 127.159597122370045, 37.541082722130646 ], [ 127.159583379075542, 37.541028223469247 ], [ 127.159583213451839, 37.541027555086799 ], [ 127.159572875139489, 37.540986745222092 ], [ 127.159304595160194, 37.540862929163836 ], [ 127.159256923411732, 37.540814006608109 ], [ 127.159101517659224, 37.540725519906054 ], [ 127.158959390579611, 37.540483847085177 ], [ 127.158688985181243, 37.540227709781441 ], [ 127.158451517072507, 37.540002772028664 ], [ 127.158247137848051, 37.539749649500571 ], [ 127.15817010424837, 37.539689214124678 ], [ 127.157971418176047, 37.539533488337945 ], [ 127.157651394846653, 37.539269811982606 ], [ 127.157395617902722, 37.53895142404582 ], [ 127.157315366466435, 37.538697846907752 ], [ 127.157263240887474, 37.538602701664203 ], [ 127.157174631638284, 37.538440961016242 ], [ 127.157038982010349, 37.538400151206041 ], [ 127.156940819950833, 37.53837061885983 ], [ 127.156941371132561, 37.537967166023051 ], [ 127.156941346577128, 37.537966843266048 ], [ 127.156893506429654, 37.537834855627082 ], [ 127.156869563049923, 37.537796317056312 ], [ 127.156788842130752, 37.537658174005614 ], [ 127.156711951050809, 37.537577744183501 ], [ 127.156555304857235, 37.537457533555369 ], [ 127.156540535624686, 37.537446199305123 ], [ 127.156525133487193, 37.537448228529762 ], [ 127.156503784102469, 37.537451040858251 ], [ 127.156380371364833, 37.537403585026404 ], [ 127.156375330819841, 37.537401645962717 ], [ 127.15633831167321, 37.537369601365434 ], [ 127.156308062474125, 37.537366909312219 ], [ 127.156296071790351, 37.537377350883169 ], [ 127.156294686119395, 37.537378384311758 ], [ 127.156293171331569, 37.537379188419919 ], [ 127.156291514856051, 37.537379789310407 ], [ 127.156289758643211, 37.537380171782239 ], [ 127.156287948022594, 37.537380324249725 ], [ 127.156286130550214, 37.53738024324587 ], [ 127.156284352621341, 37.537379931609749 ], [ 127.156282659474414, 37.537379397585234 ], [ 127.156281096319006, 37.537378655725675 ], [ 127.156279703832908, 37.537377721472481 ], [ 127.156278515844647, 37.537376622866248 ], [ 127.156267327583976, 37.537364398549336 ], [ 127.156266218222157, 37.537363185699519 ], [ 127.15626477902164, 37.537363058024461 ], [ 127.156120911219276, 37.537350256331536 ], [ 127.156032762598244, 37.537342412891057 ], [ 127.155967187324407, 37.537141721370581 ], [ 127.155940249859796, 37.537059279613615 ], [ 127.155696703522239, 37.536750160646022 ], [ 127.155615943696063, 37.536650972403272 ], [ 127.155261596609861, 37.536215763925327 ], [ 127.155228723980414, 37.536136411646346 ], [ 127.155048677427573, 37.53574921996568 ], [ 127.154865253000665, 37.535358084594925 ], [ 127.154526060808067, 37.534868888980853 ], [ 127.15446591679553, 37.534826659302794 ], [ 127.154277017940174, 37.534694026085212 ], [ 127.15402132884951, 37.534514495793069 ], [ 127.153990868737068, 37.534433515156991 ], [ 127.153816932549546, 37.53397107338202 ], [ 127.153726154810684, 37.533860062889502 ], [ 127.153566801450012, 37.533665191706497 ], [ 127.153756203236824, 37.532858250008168 ], [ 127.153802113382469, 37.532662504322012 ], [ 127.153848430922181, 37.532400598367289 ], [ 127.153933503814471, 37.531919785099426 ], [ 127.153747149686907, 37.531600087094226 ], [ 127.153725104643655, 37.531562265490884 ], [ 127.153618179628253, 37.53148413412157 ], [ 127.15354870529363, 37.531440069370461 ], [ 127.153376741353455, 37.531330998052276 ], [ 127.153325237183964, 37.531034566121313 ], [ 127.153325180111878, 37.531034181074077 ], [ 127.153338247181608, 37.531022622564436 ], [ 127.15341451728159, 37.530934171758737 ], [ 127.153432062821366, 37.530913822821347 ], [ 127.153527832712726, 37.530486963941733 ], [ 127.153539046938292, 37.530436979599848 ], [ 127.153539105868532, 37.530436718379008 ], [ 127.153522013656215, 37.530416350730412 ], [ 127.153129015697701, 37.529948053115959 ], [ 127.15316744730319, 37.529833827850183 ], [ 127.153228556133868, 37.529652208834143 ], [ 127.153290244212229, 37.52946886267641 ], [ 127.153290180196521, 37.529468510958921 ], [ 127.153260400542408, 37.529349449698373 ], [ 127.153249991593896, 37.52930786653873 ], [ 127.153232277409003, 37.529237098493475 ], [ 127.153190797284651, 37.529159409435032 ], [ 127.153163775991516, 37.529108803562508 ], [ 127.152779036725789, 37.528802110888314 ], [ 127.152686928544355, 37.528529111660205 ], [ 127.152454239095562, 37.528356182123133 ], [ 127.152348441588089, 37.528277553539631 ], [ 127.152097973757762, 37.528075597708138 ], [ 127.151979878254338, 37.527980374616639 ], [ 127.151756757420017, 37.527800466537556 ], [ 127.151637562311876, 37.527704355626447 ], [ 127.151355918837226, 37.527413296230797 ], [ 127.151100117751369, 37.527164998119503 ], [ 127.150782621798001, 37.526856811070061 ], [ 127.150726102539863, 37.526789028548357 ], [ 127.150669506904421, 37.526716289204259 ], [ 127.150401975379566, 37.526372448745306 ], [ 127.150267434975291, 37.52633077721778 ], [ 127.149868700108826, 37.526207273358054 ], [ 127.149479335882603, 37.525778104800068 ], [ 127.149455368481398, 37.525750682847061 ], [ 127.149470797222051, 37.525701133200414 ], [ 127.149585612593654, 37.525332372167256 ], [ 127.149595919132139, 37.525293676783789 ], [ 127.149491067881073, 37.525054272217695 ], [ 127.149476293774541, 37.525020540098275 ], [ 127.149235874928664, 37.524829947939217 ], [ 127.149208526540519, 37.524763812459454 ], [ 127.149025444334796, 37.524333528734914 ], [ 127.149025436674705, 37.524333231263832 ], [ 127.149022397244039, 37.524222034246115 ], [ 127.149022347027199, 37.52422164110456 ], [ 127.149008938967171, 37.524119851396733 ], [ 127.149008888750458, 37.52411945825515 ], [ 127.148787766833408, 37.523820563881841 ], [ 127.148595612175143, 37.523560824664813 ], [ 127.148595809238628, 37.523531597795532 ], [ 127.148598399168932, 37.523191737395116 ], [ 127.148476354237189, 37.523113288604812 ], [ 127.148179186134229, 37.522922273853936 ], [ 127.147829596294429, 37.522392534568418 ], [ 127.147829546080757, 37.52239214232759 ], [ 127.147809475668538, 37.522240478433559 ], [ 127.147797483706285, 37.522149865123872 ], [ 127.147797432365522, 37.522149471978324 ], [ 127.147747257911107, 37.522144261214557 ], [ 127.146540693200578, 37.522018964036931 ], [ 127.145932490891539, 37.521955800331362 ], [ 127.145780938468903, 37.521941373940386 ], [ 127.145778965717625, 37.521941185949359 ], [ 127.145768954909698, 37.521940232032293 ], [ 127.145665745920155, 37.521931918373468 ], [ 127.145652583551751, 37.521732083684263 ], [ 127.145646151234502, 37.521634433700832 ], [ 127.145642633395255, 37.52158120241176 ], [ 127.145641713803641, 37.521579431186609 ], [ 127.14564021672237, 37.521576535135623 ], [ 127.145589731801778, 37.521478691674702 ], [ 127.145549063314675, 37.521400654366779 ], [ 127.14554324841194, 37.521389496119646 ], [ 127.145509384726523, 37.521333224502712 ], [ 127.145486529825519, 37.521307349096567 ], [ 127.145437776896671, 37.521231950096229 ], [ 127.145414328262575, 37.521167503744778 ], [ 127.145389987863382, 37.521104742955899 ], [ 127.145339992087855, 37.521023713898963 ], [ 127.145271140810664, 37.520879080580542 ], [ 127.145249619849849, 37.520811243662017 ], [ 127.145239078946929, 37.520753538546145 ], [ 127.145194552617113, 37.5206696919793 ], [ 127.145147329195879, 37.520559657318785 ], [ 127.145131340714244, 37.520516032177753 ], [ 127.145122245078539, 37.520474093456677 ], [ 127.14511171927181, 37.520423983223075 ], [ 127.145077723173742, 37.520304084141479 ], [ 127.145056813241595, 37.520271448892224 ], [ 127.145008952181897, 37.520200553771438 ], [ 127.144977719270173, 37.520134989676819 ], [ 127.144950550111645, 37.520071106205137 ], [ 127.144914489332052, 37.51997147242988 ], [ 127.144885170912531, 37.51989549164891 ], [ 127.144844137736229, 37.519786574223275 ], [ 127.144804512803574, 37.519673998794488 ], [ 127.144785957873069, 37.519624463783089 ], [ 127.144801043505154, 37.519591333726915 ], [ 127.144800940703291, 37.519591057601858 ], [ 127.144792707427982, 37.519568744933196 ], [ 127.144793133319254, 37.519567229226581 ], [ 127.144803045192745, 37.519531928460204 ], [ 127.14480296274732, 37.519531655100465 ], [ 127.144787055060206, 37.519478951659508 ], [ 127.144797914859652, 37.519433942500072 ], [ 127.144800658142543, 37.519389736378038 ], [ 127.14482673372369, 37.519254276509535 ], [ 127.144829882791413, 37.519144747398805 ], [ 127.14484148134251, 37.519111225573525 ], [ 127.144837634168297, 37.518867616259378 ], [ 127.144837606297173, 37.518867288982158 ], [ 127.144805000818778, 37.518774396895978 ], [ 127.14480490702816, 37.518774129811575 ], [ 127.144862738906909, 37.518606248880012 ], [ 127.144884631761414, 37.518502040051573 ], [ 127.144902225571244, 37.518389941312918 ], [ 127.144886367489235, 37.518366444771679 ], [ 127.144886325223283, 37.518366050750565 ], [ 127.144875164501869, 37.518243698222783 ], [ 127.144875121104448, 37.518243304198265 ], [ 127.144869964763885, 37.518131221782347 ], [ 127.14486995240209, 37.518130964857747 ], [ 127.144839516800445, 37.518018670322448 ], [ 127.144827299662282, 37.517973592655714 ], [ 127.144855659554921, 37.517747606173515 ], [ 127.144895371403678, 37.517637232426097 ], [ 127.144913325469275, 37.517587330358261 ], [ 127.14496902699959, 37.517412414132586 ], [ 127.145011241542974, 37.517311848343958 ], [ 127.145083030231476, 37.517143942505555 ], [ 127.145082965158394, 37.517143585371656 ], [ 127.145071600621122, 37.517081674691894 ], [ 127.145071550152025, 37.517081340135839 ], [ 127.145072373996982, 37.516956613377388 ], [ 127.145085819644223, 37.516903572715528 ], [ 127.145090437995975, 37.516885350286046 ], [ 127.145093673146548, 37.516872227198014 ], [ 127.145093771209233, 37.516871830894488 ], [ 127.145080962350264, 37.516872134020936 ], [ 127.145091813136617, 37.516835359607562 ], [ 127.145091936170886, 37.516834947154557 ], [ 127.145112261348629, 37.516832678211784 ], [ 127.145121734093976, 37.516794653074513 ], [ 127.145122773221729, 37.51678789419698 ], [ 127.145265314690675, 37.516643282807777 ], [ 127.145328859476663, 37.516607156055748 ], [ 127.145389659294196, 37.516513324997625 ], [ 127.145402073070898, 37.516489605130602 ], [ 127.145407957366814, 37.516478361208769 ], [ 127.14543404098653, 37.516428523116232 ], [ 127.14544427430485, 37.516332779864271 ], [ 127.145433928211972, 37.516188074268271 ], [ 127.145429244902857, 37.516139931207 ], [ 127.145439167085215, 37.516064738919532 ], [ 127.145317810369846, 37.516006601009323 ], [ 127.145197851218185, 37.515934388834879 ], [ 127.145108537881967, 37.515904935386388 ], [ 127.145023970246982, 37.5158616737816 ], [ 127.144944459886233, 37.515777301879133 ], [ 127.144899789044459, 37.515710070368826 ], [ 127.144895275528725, 37.515706890322427 ], [ 127.144854300895389, 37.515678021863096 ], [ 127.144754383892433, 37.515645481554678 ], [ 127.144620380103291, 37.515610623966147 ], [ 127.144603552785739, 37.515606246808424 ], [ 127.144507785356438, 37.515614526037496 ], [ 127.144444686788489, 37.51561179157229 ], [ 127.144290236451283, 37.515626340484083 ], [ 127.144121112490609, 37.515633581826116 ], [ 127.143982002157813, 37.515624459975619 ], [ 127.143882706171851, 37.515639211542464 ], [ 127.143647410569685, 37.515609374446235 ], [ 127.143568546934617, 37.515600205814813 ], [ 127.143374116920867, 37.515577601412382 ], [ 127.143239726304685, 37.515586606663355 ], [ 127.14305320078212, 37.515599104725609 ], [ 127.142874172876404, 37.515602138351881 ], [ 127.142624579553186, 37.515583850178025 ], [ 127.14241415596662, 37.515619861701389 ], [ 127.142156871319528, 37.51565040114663 ], [ 127.142136210548117, 37.515652854245083 ], [ 127.14206283390412, 37.515639221475404 ], [ 127.142045860572324, 37.515636067557594 ], [ 127.142040056833622, 37.51563651416901 ], [ 127.141829914520926, 37.515652650521737 ], [ 127.141745608816976, 37.515645713964631 ], [ 127.141704871118208, 37.515599027956796 ], [ 127.141519947515846, 37.515580560441741 ], [ 127.141186573134419, 37.515547266875252 ], [ 127.140808411704526, 37.515575023175707 ], [ 127.140614380878404, 37.515588766379892 ], [ 127.140615539419272, 37.515548220437765 ], [ 127.140748046913274, 37.515451488516213 ], [ 127.140754614931069, 37.515446694330976 ], [ 127.14094680972579, 37.51529837050753 ], [ 127.141175143794072, 37.515101854094254 ], [ 127.141209672794616, 37.515044366604492 ], [ 127.141371244789866, 37.514967590028 ], [ 127.14154508310213, 37.514930228160246 ], [ 127.141668370000602, 37.514892069115504 ], [ 127.141766849490494, 37.514816493171345 ], [ 127.142002080639614, 37.514716537100348 ], [ 127.142105187910786, 37.51466010175281 ], [ 127.142207698101529, 37.514568473614311 ], [ 127.142335152314089, 37.514490333155301 ], [ 127.142571031323882, 37.514363064896081 ], [ 127.142583223949643, 37.514363050413991 ], [ 127.142594715005544, 37.514363036511824 ], [ 127.142597178583031, 37.514361339494769 ], [ 127.142605652137291, 37.514356265240046 ], [ 127.142642020128193, 37.51433426581972 ], [ 127.142649769388541, 37.514325650631463 ], [ 127.142701574013358, 37.514268061728508 ], [ 127.142725446268472, 37.514241524893201 ], [ 127.142827660637906, 37.5141805857169 ], [ 127.142845310607257, 37.514170149962084 ], [ 127.142919047033431, 37.514098260500091 ], [ 127.143030122297958, 37.514044914850594 ], [ 127.143112051742079, 37.514005398033127 ], [ 127.143325514389602, 37.51389899550459 ], [ 127.143429935979327, 37.513880283070243 ], [ 127.143394567935815, 37.513869631285012 ], [ 127.14339791846956, 37.513746676967557 ], [ 127.143398863340934, 37.513711949517429 ], [ 127.143372667154779, 37.513694521048841 ], [ 127.143402324548831, 37.513677032266195 ], [ 127.143408719070948, 37.513663685303513 ], [ 127.143432957725892, 37.513613079509412 ], [ 127.143424230181196, 37.513573103984385 ], [ 127.143413835559357, 37.51355935660839 ], [ 127.143402958537862, 37.513544972316268 ], [ 127.143372307763727, 37.513504185173367 ], [ 127.143363020845968, 37.513450984100899 ], [ 127.143366706325025, 37.51343718458984 ], [ 127.143406706372019, 37.513278336085989 ], [ 127.143424237542504, 37.513206235135875 ], [ 127.143414390883109, 37.513137258573146 ], [ 127.143467601369736, 37.51305667175496 ], [ 127.14347474407711, 37.512904341819905 ], [ 127.143520730456245, 37.512691984958515 ], [ 127.143521325123359, 37.512689239407408 ], [ 127.143526026949814, 37.512667526310338 ], [ 127.143528352430579, 37.512656782805635 ], [ 127.142923839950782, 37.512728636758823 ], [ 127.142884665519418, 37.512733292830333 ], [ 127.142693009366724, 37.512694390994604 ], [ 127.142595557456801, 37.512652548865866 ], [ 127.142211288127484, 37.512527713481653 ], [ 127.142075167786771, 37.512506477860022 ], [ 127.141969450839738, 37.512475488685205 ], [ 127.141957231572306, 37.512471906596758 ], [ 127.14191637940371, 37.512459931673511 ], [ 127.141855607898364, 37.512454088684819 ], [ 127.141583706092177, 37.512427944731812 ], [ 127.14151069987652, 37.512418453591259 ], [ 127.141439621678899, 37.512400237683799 ], [ 127.141387408400917, 37.512355530347605 ], [ 127.14138279987192, 37.512346976869459 ], [ 127.141277981902363, 37.512152376706602 ], [ 127.141237689703956, 37.511677149155133 ], [ 127.141191068246471, 37.511506853254474 ], [ 127.141150135098613, 37.511258568185518 ], [ 127.141104998352446, 37.511126850466866 ], [ 127.141123119765993, 37.51108543754129 ], [ 127.141220419279392, 37.511046471667768 ], [ 127.141219430563808, 37.510988745546335 ], [ 127.141217185324493, 37.510822631527091 ], [ 127.141172881947384, 37.510761020564004 ], [ 127.140946889424001, 37.51039779764109 ], [ 127.14080050405444, 37.51037037395789 ], [ 127.140720411820666, 37.510349637041017 ], [ 127.140656742644055, 37.510324088094677 ], [ 127.140551462861339, 37.510255788963157 ], [ 127.140447675226298, 37.510230287269408 ], [ 127.140378981269592, 37.510226671005455 ], [ 127.140343044944018, 37.510224778699502 ], [ 127.140343894710483, 37.510207325540001 ], [ 127.140355342429871, 37.510158197491307 ], [ 127.140366864092485, 37.510108747880501 ], [ 127.140355281546377, 37.510052737227284 ], [ 127.140292168972636, 37.509949476278599 ], [ 127.140275396179462, 37.509919908347072 ], [ 127.140237737386769, 37.509853521122551 ], [ 127.140240336226555, 37.509791087287169 ], [ 127.140242978281563, 37.509727663888796 ], [ 127.140244703113652, 37.50960827852861 ], [ 127.140245372435956, 37.509585753763893 ], [ 127.140237129927385, 37.509525793590051 ], [ 127.140200627578707, 37.509377170633066 ], [ 127.14017806050488, 37.509308497532977 ], [ 127.140169981062996, 37.509238391232103 ], [ 127.140153632776162, 37.509173704859357 ], [ 127.140138465967283, 37.509113693835317 ], [ 127.140120260937792, 37.509110056364371 ], [ 127.140117327801491, 37.50905262174161 ], [ 127.140085226156373, 37.508996626953348 ], [ 127.140063498364427, 37.508904020752304 ], [ 127.140010397295541, 37.508763301650127 ], [ 127.139965812251035, 37.508640882665098 ], [ 127.13993485549166, 37.508523500545365 ], [ 127.140013846479462, 37.508524533599264 ], [ 127.140061852334753, 37.508490411057814 ], [ 127.140099442643759, 37.508463895794577 ], [ 127.140233083394378, 37.508362418492545 ], [ 127.140235372777568, 37.508360680430918 ], [ 127.140309267843449, 37.508304568619948 ], [ 127.140318808807592, 37.508278304978965 ], [ 127.14032052071758, 37.508273588864014 ], [ 127.14038083246318, 37.508105427145956 ], [ 127.140381564601512, 37.508025455236478 ], [ 127.140328565513059, 37.507880698470451 ], [ 127.140325613726546, 37.507872639428953 ], [ 127.140314919556275, 37.507825627938963 ], [ 127.140347129035618, 37.507751538607323 ], [ 127.140362825609586, 37.507740725000026 ], [ 127.140478649960656, 37.507660939391272 ], [ 127.14050967181069, 37.507639568798275 ], [ 127.140545203756631, 37.507643185025884 ], [ 127.140552624794083, 37.507643934105154 ], [ 127.140567294985303, 37.507645411909323 ], [ 127.14068736628721, 37.507592337326066 ], [ 127.140751437749941, 37.507549751814267 ], [ 127.140884834406066, 37.507437529690705 ], [ 127.141143017295263, 37.507157068986238 ], [ 127.1412564783178, 37.507060077456018 ], [ 127.141324662310254, 37.506981207211929 ], [ 127.141353454060294, 37.506947905517549 ], [ 127.141479492475028, 37.506778819638157 ], [ 127.141516650141654, 37.506708099855103 ], [ 127.141513098492837, 37.506702194175304 ], [ 127.14150708420074, 37.506697128300928 ], [ 127.141435234456708, 37.506626325541319 ], [ 127.141425469746039, 37.506616701813201 ], [ 127.141336195463481, 37.506503905767786 ], [ 127.141268526784572, 37.506418669486294 ], [ 127.141177862693297, 37.506318820755226 ], [ 127.141158864605728, 37.506302533136122 ], [ 127.140997149058705, 37.506163891949441 ], [ 127.140812850337966, 37.505978566178449 ], [ 127.140894990212502, 37.505867531165784 ], [ 127.140962266126365, 37.505775658020802 ], [ 127.140962678391702, 37.5057750968245 ], [ 127.141044245900346, 37.505642672465356 ], [ 127.141031868779137, 37.505581561323147 ], [ 127.141012145854148, 37.505484188627683 ], [ 127.14104459912501, 37.505414828354766 ], [ 127.141048396572302, 37.505406713221468 ], [ 127.14108712411425, 37.505420181860288 ], [ 127.141111015976605, 37.50544343475763 ], [ 127.141129432369283, 37.505461359293776 ], [ 127.141131913338867, 37.505463774366859 ], [ 127.141194789647216, 37.505442580575256 ], [ 127.141202731227281, 37.50543806634375 ], [ 127.14120845455615, 37.505434635119776 ], [ 127.141250744067094, 37.50540928568514 ], [ 127.141343081107195, 37.505363567812147 ], [ 127.141388096245109, 37.505341269599008 ], [ 127.141444794207672, 37.505323749793803 ], [ 127.14152585900851, 37.505298308835272 ], [ 127.141549701015464, 37.505289414444228 ], [ 127.142122557969827, 37.505075729640794 ], [ 127.142232988952969, 37.504884414908055 ], [ 127.142479501627193, 37.504786984983774 ], [ 127.142701817859106, 37.504699160175612 ], [ 127.142889520029115, 37.504625161750653 ], [ 127.143424026813946, 37.504413633290781 ], [ 127.143595957456029, 37.504409481299753 ], [ 127.143705168302873, 37.504406538811622 ], [ 127.1438763872615, 37.504402386068456 ], [ 127.143924799305481, 37.504400922177958 ], [ 127.144103266291381, 37.504396479984095 ], [ 127.144241101429046, 37.504340435700193 ], [ 127.144243902544204, 37.504339296703073 ], [ 127.144394273895813, 37.504278153134422 ], [ 127.144415462525203, 37.504269405208461 ], [ 127.144510806424037, 37.504230709191006 ], [ 127.144547184216378, 37.504215745192091 ], [ 127.144553456669371, 37.504212179351597 ], [ 127.144808859290919, 37.504066973894972 ], [ 127.144873741298582, 37.504030086053774 ], [ 127.145060142948665, 37.503779500819526 ], [ 127.14512613997654, 37.503690777981291 ], [ 127.145126087888741, 37.503598042138336 ], [ 127.145126062877139, 37.503556475772712 ], [ 127.145164583575564, 37.503556707764531 ], [ 127.145174002507304, 37.503556696397162 ], [ 127.145201159574924, 37.503556664395717 ], [ 127.145196960926555, 37.503578906403028 ], [ 127.145203267039008, 37.50364113101201 ], [ 127.145246463211947, 37.503591522709669 ], [ 127.145276977174902, 37.503556571206857 ], [ 127.145324935236474, 37.503556722420576 ], [ 127.14534058108292, 37.503556773001307 ], [ 127.1453499701189, 37.503563799361643 ], [ 127.145415979004014, 37.503613841013973 ], [ 127.145430775929668, 37.503596269217816 ], [ 127.145447550322032, 37.503576348998465 ], [ 127.145463934391429, 37.503556903524121 ], [ 127.145582593936666, 37.503415976570047 ], [ 127.14553456967829, 37.503350155658374 ], [ 127.145502503456996, 37.503305703425951 ], [ 127.145952068079524, 37.503226884592586 ], [ 127.146239409625665, 37.503229344467627 ], [ 127.146340544976965, 37.503351141838266 ], [ 127.14646588091469, 37.503355190060809 ], [ 127.146499938601252, 37.503356289791633 ], [ 127.146542180723927, 37.503357643849348 ], [ 127.146578146495116, 37.503317343415411 ], [ 127.146509434575464, 37.503237464656479 ], [ 127.14686537263394, 37.503259830224209 ], [ 127.147162200620969, 37.503371773972653 ], [ 127.147194285429933, 37.503383879546213 ], [ 127.14748403689731, 37.503284438342369 ], [ 127.147689718639541, 37.503213847986878 ], [ 127.14769492237518, 37.503212063487268 ], [ 127.147902432607324, 37.503418412588516 ], [ 127.147987056183538, 37.503502561735935 ], [ 127.148053826222963, 37.503577370000095 ], [ 127.148602436707378, 37.503722820908891 ], [ 127.149045113904052, 37.504000730570347 ], [ 127.149458238397941, 37.504261263658151 ], [ 127.149514327755242, 37.504296635472208 ], [ 127.150204570698634, 37.504742042267672 ], [ 127.150278066236581, 37.504654732263738 ], [ 127.150513962096511, 37.504374495835506 ], [ 127.150707126381192, 37.504179749311504 ], [ 127.150768894815556, 37.504117474788174 ], [ 127.150770372591822, 37.504115982896685 ], [ 127.150824348548653, 37.50406156591071 ], [ 127.150971850315244, 37.503942845414628 ], [ 127.151329988871595, 37.503654351419087 ], [ 127.151627510468828, 37.503416696447374 ], [ 127.151653731693344, 37.503395750411435 ], [ 127.15169985175919, 37.503352664304586 ], [ 127.151922647046575, 37.503144525948386 ], [ 127.152109143846261, 37.502970295862085 ], [ 127.152259887934235, 37.50297854730843 ], [ 127.152397511187033, 37.503043693575442 ], [ 127.152500622940536, 37.503091711438138 ], [ 127.152825249329766, 37.503057246936969 ], [ 127.15284425016938, 37.503055230547403 ], [ 127.152910023504916, 37.502990462673203 ], [ 127.153062403102311, 37.502840406301331 ], [ 127.153230832686361, 37.502679416452857 ], [ 127.153700845243989, 37.502667269414715 ], [ 127.153782135023704, 37.502666317893819 ], [ 127.153954063573764, 37.502663843567177 ], [ 127.154044834415174, 37.502637375040656 ], [ 127.154416756012793, 37.502528933773903 ], [ 127.15471058359968, 37.502434619983795 ], [ 127.155245732184682, 37.502262843874661 ], [ 127.155817115354296, 37.502079435175759 ], [ 127.155973039752851, 37.502024073429368 ], [ 127.156425923372083, 37.50186327790577 ], [ 127.156437960382078, 37.501859004403201 ], [ 127.156453076278297, 37.501863527233148 ], [ 127.156555016759768, 37.501894043624084 ], [ 127.157639924151923, 37.503081216690887 ], [ 127.157729241346502, 37.503178949704235 ], [ 127.158866119988787, 37.502390194315225 ], [ 127.159074446319664, 37.501879168146928 ], [ 127.159321353404138, 37.501483525350871 ], [ 127.159356560622072, 37.501427190785563 ], [ 127.159396904180738, 37.501362637074195 ], [ 127.160504272096006, 37.501094511077369 ], [ 127.160926538751312, 37.50068168215509 ], [ 127.16099728274763, 37.500612518140912 ], [ 127.161158785237177, 37.500454625632706 ], [ 127.161219493533892, 37.500395271968536 ], [ 127.161257756795678, 37.500275838493323 ], [ 127.161378067677603, 37.500207952986152 ], [ 127.16139030722708, 37.500201046677283 ], [ 127.161431089625978, 37.500022478359689 ], [ 127.161407736204339, 37.499949116227761 ], [ 127.161406361879003, 37.499944800170091 ], [ 127.161387847515627, 37.499710285568256 ], [ 127.161420169049407, 37.499705457671681 ], [ 127.161391214742181, 37.499634542903841 ], [ 127.161379275402922, 37.499605303630688 ], [ 127.161373184890977, 37.499590387549574 ], [ 127.161367773580224, 37.499577137330498 ], [ 127.161354435566778, 37.499537456265983 ], [ 127.161250929828199, 37.499390896290144 ], [ 127.161107333737235, 37.499275319131364 ], [ 127.16106932910894, 37.499244731422152 ], [ 127.161052857843089, 37.499215491730979 ], [ 127.161011322826155, 37.499141760965308 ], [ 127.161010750624271, 37.499134698048117 ], [ 127.161008140139941, 37.499102526331178 ], [ 127.16100515453968, 37.49906574306744 ], [ 127.160953207057403, 37.498982470318907 ], [ 127.160916367079508, 37.498952315852009 ], [ 127.160886221299677, 37.498927641946864 ], [ 127.160884522688704, 37.498926248972218 ], [ 127.160807664859192, 37.498844706471196 ], [ 127.160754467940535, 37.498758615089635 ], [ 127.160685832294376, 37.498639949157869 ], [ 127.160681406123445, 37.498632294691085 ], [ 127.160632987776808, 37.498549296934492 ], [ 127.16063228394431, 37.498545580396609 ], [ 127.160617068575121, 37.498465388409763 ], [ 127.160609758188684, 37.498426847669471 ], [ 127.160609393622238, 37.498355668707212 ], [ 127.160608916956932, 37.498263264130827 ], [ 127.16060887275728, 37.498254532502358 ], [ 127.160609782013481, 37.498101371939569 ], [ 127.160592817962765, 37.497936395434813 ], [ 127.160581743616419, 37.497795906946102 ], [ 127.160583629944426, 37.497768316240048 ], [ 127.160584963594104, 37.497730859430526 ], [ 127.160588276904008, 37.497655437495382 ], [ 127.160588261227829, 37.497655151718298 ], [ 127.160588974410601, 37.497639552978349 ], [ 127.160589342622288, 37.497631185783113 ], [ 127.160581091486151, 37.497603553330855 ], [ 127.160566563931511, 37.497554911003348 ], [ 127.160552080887228, 37.497533679247823 ], [ 127.160522110083562, 37.497489747227931 ], [ 127.160487691130427, 37.497439294576182 ], [ 127.160369126950499, 37.497356118515512 ], [ 127.160271172769257, 37.497238553317771 ], [ 127.160133066389847, 37.497165759502245 ], [ 127.160096929604023, 37.497146711587725 ], [ 127.160078753735974, 37.497133320920639 ], [ 127.16000844074108, 37.497081510142685 ], [ 127.15990235100135, 37.496961990501596 ], [ 127.159779430822795, 37.496823626171526 ], [ 127.159764948360447, 37.496659214607014 ], [ 127.159762905719489, 37.496612480261902 ], [ 127.159737324619684, 37.496547472390596 ], [ 127.159780267981787, 37.496405183413295 ], [ 127.159783827338799, 37.49639339211727 ], [ 127.159792056793705, 37.496359874294292 ], [ 127.159810901632184, 37.496244691095164 ], [ 127.159820695584799, 37.496222904508343 ], [ 127.159851172244544, 37.496155105200813 ], [ 127.159841903853888, 37.496087461858806 ], [ 127.159829995351245, 37.496000550585947 ], [ 127.159867786512024, 37.495836527480378 ], [ 127.159874123090717, 37.495809028008416 ], [ 127.159866406299258, 37.495706830867661 ], [ 127.159864663612353, 37.495683747347414 ], [ 127.159895008064666, 37.495578687089591 ], [ 127.159974368800107, 37.495422869735002 ], [ 127.159972042752216, 37.495385724171179 ], [ 127.159965416082926, 37.495279857111846 ], [ 127.159974195058822, 37.495169752015599 ], [ 127.159973228898622, 37.495049245979509 ], [ 127.159982256152617, 37.49497095430889 ], [ 127.160018270197895, 37.494707643544196 ], [ 127.160020490091071, 37.494610986827034 ], [ 127.160021181736425, 37.494580941870296 ], [ 127.160026179446419, 37.494376096189875 ], [ 127.160026216988967, 37.494374552262443 ], [ 127.160024614566538, 37.494371181960148 ], [ 127.159956113947914, 37.494227106481198 ], [ 127.15988125323257, 37.494081632661633 ], [ 127.159810596152397, 37.493923773543642 ], [ 127.159783348648446, 37.493819068414794 ], [ 127.159757665106099, 37.493645925450451 ], [ 127.159756999929499, 37.493641437448645 ], [ 127.159745499811081, 37.493636667662194 ], [ 127.159717446221038, 37.493572788352836 ], [ 127.159712202019506, 37.493562010065951 ], [ 127.159704850717674, 37.493546902770071 ], [ 127.159651964347233, 37.493434356700504 ], [ 127.159516984350503, 37.493274601277314 ], [ 127.159368007528755, 37.493174005095682 ], [ 127.159318457027183, 37.493136625985819 ], [ 127.159256192033638, 37.493102354139836 ], [ 127.159183674272455, 37.493064437314203 ], [ 127.159054783379318, 37.492938469410262 ], [ 127.15900732781364, 37.492891230790534 ], [ 127.158916080737285, 37.49277689531403 ], [ 127.158899990118812, 37.492756733125752 ], [ 127.158898917043174, 37.492755386995711 ], [ 127.158873400195105, 37.492720227740499 ], [ 127.158851573951011, 37.492691425638114 ], [ 127.158829516078484, 37.492662318201774 ], [ 127.158809627348262, 37.492636073447102 ], [ 127.15870820597037, 37.49250223446095 ], [ 127.158650869996109, 37.492426573295695 ], [ 127.158624254610487, 37.492368622535274 ], [ 127.158595890780674, 37.492306857552848 ], [ 127.158556122959652, 37.492220273905943 ], [ 127.15853869609586, 37.492182326603768 ], [ 127.158513931380355, 37.492107769032671 ], [ 127.158509530164693, 37.492094517080922 ], [ 127.158500125194294, 37.492079851748585 ], [ 127.158487708805112, 37.492060488816321 ], [ 127.158479398994473, 37.492047534732301 ], [ 127.158457472774373, 37.491956049630652 ], [ 127.158467713309051, 37.491948440178085 ], [ 127.158371935031226, 37.49162778883688 ], [ 127.158360776028104, 37.491590434699852 ], [ 127.158318512219296, 37.491403533674436 ], [ 127.158287151180204, 37.491275741351423 ], [ 127.158260211382768, 37.491149358019264 ], [ 127.158262868911081, 37.491114279217996 ], [ 127.158269663100256, 37.491024611365837 ], [ 127.158271671278243, 37.490997484319955 ], [ 127.158273316627245, 37.490975259643818 ], [ 127.158279285939287, 37.490894575099375 ], [ 127.158303210182339, 37.490891763538265 ], [ 127.15830509412686, 37.490891408441584 ], [ 127.158306872876736, 37.490890803362817 ], [ 127.158308497708617, 37.490889966188369 ], [ 127.158309918739235, 37.490888921110759 ], [ 127.158311095118393, 37.490887695954136 ], [ 127.158311992729736, 37.490886330279842 ], [ 127.158312585379278, 37.490884862770784 ], [ 127.158312854775062, 37.490883335738175 ], [ 127.158327582371697, 37.490667928927628 ], [ 127.158327605465487, 37.490667577462467 ], [ 127.158327560016303, 37.490666131543335 ], [ 127.158327224868088, 37.490664710024546 ], [ 127.158326607774967, 37.490663348983112 ], [ 127.158325725532336, 37.490662086324875 ], [ 127.158324600632525, 37.490660950958492 ], [ 127.158323261215685, 37.490659973611777 ], [ 127.1583217444919, 37.490659180531836 ], [ 127.158320085433616, 37.490658592551199 ], [ 127.158318330361965, 37.490658222422923 ], [ 127.158316524471132, 37.490658081995456 ], [ 127.158315849180838, 37.490658073732845 ], [ 127.158269633636394, 37.490657386623724 ], [ 127.158267848203423, 37.490657473398372 ], [ 127.15826610021243, 37.49065778381955 ], [ 127.158264437214399, 37.49065830901116 ], [ 127.158262897718885, 37.490659038268234 ], [ 127.15826152141608, 37.49065995007286 ], [ 127.158260344586125, 37.490661026502679 ], [ 127.158259394525274, 37.490662235187585 ], [ 127.158258693988742, 37.490663547349754 ], [ 127.158258470105537, 37.490664271398728 ], [ 127.15823539919856, 37.490611891302159 ], [ 127.158184579657771, 37.490555357656206 ], [ 127.158170197975892, 37.490518778357426 ], [ 127.158160637877572, 37.490510906125735 ], [ 127.158128141833558, 37.490484111892819 ], [ 127.158081881078175, 37.490445967500172 ], [ 127.158073206259502, 37.490438942401482 ], [ 127.158004991697183, 37.490393009748765 ], [ 127.157976560341211, 37.490373865398169 ], [ 127.157843271252815, 37.490309634037366 ], [ 127.157827413924466, 37.490301991415784 ], [ 127.157696475068718, 37.490215344366227 ], [ 127.157661932712287, 37.490191336500907 ], [ 127.157657930793661, 37.490188555013106 ], [ 127.157649464633721, 37.490182670713182 ], [ 127.157666477199285, 37.490164958633819 ], [ 127.157666989804994, 37.490164424708986 ], [ 127.157624902923217, 37.490117503931785 ], [ 127.157605000167393, 37.49009531416111 ], [ 127.157595560250755, 37.490099797227685 ], [ 127.157582856541623, 37.49010583199631 ], [ 127.157581551715282, 37.490106450155608 ], [ 127.15757268535333, 37.490099029667356 ], [ 127.157535192668874, 37.490067647266912 ], [ 127.157511025012298, 37.490085916359874 ], [ 127.157487645892118, 37.49006799256221 ], [ 127.157499870072598, 37.490060450234395 ], [ 127.157500581309364, 37.490060016937505 ], [ 127.157501937582424, 37.490059032073098 ], [ 127.157503074016418, 37.490057884325864 ], [ 127.157503964450214, 37.490056605167673 ], [ 127.157504581579119, 37.490055228771212 ], [ 127.157504915358373, 37.490053725362365 ], [ 127.157504947754433, 37.490052328342109 ], [ 127.157504685143365, 37.490050879990271 ], [ 127.157504130433125, 37.49004948667617 ], [ 127.157503302705635, 37.490048180904253 ], [ 127.157502218751532, 37.490047001481848 ], [ 127.157473961003589, 37.490020860224433 ], [ 127.157472656873352, 37.490019839704829 ], [ 127.157471161882071, 37.490018998904659 ], [ 127.157470281114954, 37.490018656536826 ], [ 127.157469517784548, 37.490018359577697 ], [ 127.157467764081503, 37.490017941668455 ], [ 127.157465950507657, 37.490017753433413 ], [ 127.157464009122364, 37.490017809998804 ], [ 127.157462107249373, 37.490018131679697 ], [ 127.15746030375108, 37.490018709633176 ], [ 127.157458650756325, 37.490019523279003 ], [ 127.157439023461606, 37.490031157962243 ], [ 127.157419196349508, 37.490016447897766 ], [ 127.157413286667904, 37.49001206184991 ], [ 127.157386380795998, 37.489992099736263 ], [ 127.157282323251593, 37.489950070178459 ], [ 127.157316817572237, 37.489948637918786 ], [ 127.157324409619619, 37.489950483399333 ], [ 127.157356657829752, 37.489961585290274 ], [ 127.157499821720563, 37.489929328675132 ], [ 127.1575906344233, 37.489908866847941 ], [ 127.157881938848547, 37.48989546200729 ], [ 127.157918266543575, 37.489893836580919 ], [ 127.15807516854214, 37.489894052826813 ], [ 127.158165899132072, 37.489894545229959 ], [ 127.158290911591962, 37.489894046073083 ], [ 127.158291262264811, 37.489894045284622 ], [ 127.158322019124967, 37.489894094580073 ], [ 127.158382093476391, 37.489894301655404 ], [ 127.158403430918824, 37.489824050648494 ], [ 127.158404070564046, 37.489819464555026 ], [ 127.158406832570421, 37.489799422599383 ], [ 127.15842588705145, 37.489802244878895 ], [ 127.158430210997921, 37.489793680000034 ], [ 127.15844654350073, 37.489762788799489 ], [ 127.158461966245056, 37.489730962956052 ], [ 127.158479670395423, 37.489707874317645 ], [ 127.158502780466733, 37.489679074035429 ], [ 127.158513606314841, 37.489665572247581 ], [ 127.158467108609855, 37.489637549634701 ], [ 127.158397253057558, 37.489594376041602 ], [ 127.158384711117606, 37.489582805922026 ], [ 127.158359709818839, 37.489569353778684 ], [ 127.158355615905037, 37.489567151625323 ], [ 127.158226366644868, 37.489497619732617 ], [ 127.158167027955301, 37.48946562269478 ], [ 127.157999870741548, 37.489385191537302 ], [ 127.157885176103861, 37.489330004247797 ], [ 127.157743562059267, 37.489261861977674 ], [ 127.157618525510131, 37.489201696880734 ], [ 127.157596886046264, 37.489191283803038 ], [ 127.157498823710696, 37.489139570425458 ], [ 127.157402070556898, 37.489088540391315 ], [ 127.15725670804251, 37.489011873282401 ], [ 127.157056374542194, 37.488884619621878 ], [ 127.156846326532971, 37.488773832368565 ], [ 127.156627579946459, 37.488658454951668 ], [ 127.156427247455824, 37.488574394496638 ], [ 127.156335038827493, 37.488525770825781 ], [ 127.156213128633169, 37.488461473367131 ], [ 127.156056235883753, 37.488378726677333 ], [ 127.156006999834929, 37.488352758344305 ], [ 127.155980604530228, 37.488338837434988 ], [ 127.155937959738935, 37.488316344997507 ], [ 127.155862917550181, 37.488276767464733 ], [ 127.15564865911594, 37.488163827777392 ], [ 127.155506609670553, 37.488088950163984 ], [ 127.155451675357895, 37.488059992284306 ], [ 127.155462277598787, 37.488042292467668 ], [ 127.155504578649499, 37.487993257217347 ], [ 127.155483117931482, 37.487981501240149 ], [ 127.155472362774645, 37.487975604699791 ], [ 127.155341336068204, 37.487936635129735 ], [ 127.154995066259232, 37.487746956305145 ], [ 127.154955119386955, 37.487725069896193 ], [ 127.154923512618879, 37.487707352306643 ], [ 127.154874943177546, 37.487680749985792 ], [ 127.154201932886124, 37.487312123302047 ], [ 127.153872790689377, 37.487131837556035 ], [ 127.153798481028019, 37.487091135952099 ], [ 127.153741249359825, 37.487059781927584 ], [ 127.153586911226967, 37.48692058788945 ], [ 127.153516575775697, 37.486882061935958 ], [ 127.153162455759741, 37.486688088545833 ], [ 127.15314191733431, 37.486679094827579 ], [ 127.153050079247819, 37.486638874897231 ], [ 127.152963289493798, 37.486600866349292 ], [ 127.15283139904389, 37.486528624801245 ], [ 127.152802044584845, 37.486512545631882 ], [ 127.15268274715919, 37.486447200307246 ], [ 127.152625374258903, 37.486415774117766 ], [ 127.152532261022827, 37.486364770618081 ], [ 127.152409617806583, 37.486297793622398 ], [ 127.152222545890339, 37.486195313207652 ], [ 127.152216404724683, 37.486191947462764 ], [ 127.152215506613999, 37.48619145718088 ], [ 127.152160178540967, 37.486161148166588 ], [ 127.15205597058339, 37.486104060766195 ], [ 127.152046077945911, 37.486098639669649 ], [ 127.151916908743928, 37.486030490997621 ], [ 127.151816903911566, 37.485975710642919 ], [ 127.151695426161083, 37.485909165388243 ], [ 127.151564393697328, 37.485870200623893 ], [ 127.151415427498279, 37.485788592430602 ], [ 127.15133014486085, 37.485741870933332 ], [ 127.151107849417158, 37.485620112771876 ], [ 127.15102810236165, 37.485576423368286 ], [ 127.151003199613413, 37.48556278157043 ], [ 127.150884526953419, 37.48549777157902 ], [ 127.150781737969098, 37.485441459714551 ], [ 127.15043020423191, 37.485248890988196 ], [ 127.150369416700329, 37.485207864881623 ], [ 127.150217546198718, 37.485105379088921 ], [ 127.150168889301213, 37.485072538028376 ], [ 127.150122284603981, 37.485041085718265 ], [ 127.150026004950249, 37.484976111428594 ], [ 127.149921710738326, 37.484905726758143 ], [ 127.149700211981013, 37.484672982377582 ], [ 127.149465957245127, 37.484426831591577 ], [ 127.149401760021945, 37.484335342784505 ], [ 127.149367139000063, 37.484283085282279 ], [ 127.149094700404618, 37.483882667230333 ], [ 127.148903983703804, 37.483957040103974 ], [ 127.148724140545241, 37.484027170726073 ], [ 127.148683055159253, 37.484043190203856 ], [ 127.148579029836384, 37.483889861563355 ], [ 127.148566702319428, 37.483871676819092 ], [ 127.14854938486792, 37.483846147332606 ], [ 127.148395959255112, 37.483619960279135 ], [ 127.148323414299909, 37.483513022783121 ], [ 127.148225203716493, 37.483368252460586 ], [ 127.148205915182373, 37.483308187571794 ], [ 127.148190530740052, 37.483260282898947 ], [ 127.148091266120502, 37.483106443394419 ], [ 127.148058634649132, 37.483065840665631 ], [ 127.148035968358769, 37.483032414535536 ], [ 127.147956255493582, 37.482914904977328 ], [ 127.147889198086048, 37.482816057981701 ], [ 127.147770380444754, 37.482624166494752 ], [ 127.147669785113663, 37.482425763682656 ], [ 127.147628861745275, 37.482323848699224 ], [ 127.147606900817109, 37.482269167698384 ], [ 127.147604605488112, 37.482263467831544 ], [ 127.147593710767765, 37.482236297041545 ], [ 127.147587950844027, 37.482221951764551 ], [ 127.147577694845822, 37.482187871211792 ], [ 127.147525328010218, 37.482013861532486 ], [ 127.147482304691025, 37.481802638907652 ], [ 127.147478617550163, 37.481773477762914 ], [ 127.147478391225988, 37.481771334543069 ], [ 127.147459074293764, 37.481589454459638 ], [ 127.147427935733973, 37.481087147075705 ], [ 127.147421523420761, 37.480983713421573 ], [ 127.14740473842194, 37.480712947329621 ], [ 127.14739685011763, 37.480585690688521 ], [ 127.147392755336242, 37.480519820222042 ], [ 127.147357535066789, 37.479953381931772 ], [ 127.147343756286958, 37.479731820374091 ], [ 127.147331331097334, 37.479531989356751 ], [ 127.147316440081241, 37.47929250171174 ], [ 127.147312621597237, 37.47923092165091 ], [ 127.147309315037504, 37.479177857414818 ], [ 127.147309273012297, 37.479177173153069 ], [ 127.147296656804642, 37.478973742391474 ], [ 127.14728211511752, 37.478739626098104 ], [ 127.147241524166972, 37.478632970732377 ], [ 127.147217868240205, 37.478251768522753 ], [ 127.147217073712753, 37.478238894650872 ], [ 127.14721706603072, 37.478228739843964 ], [ 127.147213820704962, 37.47817638605531 ], [ 127.147208593756034, 37.478092054012272 ], [ 127.147206827585919, 37.478063564686188 ], [ 127.147192754847964, 37.477836606589712 ], [ 127.147189707844518, 37.47778754337358 ], [ 127.147159166178042, 37.477295110944951 ], [ 127.147150630608891, 37.477249867545474 ], [ 127.147145331529458, 37.477221796714225 ], [ 127.147125098710376, 37.477222596193251 ], [ 127.147077878652738, 37.477224454389606 ], [ 127.146247626173079, 37.477257152784475 ], [ 127.146074370012101, 37.477263975562153 ], [ 127.145843521631477, 37.47727306547187 ], [ 127.145815654963982, 37.477274252867687 ], [ 127.145796879494284, 37.477274914973329 ], [ 127.145756465823141, 37.47727651452314 ], [ 127.145464796617915, 37.477288011855109 ], [ 127.145360306630479, 37.477292130294579 ], [ 127.144886946599925, 37.477310787399972 ], [ 127.144651819656033, 37.477320054112418 ], [ 127.144370476977386, 37.477331140833144 ], [ 127.144352011279764, 37.477033978022597 ], [ 127.144340318570855, 37.476845780044677 ], [ 127.144332654583451, 37.476722478094146 ], [ 127.144331365357118, 37.476710285045328 ], [ 127.144320992082655, 37.476612165403012 ], [ 127.144299823943911, 37.476502746190455 ], [ 127.14428664110423, 37.476456223074173 ], [ 127.144278558517641, 37.476427704768028 ], [ 127.144269220069546, 37.476394752467712 ], [ 127.144229357840274, 37.476288708455208 ], [ 127.144223641464478, 37.476276620153058 ], [ 127.144222820680923, 37.47627488435532 ], [ 127.144190674931451, 37.47620684441118 ], [ 127.14418040125409, 37.476185097769644 ], [ 127.144136753946214, 37.476109089352093 ], [ 127.144123513499764, 37.476084290759218 ], [ 127.144040508248594, 37.475951987937286 ], [ 127.144015859416385, 37.47591269705525 ], [ 127.143995320029191, 37.475879961563862 ], [ 127.143974931114215, 37.475847457271833 ], [ 127.143948313532405, 37.475805021887282 ], [ 127.143945426493715, 37.475800418926028 ], [ 127.143918581061996, 37.47575762410434 ], [ 127.143761194235452, 37.475506725031359 ], [ 127.143714768321331, 37.475425844303423 ], [ 127.14367543920352, 37.475342612563104 ], [ 127.143650791312425, 37.475277003523594 ], [ 127.143643430098535, 37.475257414472381 ], [ 127.143626701921264, 37.475198345286067 ], [ 127.143618858960224, 37.475170651500711 ], [ 127.143601859488157, 37.475082743190988 ], [ 127.143592511025943, 37.474994123342711 ], [ 127.143589013245659, 37.474937616978607 ], [ 127.143583776828109, 37.474853081902253 ], [ 127.143575386053527, 37.474717844487884 ], [ 127.143573364630782, 37.47468530088161 ], [ 127.143567229948928, 37.474586305181049 ], [ 127.143564257592431, 37.474538240788483 ], [ 127.143537515111078, 37.474106714958104 ], [ 127.143526588260514, 37.473930417154641 ], [ 127.143383742921486, 37.473936040597557 ], [ 127.142278922122316, 37.473979520645599 ], [ 127.142193284064902, 37.473982886644954 ], [ 127.142120845529917, 37.473985735517147 ], [ 127.141669190152143, 37.474003508100367 ], [ 127.141368625266963, 37.474015334330147 ], [ 127.141350096825875, 37.474016058675218 ], [ 127.141328483653396, 37.474016914266876 ], [ 127.140963485293767, 37.474031274099197 ], [ 127.140814269134225, 37.474026693246131 ], [ 127.140805240945241, 37.474026416123216 ], [ 127.140577117498594, 37.47401941286617 ], [ 127.140142375928065, 37.474036509966865 ], [ 127.140099846393014, 37.474038183166591 ], [ 127.139966030938979, 37.474070514018365 ], [ 127.139905874442576, 37.474072877965575 ], [ 127.139594827698872, 37.474085103097408 ], [ 127.139560327902686, 37.474086772652157 ], [ 127.139525079641018, 37.474088159588646 ], [ 127.139488150448443, 37.4740896161994 ], [ 127.139119589298062, 37.474104128920423 ], [ 127.139118959241117, 37.474104153135727 ], [ 127.138890857206547, 37.474113136018694 ], [ 127.13835623820043, 37.474134187430863 ], [ 127.138334052610702, 37.474135061454056 ], [ 127.138247832152203, 37.474129900395589 ], [ 127.138197722773285, 37.474126903162748 ], [ 127.138080002182264, 37.474131536212951 ], [ 127.138012763329414, 37.474134181263068 ], [ 127.137663884016249, 37.474147918677367 ], [ 127.137623109931468, 37.474149524259104 ], [ 127.137507299383088, 37.474153937254862 ], [ 127.137431757775474, 37.474153853306234 ], [ 127.137337249069674, 37.474153745347685 ], [ 127.137167032489728, 37.474153557192047 ], [ 127.13716101245474, 37.474153551325259 ], [ 127.137029934569085, 37.474153404732199 ], [ 127.136842519733207, 37.474153186712577 ], [ 127.136777609986865, 37.474155487586692 ], [ 127.136396953531545, 37.474170481930436 ], [ 127.136263138490193, 37.474202819401484 ], [ 127.136167007188035, 37.474206599412284 ], [ 127.136034435235729, 37.474211814747754 ], [ 127.136020426830811, 37.474212365597047 ], [ 127.135878015879427, 37.4742184473074 ], [ 127.135535678265867, 37.474236632413131 ], [ 127.135470911032598, 37.474240072335107 ], [ 127.135468283147048, 37.474240212051875 ], [ 127.135287311969961, 37.474257049060768 ], [ 127.135282894508563, 37.474265650680174 ], [ 127.135268991459569, 37.47426755832106 ], [ 127.135060385636038, 37.47429618607282 ], [ 127.134859014592465, 37.474328721601225 ], [ 127.134487702242851, 37.474388715917087 ], [ 127.134359836305066, 37.474409375312 ], [ 127.134339187997284, 37.474412713169016 ], [ 127.134072564856254, 37.474459349178026 ], [ 127.133717070595225, 37.474521529896322 ], [ 127.133660553583326, 37.474531415729253 ], [ 127.133576338284513, 37.474529478959809 ], [ 127.133520772602665, 37.474528202458686 ], [ 127.133420751111515, 37.474545700474749 ], [ 127.133130100606024, 37.474596546703488 ], [ 127.133122428317492, 37.474579859333772 ], [ 127.132856051701552, 37.47462645730419 ], [ 127.132739247905505, 37.47455537316025 ], [ 127.132733328556895, 37.474461981386028 ], [ 127.132730993753995, 37.474425105566688 ], [ 127.132726576427899, 37.474376069258476 ], [ 127.132713876582542, 37.474366200389639 ], [ 127.132687045742145, 37.474285787270844 ], [ 127.132654285416308, 37.473768863918593 ], [ 127.132651145132485, 37.473719341229476 ], [ 127.132613814255237, 37.473130279913136 ], [ 127.132605817612699, 37.473004082748169 ], [ 127.132592566455088, 37.472794986838657 ], [ 127.132599247297321, 37.472575867512859 ], [ 127.132600712879736, 37.472527830162981 ], [ 127.132604955640289, 37.472503206317683 ], [ 127.132623543292809, 37.472395357076643 ], [ 127.132658732962952, 37.47226461066456 ], [ 127.132667328925763, 37.472241310033937 ], [ 127.132697394021861, 37.472159834372505 ], [ 127.132759188807697, 37.471994324711197 ], [ 127.132776444744536, 37.471933456808394 ], [ 127.132776833709855, 37.471932084335279 ], [ 127.132800163405946, 37.471849793606914 ], [ 127.132828848225174, 37.471703403536914 ], [ 127.132837653921484, 37.47160552631042 ], [ 127.132845120313618, 37.471537763169316 ], [ 127.132831809080727, 37.471323056042692 ], [ 127.132824237916381, 37.471200927140039 ], [ 127.132656750874006, 37.471207526468 ], [ 127.132640810356193, 37.471083278560648 ], [ 127.132615530633174, 37.47096000483279 ], [ 127.132581032726904, 37.470838173464017 ], [ 127.132549807526885, 37.470759822451761 ], [ 127.132540018126107, 37.470732857382202 ], [ 127.132536484999022, 37.47072319366341 ], [ 127.132533543697377, 37.470715303871089 ], [ 127.132517195617098, 37.470676217560495 ], [ 127.132504256895345, 37.470647129890729 ], [ 127.132499832486772, 37.470637494946601 ], [ 127.132495408777714, 37.470627948338347 ], [ 127.132490980978744, 37.470618313383326 ], [ 127.132486443738003, 37.470608857459595 ], [ 127.132481791585292, 37.470599311943047 ], [ 127.132477254342447, 37.470589856920313 ], [ 127.132472601313864, 37.470580490772541 ], [ 127.132467949849826, 37.470571036295517 ], [ 127.132463188254505, 37.470561670711007 ], [ 127.132458422826403, 37.470552395251019 ], [ 127.132453658530352, 37.470543119794343 ], [ 127.132448782273798, 37.470533844890582 ], [ 127.132444016849234, 37.47052456942999 ], [ 127.132439140144882, 37.470515386463781 ], [ 127.132434151497776, 37.47050620044503 ], [ 127.132429275489741, 37.470497106715811 ], [ 127.132424283015453, 37.470488009919997 ], [ 127.132419296183514, 37.47047891584559 ], [ 127.132414304387893, 37.470469911892174 ], [ 127.132409200636332, 37.470460907590223 ], [ 127.132404100274186, 37.470451904199983 ], [ 127.132398998345423, 37.470442990039885 ], [ 127.132393894160515, 37.470434074971195 ], [ 127.132388791103267, 37.470425160807132 ], [ 127.132383577906083, 37.470416337338186 ], [ 127.132378474414253, 37.470407512407569 ], [ 127.132373257826856, 37.470398688927588 ], [ 127.132368043511264, 37.470389863651711 ], [ 127.132362826480474, 37.470381131207887 ], [ 127.132357613546191, 37.470372486209094 ], [ 127.132352285691695, 37.470363753419974 ], [ 127.132347069362751, 37.470355109311498 ], [ 127.132341741073645, 37.470346465755782 ], [ 127.132336528148585, 37.470337819854691 ], [ 127.132331197149853, 37.470329268229413 ], [ 127.132325870684667, 37.470320714815287 ], [ 127.132320542648316, 37.470312251532633 ], [ 127.132315215063485, 37.470303696311767 ], [ 127.132309888160407, 37.470295233032147 ], [ 127.13230456012765, 37.470286769748775 ], [ 127.132299231654571, 37.470278396600399 ], [ 127.132293790536465, 37.470269932964626 ], [ 127.132288464327544, 37.470261559822802 ], [ 127.132283135425325, 37.470253275006243 ], [ 127.132277694991345, 37.470244903311169 ], [ 127.13227236608266, 37.470236620296838 ], [ 127.132267039436911, 37.470228337289278 ], [ 127.131982779689039, 37.469798241473946 ], [ 127.131996373091383, 37.469750923313676 ], [ 127.132013587888025, 37.469704232963849 ], [ 127.132034197271437, 37.469658528460407 ], [ 127.132058310912754, 37.469613813748595 ], [ 127.13208558937437, 37.469570353672459 ], [ 127.132104507799426, 37.469546151395576 ], [ 127.132103154746432, 37.469587330616015 ], [ 127.132103251819927, 37.469588752373141 ], [ 127.132103627236887, 37.469590144350398 ], [ 127.132104269865366, 37.469591470458475 ], [ 127.132105170799733, 37.469592701825938 ], [ 127.13210630080097, 37.469593805011151 ], [ 127.132107635140173, 37.469594749290685 ], [ 127.132109142241404, 37.469595516538902 ], [ 127.132110776967153, 37.469596086785167 ], [ 127.132112507732671, 37.469596443706564 ], [ 127.132114285959219, 37.469596577236828 ], [ 127.132775158238175, 37.469604803661781 ], [ 127.132775534816972, 37.469604804832095 ], [ 127.132777434076573, 37.469604701669148 ], [ 127.132779287074342, 37.469604345979789 ], [ 127.132781038353684, 37.469603746605351 ], [ 127.132782638068235, 37.46960292141825 ], [ 127.132784039742191, 37.469601892808214 ], [ 127.132785204780603, 37.469600690400441 ], [ 127.132786101347179, 37.469599349249272 ], [ 127.132786699849817, 37.469597908021505 ], [ 127.132786985397672, 37.46959640542962 ], [ 127.132787028899926, 37.469595834999836 ], [ 127.13282098335884, 37.469195690524209 ], [ 127.132820956694189, 37.469194205890695 ], [ 127.132820622316302, 37.469192744637887 ], [ 127.132819991348626, 37.469191344657766 ], [ 127.13281908166897, 37.469190050172841 ], [ 127.132817916893103, 37.469188888297474 ], [ 127.132816527360333, 37.469187898786046 ], [ 127.132814953684658, 37.469187101594848 ], [ 127.132813239850577, 37.469186521197443 ], [ 127.132811363187969, 37.469186168339753 ], [ 127.132809442291745, 37.469186073135404 ], [ 127.132794586872777, 37.469186346055871 ], [ 127.132795088110583, 37.469123872096553 ], [ 127.132794933848885, 37.469122348307721 ], [ 127.132794463865594, 37.469120866803365 ], [ 127.132793680215286, 37.469119469954087 ], [ 127.132792614363623, 37.46911819841916 ], [ 127.132791295527795, 37.469117090146753 ], [ 127.132789757492517, 37.469116174085585 ], [ 127.132788046481934, 37.469115479223028 ], [ 127.132786216684735, 37.469115024656162 ], [ 127.132784313273532, 37.469114823144501 ], [ 127.132658274496563, 37.469110256262717 ], [ 127.132659303695803, 37.469068174658609 ], [ 127.132659202049226, 37.46906676099988 ], [ 127.132658819795225, 37.469065378016658 ], [ 127.132658171467369, 37.469064060006033 ], [ 127.132657271612501, 37.469062838561079 ], [ 127.132656144963931, 37.469061743503751 ], [ 127.132654813997718, 37.469060803747652 ], [ 127.132653319310151, 37.469060042854501 ], [ 127.132651690228485, 37.469059476238712 ], [ 127.132649968510748, 37.46905912115605 ], [ 127.13264820274857, 37.46905898496852 ], [ 127.132400286881335, 37.469055426060123 ], [ 127.132414851723908, 37.469032271997072 ], [ 127.132457336326382, 37.468956539732851 ], [ 127.132498347682954, 37.468880270162707 ], [ 127.1325571833694, 37.468780284263623 ], [ 127.132705329028013, 37.468544696756098 ], [ 127.132799601914158, 37.468393664711222 ], [ 127.132451543723818, 37.46830732053327 ], [ 127.132132305296778, 37.468228123656466 ], [ 127.1320450086465, 37.46820451457306 ], [ 127.131959343068417, 37.468177381654868 ], [ 127.131874644873349, 37.46814647045516 ], [ 127.131795293527929, 37.468115546110518 ], [ 127.131648171452738, 37.468058224871506 ], [ 127.131646161294228, 37.468057429008155 ], [ 127.131386113240566, 37.467954662699498 ], [ 127.131369427690359, 37.467948156863145 ], [ 127.131011562648979, 37.46780874143581 ], [ 127.130919599953174, 37.467772908840324 ], [ 127.130875544820171, 37.467757569681282 ], [ 127.13083001262882, 37.467745256286086 ], [ 127.130819183820833, 37.467743131284031 ], [ 127.130783242598, 37.467736073959038 ], [ 127.130735846146962, 37.467730097620034 ], [ 127.130687902286596, 37.467727356358949 ], [ 127.130674500952608, 37.467727496550346 ], [ 127.130639814684741, 37.467727858647841 ], [ 127.130591982436911, 37.467731622860136 ], [ 127.130584636685086, 37.467732713083727 ], [ 127.130544709874528, 37.467738621103869 ], [ 127.130301388923414, 37.46778322587901 ], [ 127.130188924363225, 37.467803369241132 ], [ 127.129338587149334, 37.467959211207351 ], [ 127.129303025568191, 37.467966655809484 ], [ 127.129268156084123, 37.467975928741069 ], [ 127.129234106622533, 37.467987001560282 ], [ 127.129201051638191, 37.467999812620988 ], [ 127.129169110041474, 37.468014327143862 ], [ 127.129062215105378, 37.468066124877566 ], [ 127.128973267989792, 37.468109215783109 ], [ 127.128842407805593, 37.468172626086542 ], [ 127.128738812229372, 37.468222833061446 ], [ 127.128628366869989, 37.468273040050299 ], [ 127.128514065591361, 37.468317437223511 ], [ 127.128396397912326, 37.468355829611568 ], [ 127.128268311445026, 37.468389654331453 ], [ 127.128229114125574, 37.468397950680739 ], [ 127.127998844349335, 37.46844233757696 ], [ 127.127571781257728, 37.468521955796568 ], [ 127.1271697790893, 37.468595070666723 ], [ 127.126919845995062, 37.468640527332525 ], [ 127.126832702482972, 37.468585892556717 ], [ 127.126681298597148, 37.468621776349387 ], [ 127.126665975353433, 37.468625407315692 ], [ 127.126577860735637, 37.468675555837493 ], [ 127.12651361048664, 37.468712123120909 ], [ 127.12644686860348, 37.468750106651243 ], [ 127.126373047678712, 37.468792123007951 ], [ 127.126315703139412, 37.468843750414671 ], [ 127.126024551216247, 37.469105878675734 ], [ 127.125701319210165, 37.469318232997189 ], [ 127.125518174169159, 37.469430483054303 ], [ 127.125374536240386, 37.469517075402194 ], [ 127.125314886560759, 37.469552900364789 ], [ 127.125304485413466, 37.469559100331288 ], [ 127.125203016053149, 37.46961974514285 ], [ 127.125102986356552, 37.469613773552993 ], [ 127.12510091744727, 37.469613651614111 ], [ 127.124943340618131, 37.469603122064029 ], [ 127.124878342850465, 37.46959727859705 ], [ 127.124851363482648, 37.469523254773321 ], [ 127.124937155604826, 37.469491350142135 ], [ 127.124935651271372, 37.469487327977795 ], [ 127.124897596883656, 37.469385523152738 ], [ 127.124948662915173, 37.469292271248939 ], [ 127.124965492832487, 37.469214821584941 ], [ 127.125015525788243, 37.469029504418373 ], [ 127.125031541567807, 37.46899457411525 ], [ 127.125045829052624, 37.468979628828563 ], [ 127.125168204992249, 37.468751438681863 ], [ 127.125141622727909, 37.468589285974616 ], [ 127.125137886451157, 37.4684687812615 ], [ 127.125157425314242, 37.468423989447395 ], [ 127.125182028268938, 37.468352451221769 ], [ 127.125174064878692, 37.468019926291433 ], [ 127.125199373787694, 37.467833230808345 ], [ 127.125138624377385, 37.46775844371723 ], [ 127.125132644971472, 37.467751084019397 ], [ 127.125103677295797, 37.467747166720116 ], [ 127.125072298582921, 37.46767850021044 ], [ 127.12508046823443, 37.467593740889185 ], [ 127.125069559978627, 37.467518572868698 ], [ 127.125067580706499, 37.467498023543044 ], [ 127.125060309830744, 37.467475505968665 ], [ 127.125079006212147, 37.467461692357254 ], [ 127.125102822557594, 37.467447304591474 ], [ 127.125067518560954, 37.467349926111474 ], [ 127.12506520600158, 37.467339504384213 ], [ 127.125047946608802, 37.46726463078371 ], [ 127.125005365060147, 37.467251159942762 ], [ 127.124988224080852, 37.467248358180363 ], [ 127.124984502816346, 37.467244664287982 ], [ 127.124938337486512, 37.467198853634258 ], [ 127.124897970330196, 37.467143710590406 ], [ 127.124866979750237, 37.467091375311583 ], [ 127.124849940875109, 37.467040992511315 ], [ 127.124835943727277, 37.467015103187464 ], [ 127.124827267529469, 37.467001596604653 ], [ 127.124822113781434, 37.466995131864763 ], [ 127.124759305752903, 37.466916352190978 ], [ 127.124724645737928, 37.466888231252646 ], [ 127.124577540887813, 37.46680053693143 ], [ 127.124570465307471, 37.466793507227351 ], [ 127.12453136944228, 37.466754696351927 ], [ 127.124528451639748, 37.466698667141699 ], [ 127.124488096368765, 37.466643522189479 ], [ 127.124209702421126, 37.466517102943179 ], [ 127.12420687988913, 37.466520484007262 ], [ 127.124143266735715, 37.466495213780341 ], [ 127.123915967898398, 37.466396897815372 ], [ 127.123766970427653, 37.466333424294639 ], [ 127.123613801913393, 37.466199279162566 ], [ 127.123607427383774, 37.466193645146369 ], [ 127.123426729848134, 37.466078116341976 ], [ 127.123315725923504, 37.466021629031736 ], [ 127.123202259171592, 37.465978670489946 ], [ 127.123116143512291, 37.465914840495415 ], [ 127.123085206959672, 37.465894888318601 ], [ 127.123060275738766, 37.465876614706126 ], [ 127.123036758114296, 37.465865087821271 ], [ 127.123002830861736, 37.465849355295163 ], [ 127.122937775210374, 37.465819013233912 ], [ 127.122887869735123, 37.465756839946401 ], [ 127.122858160306151, 37.465733500684173 ], [ 127.122831110290392, 37.465713824043668 ], [ 127.122824912628417, 37.465670302497863 ], [ 127.12282485808953, 37.465669903919675 ], [ 127.12278535532127, 37.465602090588334 ], [ 127.122736260951896, 37.46560044660535 ], [ 127.122689098037057, 37.465598801558144 ], [ 127.122592913761295, 37.465533299444616 ], [ 127.122521655519748, 37.465484382707857 ], [ 127.122508389301728, 37.465474820093235 ], [ 127.122435714532315, 37.46542337405085 ], [ 127.12239893125826, 37.46539412975055 ], [ 127.122330307075643, 37.465339568843348 ], [ 127.122318640698765, 37.465330294349599 ], [ 127.122299194927479, 37.4653136993267 ], [ 127.122234819864929, 37.465264210415647 ], [ 127.122179998274873, 37.465222314482631 ], [ 127.122151022437052, 37.465211930028531 ], [ 127.12202557041833, 37.465181648514928 ], [ 127.121966529838446, 37.465166271622387 ], [ 127.12195771988543, 37.465163977402007 ], [ 127.121916343043566, 37.465153246752187 ], [ 127.121859370013794, 37.46513846952066 ], [ 127.121859497644905, 37.465134009064528 ], [ 127.121664140121439, 37.464776953554896 ], [ 127.121439366790057, 37.46437229873198 ], [ 127.121354492329303, 37.464311007866691 ], [ 127.121093155435901, 37.464125719863446 ], [ 127.120831346839239, 37.463949451548167 ], [ 127.120749559507701, 37.46389438778133 ], [ 127.120745733463593, 37.463891811113022 ], [ 127.120104346646244, 37.463493194497943 ], [ 127.119204272372457, 37.463126655399222 ], [ 127.11882186870676, 37.462938655656721 ], [ 127.11869528820101, 37.462876425221417 ], [ 127.118326352687404, 37.462695044606022 ], [ 127.117949983229465, 37.4625305024814 ], [ 127.117786714946845, 37.462530920056686 ], [ 127.11752219781097, 37.46253159473315 ], [ 127.117526716964448, 37.462267310485196 ], [ 127.117474847824838, 37.462200609980691 ], [ 127.117470771787012, 37.462194983071669 ], [ 127.117423736835178, 37.462125611216905 ], [ 127.117421541547046, 37.462122372708428 ], [ 127.117398857999078, 37.462088917135432 ], [ 127.1173616974758, 37.462034109066515 ], [ 127.117138659149362, 37.461705148386486 ], [ 127.117119939910054, 37.461677537447912 ], [ 127.11698929447428, 37.461484507225535 ], [ 127.116989262427779, 37.461484139363826 ], [ 127.116939658067764, 37.46090030899316 ], [ 127.116936531211365, 37.460858479017318 ], [ 127.116907738002794, 37.460473209760011 ], [ 127.116907688021783, 37.46047281119359 ], [ 127.116899677103049, 37.460401139132514 ], [ 127.116899629392805, 37.460400738770694 ], [ 127.116901922245262, 37.460283326869721 ], [ 127.116906375630947, 37.460076651436843 ], [ 127.116905194636615, 37.459770877610623 ], [ 127.116906746489732, 37.45928714390687 ], [ 127.116896049086165, 37.458640520354123 ], [ 127.116894892867407, 37.458640421060906 ], [ 127.116749310571961, 37.458627791373651 ], [ 127.116697027804761, 37.458623257384538 ], [ 127.116239409841569, 37.458596113889627 ], [ 127.11612408369443, 37.458594726191123 ], [ 127.115892911317303, 37.458591944259254 ], [ 127.115882362477393, 37.458594890794942 ], [ 127.115826186131059, 37.458610586680329 ], [ 127.11572979166634, 37.458636584199176 ], [ 127.115686902792788, 37.458647329646929 ], [ 127.11557709768941, 37.458677565826001 ], [ 127.115496067920418, 37.45869791558836 ], [ 127.115476648508547, 37.458704404444298 ], [ 127.115478672840069, 37.458757336635266 ], [ 127.115365832965509, 37.458881333819519 ], [ 127.115285249720202, 37.458965880290641 ], [ 127.115148527324067, 37.459060058887417 ], [ 127.114992690179093, 37.459130315851276 ], [ 127.114785112739213, 37.45920259428582 ], [ 127.114592487546844, 37.459238540122016 ], [ 127.114513231220414, 37.459272948211556 ], [ 127.114510596408209, 37.459274091564517 ], [ 127.114504679430141, 37.459278252805802 ], [ 127.114361875043102, 37.459378695879629 ], [ 127.114304379416538, 37.459402526982252 ], [ 127.114184848679344, 37.459452070759973 ], [ 127.114073109069551, 37.459482586753779 ], [ 127.113955364443271, 37.459516766012612 ], [ 127.113836509083541, 37.459633450899744 ], [ 127.113768679841826, 37.459693455001407 ], [ 127.113737740114232, 37.459720824852958 ], [ 127.113670818423572, 37.459728351547007 ], [ 127.113634258689402, 37.459732464844521 ], [ 127.113536353525291, 37.459801546396534 ], [ 127.113419754581656, 37.459900768833556 ], [ 127.113403841554799, 37.459917272192158 ], [ 127.113271114519222, 37.46005491838703 ], [ 127.113243092452194, 37.460198076490833 ], [ 127.11324096259456, 37.460208964347601 ], [ 127.1132364781474, 37.460279642109867 ], [ 127.113233787066918, 37.460344389335212 ], [ 127.113233412681268, 37.460353411698343 ], [ 127.113089191552902, 37.460401976683727 ], [ 127.113078213883412, 37.460405784171869 ], [ 127.112842599710319, 37.460487525464934 ], [ 127.112763284807727, 37.460530249994115 ], [ 127.112908650115742, 37.46064192882649 ], [ 127.113184861702464, 37.460758230809738 ], [ 127.11329182612279, 37.460836408540445 ], [ 127.113334845634796, 37.460905348868636 ], [ 127.113334844038178, 37.46090565893374 ], [ 127.113334155525877, 37.461034757709072 ], [ 127.113334095527946, 37.461045750587566 ], [ 127.113333889845265, 37.461084157172387 ], [ 127.113333873943986, 37.461087245204489 ], [ 127.113325627794751, 37.461088255696339 ], [ 127.113297593356663, 37.461091694617295 ], [ 127.113121109976916, 37.461113341084726 ], [ 127.11297490367491, 37.461134319387803 ], [ 127.112922475754914, 37.461154360831422 ], [ 127.112783214099721, 37.461209390959723 ], [ 127.112702913469988, 37.461244668721179 ], [ 127.112521680878643, 37.461344229129701 ], [ 127.112443070832114, 37.461387542536428 ], [ 127.112305154316559, 37.461463535999037 ], [ 127.112229802256209, 37.461504998627845 ], [ 127.111820270500246, 37.461644190744927 ], [ 127.111749288046255, 37.461652698114115 ], [ 127.111347240903925, 37.461717270065826 ], [ 127.111065079700325, 37.46176230245014 ], [ 127.110768604322075, 37.461783672999204 ], [ 127.110637720143544, 37.461793106388228 ], [ 127.110449703246999, 37.46183036129176 ], [ 127.109891046258738, 37.461941053157737 ], [ 127.109784804666134, 37.461923697197648 ], [ 127.109459131865108, 37.461870495298648 ], [ 127.109169663398035, 37.461977816811448 ], [ 127.109089149909025, 37.462007668779052 ], [ 127.109039130318749, 37.462026131856419 ], [ 127.108686157851139, 37.462156420716695 ], [ 127.108153493538438, 37.462274032695269 ], [ 127.107924095764005, 37.4622435149887 ], [ 127.107886593719712, 37.462238528584159 ], [ 127.107514393006937, 37.462189013065036 ], [ 127.107301734964906, 37.462180472793143 ], [ 127.106880073357189, 37.46236950169471 ], [ 127.106672085505295, 37.462410510439959 ], [ 127.106467234058655, 37.462423929410711 ], [ 127.106167238381573, 37.46240643768526 ], [ 127.106052315431128, 37.462381655526386 ], [ 127.105925465072872, 37.462354302443444 ], [ 127.105656136996146, 37.462235715231849 ], [ 127.10563673792177, 37.462212375400505 ], [ 127.105608200050852, 37.462178039037148 ], [ 127.105309900621691, 37.462171082368435 ], [ 127.105270857604665, 37.462170172277794 ], [ 127.105189161657023, 37.462156187769587 ], [ 127.105128471254147, 37.462145799543627 ], [ 127.105103791242072, 37.462144686810781 ], [ 127.105030444209248, 37.462141379741325 ], [ 127.104960256660405, 37.462149659442495 ], [ 127.10486693724016, 37.462160669515796 ], [ 127.104865293440625, 37.462160604529195 ], [ 127.104811338504547, 37.462158490675058 ], [ 127.104705145916512, 37.46215433263442 ], [ 127.104547712785333, 37.462162992635186 ], [ 127.104341357303767, 37.462174345068298 ], [ 127.104343867329661, 37.46216624477637 ], [ 127.104343996158562, 37.462165830578975 ], [ 127.104429350474902, 37.461890383703548 ], [ 127.104471004749811, 37.461755962576738 ], [ 127.104497392030538, 37.461708351459045 ], [ 127.104550628870783, 37.461612289776177 ], [ 127.104582890944343, 37.461523983553533 ], [ 127.104611854477866, 37.461444703389098 ], [ 127.104646010208853, 37.461399821426383 ], [ 127.104741007719156, 37.46127499071558 ], [ 127.104749718266604, 37.461263544547009 ], [ 127.104780232050317, 37.4611601525474 ], [ 127.1046253400701, 37.46109977915031 ], [ 127.104520727695615, 37.461056513216207 ], [ 127.104472302799195, 37.461029526466149 ], [ 127.104427018455269, 37.460985074505629 ], [ 127.104408261185654, 37.460956375286827 ], [ 127.104395168016083, 37.460939667884404 ], [ 127.104299099504786, 37.460817093833917 ], [ 127.104258822073746, 37.46080530788943 ], [ 127.104252839132513, 37.460803188569777 ], [ 127.104249277125007, 37.460801928247747 ], [ 127.104170766957154, 37.460726825697712 ], [ 127.104158919690704, 37.460713388094632 ], [ 127.104046241606639, 37.460585584351328 ], [ 127.104023416580191, 37.460557447414139 ], [ 127.104009548345189, 37.460524354123656 ], [ 127.103987050286804, 37.460470673532448 ], [ 127.103980007290289, 37.460453870081295 ], [ 127.10397998413508, 37.460453543708809 ], [ 127.10398320227408, 37.460352120051404 ], [ 127.10398587108331, 37.46026887963238 ], [ 127.103978751900343, 37.460268884618827 ], [ 127.103974284309899, 37.460268889477213 ], [ 127.103974287541675, 37.460268491083774 ], [ 127.103974524276524, 37.46023882518201 ], [ 127.10397458355628, 37.46023144408553 ], [ 127.103974534784356, 37.46023104371509 ], [ 127.103969384950702, 37.460183528016238 ], [ 127.103969343822925, 37.460183179049331 ], [ 127.103961289070156, 37.460144678102125 ], [ 127.103958222947199, 37.460130014301505 ], [ 127.103952575880882, 37.460103028274901 ], [ 127.103941606091098, 37.460050593237199 ], [ 127.10388962646023, 37.460002487919546 ], [ 127.103810936267351, 37.459927655831216 ], [ 127.103749088448225, 37.459904057988773 ], [ 127.103703548710939, 37.459886782910907 ], [ 127.103640243373803, 37.459862769100305 ], [ 127.10354606660708, 37.459828495087137 ], [ 127.103442823503727, 37.459751431520672 ], [ 127.103245741969175, 37.459763431518411 ], [ 127.103158851425817, 37.45975900068688 ], [ 127.103065065198081, 37.459754017527445 ], [ 127.102945814258376, 37.459724549630685 ], [ 127.102800280009916, 37.45971679013563 ], [ 127.102691851168558, 37.459723928624165 ], [ 127.102670730515612, 37.459777718806912 ], [ 127.10263411636231, 37.459867004103984 ], [ 127.102556682678141, 37.459793668071036 ], [ 127.102550653290479, 37.459787957462346 ], [ 127.102447202248001, 37.459689503788013 ], [ 127.102381426447863, 37.459627336036718 ], [ 127.102287527783929, 37.459538154275755 ], [ 127.102258896461606, 37.459520447003605 ], [ 127.102132693396157, 37.459438895526212 ], [ 127.102098764423147, 37.459423156992372 ], [ 127.101953663003769, 37.459349226746752 ], [ 127.101939265041793, 37.459324769226633 ], [ 127.101867087071284, 37.459202168190203 ], [ 127.101852601749243, 37.459177563441862 ], [ 127.101850903909309, 37.459176613990195 ], [ 127.101625665961322, 37.459050768587623 ], [ 127.101381140956406, 37.458972416537762 ], [ 127.101320219405736, 37.458844921751343 ], [ 127.101226547146183, 37.458661141411945 ], [ 127.101164812068689, 37.458540231888179 ], [ 127.101277654916274, 37.458241518268537 ], [ 127.101059528435769, 37.457989864888418 ], [ 127.100765889882666, 37.457759797956953 ], [ 127.100249233189459, 37.457547647037323 ], [ 127.099738775402528, 37.457354635560712 ], [ 127.099506328540215, 37.456912777411127 ], [ 127.099306107756547, 37.456677555682766 ], [ 127.099135822406836, 37.456370228403479 ], [ 127.099095704625526, 37.456218776139558 ], [ 127.099052058506715, 37.456196664444938 ], [ 127.098893194610355, 37.456116173152303 ], [ 127.09868538673814, 37.456148158455306 ], [ 127.0984720136329, 37.456254770335953 ], [ 127.098237459196682, 37.456371246496886 ], [ 127.097230500933591, 37.456367561139388 ], [ 127.096365317965095, 37.456346860479414 ], [ 127.096076331664392, 37.456429587606429 ], [ 127.095769338629125, 37.456519653561095 ], [ 127.095458442231362, 37.456453451509688 ], [ 127.095230434910775, 37.456396207330748 ], [ 127.095222780681084, 37.45639422604831 ], [ 127.095222731948425, 37.456393827476987 ], [ 127.095213860246588, 37.456321307318269 ], [ 127.095213810388245, 37.456320907841736 ], [ 127.095039132601912, 37.456302188314417 ], [ 127.094312153190486, 37.456224769684873 ], [ 127.093773520409883, 37.456077363906033 ], [ 127.093540359767417, 37.455888054733421 ], [ 127.093458184791999, 37.455549395119505 ], [ 127.093342218435268, 37.455312412398811 ], [ 127.093142642812424, 37.454905669317093 ], [ 127.093199643013037, 37.454778509505736 ], [ 127.093217531221512, 37.454715872849007 ], [ 127.093206898661165, 37.45469058443674 ], [ 127.09281536575223, 37.45375926529163 ], [ 127.09272551067339, 37.453634040518885 ], [ 127.091882256412489, 37.453466876162359 ], [ 127.09112884136718, 37.452955841064018 ], [ 127.090959108289724, 37.452782534518953 ], [ 127.090518469339358, 37.451764789290394 ], [ 127.090442587294532, 37.451589518541745 ], [ 127.09030286610853, 37.451266797896203 ], [ 127.090140567014842, 37.451095729670591 ], [ 127.089619572177412, 37.450886914436516 ], [ 127.089619522307871, 37.450886523069578 ], [ 127.089593539548005, 37.450642618177447 ], [ 127.089574517198173, 37.450464046072419 ], [ 127.089542783251233, 37.450166163476617 ], [ 127.089542737934337, 37.450165766717227 ], [ 127.08890531855215, 37.449797921141695 ], [ 127.088821274078327, 37.449749418191452 ], [ 127.088871063959886, 37.449645903408083 ], [ 127.088959503899332, 37.449461774852381 ], [ 127.088432139054603, 37.448994842511638 ], [ 127.088327027192022, 37.448628483009585 ], [ 127.088326828050285, 37.448627687308992 ], [ 127.088326764276587, 37.448627358988766 ], [ 127.088360192590073, 37.448372800985105 ], [ 127.088414952319951, 37.448074860470925 ], [ 127.088557061101639, 37.447775981045019 ], [ 127.08864226177927, 37.447596787197703 ], [ 127.088545831294738, 37.447453750461044 ], [ 127.088369356722694, 37.447240458039353 ], [ 127.088369302389168, 37.447240057642439 ], [ 127.088308645619733, 37.446789810128926 ], [ 127.088276925333773, 37.446554354968832 ], [ 127.088276871001199, 37.44655395457184 ], [ 127.088302346922518, 37.446517565825943 ], [ 127.088386412319139, 37.446397481733769 ], [ 127.088257398891614, 37.446207346509865 ], [ 127.088237820222588, 37.446178493089441 ], [ 127.08823777492961, 37.446178093625292 ], [ 127.088162367642212, 37.445396187273637 ], [ 127.088161321304781, 37.44538536720092 ], [ 127.088161282711653, 37.445384983083301 ], [ 127.088134029197221, 37.445341282591407 ], [ 127.087946061527788, 37.445039892891934 ], [ 127.087869041055725, 37.444916393691805 ], [ 127.087855071654616, 37.444893870246283 ], [ 127.087778158305184, 37.444875151895147 ], [ 127.0874767475662, 37.444801792446363 ], [ 127.087303878875176, 37.444641708842873 ], [ 127.086421298471734, 37.444262239141878 ], [ 127.085703010020524, 37.444416763622016 ], [ 127.085260066299981, 37.444318253488483 ], [ 127.084126872351476, 37.443996601266178 ], [ 127.083861902450366, 37.443921387724288 ], [ 127.08381014612695, 37.443461754260895 ], [ 127.083805071127927, 37.443416691372946 ], [ 127.083805023574186, 37.443416296405857 ], [ 127.083471445592934, 37.443062314624811 ], [ 127.083334677556124, 37.442957107887935 ], [ 127.083234129322065, 37.44264829044257 ], [ 127.083208008088022, 37.442568069317957 ], [ 127.082974672279732, 37.442320172858444 ], [ 127.082904588299371, 37.442173809103124 ], [ 127.082431816378616, 37.441579466972243 ], [ 127.082097336805703, 37.441350786419569 ], [ 127.081444102331872, 37.44123100040845 ], [ 127.081250119061153, 37.441118504754932 ], [ 127.080700692240399, 37.441150976621046 ], [ 127.080598978268071, 37.441131775324038 ], [ 127.080171599717303, 37.441051092588353 ], [ 127.079960953846623, 37.441211999363404 ], [ 127.079575342207619, 37.441386544989058 ], [ 127.079083350142014, 37.441298742009153 ], [ 127.078530624573631, 37.441557576316349 ], [ 127.078178904033209, 37.441551615547858 ], [ 127.077860954456568, 37.441773125791634 ], [ 127.077750537137945, 37.441861317934929 ], [ 127.077748405689931, 37.441863020217525 ], [ 127.077744815048561, 37.441859248680622 ], [ 127.077601879806011, 37.441709096254918 ], [ 127.077358485183794, 37.441630982442916 ], [ 127.077077946465749, 37.441650877200175 ], [ 127.076936062044837, 37.441715163444087 ], [ 127.076721400053287, 37.441937452192491 ], [ 127.076671089979541, 37.441945647532243 ], [ 127.076440200843663, 37.441997880336821 ], [ 127.076053557989411, 37.442124822944976 ], [ 127.076010573681515, 37.442138935627014 ], [ 127.075242850721764, 37.441941761950481 ], [ 127.074755983831366, 37.442218846175905 ], [ 127.074497687369899, 37.442232800887652 ], [ 127.073853026738874, 37.442212635730648 ], [ 127.072993316232711, 37.442017188910036 ], [ 127.07275886955199, 37.442050838870742 ], [ 127.072607791567449, 37.44211484780736 ], [ 127.072249801813882, 37.442199810164993 ], [ 127.07219407936428, 37.442231265466155 ], [ 127.072138443074721, 37.442262669674648 ], [ 127.072075888299281, 37.442168213205171 ], [ 127.07191494865674, 37.441925203636721 ], [ 127.071702514353149, 37.441703176804886 ], [ 127.071670865970304, 37.441628998432925 ], [ 127.071626007270183, 37.441523854316976 ], [ 127.071861371805284, 37.441029702290038 ], [ 127.071901920189163, 37.440859412888663 ], [ 127.072077693182834, 37.440121239472113 ], [ 127.072110607388453, 37.439939915711534 ], [ 127.072211715782657, 37.439382901073763 ], [ 127.072211642956432, 37.439382588035024 ], [ 127.072007909820414, 37.43885672442341 ], [ 127.072490104748979, 37.438592657419115 ], [ 127.072966269581585, 37.438208317638555 ], [ 127.073555323647597, 37.437910914725613 ], [ 127.073702493321676, 37.437821841351614 ], [ 127.073760192067709, 37.437789434276731 ], [ 127.073795374792979, 37.437657071528079 ], [ 127.073843458126319, 37.437407780030327 ], [ 127.073628535798122, 37.43707101399157 ], [ 127.073560066269849, 37.436963725727345 ], [ 127.073492914259731, 37.436908352059497 ], [ 127.073203506042972, 37.436669700943547 ], [ 127.07302422801753, 37.436406832382985 ], [ 127.072779248754244, 37.436299138473338 ], [ 127.07209358080442, 37.436161020096598 ], [ 127.071964769254564, 37.436054101931788 ], [ 127.07168875176788, 37.435981059195193 ], [ 127.071439527501965, 37.435863516787919 ], [ 127.07127209006741, 37.435601476281768 ], [ 127.071272062693851, 37.435601122845505 ], [ 127.071274453805344, 37.435348791215795 ], [ 127.071285001088711, 37.43532959784276 ], [ 127.07143537453203, 37.435055880615089 ], [ 127.071445595089543, 37.435037276439267 ], [ 127.07145812641572, 37.434841576763397 ], [ 127.071469346250282, 37.434756542534757 ], [ 127.071484771321792, 37.434637148901984 ], [ 127.071545854764992, 37.434528854392219 ], [ 127.071502669209721, 37.434444850603249 ], [ 127.071519358643911, 37.434373706474211 ], [ 127.071519791844793, 37.434116878864579 ], [ 127.071370969270944, 37.433900196150759 ], [ 127.071119106245931, 37.433401701008428 ], [ 127.071004301657254, 37.433341229713825 ], [ 127.070909977323808, 37.433094912426782 ], [ 127.070792293115829, 37.432988545317741 ], [ 127.070746816209947, 37.432953167248783 ], [ 127.070730816256486, 37.432940719810439 ], [ 127.070705798221383, 37.432858661045124 ], [ 127.070586578280299, 37.432467619185601 ], [ 127.070571100870993, 37.432416751811687 ], [ 127.070629003780951, 37.432044554680743 ], [ 127.070896062596162, 37.431790711539911 ], [ 127.070960060358161, 37.431696345917658 ], [ 127.071206753205516, 37.430817717952223 ], [ 127.071220197962248, 37.430660600138083 ], [ 127.071220138932603, 37.430660248389437 ], [ 127.07119311739379, 37.430531768150871 ], [ 127.071186878830886, 37.430502128283287 ], [ 127.071169608188157, 37.43042005532336 ], [ 127.071105171289972, 37.430418678603999 ], [ 127.070952669574069, 37.430234373557802 ], [ 127.070952457901512, 37.430213039148391 ], [ 127.070952454395353, 37.430212663264079 ], [ 127.070905116008717, 37.430191010869464 ], [ 127.070896222000513, 37.430203444540126 ], [ 127.070889599932627, 37.430212699210905 ], [ 127.07087417545732, 37.430203488896076 ], [ 127.070874285127346, 37.430203087282884 ], [ 127.070884203804056, 37.430188564350914 ], [ 127.070852683950037, 37.430203720043934 ], [ 127.070706466105406, 37.430274027834876 ], [ 127.070563885858974, 37.430342252971769 ], [ 127.070334868469729, 37.430479502616762 ], [ 127.070235943880277, 37.430606267801657 ], [ 127.070112696022221, 37.430762890679588 ], [ 127.070032498198131, 37.430910477846098 ], [ 127.070014861767049, 37.430924571520578 ], [ 127.069873674546272, 37.430972235209886 ], [ 127.069819824903789, 37.430969445106449 ], [ 127.069820195545645, 37.430969066978307 ], [ 127.069901842843095, 37.430885496061862 ], [ 127.069911263873365, 37.430863174548016 ], [ 127.069764886221606, 37.430739440739359 ], [ 127.06970605221332, 37.430687666388359 ], [ 127.069615428247943, 37.430611691644785 ], [ 127.069581036834649, 37.43060318908428 ], [ 127.069424543027679, 37.430564498384967 ], [ 127.069334488165239, 37.430545124359988 ], [ 127.069118529678718, 37.430481618188793 ], [ 127.069013281221416, 37.430451269332202 ], [ 127.068964194367567, 37.430432431978481 ], [ 127.068909285570825, 37.430433866829645 ], [ 127.068750597071087, 37.430455925019892 ], [ 127.06837211712859, 37.430663650770271 ], [ 127.068270263432481, 37.430679476439025 ], [ 127.067829915709581, 37.430406608875913 ], [ 127.066720138700134, 37.430130445939405 ], [ 127.066700366098118, 37.430128763614903 ], [ 127.066585902818858, 37.430052528804495 ], [ 127.066585855410196, 37.430052125718014 ], [ 127.066577350643982, 37.429973401278204 ], [ 127.066305723446959, 37.429783618349575 ], [ 127.066117908975357, 37.429652394436239 ], [ 127.066093893716257, 37.429642831077807 ], [ 127.06609383726321, 37.429642428859282 ], [ 127.066091765448476, 37.429627352140336 ], [ 127.066091708995458, 37.42962694992184 ], [ 127.065979605815372, 37.429545654777691 ], [ 127.06596135025957, 37.429532415117585 ], [ 127.06569800340705, 37.42915810194237 ], [ 127.065693779682348, 37.429113475786686 ], [ 127.065681645140742, 37.428985318485502 ], [ 127.065392864005148, 37.429011387457095 ], [ 127.065073669272664, 37.428987060862021 ], [ 127.064757707037501, 37.429131460262099 ], [ 127.064669033052013, 37.42917198384913 ], [ 127.064593966270891, 37.429156510264427 ], [ 127.064385648033564, 37.429113571238901 ], [ 127.064041044609482, 37.429320416481794 ], [ 127.063656029372993, 37.429532357518077 ], [ 127.063462064367968, 37.429592719139521 ], [ 127.063407540644619, 37.429652106476709 ], [ 127.063316198928135, 37.429751597663966 ], [ 127.063155441545248, 37.429735194545636 ], [ 127.063096566168994, 37.429729187450093 ], [ 127.062984059828125, 37.429719916501583 ], [ 127.062926730020763, 37.429715193178872 ], [ 127.06288082555362, 37.429703394857135 ], [ 127.062498679091263, 37.429765454710775 ], [ 127.062462857101323, 37.429771272971486 ], [ 127.061644020685364, 37.429904246153036 ], [ 127.061144987138633, 37.429985280919226 ], [ 127.060768514491258, 37.429852861233115 ], [ 127.060575146301971, 37.429783128236735 ], [ 127.060517939237201, 37.429764001204447 ], [ 127.060207197070568, 37.42971404349553 ], [ 127.060119776133917, 37.429663125192491 ], [ 127.059961345931455, 37.429568876831532 ], [ 127.059781119227679, 37.429587264360691 ], [ 127.059189419213496, 37.429649500996042 ], [ 127.059057376014835, 37.429663645870981 ], [ 127.058673175866403, 37.429807994322694 ], [ 127.058460679024662, 37.429886368132905 ], [ 127.058069931031866, 37.430010733815564 ], [ 127.057379025955029, 37.429857322485162 ], [ 127.056808367897162, 37.429730882643064 ], [ 127.056758216656576, 37.429717957338276 ], [ 127.056394626642174, 37.429581002998468 ], [ 127.056107785312363, 37.429610707097552 ], [ 127.055971100017587, 37.42954995155673 ], [ 127.055546750174258, 37.429361491910463 ], [ 127.05533793845504, 37.429398186487923 ], [ 127.055121254070016, 37.429292984394749 ], [ 127.054768520083044, 37.429273149410228 ], [ 127.05427570227863, 37.429110351611527 ], [ 127.054112541068903, 37.429056363431123 ], [ 127.05389006162882, 37.428982120024997 ], [ 127.053684397018813, 37.42897461585423 ], [ 127.05345831874159, 37.428808585929602 ], [ 127.053380424406001, 37.42875202811571 ], [ 127.053125433774781, 37.428633603251861 ], [ 127.052910691502646, 37.428536271609474 ], [ 127.052500905002304, 37.428446347050063 ], [ 127.052475269059656, 37.428415287024976 ], [ 127.052463274203234, 37.428400754788797 ], [ 127.052396129895371, 37.428319124845849 ], [ 127.052324620656833, 37.428297477151467 ], [ 127.052169482426692, 37.428339774016031 ], [ 127.051880682841613, 37.428613580382624 ], [ 127.051654864370022, 37.428828232730687 ], [ 127.051417750978388, 37.429053864630689 ], [ 127.051359064117378, 37.429198339770991 ], [ 127.050918417673898, 37.429450807863034 ], [ 127.05071656400699, 37.42960546949206 ], [ 127.050554230872706, 37.429729136901194 ], [ 127.050361520580054, 37.429821290212907 ], [ 127.050193510672742, 37.429902170924635 ], [ 127.050050461768677, 37.430094820750277 ], [ 127.049966848642327, 37.430209454169692 ], [ 127.049865227522417, 37.430309734041884 ], [ 127.049579750051763, 37.430270143670981 ], [ 127.049241884559848, 37.430325465411393 ], [ 127.048538994011864, 37.430443166351388 ], [ 127.048144291316547, 37.430508648035037 ], [ 127.047786136097827, 37.430569038472633 ], [ 127.047554902436445, 37.430607420910164 ], [ 127.047369238181219, 37.430701819962096 ], [ 127.047357472703752, 37.430772251214968 ], [ 127.04730257352314, 37.431100821927267 ], [ 127.047181148556078, 37.431732422535489 ], [ 127.047221329470062, 37.432016241092533 ], [ 127.047224757758684, 37.432040441577399 ], [ 127.047195798088808, 37.432066123338124 ], [ 127.046876149456878, 37.432349592420437 ], [ 127.046536436338116, 37.432650850593767 ], [ 127.046441662066329, 37.432990460114425 ], [ 127.046311648177962, 37.433447204248388 ], [ 127.046306884271971, 37.433452558125062 ], [ 127.046228677083732, 37.433458786539468 ], [ 127.045905609798695, 37.433481423148109 ], [ 127.045780819252656, 37.433528773946279 ], [ 127.045553661052878, 37.433615301205869 ], [ 127.045261549246121, 37.433727477205991 ], [ 127.044951248545914, 37.433847254914234 ], [ 127.044848006081423, 37.433917683406655 ], [ 127.044626183649669, 37.434068679122028 ], [ 127.044461943796748, 37.434291458751126 ], [ 127.044364384036342, 37.434423546141169 ], [ 127.04425673276323, 37.434810180844046 ], [ 127.044185732868996, 37.435055452635339 ], [ 127.043888558983014, 37.435302768665807 ], [ 127.043480036728667, 37.435642487725971 ], [ 127.043297221328558, 37.435793466579447 ], [ 127.043169635869901, 37.435905294932056 ], [ 127.042906877216112, 37.436139649964673 ], [ 127.042702528827959, 37.43632188610281 ], [ 127.042646241056474, 37.436372308123538 ], [ 127.04252270117189, 37.436446684217579 ], [ 127.042334381652367, 37.436559944103308 ], [ 127.04220059604792, 37.436640514051547 ], [ 127.042102288370714, 37.436698833093615 ], [ 127.04197308996639, 37.436779121297093 ], [ 127.041872141487133, 37.436842794858855 ], [ 127.04173659405312, 37.43692702060909 ], [ 127.04144290833257, 37.437109584159629 ], [ 127.041403342450991, 37.437149953487676 ], [ 127.041365615814044, 37.437188447880928 ], [ 127.041248098678224, 37.43730702477599 ], [ 127.041140448166786, 37.437414901850026 ], [ 127.041105101517616, 37.437666908070554 ], [ 127.041090316840467, 37.437769123553657 ], [ 127.040879752629635, 37.437878440461446 ], [ 127.040480488088818, 37.43808242617613 ], [ 127.040368394657179, 37.438122730389992 ], [ 127.040052778858851, 37.438237143715817 ], [ 127.039568289618799, 37.438195909077464 ], [ 127.039221863000392, 37.438164484030764 ], [ 127.039032419623041, 37.43815131729302 ], [ 127.03874521140267, 37.438253898379678 ], [ 127.038437351007019, 37.438360700350806 ], [ 127.038260601601664, 37.438335420682414 ], [ 127.037800112491368, 37.438268266270967 ], [ 127.037701776024917, 37.43827927859796 ], [ 127.037395473527965, 37.438313439062284 ], [ 127.037067766203322, 37.438274967366652 ], [ 127.036977729361155, 37.438296393557486 ], [ 127.036920185186517, 37.438328791347466 ], [ 127.036856110138686, 37.438364562578826 ], [ 127.03682011215318, 37.438392451370618 ], [ 127.036736276657194, 37.438456951929894 ], [ 127.036322758195098, 37.438778346603108 ], [ 127.036055994131559, 37.438822909044411 ], [ 127.035890245211675, 37.438885748010129 ], [ 127.035652732537102, 37.438974556281494 ], [ 127.035573726948996, 37.439004096485654 ], [ 127.035574675585707, 37.439149663964095 ], [ 127.035579208058749, 37.439403638645487 ], [ 127.035537961913064, 37.439572868881427 ], [ 127.03549231722819, 37.439762373409813 ], [ 127.035393145454819, 37.439878685552408 ], [ 127.035320269026613, 37.439966563677885 ], [ 127.03529507209214, 37.440072150918368 ], [ 127.035208012903865, 37.440437651334697 ], [ 127.035169069363164, 37.440605754739622 ], [ 127.035171864257975, 37.440941947119391 ], [ 127.035224145236469, 37.44098472161572 ], [ 127.035241632679572, 37.440999077962317 ], [ 127.035282641774259, 37.441034762116757 ], [ 127.035398997072903, 37.441136010499868 ], [ 127.035619450314911, 37.441327838846007 ], [ 127.036038177843224, 37.441532135993967 ], [ 127.03607225552004, 37.44155099297064 ], [ 127.036087628608783, 37.441562531328891 ], [ 127.036288098495589, 37.441720987064734 ], [ 127.036430995748987, 37.441832733129729 ], [ 127.036450509878577, 37.44185434334117 ], [ 127.036654454750149, 37.442080158675111 ], [ 127.036789633669457, 37.442284814073574 ], [ 127.036836633700958, 37.4423597018165 ], [ 127.036819257750878, 37.442587211044 ], [ 127.036974781575339, 37.442896884969713 ], [ 127.037145226303309, 37.44302128150543 ], [ 127.037218641226062, 37.4430746324959 ], [ 127.037482941193659, 37.443266702917803 ], [ 127.037495629151323, 37.443350181351327 ], [ 127.037518547585634, 37.443500956257893 ], [ 127.037567969429162, 37.443837970858482 ], [ 127.03792478661633, 37.444160817479222 ], [ 127.037934863856705, 37.444178835552236 ], [ 127.038035322277764, 37.444516402776685 ], [ 127.038057257629902, 37.444591576024699 ], [ 127.038183532741996, 37.445017541951621 ], [ 127.038230398452981, 37.445180268640968 ], [ 127.038205663610285, 37.44585885109592 ], [ 127.037749151056715, 37.446095225756991 ], [ 127.037351259623279, 37.446300885991668 ], [ 127.037260385569425, 37.446438884678955 ], [ 127.037254029555413, 37.446448455747763 ], [ 127.037328022866902, 37.44669335302823 ], [ 127.037394981123725, 37.446914962039465 ], [ 127.03753151713714, 37.447361487377187 ], [ 127.037366952416747, 37.447646084503674 ], [ 127.037341323448757, 37.447690412555431 ], [ 127.03717282760195, 37.44798526417717 ], [ 127.037159246731804, 37.448010324877117 ], [ 127.037278933684888, 37.448321703805071 ], [ 127.037374760166855, 37.448564378963958 ], [ 127.037811971582869, 37.448922396247141 ], [ 127.037774493030383, 37.449201718433201 ], [ 127.037744402132304, 37.449418817500202 ], [ 127.037430107829479, 37.449831681038511 ], [ 127.037295639357922, 37.450009960554681 ], [ 127.037260707403775, 37.450081763657082 ], [ 127.036969557371222, 37.450687998343824 ], [ 127.03696804325827, 37.450691156208016 ], [ 127.036936283005375, 37.450759310280297 ], [ 127.036913533569233, 37.450808022924761 ], [ 127.036889555035998, 37.450824660130067 ], [ 127.036809198817707, 37.450880415623416 ], [ 127.036752217199108, 37.450977857140259 ], [ 127.036624961347258, 37.451120084226126 ], [ 127.036564132127126, 37.45118687852645 ], [ 127.036542884338573, 37.451210209098186 ], [ 127.036466326217464, 37.451376638191824 ], [ 127.036409707329312, 37.451496876510213 ], [ 127.036290594744997, 37.451556339258595 ], [ 127.036164491333807, 37.451619293383025 ], [ 127.036115992422282, 37.451643503014289 ], [ 127.03607673643549, 37.451663101463957 ], [ 127.03586144493525, 37.451991463950968 ], [ 127.035776425436751, 37.452195907808786 ], [ 127.035371342269514, 37.452226714645533 ], [ 127.035146647083678, 37.452439081667912 ], [ 127.034754693148003, 37.452617421352549 ], [ 127.034775439719482, 37.452760236146659 ], [ 127.034785164590446, 37.452827175621174 ], [ 127.034823601025678, 37.453106196954238 ], [ 127.034984708474326, 37.453230887790944 ], [ 127.034997607712853, 37.453238767810831 ], [ 127.035469196873265, 37.453437412241811 ], [ 127.035586861449815, 37.453964187678324 ], [ 127.035587782883013, 37.454049224357249 ], [ 127.035588161237598, 37.454087508656947 ], [ 127.035737594267459, 37.454186295996621 ], [ 127.036267411304379, 37.454262169178065 ], [ 127.036343254362777, 37.454439248044245 ], [ 127.036424937002906, 37.454650680986603 ], [ 127.036824878466248, 37.454933531156165 ], [ 127.036843786631493, 37.45494872657342 ], [ 127.036905792630066, 37.455004742475367 ], [ 127.037005613113109, 37.455093685566062 ], [ 127.037094325428782, 37.455176515264597 ], [ 127.037127702763911, 37.455207680022305 ], [ 127.03710320489752, 37.455316063440478 ], [ 127.037098178791155, 37.455338309290795 ], [ 127.037067431945445, 37.455474341952957 ], [ 127.037041847785162, 37.455519001751448 ], [ 127.036971443151941, 37.455641904762288 ], [ 127.036849665829394, 37.455822987861701 ], [ 127.036819025623416, 37.455988556814233 ], [ 127.036773738456318, 37.456205091045348 ], [ 127.036771114372613, 37.45625436743174 ], [ 127.036751534007536, 37.456315471772179 ], [ 127.036740651835245, 37.45644386650099 ], [ 127.036563784085004, 37.456638762160999 ], [ 127.036354979179421, 37.456874490301644 ], [ 127.036076972356796, 37.457160363393193 ], [ 127.035763296174267, 37.45748143823289 ], [ 127.035727739429078, 37.457503883160399 ], [ 127.03572613209117, 37.457504897191384 ], [ 127.035706619235, 37.4575172143049 ], [ 127.035694333496082, 37.457524093930324 ], [ 127.035462615095796, 37.457653841620946 ], [ 127.035190901241876, 37.457802863183367 ], [ 127.035016102744734, 37.457893581193957 ], [ 127.034968460729033, 37.457989046614692 ], [ 127.034934171888452, 37.458327772741434 ], [ 127.034934108192047, 37.458328563889452 ], [ 127.034924698249725, 37.4584443468814 ], [ 127.035000384499327, 37.458817460178587 ], [ 127.035010707167231, 37.458868354015898 ], [ 127.035057101462854, 37.45873854167143 ], [ 127.035055175798874, 37.458775989423806 ], [ 127.035044089143014, 37.458856522442289 ], [ 127.035043094587365, 37.459005467317887 ], [ 127.03499460631042, 37.45918708908868 ], [ 127.03495388838239, 37.459758679144606 ], [ 127.034947046795551, 37.459852998097219 ], [ 127.034930690217166, 37.460084040105848 ], [ 127.034924224182021, 37.460175404052698 ], [ 127.034917857645851, 37.460174385692689 ], [ 127.034643043917399, 37.460130433102435 ], [ 127.034599968520837, 37.460109988164561 ], [ 127.034597298786551, 37.460108721147655 ], [ 127.034588239954445, 37.460104422014773 ], [ 127.034514977907008, 37.460069649940195 ], [ 127.034504204007831, 37.460064580589098 ], [ 127.033905062501475, 37.460076264075809 ], [ 127.033903321206424, 37.460075528905016 ], [ 127.033901447182643, 37.460075045592866 ], [ 127.03389949687606, 37.460074828783824 ], [ 127.033897526777366, 37.460074885911645 ], [ 127.033895600217448, 37.460075215423352 ], [ 127.033893773810107, 37.460075804923164 ], [ 127.033892104202664, 37.460076636607219 ], [ 127.033890639008035, 37.460077690833266 ], [ 127.03387864255825, 37.460087965946734 ], [ 127.033873338328661, 37.460092510438187 ], [ 127.033871746830698, 37.460093874235341 ], [ 127.033842416708907, 37.460118998562017 ], [ 127.033841143509662, 37.4601200895994 ], [ 127.033795606242663, 37.460159096800531 ], [ 127.033794495707724, 37.460160213717351 ], [ 127.033793619588337, 37.460161455947308 ], [ 127.033793000689002, 37.460162792933957 ], [ 127.03379265504114, 37.460164192291451 ], [ 127.033792587402644, 37.460165616181165 ], [ 127.033792804759202, 37.460167032181594 ], [ 127.033793298300253, 37.460168402400619 ], [ 127.033794056931271, 37.460169692542593 ], [ 127.033795060489751, 37.460170871881573 ], [ 127.033796284279163, 37.460171911476444 ], [ 127.033843889467022, 37.460206343928654 ], [ 127.033839091308252, 37.460210238727889 ], [ 127.033825432748202, 37.460199550544772 ], [ 127.033824043157878, 37.460198625670863 ], [ 127.033822487308669, 37.460197889427697 ], [ 127.03382080578308, 37.460197361805406 ], [ 127.033819036958121, 37.460197053771722 ], [ 127.033817232801738, 37.460196972742615 ], [ 127.03381543398595, 37.460197124286701 ], [ 127.033813685783954, 37.460197501371653 ], [ 127.033812037991822, 37.460198096982992 ], [ 127.033810531427008, 37.46019889325445 ], [ 127.033809200134016, 37.460199870490321 ], [ 127.033717646101678, 37.460278959186297 ], [ 127.033716446618214, 37.460280196534292 ], [ 127.033715533429032, 37.460281581033016 ], [ 127.033714933939848, 37.460283069525126 ], [ 127.033714666510775, 37.460284618817546 ], [ 127.033714735955684, 37.460286182058297 ], [ 127.033715147099684, 37.460287710592702 ], [ 127.033715882120021, 37.460289161084951 ], [ 127.033716918682359, 37.460290488378647 ], [ 127.033718227634395, 37.4602916526987 ], [ 127.0338220121521, 37.460369141477116 ], [ 127.033791938164228, 37.460394401665496 ], [ 127.033790818658346, 37.460395505927721 ], [ 127.033789931307325, 37.460396735494186 ], [ 127.033789296643093, 37.460398061602184 ], [ 127.03378893070834, 37.460399450063179 ], [ 127.033788840488782, 37.460400868455586 ], [ 127.033789033014983, 37.460402277147089 ], [ 127.033789499420294, 37.460403647258993 ], [ 127.033790230894056, 37.460404940899295 ], [ 127.033791207262482, 37.460406129144658 ], [ 127.033792406123951, 37.460407177654822 ], [ 127.033962827208612, 37.460534689928096 ], [ 127.033899121459257, 37.460832294690071 ], [ 127.033845026860732, 37.460944431032438 ], [ 127.033668733670723, 37.46081372802788 ], [ 127.03366718374383, 37.460812764662151 ], [ 127.033665451479933, 37.460812029523545 ], [ 127.033663584223717, 37.460811546234346 ], [ 127.033661640705475, 37.460811325842677 ], [ 127.033659679666656, 37.46081137759402 ], [ 127.033657759927095, 37.46081169811503 ], [ 127.033655935817364, 37.460812278606468 ], [ 127.033654268497088, 37.460813103085094 ], [ 127.033652801112794, 37.460814142877553 ], [ 127.033473158187022, 37.460966085352247 ], [ 127.033472369310232, 37.460966751050577 ], [ 127.033471254280357, 37.460967860735487 ], [ 127.033470369156319, 37.460969093913633 ], [ 127.033469741243451, 37.460970423651879 ], [ 127.03346937980038, 37.460971815734915 ], [ 127.03346929860858, 37.460973235965298 ], [ 127.033469500153515, 37.460974648298233 ], [ 127.033469606798931, 37.460974955183289 ], [ 127.033469975613414, 37.460976016644295 ], [ 127.033470716132896, 37.460977310322143 ], [ 127.033471701571756, 37.460978495000376 ], [ 127.033472909505974, 37.46097953994407 ], [ 127.033749491884308, 37.461184111016038 ], [ 127.033732227366727, 37.461236947600902 ], [ 127.033744597074318, 37.461250179767731 ], [ 127.033763985689774, 37.461330198304537 ], [ 127.033750441760347, 37.461341810330261 ], [ 127.033749297016556, 37.461342970376919 ], [ 127.033748404727618, 37.461344264821605 ], [ 127.033747787743167, 37.461345655897169 ], [ 127.033747466629023, 37.4613471094329 ], [ 127.033747446143167, 37.461348587590258 ], [ 127.033747728826867, 37.461350045311008 ], [ 127.033748305835871, 37.461351450111145 ], [ 127.033749163870041, 37.461352758672675 ], [ 127.033750275993398, 37.46135393844019 ], [ 127.033775131994858, 37.461376202868642 ], [ 127.033780684233747, 37.461399114029838 ], [ 127.0337974889393, 37.461448385828014 ], [ 127.033799442252516, 37.461470343567839 ], [ 127.033808241753121, 37.461494030092666 ], [ 127.033821714540821, 37.461530307287589 ], [ 127.033846107243519, 37.46156127705612 ], [ 127.033843645960616, 37.461593090929526 ], [ 127.033872999507864, 37.461669390062056 ], [ 127.033876881210176, 37.461679805319136 ], [ 127.033880451665311, 37.461756390332908 ], [ 127.03388059630781, 37.461759684489984 ], [ 127.033883488073471, 37.461825378340379 ], [ 127.03388666803707, 37.461836630900827 ], [ 127.033901702192423, 37.461888442953871 ], [ 127.033911069811225, 37.461920810049335 ], [ 127.033902318808899, 37.461923544525881 ], [ 127.033900582222429, 37.461924229924414 ], [ 127.03389901837069, 37.461925141345397 ], [ 127.033897672651079, 37.461926251926982 ], [ 127.033896583710074, 37.461927529372431 ], [ 127.033895785704757, 37.461928935959179 ], [ 127.033895299234615, 37.461930432108467 ], [ 127.033895140432151, 37.461931969210198 ], [ 127.033895311805011, 37.461933507614255 ], [ 127.033895813644151, 37.461935000450815 ], [ 127.033916448037459, 37.461980512418364 ], [ 127.033915058117032, 37.461981456974698 ], [ 127.033913879745867, 37.461982568216477 ], [ 127.033912940240782, 37.461983817407784 ], [ 127.033912269202361, 37.461985172216281 ], [ 127.033911878184156, 37.461986593027468 ], [ 127.033911780956487, 37.461988047446525 ], [ 127.033911982288473, 37.461989495832235 ], [ 127.033912471118938, 37.46199089848092 ], [ 127.033920863496334, 37.462009142752798 ], [ 127.033920908474528, 37.462011005149556 ], [ 127.03391165969083, 37.462013777323463 ], [ 127.033910038918847, 37.462014385661547 ], [ 127.033908554888441, 37.462015189233718 ], [ 127.033907252941077, 37.462016170191518 ], [ 127.033906158109659, 37.462017303395463 ], [ 127.033905304495377, 37.462018560136407 ], [ 127.033904710391468, 37.462019908037377 ], [ 127.033904389568278, 37.462021314703549 ], [ 127.033904353568147, 37.462022742323136 ], [ 127.033904600331041, 37.462024158438915 ], [ 127.033905123307562, 37.462025525167718 ], [ 127.033922120653401, 37.462059827839518 ], [ 127.033923340357617, 37.462108895729955 ], [ 127.033923880561318, 37.462126068856755 ], [ 127.033925475123638, 37.462131140814996 ], [ 127.033956951441866, 37.462229115295528 ], [ 127.033977097466121, 37.462265151982507 ], [ 127.034025886833405, 37.462352427016128 ], [ 127.034034909850732, 37.462386770334639 ], [ 127.034047456621153, 37.462434191924906 ], [ 127.034054722097778, 37.462461665321534 ], [ 127.034077870189336, 37.462511773311917 ], [ 127.034093752168218, 37.462546174314653 ], [ 127.034101392996504, 37.462562728254731 ], [ 127.034106156263974, 37.462572862147361 ], [ 127.034173505020703, 37.46268772173503 ], [ 127.034200191086768, 37.462733333218317 ], [ 127.034232903011429, 37.462783880882938 ], [ 127.034247559899995, 37.462806526847032 ], [ 127.03426045348823, 37.462826506834318 ], [ 127.034280579854212, 37.462873783404959 ], [ 127.034285742392612, 37.462885912681834 ], [ 127.034319157531414, 37.462965308560278 ], [ 127.034328343520798, 37.462987264141809 ], [ 127.034376356363481, 37.46305438686047 ], [ 127.034384723976473, 37.463066085290187 ], [ 127.034393028331692, 37.463079597015422 ], [ 127.034444992603838, 37.46316489957173 ], [ 127.034450123120592, 37.463186577770159 ], [ 127.034453122530934, 37.463199251955011 ], [ 127.034460201136568, 37.463228813950451 ], [ 127.034462500635385, 37.463238381078376 ], [ 127.034510567779321, 37.463304815311879 ], [ 127.034532669349431, 37.463335218863506 ], [ 127.034531094522862, 37.463381674392892 ], [ 127.034521577296246, 37.463429548030675 ], [ 127.034534134158577, 37.463452070310588 ], [ 127.03453731069601, 37.463457700125993 ], [ 127.034552865776874, 37.463487257645276 ], [ 127.034550946396735, 37.463538220441542 ], [ 127.034553330359401, 37.463553136596524 ], [ 127.034471455730767, 37.463502586449735 ], [ 127.034470017540272, 37.463501829046059 ], [ 127.034468456076397, 37.463501256837816 ], [ 127.034466800671836, 37.463500880756925 ], [ 127.034465094250791, 37.463500708183375 ], [ 127.034463286981506, 37.463500751539975 ], [ 127.034461509954042, 37.463501023962259 ], [ 127.034459812955433, 37.463501520238175 ], [ 127.034458234532096, 37.46350222429502 ], [ 127.03445682002625, 37.463503118284144 ], [ 127.034455601210965, 37.463504184303439 ], [ 127.034397880297945, 37.46356341629744 ], [ 127.034396455473185, 37.463564879907487 ], [ 127.034395475628628, 37.463566067650575 ], [ 127.034394743903349, 37.463567360929517 ], [ 127.034394276306898, 37.463568730963786 ], [ 127.034394082108932, 37.463570141735303 ], [ 127.034394168295265, 37.463571560822501 ], [ 127.034394535100674, 37.463572950368984 ], [ 127.03439516916842, 37.463574276070254 ], [ 127.034396059380924, 37.463575507236158 ], [ 127.034396706753896, 37.463576146150153 ], [ 127.034397178801129, 37.463576611311389 ], [ 127.034398502708783, 37.463577562960374 ], [ 127.034598013916451, 37.463699562570248 ], [ 127.034605423267578, 37.46371080832985 ], [ 127.034618066000917, 37.463772030117532 ], [ 127.034623886701468, 37.463800226086441 ], [ 127.034629825438913, 37.463803905408227 ], [ 127.034630472085027, 37.463804297344218 ], [ 127.034631188313497, 37.463804774282494 ], [ 127.034631845418133, 37.463805303267058 ], [ 127.034632090640173, 37.463805511546596 ], [ 127.034637593050633, 37.463810259970579 ], [ 127.03463877511922, 37.463811474256687 ], [ 127.034639682648674, 37.463812831679917 ], [ 127.034640286496014, 37.463814290662761 ], [ 127.034640568803638, 37.463815813277613 ], [ 127.034642192834767, 37.463836578095155 ], [ 127.034642165960605, 37.463837994934138 ], [ 127.034641858790465, 37.463839389036565 ], [ 127.034641282833135, 37.463840727998644 ], [ 127.034640449586178, 37.463841981219225 ], [ 127.034639379638037, 37.46384311092212 ], [ 127.034633693929493, 37.463848231716469 ], [ 127.034653444438334, 37.463944191229679 ], [ 127.034660114347503, 37.463976590898184 ], [ 127.034668272837848, 37.464075697390783 ], [ 127.034672485066125, 37.464089380464138 ], [ 127.034670913365815, 37.464090457715059 ], [ 127.034608463081625, 37.464142406185189 ], [ 127.034607395993618, 37.464143438551623 ], [ 127.034606531762719, 37.464144581683421 ], [ 127.034605888593006, 37.464145817624981 ], [ 127.034605484766814, 37.464147115801971 ], [ 127.034601152745495, 37.464167172124725 ], [ 127.034600988220149, 37.464168721823405 ], [ 127.034601161806606, 37.46417027105101 ], [ 127.034601665891145, 37.464171771103835 ], [ 127.034602484888808, 37.464173182260474 ], [ 127.034603145111603, 37.464173938401267 ], [ 127.034563064429321, 37.464182433638875 ], [ 127.03451348284689, 37.464202953495302 ], [ 127.034293599891001, 37.464293950585343 ], [ 127.034204945910346, 37.464330641830522 ], [ 127.034139083472397, 37.464358351532269 ], [ 127.033950352804126, 37.464437758459532 ], [ 127.033479714844702, 37.46463577527966 ], [ 127.033409636779751, 37.464706702765199 ], [ 127.033196718468702, 37.46492219828459 ], [ 127.033180293100145, 37.464950081095701 ], [ 127.033140590216718, 37.465017387747054 ], [ 127.032757571384963, 37.465193181236614 ], [ 127.032321548659255, 37.465308457045026 ], [ 127.032239955754449, 37.465329876798044 ], [ 127.032169156186015, 37.465371845258929 ], [ 127.031984603845146, 37.465481536972426 ], [ 127.031921768903189, 37.465518882183666 ], [ 127.031851582720847, 37.465529160921974 ], [ 127.031759997697606, 37.465542574499942 ], [ 127.031676459025505, 37.465554985130524 ], [ 127.031195548073114, 37.465626059843885 ], [ 127.030555083758657, 37.465514161925448 ], [ 127.03039682111131, 37.465486322713929 ], [ 127.030353541036604, 37.465460151766337 ], [ 127.03031449514512, 37.46542271435802 ], [ 127.03026096164821, 37.465395698604731 ], [ 127.030166279818815, 37.465362211484056 ], [ 127.030024446730977, 37.46534619989712 ], [ 127.029928549309275, 37.465351565553874 ], [ 127.029928205425492, 37.465351584015906 ], [ 127.02987659685995, 37.465354531677356 ], [ 127.029527278018804, 37.465374474903044 ], [ 127.029494808388023, 37.464963678769983 ], [ 127.029493207307425, 37.464942001800544 ], [ 127.029488931268844, 37.46484373068413 ], [ 127.02951068637131, 37.464470095525726 ], [ 127.029583390129275, 37.46428818502843 ], [ 127.02962381378677, 37.46423045673118 ], [ 127.02967059577459, 37.46416371664926 ], [ 127.029694337175428, 37.463905518019402 ], [ 127.029686943693719, 37.463857734317365 ], [ 127.029667899716344, 37.463734665569056 ], [ 127.029638917048544, 37.46354737381084 ], [ 127.029633257009209, 37.463490223715404 ], [ 127.02961837136408, 37.463372529213188 ], [ 127.029606149985682, 37.46327539641868 ], [ 127.0295858980231, 37.463237069110676 ], [ 127.029544119057945, 37.463158000962082 ], [ 127.029491440186362, 37.463053550245064 ], [ 127.029440403839104, 37.462946315419686 ], [ 127.029429937196383, 37.462924325518671 ], [ 127.029365427240364, 37.462796794163779 ], [ 127.029321944031452, 37.462712054970879 ], [ 127.029316289387481, 37.462701353082913 ], [ 127.02920249260481, 37.462560317568176 ], [ 127.029120156211263, 37.46245756927361 ], [ 127.028985337286088, 37.46228978921954 ], [ 127.028924385302318, 37.462215181888645 ], [ 127.028819084822956, 37.462114969312324 ], [ 127.028731270801643, 37.462028267525511 ], [ 127.028601069583814, 37.461899345236539 ], [ 127.028537998862717, 37.461834884023922 ], [ 127.028512793129408, 37.46181037450927 ], [ 127.02844506580017, 37.461744517382314 ], [ 127.028426509171283, 37.461725383078509 ], [ 127.028386398975968, 37.461673863259641 ], [ 127.028320495723932, 37.46159109653086 ], [ 127.028255471216255, 37.461503830055335 ], [ 127.028191330871024, 37.461424160168143 ], [ 127.028149108665914, 37.461375171880007 ], [ 127.02804309786967, 37.461245117896958 ], [ 127.028048156273584, 37.461214087892486 ], [ 127.028052175083019, 37.461189422777878 ], [ 127.028067419769641, 37.461095887764557 ], [ 127.028103372623519, 37.460883296674041 ], [ 127.028156969087533, 37.460621992355208 ], [ 127.028222986063199, 37.46051695670613 ], [ 127.028345471769143, 37.460314761163794 ], [ 127.028382714842976, 37.460255908270646 ], [ 127.02846179113584, 37.460131435288787 ], [ 127.02846073770877, 37.460125245920487 ], [ 127.02845117438882, 37.460102484355012 ], [ 127.028382076670738, 37.459938025924323 ], [ 127.028367761610752, 37.459907052883331 ], [ 127.028361924837711, 37.459893537960625 ], [ 127.028221791488434, 37.459855434953035 ], [ 127.027978959227227, 37.459887884261178 ], [ 127.027977004540617, 37.459888008052836 ], [ 127.027975053815112, 37.459887861450838 ], [ 127.027973163574686, 37.459887446483741 ], [ 127.027971390258344, 37.459886778700117 ], [ 127.02796979028237, 37.459885877254038 ], [ 127.027968408710706, 37.459884768465052 ], [ 127.027967286039157, 37.459883485845424 ], [ 127.027966461593039, 37.459882069212327 ], [ 127.027965955475835, 37.459880558306061 ], [ 127.027955522866563, 37.459833322976891 ], [ 127.027874649136379, 37.459832830443837 ], [ 127.027834484757392, 37.459832048031863 ], [ 127.02783978692041, 37.459855761589544 ], [ 127.027839960295907, 37.459857320741961 ], [ 127.027839792170056, 37.459858883036716 ], [ 127.027839285127357, 37.459860397106382 ], [ 127.027838459798119, 37.459861818866507 ], [ 127.02783733681278, 37.459863104232618 ], [ 127.027835950336126, 37.459864214582538 ], [ 127.027834343539041, 37.459865117639623 ], [ 127.027832565228849, 37.459865783853829 ], [ 127.027830668656392, 37.459866196312007 ], [ 127.027830118634867, 37.459866273434471 ], [ 127.027497258388252, 37.459914334190024 ], [ 127.027495408731127, 37.459914478223681 ], [ 127.027493549309582, 37.459914377047077 ], [ 127.027491740028353, 37.45991403450514 ], [ 127.027490024928255, 37.459913459787671 ], [ 127.02748845139692, 37.459912669308672 ], [ 127.027487061145678, 37.459911683064981 ], [ 127.027485890186966, 37.459910528241544 ], [ 127.027484976760618, 37.459909237440378 ], [ 127.027484339884467, 37.459907843186684 ], [ 127.027450763322008, 37.459809999184806 ], [ 127.027388966736254, 37.459797745880657 ], [ 127.027316194890844, 37.459783398941433 ], [ 127.027114673104549, 37.459740365567988 ], [ 127.026904144236383, 37.459696599939242 ], [ 127.026891426595142, 37.459693956700001 ], [ 127.026572287505857, 37.459641650539552 ], [ 127.026499322099596, 37.459562827700893 ], [ 127.026443507123972, 37.459501134576627 ], [ 127.026401270354, 37.459454447681701 ], [ 127.026408815268894, 37.459308033181003 ], [ 127.026418990659849, 37.459108116990556 ], [ 127.02642392698904, 37.458983746621591 ], [ 127.026426521718037, 37.458918344972034 ], [ 127.026435444685902, 37.458658457743923 ], [ 127.026443307140681, 37.458407868340046 ], [ 127.026445045407812, 37.458336624209451 ], [ 127.026419065422758, 37.458277219298964 ], [ 127.026346785057498, 37.458104357886825 ], [ 127.026204581983691, 37.457987814621923 ], [ 127.026016265617997, 37.457834405192571 ], [ 127.025995419296777, 37.457816956782914 ], [ 127.025898463801354, 37.457773611502539 ], [ 127.02568739259452, 37.457678491669569 ], [ 127.025434814473485, 37.457564501461846 ], [ 127.025277617783956, 37.457493867385118 ], [ 127.025209847337294, 37.457490438547481 ], [ 127.025210610904224, 37.457491278081974 ], [ 127.025211573029267, 37.457492545661211 ], [ 127.025212259717904, 37.457493920297644 ], [ 127.025212656487994, 37.457495367681247 ], [ 127.025212748902931, 37.457496846291185 ], [ 127.025212533821431, 37.457498316454803 ], [ 127.025212023920147, 37.457499740365705 ], [ 127.025211226245233, 37.457501076589402 ], [ 127.025210163626539, 37.457502290965714 ], [ 127.025209926977141, 37.45750252256714 ], [ 127.025187048927506, 37.457524620453732 ], [ 127.025185783893093, 37.457525659151749 ], [ 127.025184327750381, 37.457526522217073 ], [ 127.025175444850078, 37.45753226607917 ], [ 127.025178858785011, 37.457535607635741 ], [ 127.025179070051621, 37.457535813995804 ], [ 127.025180106114718, 37.457537011565911 ], [ 127.02518088589423, 37.457538327086439 ], [ 127.025181390391012, 37.457539725327884 ], [ 127.02518160512858, 37.457541171078816 ], [ 127.025181525840694, 37.457542623760666 ], [ 127.025181152749568, 37.457544048221109 ], [ 127.025180497401252, 37.457545406649203 ], [ 127.02517957586447, 37.457546661252145 ], [ 127.025178413207669, 37.457547781484266 ], [ 127.025178083580954, 37.457548054174829 ], [ 127.025146052019394, 37.457574340874189 ], [ 127.025144632412307, 37.457575326671481 ], [ 127.025142934601021, 37.457576141894243 ], [ 127.025141278158415, 37.457576673353223 ], [ 127.02513943760809, 37.45757699495573 ], [ 127.025137554528882, 37.45757706851191 ], [ 127.025135683204425, 37.457576892437196 ], [ 127.025133876759114, 37.45757646964914 ], [ 127.025132180322899, 37.457575815652277 ], [ 127.025130645809782, 37.457574945978472 ], [ 127.025129311520047, 37.457573883315696 ], [ 127.025031532357559, 37.45748176295583 ], [ 127.024984281965658, 37.457479564799144 ], [ 127.024856594661259, 37.457473111490401 ], [ 127.024676984505334, 37.457466676358159 ], [ 127.024545594846316, 37.457461909599203 ], [ 127.024388768815641, 37.457455749571551 ], [ 127.024283508591452, 37.457452392854897 ], [ 127.024125984383716, 37.457446502781714 ], [ 127.023963314621625, 37.457394733925483 ], [ 127.023826621374766, 37.457351395424986 ], [ 127.023745724262, 37.457329164463538 ], [ 127.023712524579096, 37.457319034525668 ], [ 127.023594036109117, 37.457307017647821 ], [ 127.023524084314062, 37.457299923113823 ], [ 127.023380074654, 37.457285821919918 ], [ 127.02334324028709, 37.45728221572103 ], [ 127.023060496499397, 37.457265661617022 ], [ 127.022792768645189, 37.457250501493405 ], [ 127.022731823602669, 37.457194199488043 ], [ 127.022704173987961, 37.457168701775537 ], [ 127.022641076928537, 37.457110512586659 ], [ 127.022582557310471, 37.457056544019764 ], [ 127.022432229689898, 37.45691606820801 ], [ 127.02242417093052, 37.456905275145637 ], [ 127.022356972017448, 37.456815287096063 ], [ 127.022248862511162, 37.456675928108474 ], [ 127.022207877290526, 37.456624408039104 ], [ 127.02220327532703, 37.45661624469853 ], [ 127.022091473787398, 37.456539398332382 ], [ 127.021973658825345, 37.456458040540724 ], [ 127.021893691792471, 37.456416939292389 ], [ 127.021695469605817, 37.456315054501523 ], [ 127.021502956349252, 37.456225833237454 ], [ 127.021427376057972, 37.456209520750811 ], [ 127.02134772423922, 37.456196577252477 ], [ 127.021283798107959, 37.456192650662814 ], [ 127.021263485903305, 37.456188148987188 ], [ 127.021139685689747, 37.456181411766686 ], [ 127.020858712607321, 37.456166817344595 ], [ 127.020828511369103, 37.456164290050715 ], [ 127.020715608229096, 37.456163120134775 ], [ 127.02050130020794, 37.456160896939664 ], [ 127.020427279653859, 37.456160127873659 ], [ 127.02036582967871, 37.456158165896809 ], [ 127.02029981358757, 37.456118744451189 ], [ 127.020220642579687, 37.456071467346923 ], [ 127.020165003052782, 37.456039093361582 ], [ 127.020125088810474, 37.456014890082784 ], [ 127.019980081436103, 37.455923686943898 ], [ 127.019813706474437, 37.455846000209256 ], [ 127.019708979244044, 37.455796461050056 ], [ 127.019692012091468, 37.455786605070017 ], [ 127.019201415822721, 37.455731494498266 ], [ 127.019060492351272, 37.455748977225234 ], [ 127.01897608980228, 37.45576418946883 ], [ 127.018835869640753, 37.455788709043262 ], [ 127.018789600510075, 37.455802791061018 ], [ 127.018760979400639, 37.455811500682074 ], [ 127.01863686310385, 37.455849274369392 ], [ 127.018433435818935, 37.455910113386999 ], [ 127.01829163905704, 37.455954904799739 ], [ 127.018259333486597, 37.455965295649371 ], [ 127.018120002335394, 37.456010115834573 ], [ 127.018065078266162, 37.456026739278443 ], [ 127.018007687033162, 37.456039135147428 ], [ 127.017778475536645, 37.456085063849613 ], [ 127.017640277876325, 37.456114226875385 ], [ 127.017599592985633, 37.456122813061462 ], [ 127.017545378805153, 37.4561352090548 ], [ 127.017259798188348, 37.456057257364776 ], [ 127.017028440554469, 37.455992531490622 ], [ 127.016946324962873, 37.455969728447897 ], [ 127.01676845640938, 37.455785894386345 ], [ 127.016651098581704, 37.455664981270232 ], [ 127.016631560142642, 37.455644849590385 ], [ 127.01661761037704, 37.455628795106499 ], [ 127.016475238009605, 37.455465226051672 ], [ 127.016422647770042, 37.455404743798937 ], [ 127.01637879515296, 37.45535430783989 ], [ 127.016287991921885, 37.45522958388861 ], [ 127.01624473619141, 37.455207631655647 ], [ 127.016215234231424, 37.455194399631957 ], [ 127.015787310433197, 37.455005799511227 ], [ 127.015574849446608, 37.454916012749024 ], [ 127.015064997489816, 37.454831882185651 ], [ 127.014873576762923, 37.454841751595431 ], [ 127.014509618854902, 37.454861226344939 ], [ 127.014156446469144, 37.45497782853942 ], [ 127.013859260734648, 37.455120336275975 ], [ 127.013557835640697, 37.455265365855126 ], [ 127.01338672066322, 37.455347608605372 ], [ 127.012753651325696, 37.45546818071309 ], [ 127.01253384351898, 37.455510069252121 ], [ 127.012493526058265, 37.455517752028321 ], [ 127.012376452962627, 37.45554253969047 ], [ 127.012372565046917, 37.455548739460504 ], [ 127.012187059493812, 37.455531889928764 ], [ 127.011939017540328, 37.455509359245042 ], [ 127.011431939608499, 37.455419435004977 ], [ 127.011367714993852, 37.455408044828417 ], [ 127.011344569257233, 37.455412196357003 ], [ 127.011151035586352, 37.455446914241598 ], [ 127.011150887720859, 37.455396151464988 ], [ 127.011150846068077, 37.455381879081379 ], [ 127.01108237692651, 37.455390476084069 ], [ 127.011081542944282, 37.455390580797577 ], [ 127.011057316720695, 37.455393622726483 ], [ 127.011023684715212, 37.455397845280096 ], [ 127.010956654928449, 37.455406261582773 ], [ 127.010909268422196, 37.455412210985607 ], [ 127.010823269733493, 37.455423010334314 ], [ 127.010774628968505, 37.455694758866741 ], [ 127.010720365225424, 37.455909024785704 ], [ 127.010713775283904, 37.456051050785724 ], [ 127.010657425285899, 37.456150913122592 ], [ 127.010551133754973, 37.456236269351791 ], [ 127.010411039624458, 37.456314446693305 ], [ 127.010396368835771, 37.456322632499614 ], [ 127.010386435688901, 37.456337567521189 ], [ 127.010371643850604, 37.456359810506626 ], [ 127.01029693762608, 37.456470604977 ], [ 127.010288486592813, 37.456483138586364 ], [ 127.010117373129034, 37.456624498883173 ], [ 127.01003173695122, 37.456751773489401 ], [ 127.009907606328582, 37.456875391101249 ], [ 127.009853033257983, 37.45692101898819 ], [ 127.009845968623608, 37.456926923370041 ], [ 127.009786997459543, 37.456965220213306 ], [ 127.009611822362132, 37.45707841690276 ], [ 127.009551775743873, 37.457100947002324 ], [ 127.009303481195971, 37.4571890900855 ], [ 127.009292773754012, 37.457193902177373 ], [ 127.009232675073989, 37.457220909876597 ], [ 127.009202411100347, 37.45724995234756 ], [ 127.00907657039518, 37.457370711852967 ], [ 127.008985282303357, 37.457510660620684 ], [ 127.008887458291383, 37.457600487921482 ], [ 127.008858880356186, 37.457627040528983 ], [ 127.008797758717336, 37.457683828438611 ], [ 127.008710872059311, 37.457764932577113 ], [ 127.008690915950694, 37.457797307745324 ], [ 127.008633530938894, 37.457887978968337 ], [ 127.008578968010355, 37.457975542274916 ], [ 127.0085316536357, 37.458051571195199 ], [ 127.008599475054737, 37.458123369282383 ], [ 127.008600892855739, 37.458193196663693 ], [ 127.008597191405542, 37.458246689865348 ], [ 127.008591284442971, 37.458281443544308 ], [ 127.008581828344091, 37.458337079694815 ], [ 127.008548107506229, 37.458397330875734 ], [ 127.008579721799777, 37.458404646218341 ], [ 127.008577427439107, 37.45841140772621 ], [ 127.0084774319768, 37.458443525704624 ], [ 127.008327534950737, 37.458491669562406 ], [ 127.008315364143485, 37.45864568912183 ], [ 127.008217708030543, 37.458773240439548 ], [ 127.008220537229732, 37.458805333569444 ], [ 127.008217486778335, 37.458943429705819 ], [ 127.008214032460543, 37.459099856103293 ], [ 127.008111429802241, 37.459133325777827 ], [ 127.008020658207599, 37.459162936302874 ], [ 127.007916763243117, 37.459437250338247 ], [ 127.007876050294016, 37.459544745140342 ], [ 127.007819559609402, 37.459589008420927 ], [ 127.007722239941543, 37.459665264073514 ], [ 127.007557482000593, 37.459854482418081 ], [ 127.007312181669008, 37.460038073748812 ], [ 127.007271112931306, 37.460137398684068 ], [ 127.00726945380832, 37.460141412751128 ], [ 127.007262942748412, 37.460143522736828 ], [ 127.00704092514296, 37.460215468475624 ], [ 127.00696128462647, 37.460351748756182 ], [ 127.006809240337432, 37.460549976823103 ], [ 127.006794944800774, 37.460575043581187 ], [ 127.006513818208191, 37.461109460355949 ], [ 127.006415279530799, 37.461268824569501 ], [ 127.006153903750814, 37.461689329236677 ], [ 127.006139444380167, 37.461712590694511 ], [ 127.006127611607241, 37.46173088940273 ], [ 127.006024296109103, 37.461824931307312 ], [ 127.006157471155959, 37.461888275117715 ], [ 127.006148635768426, 37.461904891789793 ], [ 127.006043390547632, 37.462087349419775 ], [ 127.005939017028879, 37.462256857997893 ], [ 127.005932313405225, 37.462272904889716 ], [ 127.005887881761566, 37.462348047876155 ], [ 127.005769485008258, 37.462548277422229 ], [ 127.005713502287449, 37.462589392423332 ], [ 127.00545724322464, 37.462757771202433 ], [ 127.005329203601093, 37.462794950141806 ], [ 127.005189115302159, 37.462947283565363 ], [ 127.004968759163532, 37.463186898529059 ], [ 127.00479762920277, 37.463517735437534 ], [ 127.004764955515739, 37.46358024687251 ], [ 127.004748372578078, 37.46383618620608 ], [ 127.004648577763604, 37.463921217166209 ], [ 127.004486627330763, 37.46405886680278 ], [ 127.004469673201726, 37.464073275208861 ], [ 127.004545604746482, 37.464255818608684 ], [ 127.004805456081598, 37.464880501559712 ], [ 127.004762187925934, 37.464923023215569 ], [ 127.004683602631133, 37.465172207392385 ], [ 127.00470463118954, 37.465230492947512 ], [ 127.004891868481124, 37.465802622826232 ], [ 127.004905466462873, 37.465842601169541 ], [ 127.004558956176282, 37.466244124829025 ], [ 127.004488843227378, 37.466328315595554 ], [ 127.004492732273903, 37.46634971403585 ], [ 127.004521358867535, 37.466790640207066 ], [ 127.004524537514214, 37.466797685968658 ], [ 127.004380770431368, 37.466977600807077 ], [ 127.004245660582257, 37.467143443652958 ], [ 127.004129630763913, 37.467287046861031 ], [ 127.003675358755189, 37.467720385224354 ], [ 127.003609593637975, 37.46767872741232 ], [ 127.002734825113578, 37.467124609737091 ], [ 127.001962798182575, 37.467087449104795 ], [ 127.001865451375451, 37.467135598791224 ], [ 127.001717472070766, 37.46720879649196 ], [ 127.001485920287124, 37.467323116765648 ], [ 127.00139366923807, 37.467299466976954 ], [ 127.001043292801313, 37.467209642761418 ], [ 127.00099666489011, 37.467197541567664 ], [ 127.00083310317271, 37.467155189763197 ], [ 127.000476867198557, 37.467062946900668 ], [ 127.000091301017477, 37.467106298870732 ], [ 126.999794585688974, 37.467132695227278 ], [ 126.999505789617601, 37.467158387065822 ], [ 126.998991460347781, 37.467211868436209 ], [ 126.998779512859556, 37.467234109394951 ], [ 126.998695263512033, 37.467212150850976 ], [ 126.99808537833583, 37.467055016975891 ], [ 126.997801912304681, 37.467022627257073 ], [ 126.997600549868423, 37.467142004064904 ], [ 126.997476201370361, 37.467213800647073 ], [ 126.997450566000623, 37.467228540671734 ], [ 126.997426746978675, 37.467242233821736 ], [ 126.997170996338497, 37.467214068873439 ], [ 126.997051487882487, 37.467191931173637 ], [ 126.997049764354998, 37.467191611966314 ], [ 126.996985546615363, 37.467179714646228 ], [ 126.996751878298866, 37.467072432850671 ], [ 126.996613583501059, 37.466926005131967 ], [ 126.996607398333722, 37.466920868057109 ], [ 126.996281914335214, 37.466650753290928 ], [ 126.996231048660675, 37.466608395043281 ], [ 126.996262841779611, 37.466533775168422 ], [ 126.996303576269156, 37.466437757191024 ], [ 126.996367598528579, 37.466286849922099 ], [ 126.996524282467718, 37.46591744512245 ], [ 126.996455243526441, 37.465685434016862 ], [ 126.99646071596257, 37.465681496748289 ], [ 126.996643184775053, 37.46542752919224 ], [ 126.996632068738208, 37.46512934886848 ], [ 126.996619206951522, 37.464778525103341 ], [ 126.996772345906138, 37.464617478251981 ], [ 126.996954628561113, 37.464428551719237 ], [ 126.997119238835538, 37.464258773961582 ], [ 126.997193595451193, 37.464184165470755 ], [ 126.997253131569508, 37.464019734343729 ], [ 126.997314959181537, 37.463844040482456 ], [ 126.99737077371023, 37.463687491197291 ], [ 126.997342232719873, 37.463648620195478 ], [ 126.997259341902392, 37.463535723373916 ], [ 126.997166797572149, 37.463408172516445 ], [ 126.996984908777748, 37.463158986325702 ], [ 126.996983482170734, 37.463152506662681 ], [ 126.996951529825822, 37.462954842310097 ], [ 126.996940990971353, 37.462895094752049 ], [ 126.996898038172773, 37.462651599702035 ], [ 126.996851960101992, 37.462372006142466 ], [ 126.996820123685339, 37.46218076353636 ], [ 126.996802696770715, 37.462076078904765 ], [ 126.996768633065628, 37.461873352436079 ], [ 126.996348828810852, 37.461798441759498 ], [ 126.99590130763103, 37.461717889608977 ], [ 126.995439834291957, 37.461632560261279 ], [ 126.995059242059412, 37.461562144378163 ], [ 126.994748229656153, 37.461504966559232 ], [ 126.994525531359329, 37.461464687704975 ], [ 126.994289934108323, 37.461421317440077 ], [ 126.9939624910307, 37.461448328487492 ], [ 126.993695284522133, 37.46146942959642 ], [ 126.993405652534733, 37.461491895977531 ], [ 126.993354416014967, 37.461495869461196 ], [ 126.993318029038775, 37.461456206697854 ], [ 126.993152929968403, 37.461276233753821 ], [ 126.992988709466871, 37.461066739287617 ], [ 126.992895121387818, 37.46094791840116 ], [ 126.992655186608545, 37.460343937717838 ], [ 126.99250631462283, 37.460391616970391 ], [ 126.992206047573447, 37.460487786111649 ], [ 126.992027837865521, 37.460546337125614 ], [ 126.991698474830798, 37.460518999474452 ], [ 126.991623074291496, 37.460441561686338 ], [ 126.991332064895644, 37.460136041575389 ], [ 126.991295525839249, 37.460117747055172 ], [ 126.991223498077176, 37.46008168168833 ], [ 126.990954675887025, 37.459947077154759 ], [ 126.990522726710168, 37.459727417444199 ], [ 126.989994540494592, 37.459462975751066 ], [ 126.989927095786399, 37.459324350601477 ], [ 126.989919332074436, 37.459308393603173 ], [ 126.989780386281709, 37.45902484135167 ], [ 126.989674279516763, 37.45880887797685 ], [ 126.989631371664615, 37.458737919410467 ], [ 126.98954222140793, 37.458592888937503 ], [ 126.98949913155873, 37.45852279123875 ], [ 126.989170679144792, 37.458385633762106 ], [ 126.988952444911178, 37.458295314600861 ], [ 126.988817495127961, 37.458239462923281 ], [ 126.988717544479314, 37.458196374399499 ], [ 126.988657308041653, 37.458153075462256 ], [ 126.988645849020656, 37.458144837891496 ], [ 126.98864479825103, 37.458147047093824 ], [ 126.988635556626093, 37.458165864532766 ], [ 126.988606063226428, 37.458153917325028 ], [ 126.988587004582513, 37.458146200298906 ], [ 126.988411864288835, 37.45807526386691 ], [ 126.988356597718209, 37.458053020512985 ], [ 126.98816516955597, 37.457973035613982 ], [ 126.987907525569753, 37.457866858298416 ], [ 126.987261217704997, 37.457600697249454 ], [ 126.986781070576214, 37.457403264084043 ], [ 126.98677241096496, 37.457393446680591 ], [ 126.986612635838497, 37.457212339334831 ], [ 126.986209987771375, 37.457206664910125 ], [ 126.985502989691284, 37.457188047702275 ], [ 126.985263945859032, 37.45718175180135 ], [ 126.984903361599279, 37.457042612746726 ], [ 126.98438784358234, 37.457105608939138 ], [ 126.982888230808186, 37.456826918618255 ], [ 126.982437706548396, 37.456877805947194 ], [ 126.98191027178909, 37.456934999255871 ], [ 126.981903654579767, 37.456935716574684 ], [ 126.981909062788404, 37.456924388511801 ], [ 126.982033882733475, 37.456662905658156 ], [ 126.982159063212563, 37.456400169540032 ], [ 126.982389213611143, 37.455917102236306 ], [ 126.982398048553208, 37.45589119968384 ], [ 126.982388450917099, 37.455890286929815 ], [ 126.982241781223962, 37.455876356530602 ], [ 126.981201289475948, 37.455777528754574 ], [ 126.979790480539009, 37.455647198318637 ], [ 126.978477467424824, 37.455734797937488 ], [ 126.977757120718863, 37.455199116435011 ], [ 126.976553016945886, 37.454897597543635 ], [ 126.974579563398123, 37.454412875024133 ], [ 126.974061801301559, 37.453904813167391 ], [ 126.974012545215444, 37.453855525512928 ], [ 126.973371571111841, 37.453237627210875 ], [ 126.9733244487512, 37.453164408552048 ], [ 126.973256680896881, 37.4530486688585 ], [ 126.972843537773414, 37.45238238273803 ], [ 126.971752828113026, 37.451737335022237 ], [ 126.971067652154602, 37.450469831570516 ], [ 126.970569392867787, 37.449452700522563 ], [ 126.970311982455357, 37.449349296361639 ], [ 126.970147078421704, 37.44929124482374 ], [ 126.97005138226838, 37.449257432827508 ], [ 126.969845284434172, 37.449184747276817 ], [ 126.969831339635775, 37.449179829974355 ], [ 126.969593571307954, 37.449095976421674 ], [ 126.968661721942667, 37.448754464107054 ], [ 126.967662981536989, 37.448380543791778 ], [ 126.966223295623564, 37.447477142347225 ], [ 126.965780678428217, 37.44719939168305 ], [ 126.965343432147506, 37.446923884617732 ], [ 126.965202564094582, 37.446833181135517 ], [ 126.964940066695632, 37.446669792510527 ], [ 126.964620036700254, 37.446470066486036 ], [ 126.964365145550502, 37.446311463932581 ], [ 126.964289767625729, 37.446267235755137 ], [ 126.964121736603644, 37.445770782992504 ], [ 126.963941900136334, 37.445245888834165 ], [ 126.963933619464854, 37.445214629807083 ], [ 126.964071270763142, 37.444959727993577 ], [ 126.964140217463353, 37.444832056735947 ], [ 126.964372273989781, 37.444398799533431 ], [ 126.964419279192427, 37.444312650982148 ], [ 126.964316221357677, 37.443830858705162 ], [ 126.96430300567539, 37.443770324432947 ], [ 126.964320821697058, 37.443462293414491 ], [ 126.96433431360812, 37.443306315670355 ], [ 126.964356029980323, 37.442968723104435 ], [ 126.964381649498762, 37.442577073509298 ], [ 126.964610187560467, 37.442087789774014 ], [ 126.964634041948912, 37.442039645947091 ], [ 126.964153830521553, 37.441613211637474 ], [ 126.963822025475906, 37.441318584718005 ], [ 126.963784267155134, 37.441286757476213 ], [ 126.963799661058005, 37.440871452952592 ], [ 126.963802799897735, 37.440800693789988 ], [ 126.963803332131349, 37.440786939566877 ], [ 126.963736045733043, 37.440746881383077 ], [ 126.963660909055136, 37.440702150013742 ], [ 126.963113961492297, 37.440376525547471 ], [ 126.962983530765911, 37.440299608995048 ], [ 126.962942787672276, 37.440280457342176 ], [ 126.962466782806942, 37.440280581163094 ], [ 126.962362255222558, 37.440280203988983 ], [ 126.961949282577109, 37.44027871685487 ], [ 126.961762484618788, 37.440279219307946 ], [ 126.961499614047924, 37.440299114800602 ], [ 126.960903689583915, 37.440343125017229 ], [ 126.960275641830904, 37.440385417167356 ], [ 126.960055891497547, 37.440400531707795 ], [ 126.960000499618715, 37.440355758418107 ], [ 126.959756600929055, 37.440155766630269 ], [ 126.959571479919006, 37.440005340573116 ], [ 126.959542534386117, 37.439978578284702 ], [ 126.959496843933138, 37.439910148619042 ], [ 126.959252691542844, 37.439543459727169 ], [ 126.959169431889308, 37.439406873465586 ], [ 126.958998862112907, 37.439126941810059 ], [ 126.95897734640036, 37.439089478126327 ], [ 126.95896605637536, 37.439069769470983 ], [ 126.958549038181772, 37.439028243954738 ], [ 126.958432528326256, 37.439016642305454 ], [ 126.958139634097904, 37.438988089500974 ], [ 126.95774064111859, 37.438947686648099 ], [ 126.957566920046418, 37.438930448620319 ], [ 126.957040649937056, 37.438853098151469 ], [ 126.956705034182434, 37.43880341583337 ], [ 126.956478179353923, 37.438769820958825 ], [ 126.956368198278255, 37.438754011782777 ], [ 126.956063119674212, 37.438737847453524 ], [ 126.955619971853267, 37.438714304296532 ], [ 126.955260338789685, 37.43869642280341 ], [ 126.955174742246086, 37.438692456167317 ], [ 126.955108718267851, 37.438692147305211 ], [ 126.955071038362263, 37.438702889126851 ], [ 126.954995564658148, 37.438724485780803 ], [ 126.954630536028802, 37.438856950458266 ], [ 126.954381027633048, 37.438910353168211 ], [ 126.953903904697768, 37.439009553290333 ], [ 126.953610270221418, 37.439044348214502 ], [ 126.953447293163137, 37.439067086080755 ], [ 126.953166893935105, 37.439095408908862 ], [ 126.952651836692155, 37.439159113870318 ], [ 126.952411046630701, 37.439190240391504 ], [ 126.952086544195197, 37.438981217070072 ], [ 126.952072243023395, 37.438976139184057 ], [ 126.951871055746707, 37.438836397928888 ], [ 126.95146726450163, 37.438576620670503 ], [ 126.95115824868725, 37.438444155615045 ], [ 126.9511386445743, 37.438443306534325 ], [ 126.951135118873054, 37.438443300978605 ], [ 126.95106765042344, 37.438536473649577 ], [ 126.950925041153738, 37.438733770869561 ], [ 126.950032433887543, 37.438621622976633 ], [ 126.949842800642813, 37.43837967396437 ], [ 126.949577681306593, 37.438294241324868 ], [ 126.949513067211996, 37.438280985990538 ], [ 126.949310391626213, 37.438261182617708 ], [ 126.94928410826472, 37.438250273521639 ], [ 126.949277136153881, 37.438256104416432 ], [ 126.949189332265362, 37.438328704947281 ], [ 126.949176618190251, 37.438332923576411 ], [ 126.949161422147526, 37.43834418111534 ], [ 126.949053670029841, 37.438425223602259 ], [ 126.948945204054326, 37.43850739117002 ], [ 126.948765907242333, 37.438645843062794 ], [ 126.948623580591473, 37.438671115084531 ], [ 126.948363085506855, 37.438712663070746 ], [ 126.948304289352521, 37.438690958693506 ], [ 126.948289166252934, 37.438690404971993 ], [ 126.948155395592124, 37.438630374223173 ], [ 126.948112664449383, 37.438611200974904 ], [ 126.948034305499462, 37.438575963061673 ], [ 126.947947198758854, 37.438535288667943 ], [ 126.947854452634459, 37.438491981118531 ], [ 126.947599205005034, 37.43841189920321 ], [ 126.947165685384775, 37.438272603439685 ], [ 126.947027653649187, 37.438234536680632 ], [ 126.946789351914759, 37.43816712977511 ], [ 126.946590371377212, 37.437929674694878 ], [ 126.946380202361112, 37.437769089367656 ], [ 126.945676273682906, 37.437305298960233 ], [ 126.945090447596215, 37.437088230713258 ], [ 126.944637117839946, 37.43712347578105 ], [ 126.944060087404281, 37.437198096668823 ], [ 126.943522605012589, 37.43726596943673 ], [ 126.943384883716391, 37.437282794825357 ], [ 126.943283708864925, 37.437299638962017 ], [ 126.942624018313623, 37.43740518049141 ], [ 126.942231776499099, 37.437466312152061 ], [ 126.941979415957448, 37.437505642770134 ], [ 126.941424155922704, 37.43740429713985 ], [ 126.941148882270582, 37.436991667045021 ], [ 126.9411375961175, 37.436975605440047 ], [ 126.941136547935159, 37.43696941531735 ], [ 126.941102511217068, 37.436918148786951 ], [ 126.940879367878097, 37.436669697592613 ], [ 126.94070792141332, 37.436478983271407 ], [ 126.940530116186778, 37.436280391316188 ], [ 126.940502336021751, 37.436137061750905 ], [ 126.940502559001075, 37.436128518766523 ], [ 126.940502710824902, 37.436122701173396 ], [ 126.940480372034301, 37.436007810187817 ], [ 126.940471751233062, 37.435981622579554 ], [ 126.940426519913387, 37.435801955669824 ], [ 126.940352388429091, 37.43576897708131 ], [ 126.94022016146566, 37.435712370758239 ], [ 126.939558394358144, 37.435955810488657 ], [ 126.939539720157228, 37.435962546178615 ], [ 126.939384370292586, 37.436018581940665 ], [ 126.939364168589492, 37.436025817826334 ], [ 126.938625839973881, 37.436028515813284 ], [ 126.938621772909329, 37.43602851452443 ], [ 126.938615045605317, 37.436096374289846 ], [ 126.938575228057005, 37.436415084506244 ], [ 126.9385745268699, 37.436420428072836 ], [ 126.938545543192063, 37.436449135883578 ], [ 126.93837485680163, 37.436609252882349 ], [ 126.938326095007966, 37.43665259316009 ], [ 126.938282956088116, 37.436720983832302 ], [ 126.938251668416996, 37.436769963132889 ], [ 126.938165217540742, 37.436905348267189 ], [ 126.938145594026992, 37.436941945947957 ], [ 126.938014913423828, 37.437184300205175 ], [ 126.938012267751688, 37.437189364112811 ], [ 126.937988940855604, 37.437209344622055 ], [ 126.937751854855577, 37.437381821747273 ], [ 126.937746384847173, 37.437385756324105 ], [ 126.937750965039854, 37.437391669431882 ], [ 126.937741364112384, 37.437469097868657 ], [ 126.937742148315877, 37.437582002946769 ], [ 126.937744189749708, 37.437879059215668 ], [ 126.937725438685419, 37.437926351154935 ], [ 126.937655556466595, 37.438093557159263 ], [ 126.93757911861654, 37.438285548294758 ], [ 126.937562667858032, 37.43832693098684 ], [ 126.937470254912668, 37.438423739436416 ], [ 126.937272685427516, 37.438632270712141 ], [ 126.937265121702879, 37.438792762326152 ], [ 126.937257774581411, 37.438927342538364 ], [ 126.937248566238907, 37.439167510542347 ], [ 126.937247114469031, 37.439212838659799 ], [ 126.937402167109241, 37.439374266650283 ], [ 126.937605116379785, 37.439591139933526 ], [ 126.93763889463888, 37.43962723625053 ], [ 126.937693583959771, 37.439684426623721 ], [ 126.937713858746292, 37.439720756126505 ], [ 126.937757872000702, 37.439865787726525 ], [ 126.937843454072848, 37.440135576570754 ], [ 126.937864059604706, 37.440197533408337 ], [ 126.937745809761182, 37.440354019269975 ], [ 126.93754270431856, 37.440619986554985 ], [ 126.937372846440496, 37.440843172553301 ], [ 126.937353578852921, 37.440871598196686 ], [ 126.937238879504164, 37.440994018043249 ], [ 126.937194169323888, 37.441041855078751 ], [ 126.9369488758595, 37.441298509414509 ], [ 126.936847445707301, 37.441402357276594 ], [ 126.936812102341605, 37.44143837864253 ], [ 126.936771932369524, 37.441542810365895 ], [ 126.936735127734877, 37.441634864354754 ], [ 126.936688109781215, 37.441695945653883 ], [ 126.936650635755612, 37.441741253483578 ], [ 126.936646925746686, 37.441745757042632 ], [ 126.936306720137779, 37.441904931140989 ], [ 126.936201983639165, 37.441954428438919 ], [ 126.936041366893207, 37.442093436682711 ], [ 126.935985706898805, 37.442141556306922 ], [ 126.935840900775602, 37.442156397507716 ], [ 126.935643129356023, 37.44217796580142 ], [ 126.935577364977945, 37.442282669682676 ], [ 126.935440858527883, 37.442497151665926 ], [ 126.935382019674634, 37.44254863773341 ], [ 126.935258505368964, 37.442656689018094 ], [ 126.935254975363691, 37.442659787264702 ], [ 126.935125863963847, 37.4428984823844 ], [ 126.935113310591092, 37.442921567608572 ], [ 126.935109595846882, 37.442928034265826 ], [ 126.935031606221955, 37.443063709746298 ], [ 126.934897997711573, 37.443209481334797 ], [ 126.934895342505598, 37.443212298921914 ], [ 126.934893781220183, 37.443213063024388 ], [ 126.934887940959698, 37.443215946505376 ], [ 126.934741209475945, 37.443208264680138 ], [ 126.934564063971308, 37.443196631615692 ], [ 126.934450883759339, 37.443258224709986 ], [ 126.934051302296609, 37.443472545580534 ], [ 126.934027265555571, 37.443485208212145 ], [ 126.933818431589415, 37.443638818916043 ], [ 126.933468588291078, 37.44389625211177 ], [ 126.933407627496223, 37.443941267832699 ], [ 126.933224586771487, 37.444074617677636 ], [ 126.933218581544949, 37.44407912093596 ], [ 126.933001813500553, 37.444206262339137 ], [ 126.932651661616461, 37.444411316963624 ], [ 126.932215655590255, 37.444666164069901 ], [ 126.932135979276126, 37.444713699561795 ], [ 126.931838969257683, 37.444917945257366 ], [ 126.931749571784508, 37.444976168991182 ], [ 126.9314895670786, 37.445074009093304 ], [ 126.931325651382238, 37.445135567820934 ], [ 126.930862489450973, 37.445334928289526 ], [ 126.930559723598336, 37.445465952312347 ], [ 126.930554072231047, 37.445468479547131 ], [ 126.930546483044438, 37.445485043389027 ], [ 126.930517448162576, 37.44554842165936 ], [ 126.930393936913092, 37.445818370645021 ], [ 126.930326338519677, 37.445968689670835 ], [ 126.930317340703866, 37.446006411615905 ], [ 126.930300113354804, 37.446078634129023 ], [ 126.930285040304142, 37.446141820942465 ], [ 126.930281503142822, 37.446152522902715 ], [ 126.930240288292779, 37.446229363731433 ], [ 126.930163163864108, 37.446377981824945 ], [ 126.930210205332244, 37.446477967889905 ], [ 126.930277703950225, 37.446621323387632 ], [ 126.93026566136011, 37.446653698182807 ], [ 126.930278480721583, 37.446732823944252 ], [ 126.93028934391144, 37.446823776973687 ], [ 126.930324396332509, 37.447089875077715 ], [ 126.930356712956822, 37.447334220901368 ], [ 126.930364544165229, 37.447393420508007 ], [ 126.930365662719339, 37.447523229379357 ], [ 126.930367799654775, 37.44769019643563 ], [ 126.930367972550229, 37.447697512730628 ], [ 126.930342639021575, 37.447777461399589 ], [ 126.930303680409423, 37.447901046966095 ], [ 126.930255651910485, 37.448079255551121 ], [ 126.930245728737262, 37.448116415973196 ], [ 126.930173979907465, 37.448365555582335 ], [ 126.93017114862802, 37.448372311166288 ], [ 126.930166016703453, 37.44838412942898 ], [ 126.930055519312603, 37.448532727990816 ], [ 126.930047202306412, 37.448543985563425 ], [ 126.929909463383197, 37.448735366488066 ], [ 126.9297859057328, 37.448881146319913 ], [ 126.929606816339088, 37.449093053296721 ], [ 126.929436404115378, 37.449294549681106 ], [ 126.929286140862388, 37.449472128106727 ], [ 126.928991621903648, 37.449633840416332 ], [ 126.928955144795651, 37.449735748891904 ], [ 126.928910524762273, 37.449865519684032 ], [ 126.928716853645312, 37.449994361843203 ], [ 126.928634182076237, 37.450051012129606 ], [ 126.928415937502805, 37.450200560963992 ], [ 126.928398694689747, 37.45021248461898 ], [ 126.928357006805939, 37.449898689055168 ], [ 126.928326434719935, 37.44968076117015 ], [ 126.928307903624017, 37.449548670588158 ], [ 126.928279661121636, 37.449352684100347 ], [ 126.928256364586716, 37.449336343267952 ], [ 126.927992025220775, 37.449152320111921 ], [ 126.927770397757101, 37.448993660205907 ], [ 126.927744803287084, 37.448977876004697 ], [ 126.927256268436636, 37.448744713783235 ], [ 126.927230323799989, 37.448732028461187 ], [ 126.92678289901329, 37.448515785592008 ], [ 126.926517798151664, 37.448390601806267 ], [ 126.92643369014165, 37.44827173296131 ], [ 126.926354346232614, 37.448157642768656 ], [ 126.926112584168649, 37.44783059399056 ], [ 126.926017535482984, 37.447701581861686 ], [ 126.925779547992875, 37.447488845323988 ], [ 126.925463058847654, 37.447205672794752 ], [ 126.924982139190206, 37.446781600691679 ], [ 126.924883181447356, 37.446724598329901 ], [ 126.924598484328413, 37.446560604943834 ], [ 126.924257904339058, 37.446360756454027 ], [ 126.923996028116193, 37.446210223771402 ], [ 126.923992925509864, 37.446140682923605 ], [ 126.923973252291063, 37.446130934345952 ], [ 126.923576920449207, 37.445934542895479 ], [ 126.92346947073176, 37.44588129807839 ], [ 126.923253277311957, 37.44577274672929 ], [ 126.923071556285606, 37.445465724499783 ], [ 126.922897230793765, 37.44517334918649 ], [ 126.922946625877955, 37.444872951540447 ], [ 126.922903405017806, 37.444673007464196 ], [ 126.922820433026203, 37.444311143069484 ], [ 126.922762809766141, 37.444041083657901 ], [ 126.922649378243023, 37.443943589799218 ], [ 126.922358464886472, 37.443704060642474 ], [ 126.922247374562033, 37.443560393789085 ], [ 126.92202606551794, 37.443275281379023 ], [ 126.922007032540066, 37.443250769470644 ], [ 126.921887497714337, 37.443096970214043 ], [ 126.921657379524191, 37.442805960558744 ], [ 126.921547266072508, 37.442746760967594 ], [ 126.921169453447618, 37.442546030863767 ], [ 126.921107101664134, 37.442407180531433 ], [ 126.921083492910554, 37.442357599876907 ], [ 126.920943801487624, 37.442048350040821 ], [ 126.920793891695723, 37.441724164836572 ], [ 126.920698955545518, 37.441519967983311 ], [ 126.920667968707932, 37.441427593999364 ], [ 126.92065701513593, 37.441399524129018 ], [ 126.920562681309235, 37.441157777503115 ], [ 126.920523593902715, 37.441054423013206 ], [ 126.920497180575737, 37.440984856069385 ], [ 126.920425244879709, 37.440734209105919 ], [ 126.920382485960133, 37.4405979115501 ], [ 126.920278979949586, 37.440471411310511 ], [ 126.920274748246968, 37.440466344721131 ], [ 126.91997709016924, 37.440284811753195 ], [ 126.919427288407391, 37.439949085569751 ], [ 126.919263795470954, 37.43985241604291 ], [ 126.918663101041062, 37.439982620620576 ], [ 126.918389024006359, 37.440039867205691 ], [ 126.918285065482408, 37.440061580523405 ], [ 126.918163319052184, 37.440087010841737 ], [ 126.917857077676217, 37.440149580843965 ], [ 126.917441895524846, 37.440126762392289 ], [ 126.917358950440146, 37.440122201861691 ], [ 126.916471968499948, 37.440071732213475 ], [ 126.91612451769241, 37.440053182466499 ], [ 126.916108990385823, 37.440044998897847 ], [ 126.915389239132097, 37.439668027802604 ], [ 126.915345830947984, 37.439644911246027 ], [ 126.915264862622905, 37.439603145330757 ], [ 126.915177247059688, 37.439557950132226 ], [ 126.914971926570416, 37.439452038757373 ], [ 126.914872751841116, 37.439400725349905 ], [ 126.914829352225212, 37.439379016575984 ], [ 126.914115227778808, 37.439323014104183 ], [ 126.913891375320276, 37.439307082250345 ], [ 126.913535564730211, 37.439197570122019 ], [ 126.913226034845366, 37.439106096732885 ], [ 126.913189811742825, 37.439095391678009 ], [ 126.912808528693233, 37.438720339893486 ], [ 126.912597138446017, 37.438660781117058 ], [ 126.912308515151324, 37.438579460332086 ], [ 126.912306459175795, 37.438575960931018 ], [ 126.912245963662741, 37.438472985795237 ], [ 126.912058640580781, 37.438176359112781 ], [ 126.911864972930132, 37.437868174817048 ], [ 126.911801704552246, 37.437765926569227 ], [ 126.91178900800405, 37.437754365590095 ], [ 126.911756182035091, 37.437745609526061 ], [ 126.911462744966201, 37.437634900799793 ], [ 126.911431648164481, 37.437623167939265 ], [ 126.911422043049967, 37.437605435354357 ], [ 126.91127679258102, 37.437337258434738 ], [ 126.911202809635142, 37.437201213942394 ], [ 126.911200001398413, 37.437187408186773 ], [ 126.911216407331111, 37.437046359784873 ], [ 126.911284278379526, 37.436543251923247 ], [ 126.911333275722839, 37.436171342647377 ], [ 126.911267069362424, 37.436104017225965 ], [ 126.91114125439438, 37.435976074641722 ], [ 126.910851543209048, 37.435675988365517 ], [ 126.910678033876394, 37.435498185659505 ], [ 126.910653591268101, 37.435414822827553 ], [ 126.910611052743306, 37.43526415143927 ], [ 126.910410769130294, 37.435036771402295 ], [ 126.91022281692176, 37.434824330466583 ], [ 126.91014063452657, 37.434614215323791 ], [ 126.91002834854612, 37.43432412145561 ], [ 126.909970130946263, 37.434281836307164 ], [ 126.909903996582173, 37.434227445947059 ], [ 126.909678402074348, 37.434059737485818 ], [ 126.909405705275262, 37.43386468202354 ], [ 126.909395642372786, 37.433860448512583 ], [ 126.909174455219187, 37.433841976537764 ], [ 126.90914038288085, 37.433837165099099 ], [ 126.908593448619357, 37.433691728572406 ], [ 126.908560092521114, 37.433684107392814 ], [ 126.908549419458382, 37.433681578841956 ], [ 126.908509522133983, 37.433686309660622 ], [ 126.908398997620665, 37.433693547925557 ], [ 126.908272231604897, 37.43370204150456 ], [ 126.907933671691836, 37.433724707322192 ], [ 126.90757328162816, 37.433632188306731 ], [ 126.907526684173732, 37.433620218989752 ], [ 126.907469680566393, 37.433603559070285 ], [ 126.907456795105176, 37.433597638313572 ], [ 126.907253781537591, 37.433517824083552 ], [ 126.907089392697372, 37.433546654485994 ], [ 126.90706898509336, 37.433629980575979 ], [ 126.906934909183448, 37.433694916426596 ], [ 126.906927553574988, 37.433698564296563 ], [ 126.906897839989625, 37.433694329322179 ], [ 126.906748202129165, 37.43367309849198 ], [ 126.906703594305327, 37.433685742470566 ], [ 126.906590734586956, 37.433717863899361 ], [ 126.906680552264049, 37.43368605225556 ], [ 126.906682181022603, 37.433685342945417 ], [ 126.906683642975949, 37.433684429089695 ], [ 126.906684897206063, 37.433683339326635 ], [ 126.906685910742453, 37.433682097827607 ], [ 126.906686655036168, 37.433680741405212 ], [ 126.906687110580606, 37.433679306917504 ], [ 126.906687266911504, 37.433677831267858 ], [ 126.906687118050158, 37.433676355889034 ], [ 126.906686668204642, 37.433674920462153 ], [ 126.906685928393344, 37.433673561097095 ], [ 126.9066344926742, 37.433596942944263 ], [ 126.906623485589279, 37.433597074271063 ], [ 126.906603491521139, 37.433597311909743 ], [ 126.906548267194466, 37.433622466646135 ], [ 126.906521391826175, 37.433634707439012 ], [ 126.906519917197969, 37.433635508558602 ], [ 126.906518619788883, 37.433636483629869 ], [ 126.906517530294579, 37.433637610272875 ], [ 126.906516677200074, 37.433638859786939 ], [ 126.906516081099625, 37.433640200727773 ], [ 126.906515755827115, 37.433641598912985 ], [ 126.906515711811394, 37.433643021945841 ], [ 126.906515948235281, 37.433644430162232 ], [ 126.906516459682265, 37.433645793789921 ], [ 126.90652047391076, 37.433654044300411 ], [ 126.906472495411677, 37.433704907131201 ], [ 126.906471950635236, 37.43370547405776 ], [ 126.906471004266081, 37.433706654599462 ], [ 126.906470298967434, 37.433707939107158 ], [ 126.906469854210499, 37.433709295229505 ], [ 126.906469678170623, 37.433710689657104 ], [ 126.906469775632303, 37.433712089063519 ], [ 126.906470146858936, 37.433713460099568 ], [ 126.906470778564596, 37.433714767545368 ], [ 126.906471657427844, 37.433715980687651 ], [ 126.906472764461498, 37.433717070587377 ], [ 126.906473113625736, 37.433717370692165 ], [ 126.906504505899065, 37.43374391755421 ], [ 126.906497952278812, 37.433757079716237 ], [ 126.906479744821311, 37.433793727891597 ], [ 126.906459142605826, 37.433776928474295 ], [ 126.906457879106028, 37.433776042398371 ], [ 126.906456466285547, 37.43377531421271 ], [ 126.906454931129005, 37.433774762080077 ], [ 126.906453310850537, 37.433774397003695 ], [ 126.906451641541111, 37.433774229079816 ], [ 126.906449741053208, 37.433774279026515 ], [ 126.906447880393102, 37.433774581555113 ], [ 126.906446108227314, 37.43377512879772 ], [ 126.906444476670245, 37.433775905692841 ], [ 126.90644302998821, 37.4337768890273 ], [ 126.906442212247285, 37.433777669107648 ], [ 126.906427190452845, 37.433758586609798 ], [ 126.906402227656187, 37.433726872948043 ], [ 126.906379736908562, 37.433698452661027 ], [ 126.906368012797699, 37.433702066839132 ], [ 126.906232899710304, 37.433881033652469 ], [ 126.906205865382034, 37.433905222055422 ], [ 126.906189804205781, 37.433919556884163 ], [ 126.906137463312831, 37.433966273919367 ], [ 126.906115430195953, 37.433985944553406 ], [ 126.906102429046214, 37.433982081783654 ], [ 126.906100594344039, 37.433981673260966 ], [ 126.906098698879603, 37.433981515913516 ], [ 126.906096799132001, 37.433981614531888 ], [ 126.906094944848334, 37.433981967563327 ], [ 126.906093191505562, 37.433982563568826 ], [ 126.906091590102179, 37.433983385678722 ], [ 126.906090182651369, 37.433984409767291 ], [ 126.906089011187589, 37.43398560900485 ], [ 126.906088109911693, 37.433986946607298 ], [ 126.906083845212478, 37.433994805804247 ], [ 126.905843863595123, 37.433996165924761 ], [ 126.905825334072077, 37.433996151200333 ], [ 126.905731400350604, 37.433996621801938 ], [ 126.905497784023041, 37.433997793288924 ], [ 126.905390491436521, 37.43399832983107 ], [ 126.905388356354763, 37.433998313682352 ], [ 126.905265121830965, 37.433997376404768 ], [ 126.905224715788634, 37.433997069435641 ], [ 126.90481844625188, 37.433994485413983 ], [ 126.904445014882853, 37.43403190303674 ], [ 126.904310603505309, 37.434063059198017 ], [ 126.904254988096937, 37.434075950534208 ], [ 126.904078319104599, 37.434086253108106 ], [ 126.903999997824357, 37.434090819324148 ], [ 126.90375020264257, 37.434105384771875 ], [ 126.903654131195765, 37.434129803894308 ], [ 126.903525774722112, 37.434161793725302 ], [ 126.903472181240858, 37.434162869902927 ], [ 126.903438274962284, 37.434142861566222 ], [ 126.903385707159913, 37.434111840807439 ], [ 126.903237725106337, 37.434097484989017 ], [ 126.903210065517655, 37.434094801691543 ], [ 126.903159465207409, 37.434088619734929 ], [ 126.902987577341662, 37.434067619721503 ], [ 126.90298879957929, 37.434081380707156 ], [ 126.902982621211081, 37.434104994978973 ], [ 126.902972299879934, 37.434144437906248 ], [ 126.902942934006703, 37.434186652775487 ], [ 126.902934872835161, 37.43420595171883 ], [ 126.902929649672771, 37.434218455193616 ], [ 126.902926094824664, 37.434232247933373 ], [ 126.902874271120595, 37.434444787320025 ], [ 126.90286200774176, 37.434507280013818 ], [ 126.90282250232903, 37.434614241765097 ], [ 126.902804126367172, 37.434703712031727 ], [ 126.902798507019114, 37.434731074281821 ], [ 126.902789444222805, 37.434775557663471 ], [ 126.902788220768002, 37.434800789666483 ], [ 126.902783822497199, 37.434891559107825 ], [ 126.902785337030551, 37.434943926978306 ], [ 126.902791101502373, 37.435131179258399 ], [ 126.902794748248283, 37.435250079439939 ], [ 126.902796263584378, 37.435299502556155 ], [ 126.90280109155664, 37.435456956419657 ], [ 126.90280353391698, 37.435642221517504 ], [ 126.902766865895316, 37.435641958730734 ], [ 126.902759878385709, 37.435641909002406 ], [ 126.902756567645326, 37.435698796259118 ], [ 126.902748686779489, 37.435834209751938 ], [ 126.902750240620691, 37.435856736369523 ], [ 126.902750595968271, 37.435861520800174 ], [ 126.902725341882686, 37.435871122508928 ], [ 126.902724533485355, 37.435871430295776 ], [ 126.902706256764972, 37.435878377588942 ], [ 126.902626293378304, 37.435935420988152 ], [ 126.902603756057985, 37.435951497375036 ], [ 126.902588736652618, 37.43596218915242 ], [ 126.902588056023205, 37.435962492175925 ], [ 126.902497517712703, 37.436002633749972 ], [ 126.902484157129621, 37.436008558475329 ], [ 126.90246383218026, 37.436024029486404 ], [ 126.902458793861655, 37.436027901511721 ], [ 126.902463308533797, 37.436005724652617 ], [ 126.902463475935676, 37.436004147211356 ], [ 126.902463322567513, 37.436002679917536 ], [ 126.90246286933413, 37.436001252570549 ], [ 126.902462131766214, 37.435999902204735 ], [ 126.902461127655187, 37.435998665865988 ], [ 126.902459884986797, 37.435997577947589 ], [ 126.902458435195115, 37.435996665649313 ], [ 126.902456818771142, 37.435995954414082 ], [ 126.902455078523758, 37.435995462485543 ], [ 126.902453260688773, 37.435995203617892 ], [ 126.902452755728206, 37.435995164109187 ], [ 126.902349418522832, 37.435987210807234 ], [ 126.902348912346042, 37.435987182108313 ], [ 126.902347086466136, 37.435987224253772 ], [ 126.902345292625213, 37.435987501817081 ], [ 126.902343578361354, 37.435988006926365 ], [ 126.902341989016449, 37.435988723586306 ], [ 126.902340564280792, 37.435989635773105 ], [ 126.902339342771739, 37.435990720246544 ], [ 126.902338356382018, 37.435991946521519 ], [ 126.90233763022961, 37.435993283177368 ], [ 126.902337183809493, 37.435994695159465 ], [ 126.902310225239674, 37.43612309959007 ], [ 126.902211683190686, 37.436182899769648 ], [ 126.902205659736993, 37.436200627068139 ], [ 126.902129680871411, 37.436235417585785 ], [ 126.902105995825025, 37.43624626196533 ], [ 126.902023349380272, 37.436284104955121 ], [ 126.901926332109582, 37.436353521142053 ], [ 126.901879497410192, 37.436387032102154 ], [ 126.901860871247123, 37.436397524360153 ], [ 126.901851290190137, 37.436402921913036 ], [ 126.901589033499505, 37.436550663743766 ], [ 126.901581924800425, 37.436556454166855 ], [ 126.901397965189801, 37.43670630183265 ], [ 126.901388073495298, 37.436714359500307 ], [ 126.901334219564021, 37.436749887095985 ], [ 126.901297267686857, 37.436774263885496 ], [ 126.901233906927743, 37.436816064541077 ], [ 126.90106753317886, 37.436925825199971 ], [ 126.900908860018987, 37.436968257658997 ], [ 126.900849231797977, 37.436984203390153 ], [ 126.900846800074163, 37.436986931208054 ], [ 126.900796783201301, 37.437043034497492 ], [ 126.900547229254599, 37.437322951194638 ], [ 126.900535427375402, 37.43735392347326 ], [ 126.900521704232332, 37.437389946259387 ], [ 126.9005082520315, 37.437419776249705 ], [ 126.900438618452753, 37.437599638006873 ], [ 126.900337107506715, 37.437733018741987 ], [ 126.900262514647125, 37.437778112246271 ], [ 126.900274714854305, 37.437781105383316 ], [ 126.900210924712525, 37.437825822814887 ], [ 126.900161281368, 37.437846610508068 ], [ 126.899931215076307, 37.437985510941502 ], [ 126.899883802650137, 37.438051918816775 ], [ 126.899815773179355, 37.438098884139315 ], [ 126.899703509507773, 37.43820944127976 ], [ 126.899649570026398, 37.438280347960941 ], [ 126.899590553406512, 37.438312111471632 ], [ 126.899511935912997, 37.438351184577314 ], [ 126.899491248001681, 37.43836750230659 ], [ 126.89948862694753, 37.438369580152283 ], [ 126.899440540116345, 37.43840770325 ], [ 126.899388388443981, 37.43844906139563 ], [ 126.899327047207294, 37.438504475542501 ], [ 126.899252873168635, 37.438571526828788 ], [ 126.899199770600603, 37.43861953121376 ], [ 126.899185098451838, 37.43863134020269 ], [ 126.899144617798896, 37.438668193061751 ], [ 126.899068682349437, 37.438678262825256 ], [ 126.899036806342778, 37.438682596755299 ], [ 126.89903371470335, 37.438683017295567 ], [ 126.899018538008491, 37.438684409350309 ], [ 126.898999291817219, 37.43868608717402 ], [ 126.898991867402046, 37.438686638913545 ], [ 126.898979313461268, 37.438700301934666 ], [ 126.898977915389125, 37.438701826241221 ], [ 126.898975408958179, 37.438708367306255 ], [ 126.898881513380474, 37.438953467949524 ], [ 126.898872481975545, 37.438972047780865 ], [ 126.898755713152937, 37.439276595840042 ], [ 126.898805218238422, 37.43935012485273 ], [ 126.898866603408848, 37.439405373334687 ], [ 126.898969090674342, 37.43946430645466 ], [ 126.899191024422237, 37.439591486789418 ], [ 126.899281350959299, 37.43964393290797 ], [ 126.899904904373017, 37.439552963907659 ], [ 126.899925916660209, 37.439556360563344 ], [ 126.89990587029429, 37.439602866458365 ], [ 126.899892796666506, 37.43963319583964 ], [ 126.899883062466358, 37.439654020177422 ], [ 126.899754275917871, 37.439964197582341 ], [ 126.899736742518911, 37.440003314215303 ], [ 126.899610631300078, 37.440307871510889 ], [ 126.899599117741474, 37.44033094559876 ], [ 126.89958859688187, 37.440356684649707 ], [ 126.899584515399241, 37.440366665437267 ], [ 126.899490516708326, 37.440596640204426 ], [ 126.89935794113498, 37.440849384669278 ], [ 126.899278490844097, 37.440974041350181 ], [ 126.89922205345556, 37.44105986887508 ], [ 126.899107151584573, 37.441121093909494 ], [ 126.898998875046999, 37.441178788532632 ], [ 126.898982573436797, 37.441226066835597 ], [ 126.89897212904539, 37.441253368276762 ], [ 126.898893597467449, 37.441481092956366 ], [ 126.898878300585835, 37.441562440645157 ], [ 126.89887119773303, 37.441592284688269 ], [ 126.898821400255372, 37.44185522745817 ], [ 126.898802189973395, 37.441953762235784 ], [ 126.8987789260445, 37.442059332253677 ], [ 126.898702939481581, 37.442227358061253 ], [ 126.89868062786347, 37.442273794510683 ], [ 126.898542853556378, 37.442580016390529 ], [ 126.898529211901689, 37.442607593556097 ], [ 126.898488005262848, 37.442698955054766 ], [ 126.898388943808698, 37.442918596890223 ], [ 126.898257012334341, 37.443206525243887 ], [ 126.89819006215059, 37.443351474943348 ], [ 126.898128437247692, 37.443486282550424 ], [ 126.898074598418219, 37.443604214812154 ], [ 126.897926004252128, 37.443936051575903 ], [ 126.897916078918243, 37.443954630367266 ], [ 126.897774029856734, 37.444275768640495 ], [ 126.89776289157345, 37.444297995359001 ], [ 126.897755604766573, 37.444321081771392 ], [ 126.897748349538077, 37.44433768935356 ], [ 126.897657823006966, 37.44454794123714 ], [ 126.897558641109171, 37.444775080107433 ], [ 126.897484338967018, 37.444944249337098 ], [ 126.897408073124993, 37.445117888270836 ], [ 126.897295425681577, 37.445376551873039 ], [ 126.897269197464823, 37.445436775113379 ], [ 126.897072492946677, 37.44556303238285 ], [ 126.896990671821086, 37.445615047169014 ], [ 126.896764183239256, 37.445704379094231 ], [ 126.896610971012706, 37.445712455577507 ], [ 126.89633349312561, 37.445727081071027 ], [ 126.895782355372461, 37.44563339846632 ], [ 126.895615995996991, 37.44572290126856 ], [ 126.895577545825077, 37.445743589189604 ], [ 126.895537554434981, 37.445762769349599 ], [ 126.895505466429796, 37.44577815913209 ], [ 126.895484381860115, 37.445823739513543 ], [ 126.895416580144783, 37.445973658711431 ], [ 126.895309738407065, 37.446209898034759 ], [ 126.895018486108867, 37.446683508027135 ], [ 126.89473579603181, 37.446560749085684 ], [ 126.894713431038824, 37.446591873035949 ], [ 126.894680173355752, 37.446638155275274 ], [ 126.894669226019531, 37.446659957224085 ], [ 126.894658502737542, 37.446681311441289 ], [ 126.894650072771157, 37.446698100289673 ], [ 126.894670408155733, 37.446796950408284 ], [ 126.89472495110823, 37.447063922806223 ], [ 126.894724757110964, 37.447065830896399 ], [ 126.894736682157657, 37.447086578215298 ], [ 126.894737171032929, 37.447087640720106 ], [ 126.894737293251751, 37.447087906346304 ], [ 126.894737634803121, 37.447089293488141 ], [ 126.894737702558501, 37.447090706268639 ], [ 126.894737490003607, 37.447092111304066 ], [ 126.894737004219095, 37.447093471674862 ], [ 126.89473675085209, 37.447093908439001 ], [ 126.894736259032229, 37.447094755002816 ], [ 126.8947352705312, 37.447095928921321 ], [ 126.894734063819186, 37.447096964715321 ], [ 126.894732668477644, 37.447097839100948 ], [ 126.894731118624534, 37.447098527014788 ], [ 126.894721033953658, 37.447102212412489 ], [ 126.894696656879262, 37.447340387716579 ], [ 126.894700476397816, 37.447378063457215 ], [ 126.894719275577458, 37.447563495879074 ], [ 126.894726089352403, 37.447630710145148 ], [ 126.894751054193748, 37.447702534088336 ], [ 126.894851585393909, 37.4479104142886 ], [ 126.894936755694729, 37.448083705334028 ], [ 126.894968158770737, 37.44814760226604 ], [ 126.895003527256151, 37.448222526012032 ], [ 126.895009117637471, 37.448226200636114 ], [ 126.895129714372146, 37.448305440958208 ], [ 126.895154272349842, 37.448321576623684 ], [ 126.895234813164222, 37.448374498494111 ], [ 126.895424215848621, 37.448352468399882 ], [ 126.895580797057917, 37.448334264984872 ], [ 126.895641236655536, 37.448293205186502 ], [ 126.895860937111564, 37.448142771747982 ], [ 126.895994916403708, 37.448050250367572 ], [ 126.896049839268855, 37.448042982144905 ], [ 126.895995991615465, 37.448161750665456 ], [ 126.895941301759706, 37.448253775968006 ], [ 126.895937561642327, 37.448272085134413 ], [ 126.895908232706319, 37.448415648285291 ], [ 126.895866427442741, 37.448505431920928 ], [ 126.895797961110787, 37.448653851606949 ], [ 126.895793982279855, 37.448662475320873 ], [ 126.895719424798898, 37.448825437025498 ], [ 126.895676555238637, 37.448916904295409 ], [ 126.895567444012684, 37.449156979127814 ], [ 126.895423435296379, 37.449476500679125 ], [ 126.895326834800358, 37.449690834191379 ], [ 126.895229640906351, 37.449906483269693 ], [ 126.895041511531943, 37.450326120737515 ], [ 126.894957729008524, 37.450514148402888 ], [ 126.894903523947164, 37.450634599177569 ], [ 126.894814903153517, 37.450862312315728 ], [ 126.894794554204978, 37.450891008396674 ], [ 126.894755359172734, 37.450946111576442 ], [ 126.894603821630071, 37.451159156249069 ], [ 126.894512365885205, 37.451390811586606 ], [ 126.89449137192166, 37.451443109145316 ], [ 126.894377681448319, 37.451726314641036 ], [ 126.894368118264282, 37.451745731421845 ], [ 126.894243357818439, 37.452055059162447 ], [ 126.894178800665458, 37.452219268944255 ], [ 126.894116101682044, 37.452378747054411 ], [ 126.89407499154909, 37.452478380008614 ], [ 126.894006005019889, 37.452657584541463 ], [ 126.893983002113131, 37.452717339467782 ], [ 126.893807911870454, 37.452783071871664 ], [ 126.893613949184953, 37.452823431226491 ], [ 126.893376118757246, 37.452805760839659 ], [ 126.893254506429017, 37.452762851906776 ], [ 126.893226460235226, 37.452743121346309 ], [ 126.893150870602881, 37.452691595428945 ], [ 126.893142492491876, 37.452685885553336 ], [ 126.89306277732264, 37.452602460875234 ], [ 126.893054494853331, 37.452593172181565 ], [ 126.893044947844274, 37.452562259661022 ], [ 126.893028655608362, 37.452509517596496 ], [ 126.892994306227649, 37.452450073106917 ], [ 126.892951546870592, 37.452376283519051 ], [ 126.892883438923334, 37.452258751361789 ], [ 126.892835958630229, 37.452176814415729 ], [ 126.892801061061618, 37.452116688326825 ], [ 126.892783636831638, 37.452086667317801 ], [ 126.892776097667948, 37.452071874208102 ], [ 126.892759519112715, 37.452039340941461 ], [ 126.892719479440785, 37.452007210808766 ], [ 126.892712422560635, 37.452003248219135 ], [ 126.892706166748781, 37.451999631361211 ], [ 126.892678352642903, 37.451983550570404 ], [ 126.892650483391961, 37.45196743974477 ], [ 126.892625416104252, 37.451960100032039 ], [ 126.892588170251017, 37.451949083264374 ], [ 126.892476742625561, 37.451953486021068 ], [ 126.892391031442926, 37.451999304113116 ], [ 126.892357416251883, 37.452040944501306 ], [ 126.892285590661444, 37.452129571924978 ], [ 126.892224371963408, 37.452204966895088 ], [ 126.892202653387969, 37.452218461238395 ], [ 126.892103662942745, 37.452280034208663 ], [ 126.891963767150372, 37.452304403002515 ], [ 126.89190426334855, 37.452305474120926 ], [ 126.891887076008715, 37.452300835614224 ], [ 126.891875795646769, 37.452297792262833 ], [ 126.891840114715862, 37.452298619078611 ], [ 126.891834715022355, 37.452298744522864 ], [ 126.891832748501528, 37.452298652379156 ], [ 126.891830831653778, 37.452298290082901 ], [ 126.891829020927204, 37.452297667839503 ], [ 126.891827374957998, 37.452296804879268 ], [ 126.891825882746986, 37.45229566328851 ], [ 126.89182476522042, 37.45229446593882 ], [ 126.891823880007834, 37.452293062471711 ], [ 126.891823315584716, 37.452291556998958 ], [ 126.891823086261581, 37.45228999736635 ], [ 126.891822849388547, 37.4522835054496 ], [ 126.891752450714193, 37.452264508416036 ], [ 126.891691566791607, 37.45224390000979 ], [ 126.891649823066658, 37.452238922346467 ], [ 126.89156778929852, 37.452229143915467 ], [ 126.89153668546443, 37.452226438336417 ], [ 126.891535855397777, 37.452227160559396 ], [ 126.891534460980949, 37.4522280439244 ], [ 126.89153290864391, 37.45222874259872 ], [ 126.891531238117025, 37.45222923695701 ], [ 126.891529492449465, 37.4522295164046 ], [ 126.891527711262071, 37.452229574835926 ], [ 126.891391215808369, 37.452225394538914 ], [ 126.891389264834601, 37.452225197910089 ], [ 126.891387384994317, 37.45222473394346 ], [ 126.891385634945422, 37.452224019165627 ], [ 126.891384066547886, 37.452223071870833 ], [ 126.891382728182279, 37.452221921151803 ], [ 126.891381659111644, 37.452220605067893 ], [ 126.891380894091355, 37.452219159852511 ], [ 126.891380453099131, 37.45221763157793 ], [ 126.891380352728206, 37.452216065397678 ], [ 126.89138049749512, 37.452212850088586 ], [ 126.891364917342671, 37.45221149442596 ], [ 126.891344077198767, 37.452213535038879 ], [ 126.891226809838287, 37.452225011063206 ], [ 126.891048603814042, 37.452242454568953 ], [ 126.890780723433224, 37.45230642529863 ], [ 126.890749244993955, 37.452313940812751 ], [ 126.890724448969351, 37.452319862011038 ], [ 126.890508656179037, 37.452441287464524 ], [ 126.890321994790398, 37.452496333388886 ], [ 126.890209767966709, 37.452504084744888 ], [ 126.89017646548298, 37.452494359385113 ], [ 126.890147828164729, 37.452485997511658 ], [ 126.889901212638264, 37.452313525624632 ], [ 126.889849511704469, 37.452277368337569 ], [ 126.889780126949745, 37.452273076555699 ], [ 126.889642138321747, 37.452315466135737 ], [ 126.889637369928266, 37.452322496457398 ], [ 126.889560559701479, 37.45243222976174 ], [ 126.889549245668803, 37.452485646334068 ], [ 126.889520551894975, 37.452621123120942 ], [ 126.88950366189647, 37.452701071271591 ], [ 126.889513349121245, 37.452775066220042 ], [ 126.88951360459123, 37.452777019886447 ], [ 126.88951918051994, 37.452819622647326 ], [ 126.889535774604312, 37.452946636137582 ], [ 126.889594257944424, 37.453141318394415 ], [ 126.889647706255019, 37.453319243562198 ], [ 126.889655629632145, 37.453404682067074 ], [ 126.889665058343653, 37.453506344718278 ], [ 126.889666482463525, 37.453521708549054 ], [ 126.889652772034864, 37.453598559831022 ], [ 126.889632157482453, 37.453634004816884 ], [ 126.889592049751954, 37.453702966249821 ], [ 126.889517426461538, 37.453770469442816 ], [ 126.889483985947663, 37.453783509733192 ], [ 126.889271815398843, 37.453866248079962 ], [ 126.889085176318545, 37.453971660146543 ], [ 126.889078927417756, 37.453990825914808 ], [ 126.889026939187119, 37.454150291702803 ], [ 126.889021492650386, 37.454167000000808 ], [ 126.889031668556669, 37.454208681028909 ], [ 126.889068587964687, 37.454252814102915 ], [ 126.889088183673294, 37.454276238998979 ], [ 126.889131615634668, 37.454328159219187 ], [ 126.889264895291149, 37.454482295628473 ], [ 126.889285596981182, 37.454574956075255 ], [ 126.889203253277898, 37.454723831808273 ], [ 126.889198670706932, 37.454726757373727 ], [ 126.889180797340515, 37.454738164546498 ], [ 126.889172789859714, 37.454741806115877 ], [ 126.889163481913826, 37.454746030452405 ], [ 126.888879726819908, 37.454727740456129 ], [ 126.888764173506047, 37.454765643546928 ], [ 126.888421199367841, 37.45502826958365 ], [ 126.888390075128768, 37.455052100910578 ], [ 126.888341102970614, 37.45508960091751 ], [ 126.888284991418615, 37.455168655404194 ], [ 126.888273076036825, 37.45519814932161 ], [ 126.888238026819053, 37.455284904062069 ], [ 126.888235540929728, 37.455290820339542 ], [ 126.888199178001628, 37.455400313183915 ], [ 126.888126049815014, 37.455507516397091 ], [ 126.888115105462632, 37.455523559822623 ], [ 126.888070910208967, 37.455555332868393 ], [ 126.888031568968429, 37.455572244172657 ], [ 126.888016660966599, 37.455578654059529 ], [ 126.887971625161413, 37.455575511241555 ], [ 126.887860028346097, 37.455567520454196 ], [ 126.887784779828763, 37.45555609259965 ], [ 126.887660354159095, 37.455537197211484 ], [ 126.887532402286709, 37.455485825446246 ], [ 126.887520587004815, 37.455484285079777 ], [ 126.8874758909094, 37.455478455077028 ], [ 126.887405350836062, 37.455468108680719 ], [ 126.887373494146843, 37.455463435839789 ], [ 126.887241512626645, 37.455503565154949 ], [ 126.887119126845505, 37.455578615899157 ], [ 126.887097105542708, 37.455592119437192 ], [ 126.887005121846599, 37.455663434758854 ], [ 126.886835954162123, 37.455794592848775 ], [ 126.886681757515049, 37.455927909629672 ], [ 126.886601936886436, 37.456048629092024 ], [ 126.886598395149903, 37.456052564072614 ], [ 126.886554223491729, 37.456104448708551 ], [ 126.886532055421284, 37.456130490193395 ], [ 126.886462631953449, 37.456153639954536 ], [ 126.88643719492417, 37.456162122185518 ], [ 126.886403244497217, 37.456173441855107 ], [ 126.886381834726123, 37.456197030141702 ], [ 126.886365184949383, 37.45621537469296 ], [ 126.886346820319176, 37.456235609502123 ], [ 126.886342758557575, 37.45624257575151 ], [ 126.886326807270166, 37.456269944732739 ], [ 126.886317589930059, 37.456287668077039 ], [ 126.886316906146021, 37.456289018368558 ], [ 126.886295449919047, 37.456331290683991 ], [ 126.886264682378808, 37.456362517147802 ], [ 126.886220919888714, 37.456451168440843 ], [ 126.886214243966904, 37.456464638840309 ], [ 126.886185490539546, 37.456522646127233 ], [ 126.886155229500588, 37.456669094200493 ], [ 126.886127667840654, 37.456802470344385 ], [ 126.886108896012104, 37.456948018131193 ], [ 126.886068448926508, 37.457070461426675 ], [ 126.885999969472707, 37.457275083839676 ], [ 126.885937576978208, 37.457397188620227 ], [ 126.885880753896885, 37.457508390618607 ], [ 126.885869148190665, 37.45758834399409 ], [ 126.885895082329782, 37.457719493177407 ], [ 126.885907296460303, 37.457781256510735 ], [ 126.88591453545439, 37.45781786498754 ], [ 126.885947274751501, 37.457894474002373 ], [ 126.886001350049284, 37.457987166856476 ], [ 126.886147124458773, 37.458160184781477 ], [ 126.886238753958182, 37.458292614331292 ], [ 126.886301991271878, 37.458413067826001 ], [ 126.88632186833479, 37.458450930799138 ], [ 126.886343494094405, 37.458524972600628 ], [ 126.886361928961662, 37.458588092280579 ], [ 126.886370124577638, 37.458672055905481 ], [ 126.886374269856361, 37.458714525148558 ], [ 126.886364583398702, 37.458817573238825 ], [ 126.886349281345232, 37.458895492912873 ], [ 126.886337163524999, 37.45895720194676 ], [ 126.886315582754108, 37.459023198276881 ], [ 126.886285710127396, 37.459114548240592 ], [ 126.886264109546445, 37.45915058327239 ], [ 126.886228700040789, 37.459209655629607 ], [ 126.886224118937307, 37.459214428870276 ], [ 126.886198450246425, 37.459241162364442 ], [ 126.886103523728764, 37.459297382795931 ], [ 126.885940980318551, 37.459340021661397 ], [ 126.885853194573372, 37.459353171487621 ], [ 126.88576876343727, 37.459360125615447 ], [ 126.885511076012889, 37.45937282911936 ], [ 126.885448585770675, 37.459402247211173 ], [ 126.885433549194801, 37.459409325805666 ], [ 126.88541794069944, 37.459416652903109 ], [ 126.885376525988278, 37.459469267076493 ], [ 126.885363605678577, 37.459511348335667 ], [ 126.885356476378476, 37.459534569026935 ], [ 126.885340063037034, 37.459637043012336 ], [ 126.885347641319967, 37.459816191516239 ], [ 126.885349604458597, 37.459862582966643 ], [ 126.885352946485881, 37.459872163770413 ], [ 126.885376056524322, 37.459940378951551 ], [ 126.885399364281895, 37.460009171124369 ], [ 126.885367971703161, 37.460047041601506 ], [ 126.885367035496316, 37.460048418515711 ], [ 126.885366410464826, 37.460049906112864 ], [ 126.885366119613323, 37.460051456740551 ], [ 126.885366170109563, 37.460053023565386 ], [ 126.885366560068476, 37.460054560608278 ], [ 126.885367279712256, 37.460056019144936 ], [ 126.885368303374662, 37.460057357579359 ], [ 126.885369604258699, 37.460058534309645 ], [ 126.885371140831609, 37.460059512164015 ], [ 126.885430718265539, 37.460090961274133 ], [ 126.885432004935183, 37.460094289474078 ], [ 126.885430874450748, 37.460095641041725 ], [ 126.885430007213969, 37.460096880407171 ], [ 126.885429397020289, 37.46009821304802 ], [ 126.885429053195423, 37.460099604761155 ], [ 126.885428989580561, 37.460101022268262 ], [ 126.8854292064634, 37.46010243041782 ], [ 126.885429695086188, 37.460103794011289 ], [ 126.885430448945158, 37.460105078763171 ], [ 126.885431445677455, 37.460106253911 ], [ 126.885432660644184, 37.460107290483087 ], [ 126.885434064668857, 37.460108161286939 ], [ 126.885438197802998, 37.460110333424609 ], [ 126.885443679837977, 37.4601245331027 ], [ 126.885464623579452, 37.460161104700745 ], [ 126.885518539832802, 37.460255253513651 ], [ 126.88565037742606, 37.46043079904647 ], [ 126.885668893404471, 37.460444044332441 ], [ 126.885765043644454, 37.460512281280351 ], [ 126.885915607949002, 37.460682493161904 ], [ 126.885975104171322, 37.4607498201729 ], [ 126.885991164606239, 37.460768008321153 ], [ 126.88601393689332, 37.460793830698691 ], [ 126.886015121496726, 37.460795125797034 ], [ 126.886071983924438, 37.460859468194663 ], [ 126.886128086222087, 37.460899789002497 ], [ 126.88618599750464, 37.460910540181267 ], [ 126.88620134864685, 37.46091646613332 ], [ 126.886253790562151, 37.460926662476361 ], [ 126.886260141873265, 37.460926947843596 ], [ 126.886270030870776, 37.460927006414124 ], [ 126.886585372948488, 37.460928879000534 ], [ 126.886623123229825, 37.460929102894774 ], [ 126.886633344162902, 37.460934621788397 ], [ 126.886634889866244, 37.460935316646967 ], [ 126.886636551404237, 37.460935812005054 ], [ 126.886638289320388, 37.460936093236086 ], [ 126.886640061837809, 37.46093615291236 ], [ 126.886641824859453, 37.460935990804991 ], [ 126.886643534236597, 37.460935612994341 ], [ 126.886645148082039, 37.460935025572489 ], [ 126.886646626696205, 37.460934243656517 ], [ 126.886647932596901, 37.46093328778317 ], [ 126.88664903620932, 37.460932179431509 ], [ 126.88665149444904, 37.460929271787244 ], [ 126.886656086171513, 37.460929299225221 ], [ 126.886672455388165, 37.460938087708584 ], [ 126.886674176965045, 37.460938846574599 ], [ 126.886676037402637, 37.460939355583456 ], [ 126.886677981414707, 37.460939600026499 ], [ 126.886679946871908, 37.460939572370378 ], [ 126.886681878370126, 37.460939272327515 ], [ 126.886683714778201, 37.460938708594249 ], [ 126.886685400522765, 37.460937901613399 ], [ 126.886686884538435, 37.460936873653949 ], [ 126.886688122485225, 37.460935654230603 ], [ 126.886688437590081, 37.460935284506071 ], [ 126.886693328771599, 37.46092952046201 ], [ 126.88672491680363, 37.460929707834751 ], [ 126.886826348565265, 37.460930309908299 ], [ 126.886960709969429, 37.460958317294228 ], [ 126.887076878411563, 37.460982649067056 ], [ 126.887247483626211, 37.461018292039519 ], [ 126.88737618268847, 37.461045177145436 ], [ 126.887386995661231, 37.461047436123359 ], [ 126.887473599937522, 37.461065528262097 ], [ 126.887496560966611, 37.461063018011465 ], [ 126.887525530256639, 37.461055441711395 ], [ 126.887682036502866, 37.461037293585214 ], [ 126.887801739747431, 37.461010342108565 ], [ 126.887858887285375, 37.460997475606952 ], [ 126.887953252229323, 37.460954490038688 ], [ 126.888317409906847, 37.46078922482414 ], [ 126.888335871913625, 37.460780846708921 ], [ 126.888630618960207, 37.46078817492721 ], [ 126.888769194454753, 37.460832510352525 ], [ 126.888849648816006, 37.46091908288615 ], [ 126.888872903552311, 37.46094410590262 ], [ 126.888875519789707, 37.460946921758257 ], [ 126.888717462687026, 37.461124380477365 ], [ 126.888532493480682, 37.461332052992596 ], [ 126.888107912762038, 37.46180664715294 ], [ 126.887989212754277, 37.461938305086697 ], [ 126.887859011370566, 37.462080087772939 ], [ 126.887718749650944, 37.46223691774933 ], [ 126.887695537152553, 37.462262872886612 ], [ 126.8871218077024, 37.462904363036579 ], [ 126.887043399711004, 37.462902312272114 ], [ 126.886923849951913, 37.462891782553662 ], [ 126.886643782478416, 37.462866731620835 ], [ 126.886391819448946, 37.462823409401722 ], [ 126.886244915544879, 37.46279820164213 ], [ 126.886044531587828, 37.462746486312525 ], [ 126.886008860854133, 37.462745037272342 ], [ 126.886006979677205, 37.462744570509052 ], [ 126.885835670765644, 37.462702069055403 ], [ 126.885808241080838, 37.462689287638234 ], [ 126.885665532550632, 37.462622786284356 ], [ 126.885567412198512, 37.462577072094341 ], [ 126.885456572857507, 37.462525723083516 ], [ 126.885319409799195, 37.462488142305787 ], [ 126.885141235035576, 37.462467973153622 ], [ 126.885121255065414, 37.462473277344763 ], [ 126.884858006800471, 37.462543152472087 ], [ 126.884797752944039, 37.462563278010094 ], [ 126.884438442478952, 37.462683288579278 ], [ 126.884353698976895, 37.462711593238311 ], [ 126.884317113407505, 37.462723945933959 ], [ 126.884182406241251, 37.462808562114141 ], [ 126.883838760587196, 37.463128773025595 ], [ 126.883782149614305, 37.463181520078152 ], [ 126.883497289244943, 37.463567770775718 ], [ 126.883418605130984, 37.46367445605587 ], [ 126.883148519750705, 37.463926179495829 ], [ 126.883089619499202, 37.463994138199439 ], [ 126.882970518441212, 37.464131547683095 ], [ 126.882858461078854, 37.464260788763063 ], [ 126.882852789532123, 37.464267330045423 ], [ 126.882745621343119, 37.464390928806814 ], [ 126.882763211672454, 37.464666888626518 ], [ 126.882773548222147, 37.464829069940549 ], [ 126.882873478688225, 37.464961500250816 ], [ 126.882928164972256, 37.465004073964003 ], [ 126.883147507296911, 37.465128460094853 ], [ 126.883332700954071, 37.465173975430467 ], [ 126.883422784178777, 37.465196033038936 ], [ 126.883445875195122, 37.465201686059956 ], [ 126.883624541126423, 37.465245540828782 ], [ 126.883628099395452, 37.465246413876947 ], [ 126.883789091554846, 37.465285930809578 ], [ 126.883851921243675, 37.465310491453636 ], [ 126.883990524840925, 37.465341316749196 ], [ 126.884148539091868, 37.465376667815185 ], [ 126.88418526375898, 37.465385155310777 ], [ 126.884344814402453, 37.465457394097406 ], [ 126.884568465775487, 37.465654710014412 ], [ 126.884574295040835, 37.46564823617301 ], [ 126.884594190901183, 37.465809878515167 ], [ 126.884617533722377, 37.466012338780914 ], [ 126.884492373277226, 37.466203400383854 ], [ 126.884328080816758, 37.466452137775484 ], [ 126.884317099853533, 37.466469590344289 ], [ 126.884321332993522, 37.466473809123912 ], [ 126.884249715617955, 37.466529772637415 ], [ 126.884052387759169, 37.466637101874461 ], [ 126.883994450129563, 37.466668615991473 ], [ 126.883835312701009, 37.466710270895106 ], [ 126.883663326144742, 37.466755287330251 ], [ 126.883276010436774, 37.466856542290181 ], [ 126.883014098084217, 37.467064358586903 ], [ 126.88292139215396, 37.467274307327067 ], [ 126.882905090063616, 37.46731061722403 ], [ 126.882885193471211, 37.467354438290329 ], [ 126.88284695492689, 37.467438665173965 ], [ 126.882772513588961, 37.467598806394548 ], [ 126.882721828545144, 37.467711660242315 ], [ 126.882652790672608, 37.467808170305609 ], [ 126.882611043258152, 37.467851204745969 ], [ 126.882529828705401, 37.467933897292639 ], [ 126.882423580628227, 37.467998274954709 ], [ 126.882270149952717, 37.468070481134006 ], [ 126.882101358784027, 37.468148301568412 ], [ 126.881947406410831, 37.468213748018613 ], [ 126.881871471007827, 37.468272642126642 ], [ 126.881796209257161, 37.46833101331633 ], [ 126.88163121311257, 37.468459238822895 ], [ 126.881580872768055, 37.468567307750931 ], [ 126.88151121024066, 37.468720967143128 ], [ 126.881459567617938, 37.468879716142972 ], [ 126.881446832687772, 37.468995994919815 ], [ 126.881468482522564, 37.469156503034803 ], [ 126.881531855100107, 37.469291160465417 ], [ 126.881592945506654, 37.469416794142994 ], [ 126.881466607846477, 37.469559142267826 ], [ 126.88133601219451, 37.469706538996022 ], [ 126.881195165535999, 37.469865485966935 ], [ 126.88106704846679, 37.470008949223583 ], [ 126.880910618073003, 37.470185331193647 ], [ 126.880800734027503, 37.47030826121285 ], [ 126.880668196705898, 37.470458484472651 ], [ 126.880585210816619, 37.470551031699884 ], [ 126.880548052374223, 37.470592385872088 ], [ 126.88046576498796, 37.470685491910217 ], [ 126.880443104282421, 37.470716724104527 ], [ 126.880405976718777, 37.470740617298311 ], [ 126.880325179475676, 37.470792630958591 ], [ 126.880204478011606, 37.470934972990037 ], [ 126.880099970823082, 37.471115345191365 ], [ 126.880050909873532, 37.471198647214607 ], [ 126.880039760225088, 37.471214683349828 ], [ 126.87993019505744, 37.471354783252337 ], [ 126.879877461738474, 37.471421246602098 ], [ 126.879838086380374, 37.471471303228327 ], [ 126.879784523442495, 37.471539059233379 ], [ 126.879646460311221, 37.471716162312617 ], [ 126.879636938911915, 37.471728377991269 ], [ 126.879557967322455, 37.47182967969372 ], [ 126.879460257463222, 37.471956566202742 ], [ 126.879406098304798, 37.472025770983223 ], [ 126.879150669947904, 37.472353496573405 ], [ 126.879141077512031, 37.472365803775347 ], [ 126.878965356547738, 37.472591261540927 ], [ 126.878737716813916, 37.472884137965195 ], [ 126.878687071549578, 37.472950024052743 ], [ 126.878674857226301, 37.472965913842266 ], [ 126.87856600957825, 37.473107516050426 ], [ 126.878451485786627, 37.473255215718915 ], [ 126.878277500311512, 37.47348282136263 ], [ 126.878275350854182, 37.473485634904776 ], [ 126.878215089525881, 37.47356354115179 ], [ 126.878122588126701, 37.473683127681667 ], [ 126.878011417631072, 37.473827740279056 ], [ 126.877979530072508, 37.473880920115349 ], [ 126.877868304441719, 37.474062130968441 ], [ 126.877812520251766, 37.474149919612216 ], [ 126.877804715185846, 37.47416265974983 ], [ 126.877777213905745, 37.474207561129958 ], [ 126.877774262890654, 37.474212382269492 ], [ 126.877584048795271, 37.474517964268102 ], [ 126.877484862008146, 37.474678914362507 ], [ 126.877431025013578, 37.47476417485256 ], [ 126.877330890409894, 37.47492750840933 ], [ 126.877325105306539, 37.474936947574058 ], [ 126.877236019142572, 37.475080446330111 ], [ 126.877114161417566, 37.475278250241026 ], [ 126.876993193102606, 37.475471559135585 ], [ 126.876841393081719, 37.475719742114762 ], [ 126.876790566627449, 37.475799930914931 ], [ 126.876695447499515, 37.475953847739362 ], [ 126.876574476820807, 37.476147994424117 ], [ 126.876558870741064, 37.476173429477122 ], [ 126.876430304917562, 37.476382949120797 ], [ 126.876421308344334, 37.476397200756161 ], [ 126.876402886619118, 37.476426375977248 ], [ 126.876369728795524, 37.476478896061295 ], [ 126.876250699350621, 37.476673052637167 ], [ 126.876153621876327, 37.476828543240345 ], [ 126.87614354406351, 37.47684468920307 ], [ 126.875985714066431, 37.477103837513745 ], [ 126.875928120430146, 37.477215276248479 ], [ 126.875883367279258, 37.477300675901503 ], [ 126.875846688515367, 37.477370667143568 ], [ 126.875820906725409, 37.477419860362922 ], [ 126.875671860859512, 37.477707175131449 ], [ 126.87563446528651, 37.477780351511335 ], [ 126.875620645184227, 37.477807185759808 ], [ 126.87554620813745, 37.477951726814119 ], [ 126.875498541060352, 37.478039522935568 ], [ 126.875360847068848, 37.478298413524222 ], [ 126.875352336042383, 37.478314065642024 ], [ 126.875320453581338, 37.478372694331355 ], [ 126.875270829280723, 37.478468103673023 ], [ 126.875131531364389, 37.478737687287349 ], [ 126.875070565006851, 37.478856158132082 ], [ 126.874958543248269, 37.479071999131087 ], [ 126.874852383935178, 37.479280521377603 ], [ 126.874785385925279, 37.479407427482769 ], [ 126.874751557990734, 37.479474918655505 ], [ 126.874750959927098, 37.479476110688275 ], [ 126.874750117996925, 37.479477793570759 ], [ 126.87455676252786, 37.479853464755628 ], [ 126.874454600687514, 37.480051085142534 ], [ 126.874426466139695, 37.480105507856237 ], [ 126.874405755482144, 37.480145569814333 ], [ 126.874284700832717, 37.480380258302915 ], [ 126.874265744963751, 37.480416844886676 ], [ 126.874235134091904, 37.480441590823681 ], [ 126.874198854972434, 37.480479563867398 ], [ 126.874186737980239, 37.480523932910543 ], [ 126.874178944718452, 37.480552460996648 ], [ 126.874180706939384, 37.48055570800004 ], [ 126.874207821687392, 37.48060570559516 ], [ 126.874181776737316, 37.480655809199874 ], [ 126.874136913970446, 37.480757114668563 ], [ 126.874064555336204, 37.48091809020579 ], [ 126.874035158344242, 37.480982224542672 ], [ 126.873992573070623, 37.481075128763976 ], [ 126.873939196689648, 37.481193886150997 ], [ 126.873879790599119, 37.481323341292011 ], [ 126.87381738362123, 37.481461876973654 ], [ 126.873812156336228, 37.481473480359163 ], [ 126.873809939144238, 37.481478399021995 ], [ 126.873755316889543, 37.481600544216917 ], [ 126.873695376085763, 37.481730566076287 ], [ 126.873659377505263, 37.481810971732685 ], [ 126.873629231431153, 37.481878311711561 ], [ 126.873572672093132, 37.482001012593138 ], [ 126.873516811077067, 37.482125397273549 ], [ 126.873441805742175, 37.482292011648354 ], [ 126.873379016787098, 37.482433562781495 ], [ 126.873204369211606, 37.482295689862696 ], [ 126.873189013386181, 37.482283564487197 ], [ 126.872971391515989, 37.482270380243975 ], [ 126.872744300170197, 37.482424997497667 ], [ 126.872768614303098, 37.482665472942344 ], [ 126.872779880635434, 37.482794987184668 ], [ 126.872780015786901, 37.482796544542502 ], [ 126.872780567869611, 37.482802889408248 ], [ 126.87277981724489, 37.4828679209011 ], [ 126.8727787079563, 37.482964220301248 ], [ 126.87277295417627, 37.483127798327217 ], [ 126.87276852196095, 37.483233950821443 ], [ 126.872765090531217, 37.48338261112346 ], [ 126.872786637940763, 37.483488783458611 ], [ 126.872800710557371, 37.483524269702038 ], [ 126.872857547015911, 37.483656661389681 ], [ 126.872873246560474, 37.483673024098096 ], [ 126.872877075474335, 37.483677196063411 ], [ 126.872946949807201, 37.48375333754543 ], [ 126.873010992846673, 37.483804656270173 ], [ 126.873147713793415, 37.483914618772971 ], [ 126.873234128948241, 37.484000866405211 ], [ 126.873295095818534, 37.48409159031759 ], [ 126.873304765688985, 37.484122578818081 ], [ 126.873297419883912, 37.484181135136339 ], [ 126.873190439360897, 37.484239024984809 ], [ 126.873144301155278, 37.484257274194377 ], [ 126.872987139989718, 37.484309544450731 ], [ 126.872976372585114, 37.48431312517463 ], [ 126.872783532313107, 37.484370354335326 ], [ 126.872747312955582, 37.484373126602414 ], [ 126.872443241316432, 37.484396164800444 ], [ 126.872208386131959, 37.484433354453408 ], [ 126.872013655115026, 37.48466177023748 ], [ 126.871895145852633, 37.484847471927253 ], [ 126.871797199007872, 37.484997434145384 ], [ 126.871791750179142, 37.485040290731149 ], [ 126.8717626286398, 37.485269390953363 ], [ 126.87203148155551, 37.485600234789949 ], [ 126.872128076207403, 37.485678106945585 ], [ 126.872232236974753, 37.485762076328946 ], [ 126.87237756104166, 37.486012821122912 ], [ 126.872444702089069, 37.486110040958017 ], [ 126.872614174962649, 37.486190748787784 ], [ 126.872673825890189, 37.486220097273588 ], [ 126.872686720312714, 37.486224336308645 ], [ 126.872734565771921, 37.486240154939324 ], [ 126.872895327163093, 37.486251871497878 ], [ 126.873042226457116, 37.486197971371382 ], [ 126.873137180092357, 37.486151898629259 ], [ 126.873214154296704, 37.486074839197705 ], [ 126.873300335356603, 37.485988202085075 ], [ 126.873436092870364, 37.485843630973925 ], [ 126.873558033667919, 37.485712559941852 ], [ 126.873624946680238, 37.485640262823509 ], [ 126.873667289936819, 37.485567102611896 ], [ 126.873751278816556, 37.485426411909017 ], [ 126.87381311146838, 37.48532173812503 ], [ 126.873939552664297, 37.485248667480732 ], [ 126.874051970616136, 37.485212686164253 ], [ 126.874090330493559, 37.485200411038662 ], [ 126.87410315035801, 37.485196357059877 ], [ 126.874125852770845, 37.485189177256132 ], [ 126.87421949567279, 37.485187594771929 ], [ 126.874280829638252, 37.485213811044865 ], [ 126.874420913546743, 37.48527368446117 ], [ 126.874556444229469, 37.485366751237457 ], [ 126.874591379596836, 37.485388745358613 ], [ 126.87465649536054, 37.485452255182615 ], [ 126.874733184384397, 37.485416739383105 ], [ 126.874734804768153, 37.485416120615874 ], [ 126.874736527444227, 37.485415714208372 ], [ 126.874738309349709, 37.485415529847586 ], [ 126.874740105197034, 37.485415572701989 ], [ 126.874741869751347, 37.485415841630825 ], [ 126.874743557822725, 37.485416330085442 ], [ 126.874745128798196, 37.485417025231925 ], [ 126.874746540971188, 37.485417909723836 ], [ 126.874747759466601, 37.485418960842736 ], [ 126.874748753956126, 37.485420153190198 ], [ 126.874908427795788, 37.485649107594071 ], [ 126.874943612683325, 37.4856995587025 ], [ 126.874944326329953, 37.485700791024748 ], [ 126.874944799582423, 37.48570209508491 ], [ 126.874945021377869, 37.485703441079721 ], [ 126.874944985185238, 37.485704798328577 ], [ 126.87494469578408, 37.485706136210709 ], [ 126.874944386735322, 37.485707117052378 ], [ 126.874922513952029, 37.485776401142374 ], [ 126.87492199797174, 37.485777645887445 ], [ 126.874921259764534, 37.485778818249734 ], [ 126.874920317645291, 37.485779892186819 ], [ 126.874919187629146, 37.485780846150938 ], [ 126.874917897041939, 37.485781658654119 ], [ 126.874916472033391, 37.485782313610365 ], [ 126.874910194514854, 37.485784735687076 ], [ 126.874925447475519, 37.485816520641968 ], [ 126.874990228287629, 37.485953984667368 ], [ 126.874994464688683, 37.485956249649632 ], [ 126.875001325981842, 37.48597173697074 ], [ 126.875005875410181, 37.485980825962827 ], [ 126.875020990131986, 37.48601102018354 ], [ 126.875022621212636, 37.486014278195881 ], [ 126.875022567999082, 37.486014691636228 ], [ 126.875017973053318, 37.486050033785745 ], [ 126.874993197103748, 37.486228014922062 ], [ 126.874990991687241, 37.486243867098104 ], [ 126.875007759698661, 37.486243974732666 ], [ 126.875009693832112, 37.486244121069049 ], [ 126.875011569234346, 37.486244528487532 ], [ 126.875013328303211, 37.486245186768592 ], [ 126.875014921451651, 37.486246074017323 ], [ 126.875016299115202, 37.486247165634971 ], [ 126.875017424231203, 37.486248429878124 ], [ 126.875018258666003, 37.486249827786729 ], [ 126.875018781259612, 37.486251319589257 ], [ 126.875018975413795, 37.486252861031588 ], [ 126.875021866605564, 37.486414973254362 ], [ 126.875021725803876, 37.486416531853166 ], [ 126.875021247163247, 37.486418046301118 ], [ 126.875020448017736, 37.486419472523522 ], [ 126.875019351349252, 37.486420767376949 ], [ 126.875017990289379, 37.486421891377042 ], [ 126.875016405849749, 37.4864228095879 ], [ 126.875014644614723, 37.486423497018038 ], [ 126.875014242550932, 37.486436457273051 ], [ 126.875014033068766, 37.486437977651605 ], [ 126.875013505028392, 37.48643944767182 ], [ 126.875012673479219, 37.48644082595095 ], [ 126.875011560257107, 37.486442071142221 ], [ 126.875010198448635, 37.486443149169155 ], [ 126.875008627911768, 37.486444027793844 ], [ 126.875006891837685, 37.486444682006834 ], [ 126.875005043552221, 37.486445092260418 ], [ 126.875003134043979, 37.48644524800806 ], [ 126.874996441512081, 37.48644534239827 ], [ 126.874998323936197, 37.486490933863692 ], [ 126.875013432744055, 37.486542758761651 ], [ 126.875021980026631, 37.48656917761533 ], [ 126.875050518728173, 37.486657396342331 ], [ 126.875087161763631, 37.486707085358013 ], [ 126.875121386686558, 37.486753491457542 ], [ 126.875123496557762, 37.486756305830028 ], [ 126.875139163285468, 37.486792361757352 ], [ 126.875362989691396, 37.48690127888662 ], [ 126.875548275935685, 37.486904295439679 ], [ 126.875789473351475, 37.486908221848402 ], [ 126.875974259745391, 37.486911229684338 ], [ 126.876234692540962, 37.487208542267439 ], [ 126.876246609083083, 37.487222146234416 ], [ 126.876261855758713, 37.487239552569989 ], [ 126.87667249796786, 37.487829367018456 ], [ 126.876688736361771, 37.487852689613618 ], [ 126.876698542906126, 37.487903938291296 ], [ 126.876760027531219, 37.488117433011013 ], [ 126.87676797946348, 37.488216831268865 ], [ 126.876769383632137, 37.488223589821587 ], [ 126.876777495541816, 37.488258668263896 ], [ 126.876788291449657, 37.48830534867745 ], [ 126.876800046142336, 37.488356167759072 ], [ 126.876800254665781, 37.488357073818939 ], [ 126.876796056122714, 37.488447717116181 ], [ 126.876794210564896, 37.48848755175522 ], [ 126.876790356431329, 37.488570776015763 ], [ 126.876668367561621, 37.488731700226467 ], [ 126.876665365556789, 37.488733866566349 ], [ 126.876638363558115, 37.488753337567104 ], [ 126.876522962996802, 37.488836562678273 ], [ 126.876382151588558, 37.4889411643654 ], [ 126.87609579515717, 37.489029825743174 ], [ 126.876043468534661, 37.489047235766996 ], [ 126.875997811622383, 37.489043387401146 ], [ 126.875975524054795, 37.489041508432294 ], [ 126.875965230881519, 37.48904064013955 ], [ 126.875816824221928, 37.489028128617214 ], [ 126.875631359737241, 37.488895316498699 ], [ 126.875372140027494, 37.488608409798694 ], [ 126.875189450731554, 37.48850713201999 ], [ 126.87499742059822, 37.488494537475439 ], [ 126.874716017023033, 37.488577298016608 ], [ 126.874566814162776, 37.488733408788306 ], [ 126.874494877167848, 37.48886115544996 ], [ 126.874344164858684, 37.488860150081187 ], [ 126.874072031591851, 37.488795660653814 ], [ 126.873730585153879, 37.488644938373803 ], [ 126.873606948192034, 37.488561636824343 ], [ 126.873590669650184, 37.488550669363448 ], [ 126.873535213249781, 37.488543247397494 ], [ 126.8735342136643, 37.488543069036943 ], [ 126.873532893045265, 37.488542729434336 ], [ 126.873521706154719, 37.488539311666607 ], [ 126.873521362032392, 37.488539206186047 ], [ 126.873475611507814, 37.488525220620971 ], [ 126.873474118528051, 37.488524661074536 ], [ 126.873472743452609, 37.488523934501444 ], [ 126.873472488204214, 37.488523751975599 ], [ 126.873471515569832, 37.488523055478716 ], [ 126.873425955430747, 37.488485331034077 ], [ 126.873425190966174, 37.48848463023274 ], [ 126.873424520880434, 37.488483870442586 ], [ 126.873387425791464, 37.488436735671392 ], [ 126.873386665009406, 37.488435594127068 ], [ 126.873386117507778, 37.488434378000214 ], [ 126.873385794401955, 37.488433110785003 ], [ 126.873379201585593, 37.488392809614801 ], [ 126.87326952976413, 37.488298107541411 ], [ 126.873077748522292, 37.488252858737084 ], [ 126.872955403234002, 37.488300590535609 ], [ 126.872922523448338, 37.488313507288403 ], [ 126.872748475450408, 37.488430731053882 ], [ 126.872669113414929, 37.4885539646572 ], [ 126.872683394286312, 37.488777825118532 ], [ 126.872639929661446, 37.488981349044543 ], [ 126.872457748976018, 37.489204427473112 ], [ 126.872445316934687, 37.489240453458656 ], [ 126.872413716365003, 37.489330797774684 ], [ 126.87244040047959, 37.489535525279713 ], [ 126.872445160503361, 37.489542009668568 ], [ 126.872671487221311, 37.489844932770872 ], [ 126.87267624732965, 37.489851411742556 ], [ 126.87277059241076, 37.489958784431352 ], [ 126.872839223777262, 37.490014336899222 ], [ 126.873149309927555, 37.490209501551831 ], [ 126.87327638065328, 37.490289334442885 ], [ 126.873368438561528, 37.490386574115099 ], [ 126.87357693290484, 37.490481685646103 ], [ 126.873752739031602, 37.490475680897568 ], [ 126.873933217149897, 37.490428856688979 ], [ 126.874020679771647, 37.490316034374693 ], [ 126.874090641516077, 37.49021447272878 ], [ 126.874091882935431, 37.49020939566887 ], [ 126.874149159158335, 37.489980558669693 ], [ 126.874123344244808, 37.489844883486164 ], [ 126.874110471483661, 37.489777229951294 ], [ 126.874322441045081, 37.489695520108434 ], [ 126.874579194478386, 37.489769287205284 ], [ 126.87465124019505, 37.489898874103332 ], [ 126.874620113982445, 37.490025273882516 ], [ 126.874545894553776, 37.490136971568454 ], [ 126.874497354311089, 37.490209282595018 ], [ 126.874492400932752, 37.490216598799094 ], [ 126.8744279630329, 37.490289167234764 ], [ 126.874453701754675, 37.490426872691565 ], [ 126.874580900224487, 37.490539079694663 ], [ 126.874640357636252, 37.490590380438213 ], [ 126.874667708510643, 37.490612379446027 ], [ 126.874794855881177, 37.490710843002013 ], [ 126.874839560471926, 37.490745461726988 ], [ 126.874667847879209, 37.490844374291271 ], [ 126.874660293118211, 37.490857071335583 ], [ 126.874570984740259, 37.49100719679285 ], [ 126.874534594267288, 37.491068367411849 ], [ 126.874504041978639, 37.491097237362986 ], [ 126.874372681465601, 37.491221363984913 ], [ 126.874130073387477, 37.491337668676806 ], [ 126.874033216967533, 37.491321496288762 ], [ 126.87395185001165, 37.491307910768541 ], [ 126.873768428337925, 37.491222400633127 ], [ 126.873559686244207, 37.491066744185972 ], [ 126.873556683737434, 37.491064208079166 ], [ 126.873389058192558, 37.490922614145475 ], [ 126.873297696185972, 37.490845440523586 ], [ 126.873083438572792, 37.490807483420134 ], [ 126.873059743789355, 37.490810830594803 ], [ 126.873013597732538, 37.490817349455966 ], [ 126.872863953151821, 37.490838486005153 ], [ 126.872716988084932, 37.490819473162063 ], [ 126.872551633517745, 37.490747154644367 ], [ 126.872538860460452, 37.490741567813984 ], [ 126.872477206234564, 37.490711388395873 ], [ 126.872473687933933, 37.490709666148469 ], [ 126.872447765394455, 37.490696977096675 ], [ 126.87225463765364, 37.490602444583025 ], [ 126.872178985653036, 37.490618971800437 ], [ 126.872122051281579, 37.490645379943572 ], [ 126.872016467127025, 37.490715371317783 ], [ 126.871949985960825, 37.490737250702814 ], [ 126.871834028987578, 37.490775709686062 ], [ 126.871770934411288, 37.490780987813729 ], [ 126.871689150497573, 37.49077300494136 ], [ 126.87156796641419, 37.490761335007711 ], [ 126.871505663161756, 37.490721852363372 ], [ 126.871480293900831, 37.490679872942977 ], [ 126.871472903588497, 37.490565830382302 ], [ 126.871503103348701, 37.490468713327971 ], [ 126.871557531770776, 37.49036094495851 ], [ 126.87157723459687, 37.490209202269703 ], [ 126.87154776595024, 37.490085282398695 ], [ 126.871505683310872, 37.489998795345045 ], [ 126.871342370030959, 37.489833625800571 ], [ 126.871259614179323, 37.4897707413961 ], [ 126.871118980068218, 37.489702134415452 ], [ 126.871080272328399, 37.489683251402511 ], [ 126.870945896921199, 37.489637219497389 ], [ 126.870658214620988, 37.489560874946832 ], [ 126.870420986972817, 37.489535833251466 ], [ 126.870375569134538, 37.48954056307452 ], [ 126.870334752954534, 37.489544747750571 ], [ 126.870228124525767, 37.489596158672278 ], [ 126.870170416820088, 37.489665642872851 ], [ 126.87013622049831, 37.48971909652942 ], [ 126.870125376940805, 37.489757097486638 ], [ 126.870134120801509, 37.48980749554115 ], [ 126.870165911498717, 37.48991256460539 ], [ 126.870216139968718, 37.489984421514002 ], [ 126.870234402994072, 37.490052850513024 ], [ 126.87023340619254, 37.490112833909144 ], [ 126.870210404021478, 37.490134206776894 ], [ 126.870165451866399, 37.490176386649772 ], [ 126.870113277121561, 37.490209263880701 ], [ 126.870064990638525, 37.490237375631928 ], [ 126.869968644454644, 37.490267394320703 ], [ 126.869876902545784, 37.490296015152204 ], [ 126.869786744030577, 37.490325197790021 ], [ 126.869759703731475, 37.490333329771033 ], [ 126.869727868597735, 37.490356373401731 ], [ 126.869702745402449, 37.490374091580868 ], [ 126.86968037919209, 37.49043094682726 ], [ 126.869684342908599, 37.490486403040016 ], [ 126.869726427726249, 37.490570931196956 ], [ 126.869736117031437, 37.490584178709653 ], [ 126.869789900359692, 37.490639130937083 ], [ 126.869863103130768, 37.490711292615615 ], [ 126.869870548317522, 37.490718600844495 ], [ 126.869910196523463, 37.490757521856054 ], [ 126.869950206458768, 37.490806847307759 ], [ 126.869993039441596, 37.490869964993415 ], [ 126.869993186695481, 37.490987650135729 ], [ 126.869993121267441, 37.491024260974839 ], [ 126.869950184576311, 37.491121345752376 ], [ 126.869892004547992, 37.491253345170719 ], [ 126.86979944605126, 37.491346157792563 ], [ 126.869688006085454, 37.491418955091781 ], [ 126.869649970832796, 37.491443690806065 ], [ 126.86958156064486, 37.491468949450294 ], [ 126.869525866168544, 37.49149085437778 ], [ 126.869413365034262, 37.491562529875225 ], [ 126.869345918423861, 37.491636493663528 ], [ 126.869304537042879, 37.491757528250091 ], [ 126.869298196614579, 37.491851833676996 ], [ 126.869306270668943, 37.491876916385642 ], [ 126.869366268669751, 37.492018606783425 ], [ 126.869437364747824, 37.49208513662569 ], [ 126.869462928697089, 37.492112757146153 ], [ 126.869512187885292, 37.492131395044034 ], [ 126.869615829755872, 37.49217120928882 ], [ 126.869665103523104, 37.492181122098053 ], [ 126.869681535567395, 37.492180847428365 ], [ 126.869888268961176, 37.492176572799579 ], [ 126.869963623619327, 37.492201076894418 ], [ 126.869976915272062, 37.492205398563257 ], [ 126.870022398439971, 37.492262042416826 ], [ 126.870024636252936, 37.492267801380741 ], [ 126.870024745883754, 37.492268082286344 ], [ 126.870026910607336, 37.492273654280254 ], [ 126.870028409839946, 37.492277515561661 ], [ 126.870057408116892, 37.492352180588121 ], [ 126.870054423189757, 37.492435240627984 ], [ 126.870013531366212, 37.492481371973902 ], [ 126.86995923879995, 37.492510030305645 ], [ 126.869651107276482, 37.492563762140861 ], [ 126.869561401379229, 37.492579404163322 ], [ 126.869537728265769, 37.492583049091451 ], [ 126.869455192957872, 37.492595346520659 ], [ 126.869405128008154, 37.492631609346404 ], [ 126.869381570725722, 37.492664797624023 ], [ 126.869368926737238, 37.492717443084317 ], [ 126.869373419877732, 37.492772074669482 ], [ 126.869388515987708, 37.492829530008549 ], [ 126.869418463211417, 37.49288559360911 ], [ 126.869433430213221, 37.492913202636352 ], [ 126.869470182908543, 37.492961601384259 ], [ 126.869573787478259, 37.493098040556085 ], [ 126.869580443486782, 37.493106803880906 ], [ 126.869624495757236, 37.493141120930225 ], [ 126.87006689631329, 37.493485766131215 ], [ 126.870023663054795, 37.493633079930909 ], [ 126.870016591773805, 37.493657178662794 ], [ 126.869854042072461, 37.493760612721474 ], [ 126.869800220690266, 37.493815739020768 ], [ 126.869779703634123, 37.49387898839975 ], [ 126.869709458770444, 37.494095510795745 ], [ 126.869502678258414, 37.494328404084087 ], [ 126.869411753390366, 37.494400103646505 ], [ 126.869292282087841, 37.494494310753979 ], [ 126.869288276934185, 37.494497468443527 ], [ 126.86924310413589, 37.494533090301452 ], [ 126.868807351827499, 37.494760112186711 ], [ 126.868709199356132, 37.494811246065773 ], [ 126.868483227728234, 37.494997377323422 ], [ 126.868365347309307, 37.495094381668281 ], [ 126.868348928718376, 37.495107891693024 ], [ 126.8682970278347, 37.495125210385986 ], [ 126.868294412721241, 37.495126108571291 ], [ 126.868229454367977, 37.495128308419183 ], [ 126.867990511353341, 37.495061590287058 ], [ 126.867588626322714, 37.494815891225535 ], [ 126.867603504105432, 37.494728608122124 ], [ 126.867610408137111, 37.494688091401308 ], [ 126.867588931024798, 37.494646675527413 ], [ 126.867577863389542, 37.494640175208595 ], [ 126.867550986804829, 37.494624387438535 ], [ 126.867424705859719, 37.494594961745911 ], [ 126.867374223807971, 37.494565062137283 ], [ 126.867327093483581, 37.494538538899249 ], [ 126.867273783410667, 37.49450863672098 ], [ 126.867223830512557, 37.494479855757412 ], [ 126.867122173780004, 37.494421743574783 ], [ 126.867075750288606, 37.494399152120195 ], [ 126.867042374606555, 37.494384201924099 ], [ 126.866983584756227, 37.494357947775228 ], [ 126.866951627961114, 37.494345244117767 ], [ 126.866891404750618, 37.494324902329517 ], [ 126.866786785516027, 37.494242567241599 ], [ 126.866775209108582, 37.494196656960668 ], [ 126.866843875464198, 37.494131411904647 ], [ 126.866907055356648, 37.494079681138132 ], [ 126.866976651019897, 37.493987403992591 ], [ 126.867035726916285, 37.493954530908155 ], [ 126.867136230364409, 37.493967313344264 ], [ 126.867216582002911, 37.493994434643454 ], [ 126.867291546323244, 37.494068000805768 ], [ 126.867300002201816, 37.494076466535347 ], [ 126.867349566933456, 37.494124950772495 ], [ 126.867420131049798, 37.494186973994147 ], [ 126.867473430620166, 37.494222796138807 ], [ 126.867613484661106, 37.494258431921182 ], [ 126.867627270506233, 37.49425112724046 ], [ 126.867725591820118, 37.49413903844485 ], [ 126.867733521111148, 37.494129998848493 ], [ 126.867751379717177, 37.494109639118292 ], [ 126.867780771101721, 37.494075885704909 ], [ 126.867771519618458, 37.494007737154604 ], [ 126.867758077421257, 37.49390785837037 ], [ 126.867756017450787, 37.493892558591874 ], [ 126.867749017879447, 37.493753741572448 ], [ 126.867749262150497, 37.493751066761916 ], [ 126.867762172424207, 37.493609822590514 ], [ 126.867764689726343, 37.493582276284378 ], [ 126.86774355649672, 37.493543974645135 ], [ 126.867670884557128, 37.493472369759559 ], [ 126.867593678367953, 37.493415571423526 ], [ 126.867537490259153, 37.493374235610617 ], [ 126.867478706509843, 37.493218158016418 ], [ 126.867473305910664, 37.49320381921477 ], [ 126.867470585753864, 37.493200412857739 ], [ 126.867370002756573, 37.493074462665696 ], [ 126.8671594883685, 37.492921621154174 ], [ 126.867042053955444, 37.492884600771248 ], [ 126.867032739860903, 37.49288267695335 ], [ 126.866955695348025, 37.492866761749831 ], [ 126.866834994222941, 37.492879581116156 ], [ 126.866796472499971, 37.492888713569435 ], [ 126.866755806206456, 37.492898353694081 ], [ 126.866602099565611, 37.492891984552848 ], [ 126.866627534824886, 37.492822764487713 ], [ 126.866678267424916, 37.492684698561746 ], [ 126.866681538292312, 37.492675796303615 ], [ 126.866686074652037, 37.492663451350168 ], [ 126.866585989747378, 37.49261378199067 ], [ 126.86649943601445, 37.492603826629662 ], [ 126.866364029435701, 37.492638867943391 ], [ 126.866347888994525, 37.49263688312098 ], [ 126.866303976590288, 37.492631479217351 ], [ 126.866204809067213, 37.49255534351073 ], [ 126.866194069328671, 37.492538604545018 ], [ 126.866189980631106, 37.492532235278361 ], [ 126.866081134150903, 37.492362604232376 ], [ 126.865813669381879, 37.492145224268285 ], [ 126.865552374493632, 37.491743979093947 ], [ 126.865478092716756, 37.491596354870083 ], [ 126.865450805928887, 37.491563849717529 ], [ 126.865404040492876, 37.491508138236817 ], [ 126.86519209114546, 37.491579432287466 ], [ 126.865152111454634, 37.491592879265134 ], [ 126.865053625976827, 37.491541237830447 ], [ 126.865024681902625, 37.491520390792026 ], [ 126.864851587846118, 37.491395717989512 ], [ 126.864795361633085, 37.491323573303639 ], [ 126.864796820178285, 37.49129934555301 ], [ 126.864799362038838, 37.491257129005568 ], [ 126.864769846047622, 37.491165589278367 ], [ 126.864555447400832, 37.491021181434625 ], [ 126.864496709214166, 37.491068415480463 ], [ 126.864489372760886, 37.491116556064689 ], [ 126.864518192659631, 37.491203027411593 ], [ 126.864279878869013, 37.491092094685882 ], [ 126.864154859424403, 37.491050552696592 ], [ 126.864030002777369, 37.491019444618495 ], [ 126.864020343369489, 37.491018126217007 ], [ 126.863690861636627, 37.490973152864655 ], [ 126.863448343239014, 37.490939357085672 ], [ 126.863291842085545, 37.490918626256978 ], [ 126.863190629971257, 37.490905267987358 ], [ 126.863113098199307, 37.490891387419488 ], [ 126.863102674984816, 37.490889969281845 ], [ 126.863076216370686, 37.490885041351206 ], [ 126.863028139791467, 37.490876086786159 ], [ 126.86292250769057, 37.490852801284746 ], [ 126.862811091413917, 37.490828237919736 ], [ 126.862733755566865, 37.490804495550194 ], [ 126.862586845302289, 37.490758720040489 ], [ 126.862387687253332, 37.49067907523429 ], [ 126.862174979270335, 37.49057746306157 ], [ 126.862089558551673, 37.490531195061898 ], [ 126.861950485627162, 37.490447971986399 ], [ 126.861830323652839, 37.490367866832273 ], [ 126.861768210288247, 37.490326121303966 ], [ 126.861623035991386, 37.490203747940562 ], [ 126.861481768005632, 37.490067303749825 ], [ 126.861384426320456, 37.489968077580173 ], [ 126.861362819444608, 37.489943657583531 ], [ 126.861279042973635, 37.48984896906066 ], [ 126.861134808150197, 37.489685952732387 ], [ 126.861119085736476, 37.489668181348726 ], [ 126.861100746814941, 37.489646571369583 ], [ 126.861025814409089, 37.489558268811933 ], [ 126.861016482034941, 37.489547270495237 ], [ 126.860686105280905, 37.489168178296474 ], [ 126.860458652654046, 37.488907717005596 ], [ 126.860195400544555, 37.488606259822085 ], [ 126.8601859571163, 37.488595445615033 ], [ 126.859817935571144, 37.488174256665829 ], [ 126.859518179719942, 37.487831192852525 ], [ 126.85951007058317, 37.48782191271772 ], [ 126.859256017982361, 37.487531150080095 ], [ 126.859151254497505, 37.487412170993771 ], [ 126.859013790737052, 37.487256053484508 ], [ 126.858568692337045, 37.486748070152579 ], [ 126.858545040451745, 37.486721077784935 ], [ 126.858409854039834, 37.486570895627324 ], [ 126.85840180895633, 37.486561960981938 ], [ 126.858392551537463, 37.486551676734685 ], [ 126.858242529600332, 37.486381430797273 ], [ 126.858225431388561, 37.486360290401606 ], [ 126.858167643876328, 37.486295316045961 ], [ 126.858116134912748, 37.486237396420002 ], [ 126.857971034415144, 37.48608461807175 ], [ 126.857862995542305, 37.486004394475948 ], [ 126.857834302704646, 37.485983089149876 ], [ 126.85774112553473, 37.485930783638722 ], [ 126.857721709332026, 37.485919883469919 ], [ 126.857676890138649, 37.485894757026323 ], [ 126.857675888507046, 37.485894165700543 ], [ 126.857630122115935, 37.48586711420544 ], [ 126.857483603333435, 37.485806968708637 ], [ 126.857449174570021, 37.485794537471854 ], [ 126.857290424008056, 37.485760556413801 ], [ 126.857214998580204, 37.485754265635784 ], [ 126.857086404469456, 37.48574369248967 ], [ 126.856768096895564, 37.485721057493464 ], [ 126.85664183450676, 37.485712683243598 ], [ 126.856551882877099, 37.485706718547469 ], [ 126.856539433235511, 37.485706260455693 ], [ 126.856503939649571, 37.485704981906629 ], [ 126.856423098001841, 37.485702053818862 ], [ 126.856099030138694, 37.48560534392135 ], [ 126.856094179911082, 37.485603896051543 ], [ 126.856024235732534, 37.485583023440093 ], [ 126.855973563147927, 37.485569436929588 ], [ 126.855890208934809, 37.485546809210618 ], [ 126.85580132100074, 37.485519877940376 ], [ 126.855729714539265, 37.485498181266976 ], [ 126.855709803590443, 37.485490673470636 ], [ 126.85563670700175, 37.48546310981385 ], [ 126.855608565625957, 37.485452497915567 ], [ 126.855597138828585, 37.485448189311278 ], [ 126.85556279270385, 37.485432382405939 ], [ 126.855506947749788, 37.485406681226557 ], [ 126.855448509496625, 37.485373967760466 ], [ 126.855423290562868, 37.485359848369221 ], [ 126.855412475682655, 37.48535277953436 ], [ 126.855334364503136, 37.485301726988737 ], [ 126.855235910654898, 37.485225645443407 ], [ 126.855165031195142, 37.485170872704728 ], [ 126.855077757586699, 37.485077284659525 ], [ 126.855050248992697, 37.485047694468747 ], [ 126.855008186043165, 37.484994081247144 ], [ 126.854979937513264, 37.484958073866466 ], [ 126.854946643851221, 37.484909883272955 ], [ 126.854904898523955, 37.484843684339168 ], [ 126.854886938338566, 37.484815204435549 ], [ 126.854866144956929, 37.484786175456719 ], [ 126.854774644431771, 37.484605221093467 ], [ 126.854770409238967, 37.484596846016991 ], [ 126.854671320756538, 37.484404702181834 ], [ 126.854630855302943, 37.484341780251135 ], [ 126.854577808495577, 37.484259299595678 ], [ 126.854573935629006, 37.484251411419713 ], [ 126.854540256863331, 37.484182707390374 ], [ 126.854510406436518, 37.484121813769434 ], [ 126.854442493254311, 37.483982632366619 ], [ 126.854368411680611, 37.483833031811585 ], [ 126.854343289944325, 37.483781940073996 ], [ 126.854311754167171, 37.483717801328204 ], [ 126.854287495550366, 37.483667626465603 ], [ 126.854286522050387, 37.48366561292795 ], [ 126.854221309901661, 37.483530730289189 ], [ 126.854140685297324, 37.483360571786775 ], [ 126.854080213757655, 37.483232944742547 ], [ 126.85400947273024, 37.483088973142607 ], [ 126.853973761631053, 37.483016291871422 ], [ 126.853948249541617, 37.482966985295974 ], [ 126.853899806762627, 37.482895407042868 ], [ 126.853864055133087, 37.48283848749756 ], [ 126.853789138953573, 37.482753352262137 ], [ 126.853720438446587, 37.482693002168418 ], [ 126.853650165331374, 37.482631269767268 ], [ 126.853637113951777, 37.482621683669876 ], [ 126.853498587370837, 37.482621836098623 ], [ 126.853465434326097, 37.482621872807563 ], [ 126.853400043274249, 37.482621945797298 ], [ 126.85315536618829, 37.482622205464253 ], [ 126.853067345851443, 37.482553673081277 ], [ 126.852958673778204, 37.482477506633202 ], [ 126.852969292735992, 37.482464855692811 ], [ 126.852983111188848, 37.482450663831528 ], [ 126.853042413243614, 37.482389763184564 ], [ 126.853051427579771, 37.482382183482663 ], [ 126.853091440882849, 37.48234168840613 ], [ 126.853116407462238, 37.482318527801702 ], [ 126.853128423848403, 37.482307379844549 ], [ 126.853069311352968, 37.482275211332421 ], [ 126.853036369433482, 37.482227300632744 ], [ 126.852750173154135, 37.48187909114742 ], [ 126.852700469161192, 37.481818617384072 ], [ 126.852619625342612, 37.481786687422051 ], [ 126.852586242771523, 37.481778761866138 ], [ 126.852467935290889, 37.481756380060638 ], [ 126.85243895753176, 37.481752464393608 ], [ 126.852326997217489, 37.481737335281338 ], [ 126.852246983209326, 37.481732729664756 ], [ 126.852226314711814, 37.481732422555261 ], [ 126.85221593548286, 37.481728046358008 ], [ 126.852205748963698, 37.481723751436995 ], [ 126.852066218865616, 37.481664925580866 ], [ 126.852050572155036, 37.481661880625346 ], [ 126.85196573531033, 37.481645372123801 ], [ 126.851893199793849, 37.481631617979097 ], [ 126.851891648268861, 37.481631323738775 ], [ 126.851887650884535, 37.481630566305597 ], [ 126.8518536099252, 37.481624111547113 ], [ 126.851834462707828, 37.481620271293451 ], [ 126.851751886256039, 37.481603710141677 ], [ 126.851667831873343, 37.481588683039519 ], [ 126.851613775817199, 37.481583541616736 ], [ 126.851499620958521, 37.48157373118903 ], [ 126.85129125845458, 37.48155582303724 ], [ 126.851160850163851, 37.481543693990105 ], [ 126.850990471054644, 37.481527847082219 ], [ 126.85084315186937, 37.481522591356324 ], [ 126.850701819883454, 37.481525509382728 ], [ 126.850573003968549, 37.481539419551176 ], [ 126.850522820960634, 37.481548365454103 ], [ 126.850514339340805, 37.481550048527957 ], [ 126.85041837372934, 37.481566819736152 ], [ 126.850374369280189, 37.481578025890762 ], [ 126.850098664546877, 37.481648224983054 ], [ 126.850031394971779, 37.481665352921354 ], [ 126.850018364770122, 37.481668671230743 ], [ 126.849829613271737, 37.481716729443271 ], [ 126.849689165763934, 37.481752488360478 ], [ 126.849567934178111, 37.481783354890766 ], [ 126.849351361178194, 37.481838497042695 ], [ 126.849350357982871, 37.481838752009374 ], [ 126.849332428488168, 37.481843316875313 ], [ 126.849223550118822, 37.481870779967089 ], [ 126.849103684355029, 37.481905310336003 ], [ 126.849043728741918, 37.481922583461554 ], [ 126.849013383549618, 37.481931325249732 ], [ 126.848938266178791, 37.481952626757767 ], [ 126.848758385918217, 37.482003350570217 ], [ 126.848751443459932, 37.482005307900508 ], [ 126.848732512970358, 37.48201064682867 ], [ 126.848656634853782, 37.482032528942078 ], [ 126.848563937600645, 37.48205925949442 ], [ 126.84846913913718, 37.482086599419404 ], [ 126.848350460645065, 37.482090355225132 ], [ 126.848323563427712, 37.48209120827299 ], [ 126.848199536965396, 37.482095259817449 ], [ 126.84813417242448, 37.482097152578376 ], [ 126.84807305812366, 37.482094260932776 ], [ 126.847802963316184, 37.482083206895524 ], [ 126.847578152009788, 37.482045188627012 ], [ 126.847514044651547, 37.482034402329589 ], [ 126.847455420941941, 37.4820247567528 ], [ 126.847015768256171, 37.481910137928693 ], [ 126.84698648221179, 37.481894626004916 ], [ 126.846986127593439, 37.481894434760548 ], [ 126.846927723244733, 37.481862725887758 ], [ 126.846873017697348, 37.481832813100993 ], [ 126.84684955084019, 37.481819267617901 ], [ 126.846792558056578, 37.481786531727316 ], [ 126.846724101694363, 37.481746176372532 ], [ 126.846707333836321, 37.481736301260341 ], [ 126.846635521556337, 37.48169622564599 ], [ 126.846623697510864, 37.481689732701447 ], [ 126.846601769186577, 37.481671227413607 ], [ 126.846556858232091, 37.481633330371615 ], [ 126.84655534055139, 37.48163200960613 ], [ 126.846517176231501, 37.481598933349026 ], [ 126.846467460870798, 37.481551272370737 ], [ 126.846462349491944, 37.481546485848696 ], [ 126.846420382973704, 37.481507011447682 ], [ 126.846408218537533, 37.481495453692403 ], [ 126.846387959053885, 37.481467550163572 ], [ 126.846346921106374, 37.481411468916427 ], [ 126.846285954603374, 37.4813317078819 ], [ 126.846263051236988, 37.481303237172497 ], [ 126.846219189558198, 37.481240110594761 ], [ 126.846200543024679, 37.481204036169451 ], [ 126.846159186471411, 37.481126271017985 ], [ 126.846147405416531, 37.481104865358716 ], [ 126.846089870047308, 37.480989907300852 ], [ 126.846049369927456, 37.48092537872882 ], [ 126.846033762317006, 37.480872992163441 ], [ 126.846007247620562, 37.480798341261917 ], [ 126.845994795947561, 37.48073580037719 ], [ 126.845986780555165, 37.480695541187835 ], [ 126.84597967100612, 37.480657113155736 ], [ 126.845976830260938, 37.480641752776002 ], [ 126.845963275967961, 37.480532487690553 ], [ 126.84594849289337, 37.480420686599309 ], [ 126.845945645784212, 37.48039957013463 ], [ 126.845934218179892, 37.480314798498618 ], [ 126.845929270654551, 37.480230891980064 ], [ 126.84591685923688, 37.48008304442812 ], [ 126.845904140170589, 37.479913534721916 ], [ 126.845894162819988, 37.479785407847388 ], [ 126.845892275708863, 37.479758095376035 ], [ 126.84589039078682, 37.479729364184877 ], [ 126.845880866192743, 37.479638699199178 ], [ 126.845869044031119, 37.479375139911738 ], [ 126.845865675617532, 37.479299396674087 ], [ 126.845854660841525, 37.479158602713881 ], [ 126.845850886553364, 37.479102564440119 ], [ 126.845842825794662, 37.478983723994958 ], [ 126.845840236488655, 37.478956137225133 ], [ 126.845834772636536, 37.478865181937415 ], [ 126.845833825574857, 37.478849270490905 ], [ 126.845827430779522, 37.478741854017464 ], [ 126.845815024304827, 37.478509545920431 ], [ 126.845813486948089, 37.478481948747998 ], [ 126.845812637987081, 37.478466461480153 ], [ 126.845794951761889, 37.478218102559339 ], [ 126.845781838077258, 37.47807082612151 ], [ 126.845764003894459, 37.477810918205257 ], [ 126.845754662089732, 37.477714895640418 ], [ 126.845691330646858, 37.47707932691759 ], [ 126.845688044844195, 37.477041872753766 ], [ 126.845680722170016, 37.476962695956367 ], [ 126.845674058887553, 37.476890651624281 ], [ 126.84565591037682, 37.476695787271879 ], [ 126.845652623326416, 37.476665095061804 ], [ 126.84565054132338, 37.476646791436508 ], [ 126.845641926573478, 37.476543165436816 ], [ 126.845635812633802, 37.476471034906048 ], [ 126.845634168743857, 37.476451645770986 ], [ 126.845633802473856, 37.476447865262919 ], [ 126.845628622112059, 37.476394483575568 ], [ 126.845623616555145, 37.476344920994904 ], [ 126.845606950560708, 37.476198484712633 ], [ 126.845587820059521, 37.476039878200915 ], [ 126.845586726383274, 37.476030802710248 ], [ 126.8455461797422, 37.475694677394017 ], [ 126.845526662779136, 37.475402351803737 ], [ 126.845523209793214, 37.475350625545396 ], [ 126.845508264319847, 37.475126772358266 ], [ 126.845497738378626, 37.474969093190559 ], [ 126.845497702295944, 37.474968562092535 ], [ 126.845496492896586, 37.474950453479238 ], [ 126.845487290899655, 37.474874136148088 ], [ 126.845479652003618, 37.474812460072762 ], [ 126.8454760117219, 37.474780919519532 ], [ 126.845434376042405, 37.474463584926717 ], [ 126.845430972002333, 37.474437638587872 ], [ 126.845419501129243, 37.47434865094548 ], [ 126.845409633604319, 37.474250367493894 ], [ 126.845398562446462, 37.474137729599668 ], [ 126.845384836919521, 37.474030158837259 ], [ 126.845384168602919, 37.474024316155543 ], [ 126.845370780690544, 37.473907086534737 ], [ 126.845367488971576, 37.473875269386141 ], [ 126.845365927853265, 37.473859499639282 ], [ 126.845362814540493, 37.473832253349819 ], [ 126.84536055448207, 37.473812466896803 ], [ 126.845320506739597, 37.473787080070274 ], [ 126.845259659463949, 37.473744125935127 ], [ 126.845237788453872, 37.473728686206705 ], [ 126.845109927457244, 37.473632507851654 ], [ 126.845051224152996, 37.473576393987635 ], [ 126.845033241049023, 37.473558917978039 ], [ 126.844977896044199, 37.473503659150744 ], [ 126.844955168225667, 37.473472375103789 ], [ 126.844915018551148, 37.473498223312305 ], [ 126.844872140522739, 37.473648513710181 ], [ 126.844836829793621, 37.473724781689199 ], [ 126.844820005537827, 37.473745307801671 ], [ 126.844813786098996, 37.47374613501016 ], [ 126.844742610508661, 37.473755624575787 ], [ 126.844710812873871, 37.473759804481716 ], [ 126.844700025118726, 37.47376120394695 ], [ 126.844606946025038, 37.473844981527385 ], [ 126.844568034986423, 37.473940306634276 ], [ 126.844552613840477, 37.47397808611943 ], [ 126.844490963516009, 37.473979977668506 ], [ 126.844489390876035, 37.474055153682613 ], [ 126.844447347588115, 37.474100676818985 ], [ 126.844193469875322, 37.474014999387677 ], [ 126.843959914862822, 37.474482914065476 ], [ 126.843820762346169, 37.474498562247433 ], [ 126.843664869777825, 37.474543408613236 ], [ 126.843565150691063, 37.474541107821004 ], [ 126.843535579053878, 37.474540424345967 ], [ 126.843518045429406, 37.474558979570205 ], [ 126.843357584015422, 37.47467589953218 ], [ 126.843350264661595, 37.474715308459899 ], [ 126.843263924911057, 37.474779389047164 ], [ 126.843139065492721, 37.474853734586553 ], [ 126.843112001051907, 37.474869849074381 ], [ 126.84307734281397, 37.474884996545683 ], [ 126.842952552277822, 37.474924821274634 ], [ 126.842865955568598, 37.474946108311293 ], [ 126.842848638187448, 37.474951432745904 ], [ 126.842781639175058, 37.474971615493047 ], [ 126.842696344044697, 37.474960237330741 ], [ 126.84264690392942, 37.474953974580984 ], [ 126.842503805299373, 37.474961385204288 ], [ 126.842472064951579, 37.474935718257143 ], [ 126.842397921423441, 37.474915912075218 ], [ 126.842378850564401, 37.47491109455089 ], [ 126.842342484110091, 37.47490175600511 ], [ 126.842299963497013, 37.474876361607713 ], [ 126.842193134985919, 37.474861014431383 ], [ 126.842038272625999, 37.474834336455274 ], [ 126.841964051895289, 37.474849157825297 ], [ 126.84196196348725, 37.47483169235759 ], [ 126.841867286496125, 37.47483241341417 ], [ 126.841817295262658, 37.474832913719325 ], [ 126.841742606339309, 37.474820133755784 ], [ 126.841637396390368, 37.47478790009815 ], [ 126.841525832050763, 37.47475395441429 ], [ 126.841402219954048, 37.474736619241632 ], [ 126.841289196625226, 37.474721257450128 ], [ 126.841214726041343, 37.474688780160378 ], [ 126.841158049042576, 37.474676878122956 ], [ 126.841032337838087, 37.47464798270002 ], [ 126.84093976789768, 37.474653483834267 ], [ 126.840825292735744, 37.474657556627982 ], [ 126.840786957118468, 37.474663983934626 ], [ 126.840767866685198, 37.474667336823636 ], [ 126.840625085148773, 37.474692763223779 ], [ 126.840452421978924, 37.474733076181742 ], [ 126.840420094718809, 37.474733875497826 ], [ 126.840274710659415, 37.474739870860063 ], [ 126.840108617224331, 37.474763294354993 ], [ 126.840030804566211, 37.474804578957944 ], [ 126.839985111900916, 37.474836478659753 ], [ 126.839949071339078, 37.47486162162658 ], [ 126.839948871561845, 37.4748618332303 ], [ 126.839945361093825, 37.474865562354395 ], [ 126.839825148062801, 37.474988712556502 ], [ 126.839694810818614, 37.475143686972118 ], [ 126.839666630208129, 37.475154297967457 ], [ 126.839663515430885, 37.47515546944674 ], [ 126.839567698964487, 37.475191939935243 ], [ 126.839472337043503, 37.475178295759491 ], [ 126.839446193949456, 37.475177132879026 ], [ 126.839234256395301, 37.475165575043455 ], [ 126.839122740003745, 37.475190205506067 ], [ 126.839080660271478, 37.475208731831813 ], [ 126.838904364441021, 37.475291831136744 ], [ 126.838845505567136, 37.475309476611834 ], [ 126.838777655635369, 37.475315303654561 ], [ 126.83875257661154, 37.475317235517842 ], [ 126.838667744154904, 37.475335133939758 ], [ 126.838585796733909, 37.475331087844971 ], [ 126.838560178188771, 37.475331613237941 ], [ 126.838511938343899, 37.475336617904603 ], [ 126.838445298945004, 37.475360740019887 ], [ 126.838436214582458, 37.475362722611749 ], [ 126.83842153931451, 37.475365925879693 ], [ 126.838420882533612, 37.475366789305411 ], [ 126.838419673838246, 37.475367910132299 ], [ 126.83841825175729, 37.475368861211024 ], [ 126.838358704727256, 37.47540245476447 ], [ 126.838340570102261, 37.475412684539975 ], [ 126.838338983532921, 37.475413435497245 ], [ 126.838337263162359, 37.475413969380071 ], [ 126.838335456623582, 37.475414271132188 ], [ 126.838333612577173, 37.475414337420652 ], [ 126.838331779723504, 37.475414160406011 ], [ 126.838330007718994, 37.475413752083959 ], [ 126.838328341767962, 37.475413116313057 ], [ 126.838322287658428, 37.475410304434448 ], [ 126.838309911382652, 37.475404554788163 ], [ 126.838264900446077, 37.475383640054254 ], [ 126.838263236959875, 37.475382724876297 ], [ 126.838261901432844, 37.475381683542707 ], [ 126.838260801440995, 37.475380480383073 ], [ 126.838259962708975, 37.475379147990211 ], [ 126.838259414298449, 37.475377725285156 ], [ 126.838259166085578, 37.47537624657469 ], [ 126.838259230104896, 37.475374757895338 ], [ 126.838258615318665, 37.475374449794259 ], [ 126.838150192392476, 37.475329083035746 ], [ 126.838130018272196, 37.475314989115105 ], [ 126.837987046164884, 37.475215105823089 ], [ 126.837973629581072, 37.475213958939349 ], [ 126.83789803239965, 37.475208787003787 ], [ 126.837755351862683, 37.475109755042993 ], [ 126.837698479735252, 37.475104613118162 ], [ 126.837639929441124, 37.475062290792529 ], [ 126.837519520247767, 37.475029751042293 ], [ 126.837455177965452, 37.474975319799903 ], [ 126.837391955296638, 37.474966505151343 ], [ 126.837256944109583, 37.474910846422496 ], [ 126.837204727491283, 37.474881207216548 ], [ 126.837123591526378, 37.474906997698874 ], [ 126.836946613700931, 37.47490084172032 ], [ 126.836828466638281, 37.474884338244976 ], [ 126.83673807016082, 37.474863948758227 ], [ 126.836620208477058, 37.474884903371525 ], [ 126.836479722735646, 37.474829796196097 ], [ 126.83645336414132, 37.474847782526332 ], [ 126.836179652482329, 37.47480882533339 ], [ 126.836136055090151, 37.474713877755576 ], [ 126.836108758325352, 37.474675546604971 ], [ 126.836032589683782, 37.474614624184476 ], [ 126.835946772416449, 37.474519903472768 ], [ 126.835883130709377, 37.474461246156977 ], [ 126.835830877426062, 37.474447093215247 ], [ 126.83576781315891, 37.474448693743142 ], [ 126.835725031008977, 37.474383874769337 ], [ 126.834833798366631, 37.474423449974793 ], [ 126.834640161321246, 37.474362639566181 ], [ 126.834637096569281, 37.474421182417814 ], [ 126.834613591716348, 37.474870259951537 ], [ 126.834763986702697, 37.4753133690282 ], [ 126.834841666840134, 37.475628127599272 ], [ 126.83487200673558, 37.475751061972574 ], [ 126.834495701681575, 37.476010694546211 ], [ 126.834079512279217, 37.47641528045375 ], [ 126.833996090329308, 37.476592832232186 ], [ 126.833961284843411, 37.476697166992253 ], [ 126.833932251504294, 37.476784202138703 ], [ 126.833480086263407, 37.477155779154891 ], [ 126.833327473638462, 37.47723215157243 ], [ 126.833052047071476, 37.477246400603683 ], [ 126.833051675449482, 37.477246092946885 ], [ 126.832078967942863, 37.477567840187874 ], [ 126.831769721356821, 37.477645560369687 ], [ 126.831748092506345, 37.477650995790476 ], [ 126.830801423367134, 37.477423823553728 ], [ 126.830457513719125, 37.477339136303414 ], [ 126.830379068015134, 37.477297487245963 ], [ 126.830126484244431, 37.477163380669602 ], [ 126.829961205348411, 37.477075627778881 ], [ 126.829735513549707, 37.476955798888177 ], [ 126.829721868499789, 37.476948554814911 ], [ 126.829621564790713, 37.476895298903933 ], [ 126.829553288834916, 37.476624618855183 ], [ 126.829547324902904, 37.476614144629195 ], [ 126.82953676101566, 37.476595599715282 ], [ 126.829306844802531, 37.476318731953732 ], [ 126.829237748737086, 37.476235526902499 ], [ 126.829204342078711, 37.476195297294332 ], [ 126.829164735908776, 37.476189054990392 ], [ 126.828955882336089, 37.476156137735586 ], [ 126.828448678438107, 37.476076195651558 ], [ 126.828181949635578, 37.476034154459356 ], [ 126.828122420644334, 37.476031814957985 ], [ 126.827872041986282, 37.475989207150889 ], [ 126.827471226449177, 37.476042208240671 ], [ 126.826267195868098, 37.476201410627162 ], [ 126.825421035507262, 37.476226154249389 ], [ 126.824150060941506, 37.476160335417021 ], [ 126.824151929439935, 37.476192720933327 ], [ 126.824155759732804, 37.476236332315771 ], [ 126.824108301287438, 37.476352190369603 ], [ 126.823950625869955, 37.47647245187315 ], [ 126.823941786698583, 37.476466870589711 ], [ 126.823816574482706, 37.476387781358859 ], [ 126.823774379450896, 37.476321088462193 ], [ 126.823654139611861, 37.476131040212941 ], [ 126.823523788226595, 37.476126329815827 ], [ 126.823473888581802, 37.476137768920275 ], [ 126.823415838124802, 37.476100147510458 ], [ 126.823250381784646, 37.476121124469422 ], [ 126.823236289643063, 37.476122911357855 ], [ 126.823226150236863, 37.476124196297725 ], [ 126.823176027964848, 37.476124952056786 ], [ 126.823148425551281, 37.476121567090544 ], [ 126.823179803977709, 37.475975000125374 ], [ 126.823182270421967, 37.475963484135406 ], [ 126.823180351806599, 37.475945731797054 ], [ 126.823163409757996, 37.475946003400338 ], [ 126.823161598013442, 37.475962047936733 ], [ 126.823064301105106, 37.475954016508652 ], [ 126.823011883247077, 37.47596027082524 ], [ 126.822947846887232, 37.475967913326976 ], [ 126.822842402463124, 37.475945473757712 ], [ 126.822777292291391, 37.475931617230536 ], [ 126.82270107605413, 37.475892072415746 ], [ 126.82269051170708, 37.475883050596778 ], [ 126.822633043571614, 37.475833980440605 ], [ 126.822493382222632, 37.47580476631191 ], [ 126.822366208544253, 37.475805421494833 ], [ 126.822331078281934, 37.475798063261458 ], [ 126.822249675101489, 37.475781015041491 ], [ 126.822177731772641, 37.47576454382024 ], [ 126.822107375318922, 37.475748436793197 ], [ 126.822033973055227, 37.4756379513166 ], [ 126.821983970087558, 37.475572833612361 ], [ 126.821981730686105, 37.475570341137271 ], [ 126.821949263844331, 37.475534207029568 ], [ 126.821920112799219, 37.475461795323262 ], [ 126.82192007143847, 37.475461491329639 ], [ 126.821919439185194, 37.47541718525698 ], [ 126.821916471079803, 37.475352648411018 ], [ 126.821913404258254, 37.475286019856732 ], [ 126.821901488530315, 37.475274251898298 ], [ 126.821778952334441, 37.475245909472264 ], [ 126.821745076808341, 37.47523402535883 ], [ 126.821717548614302, 37.475220469608075 ], [ 126.821704176811707, 37.475293856791914 ], [ 126.821701442282219, 37.475308859451964 ], [ 126.821689515801452, 37.47537061033956 ], [ 126.821668168727356, 37.475481127170234 ], [ 126.821682027012301, 37.475568019725458 ], [ 126.8216820889876, 37.47556842028235 ], [ 126.82170503145052, 37.475725858065275 ], [ 126.821707441471887, 37.475758524343995 ], [ 126.821719078617875, 37.475911990750525 ], [ 126.821733250654503, 37.47610708900995 ], [ 126.821733274782346, 37.476107422649328 ], [ 126.821737157184842, 37.476112701631585 ], [ 126.821778866898811, 37.476169434308304 ], [ 126.82178647556492, 37.476180501539609 ], [ 126.821779417703908, 37.47620309582188 ], [ 126.821705885100101, 37.476223534639949 ], [ 126.821594115916483, 37.476255062257387 ], [ 126.821570830944367, 37.476261630123659 ], [ 126.821525610329914, 37.47626099459621 ], [ 126.82150637411587, 37.476239803272954 ], [ 126.821495665294719, 37.476228007954283 ], [ 126.821480316281907, 37.476216443774639 ], [ 126.821416559916784, 37.476214092842262 ], [ 126.821363035013732, 37.476212038599819 ], [ 126.821265376391281, 37.47620822375054 ], [ 126.821236383509401, 37.47621127863475 ], [ 126.821226359758256, 37.476266169375513 ], [ 126.821202307621149, 37.47628302712247 ], [ 126.821150148196693, 37.476300678812045 ], [ 126.821069423316615, 37.476303384138632 ], [ 126.821008482525301, 37.476299336592589 ], [ 126.82079566834112, 37.476282406430748 ], [ 126.820619094574127, 37.476253411442087 ], [ 126.820475810698952, 37.476263048583633 ], [ 126.820338710515529, 37.476271857625477 ], [ 126.820161010828599, 37.476269045208269 ], [ 126.820061184694239, 37.476204126746154 ], [ 126.819980261626185, 37.476213858944128 ], [ 126.819916319003369, 37.476213471982632 ], [ 126.819865942866201, 37.476223261847444 ], [ 126.819833699184969, 37.476265162240949 ], [ 126.819781032848965, 37.476277191368112 ], [ 126.819575935739365, 37.47635542508899 ], [ 126.819545744222779, 37.4763483414403 ], [ 126.819515023412492, 37.476341258340952 ], [ 126.819504918267882, 37.476339752567526 ], [ 126.819479497858481, 37.476335963787612 ], [ 126.819468373956823, 37.476334306124102 ], [ 126.819423368959818, 37.476327601318502 ], [ 126.819344828343361, 37.476301577486531 ], [ 126.819307594074957, 37.476289408328888 ], [ 126.819296469873336, 37.476285166466681 ], [ 126.819143158712649, 37.476205533648688 ], [ 126.819079213546843, 37.476132508835065 ], [ 126.819064584267807, 37.476077562735021 ], [ 126.819064514277642, 37.476077299136406 ], [ 126.819055837003177, 37.475936504558426 ], [ 126.819068783987802, 37.475837941338312 ], [ 126.819071144546484, 37.475819965725805 ], [ 126.819070858226937, 37.475805153032098 ], [ 126.819070833315138, 37.475803909921801 ], [ 126.819067987954227, 37.475766125903142 ], [ 126.8190579977651, 37.475633545900145 ], [ 126.819057811203081, 37.475629427441227 ], [ 126.81905195589583, 37.47550008098542 ], [ 126.819069217101543, 37.475449416222446 ], [ 126.819137875863049, 37.47540222942434 ], [ 126.819299949029613, 37.475289854077673 ], [ 126.819422488855253, 37.475198596656718 ], [ 126.819412645225299, 37.475179494350741 ], [ 126.81938703723749, 37.475176355248763 ], [ 126.819310708865018, 37.475184121469155 ], [ 126.819310266527168, 37.475184011659749 ], [ 126.819290049088238, 37.475178955766189 ], [ 126.819283445784237, 37.475176923928515 ], [ 126.819158103978978, 37.475219239576731 ], [ 126.818951781102598, 37.475290723047692 ], [ 126.818821521511552, 37.475326560803914 ], [ 126.818807307533618, 37.475240225613334 ], [ 126.818807234330436, 37.475239817779389 ], [ 126.818595749973383, 37.475257798960342 ], [ 126.818465153876545, 37.47528123806493 ], [ 126.818399758243402, 37.475297472782124 ], [ 126.818321334077908, 37.475298754552441 ], [ 126.81832549222348, 37.475282484771192 ], [ 126.818408375565866, 37.474958191650252 ], [ 126.818416016352373, 37.474928294557259 ], [ 126.818632570360535, 37.474080733236477 ], [ 126.817918364323205, 37.473689124025448 ], [ 126.817678647329188, 37.473256618757283 ], [ 126.817668549801127, 37.473238401768796 ], [ 126.81764049708022, 37.473187789180201 ], [ 126.817191241363602, 37.473267573099037 ], [ 126.817076252004313, 37.473287993909423 ], [ 126.816958988629125, 37.47366006108993 ], [ 126.816953054039288, 37.473678891218555 ], [ 126.816951113810944, 37.473680457371607 ], [ 126.816562427413388, 37.473994197390923 ], [ 126.816497522526092, 37.473997604931164 ], [ 126.816481428400948, 37.47399845013863 ], [ 126.81623839623191, 37.474011210549122 ], [ 126.81598970094575, 37.474024267570748 ], [ 126.81588985653697, 37.474029324786571 ], [ 126.815824927586135, 37.474032636274202 ], [ 126.815473487003061, 37.474050485513928 ], [ 126.815120900263651, 37.47431983630095 ], [ 126.814880701987946, 37.474503330331544 ], [ 126.814859552889615, 37.47451948614426 ], [ 126.814816201184144, 37.474552603768402 ], [ 126.814628557354908, 37.474649437625949 ], [ 126.814655926962473, 37.474759706643866 ], [ 126.814656046932043, 37.474760192267972 ], [ 126.814665419238423, 37.474797950252423 ], [ 126.814729795108235, 37.475057307761539 ], [ 126.81496486970434, 37.475860120215657 ], [ 126.815221792822726, 37.476251064531496 ], [ 126.815295533273499, 37.476362120397866 ], [ 126.815672444667413, 37.476539543351414 ], [ 126.815761549414702, 37.476581487407415 ], [ 126.816108633658303, 37.476744868011508 ], [ 126.816100255373044, 37.476860782233928 ], [ 126.816071854655945, 37.477080142448713 ], [ 126.816411416633329, 37.47753675014183 ], [ 126.816874152467065, 37.477882557252407 ], [ 126.816887846135771, 37.477892790169925 ], [ 126.816999633293079, 37.47797633118843 ], [ 126.817060643198388, 37.478024855777427 ], [ 126.817210353665018, 37.478135183181969 ], [ 126.81732391820303, 37.47813929700267 ], [ 126.817365982387855, 37.478140404439536 ], [ 126.818256216817858, 37.478163830291223 ], [ 126.818373484160773, 37.478318876245176 ], [ 126.818779340912641, 37.47886264545555 ], [ 126.818997299925982, 37.479161997470676 ], [ 126.819367285423525, 37.479863096350762 ], [ 126.819525785586123, 37.480280331688441 ], [ 126.819542810569871, 37.48032315748079 ], [ 126.819542886231503, 37.480323544596992 ], [ 126.819584533378574, 37.480543656895861 ], [ 126.819595026507557, 37.480599104564753 ], [ 126.81959776360371, 37.480613574423778 ], [ 126.819597833790809, 37.480613941678634 ], [ 126.81957798717734, 37.480792588209361 ], [ 126.819687686369022, 37.481008547731321 ], [ 126.819720088145417, 37.481071081783632 ], [ 126.819746238372304, 37.481121550376663 ], [ 126.81975992872259, 37.481154214910404 ], [ 126.819775569429993, 37.48119057540211 ], [ 126.819787156048648, 37.481218749899185 ], [ 126.819801387100398, 37.481253407727898 ], [ 126.819814387850627, 37.481285790667954 ], [ 126.819843187896069, 37.481354266398306 ], [ 126.819867779566536, 37.481410616331409 ], [ 126.81988797652177, 37.481459923027664 ], [ 126.819899585630267, 37.481479635741557 ], [ 126.819914002542902, 37.481511768133451 ], [ 126.819935862832779, 37.481553018188798 ], [ 126.819946707325784, 37.481573485435788 ], [ 126.819966584688757, 37.481610393071037 ], [ 126.819982940090526, 37.481640549128571 ], [ 126.819986403508977, 37.481644152841703 ], [ 126.819984654521292, 37.481660543791456 ], [ 126.819984774212671, 37.481674543391279 ], [ 126.819984883655067, 37.481687302670601 ], [ 126.819984929186262, 37.48169263713875 ], [ 126.819983375166387, 37.481715719952554 ], [ 126.819981268760714, 37.481746962238105 ], [ 126.819980843555413, 37.481773162117364 ], [ 126.819977981931842, 37.48178752042147 ], [ 126.819973501759591, 37.481817354650914 ], [ 126.81996383088341, 37.481875050464545 ], [ 126.819962716863358, 37.481891390986881 ], [ 126.819938762028386, 37.481936964309703 ], [ 126.81992262525371, 37.481966789126218 ], [ 126.819897091590462, 37.482000239170347 ], [ 126.819845679929074, 37.482077043125877 ], [ 126.8197995830906, 37.482147350059826 ], [ 126.819754405343062, 37.482206470169402 ], [ 126.819738969866748, 37.482226669845417 ], [ 126.819682068439832, 37.482305140265119 ], [ 126.819648477746057, 37.482351590938627 ], [ 126.819613119690246, 37.482400477695329 ], [ 126.819583697843271, 37.482438714894649 ], [ 126.819567876546074, 37.482482615197029 ], [ 126.819562000201969, 37.4825006264346 ], [ 126.819555424230515, 37.482516960731807 ], [ 126.819553956007496, 37.482534681883202 ], [ 126.81955336860014, 37.482562286932847 ], [ 126.819550276641948, 37.482596917122116 ], [ 126.819548459764817, 37.482619159252856 ], [ 126.819543003364132, 37.48268277954989 ], [ 126.8195400170315, 37.482748663848504 ], [ 126.81953689271154, 37.48280157688702 ], [ 126.819533966262753, 37.482837909781459 ], [ 126.819529660370236, 37.482865212190703 ], [ 126.819525550466565, 37.482891107815654 ], [ 126.819516050263474, 37.48294290070362 ], [ 126.819507084016323, 37.48299892220686 ], [ 126.819502064188853, 37.483027619401426 ], [ 126.819494741323339, 37.48306282010978 ], [ 126.819487583414414, 37.483095171690643 ], [ 126.819469119999155, 37.483137670475436 ], [ 126.819449756973881, 37.483178465926706 ], [ 126.819432180467899, 37.483217577122673 ], [ 126.819415652501092, 37.483254438270421 ], [ 126.819403940092101, 37.483282008072258 ], [ 126.819390688809875, 37.48330914537199 ], [ 126.819398100830384, 37.48332073259435 ], [ 126.819407247627495, 37.483339335121741 ], [ 126.819419029396485, 37.483362724587693 ], [ 126.819430623070474, 37.483388645769587 ], [ 126.819446805900313, 37.483419639156864 ], [ 126.819462283050981, 37.483448376898302 ], [ 126.819475457357186, 37.483474867821535 ], [ 126.819482604356651, 37.483489738941863 ], [ 126.819490578387274, 37.483506332803309 ], [ 126.8194907571134, 37.48350670519001 ], [ 126.819501829774566, 37.483528969280286 ], [ 126.819520305845785, 37.483560532901571 ], [ 126.819540885574909, 37.483596604582317 ], [ 126.819558301019583, 37.483627886274853 ], [ 126.819573233702059, 37.483651940141705 ], [ 126.819566648478528, 37.48367801349665 ], [ 126.81956078299261, 37.483696313225508 ], [ 126.819549081565398, 37.483714314344653 ], [ 126.819537728530634, 37.483733435146256 ], [ 126.819530895131109, 37.483744093941603 ], [ 126.819527266178881, 37.483749754265027 ], [ 126.819524602318182, 37.483756506276691 ], [ 126.819512714180988, 37.4837903520935 ], [ 126.819512147559166, 37.483791967658959 ], [ 126.819502732728111, 37.483813632420983 ], [ 126.819496517975537, 37.483826291273225 ], [ 126.819486360710201, 37.483844138135055 ], [ 126.819471855313594, 37.483869617840959 ], [ 126.819452696490558, 37.48390421496083 ], [ 126.819430905664788, 37.483942297768785 ], [ 126.819424844253192, 37.483952887994946 ], [ 126.819400426414333, 37.483995775195481 ], [ 126.819385443994378, 37.484022088596937 ], [ 126.819342877077688, 37.484095227878143 ], [ 126.819324956474006, 37.484127852739242 ], [ 126.81931669782476, 37.484154595154784 ], [ 126.819314687676695, 37.484161100351479 ], [ 126.819313741444958, 37.484164163103465 ], [ 126.819308807801534, 37.484178855566171 ], [ 126.819307501197443, 37.48418274188063 ], [ 126.819307577804409, 37.48418314973329 ], [ 126.819308371042865, 37.484187599773726 ], [ 126.81930888341742, 37.484190468125142 ], [ 126.819310819742981, 37.484201325255 ], [ 126.819310894104291, 37.484201731292025 ], [ 126.819313467301583, 37.484229037266083 ], [ 126.819317412717595, 37.484251458605058 ], [ 126.819317489341032, 37.4842518646551 ], [ 126.819320728272217, 37.484268626838443 ], [ 126.819320806108507, 37.484269023881943 ], [ 126.819326599633797, 37.484285097728268 ], [ 126.819344713116664, 37.484313003399102 ], [ 126.819349220016846, 37.484320788205771 ], [ 126.819367061606314, 37.484351610885732 ], [ 126.81938624225279, 37.484382327706641 ], [ 126.819402780665015, 37.484411924245137 ], [ 126.819420542918238, 37.484443766790605 ], [ 126.819437268157202, 37.484471100203088 ], [ 126.819451156682106, 37.484497305003948 ], [ 126.819467700329113, 37.484519845776681 ], [ 126.819476279604402, 37.48455364723587 ], [ 126.819488103016297, 37.484594166231446 ], [ 126.819482757334256, 37.484618870351873 ], [ 126.819473909240031, 37.484657474783482 ], [ 126.819473660780517, 37.484658554975148 ], [ 126.81946668241271, 37.48469204328363 ], [ 126.819466762528592, 37.484692438537444 ], [ 126.819472435245373, 37.484720216641513 ], [ 126.819472520902053, 37.484720624546178 ], [ 126.819484663797127, 37.484777674380652 ], [ 126.819484751732361, 37.484778080495715 ], [ 126.819491473068396, 37.484808094584338 ], [ 126.819491556479534, 37.484808500673338 ], [ 126.819482092953024, 37.48485522094122 ], [ 126.819468520602584, 37.484913485496058 ], [ 126.819466699082739, 37.484916278209461 ], [ 126.819463487380631, 37.484921197317348 ], [ 126.819447591711736, 37.48494554682285 ], [ 126.81941319852983, 37.485001508357179 ], [ 126.819400906275362, 37.485034737104414 ], [ 126.819386867015254, 37.485075260344836 ], [ 126.81936514238906, 37.485142783481415 ], [ 126.819362296497005, 37.485150392526279 ], [ 126.819361737004101, 37.485161942836527 ], [ 126.819352806008595, 37.485203312126224 ], [ 126.819342050571962, 37.485269735707625 ], [ 126.819334355987152, 37.485309718627825 ], [ 126.819325218130004, 37.485361791181802 ], [ 126.819319815497963, 37.485393383096977 ], [ 126.819309128617022, 37.485423322132178 ], [ 126.819306677461896, 37.485430183524514 ], [ 126.819290058038064, 37.485474942661448 ], [ 126.819299224896639, 37.485482134187841 ], [ 126.81931666875019, 37.485501593935368 ], [ 126.819317547981271, 37.485502177669204 ], [ 126.819323553408267, 37.485503508413885 ], [ 126.819326996389094, 37.485504269161964 ], [ 126.819370022811881, 37.485519212694655 ], [ 126.819417363274795, 37.485535655675761 ], [ 126.81947587907726, 37.485555595359664 ], [ 126.819477916689024, 37.485556290321632 ], [ 126.819508281514601, 37.485567618556338 ], [ 126.819513916724205, 37.485569861130095 ], [ 126.819614533527613, 37.485603532870947 ], [ 126.819711263347202, 37.48564001239037 ], [ 126.819764212793388, 37.485659238457174 ], [ 126.819785135815707, 37.485665257373597 ], [ 126.819745003082758, 37.48572473367382 ], [ 126.819744269293452, 37.485726072463521 ], [ 126.819743815318915, 37.485727488577986 ], [ 126.81974365507503, 37.485728944240492 ], [ 126.819743794560367, 37.485730401628814 ], [ 126.819744223938685, 37.485731822829514 ], [ 126.819744937914308, 37.48573316815262 ], [ 126.819745915291492, 37.48573440502738 ], [ 126.819747130350137, 37.485735500857039 ], [ 126.819748550567653, 37.485736424808316 ], [ 126.819750141093792, 37.485737153245431 ], [ 126.819928094570102, 37.485804030535874 ], [ 126.819929853243693, 37.485804552627492 ], [ 126.81993169551022, 37.485804837243265 ], [ 126.819933572816026, 37.485804875090196 ], [ 126.819935432017843, 37.485804664059692 ], [ 126.819937223283929, 37.485804211075688 ], [ 126.819938894471292, 37.485803528457012 ], [ 126.819940400158018, 37.485802635771925 ], [ 126.819941700544803, 37.485801556226505 ], [ 126.819942758045315, 37.48580031844768 ], [ 126.819964086718187, 37.485770327041031 ], [ 126.819980821664288, 37.485777675647036 ], [ 126.819986801821216, 37.48578030055441 ], [ 126.819988427589422, 37.485780884974801 ], [ 126.819990148032161, 37.485781257220992 ], [ 126.819991920234713, 37.485781409835127 ], [ 126.819993701249658, 37.485781338964614 ], [ 126.819995445818464, 37.485781046151651 ], [ 126.819997113174125, 37.485780536569706 ], [ 126.819998655665302, 37.485779826168859 ], [ 126.820000041475453, 37.485778930990321 ], [ 126.82000123193626, 37.485777874246679 ], [ 126.820002199673709, 37.485776681018272 ], [ 126.820006902490178, 37.485769731620131 ], [ 126.820008117800015, 37.485770301058864 ], [ 126.820058451090517, 37.48578953356872 ], [ 126.820058996658418, 37.485789742216909 ], [ 126.820060724728805, 37.485790271341273 ], [ 126.820062537473731, 37.48579056840402 ], [ 126.820064387470595, 37.485790624118749 ], [ 126.820066224961153, 37.485790437297737 ], [ 126.820067998990709, 37.485790013957178 ], [ 126.820069659694866, 37.485789364626342 ], [ 126.820070050435888, 37.485789183900621 ], [ 126.820115362711235, 37.485767731096047 ], [ 126.820123293254724, 37.48577044293414 ], [ 126.82017492011272, 37.485787229357825 ], [ 126.820134112743659, 37.485806346566463 ], [ 126.820182717870566, 37.485868255316916 ], [ 126.820201520552914, 37.485892204275999 ], [ 126.820241579331665, 37.485874815136285 ], [ 126.820328378600053, 37.485837135044626 ], [ 126.820352955438494, 37.485845127209835 ], [ 126.820459751247199, 37.485881034880585 ], [ 126.820521707547726, 37.485901698694157 ], [ 126.820540424873528, 37.485908483559641 ], [ 126.82062181576535, 37.485937047675648 ], [ 126.820636272984643, 37.485942121598193 ], [ 126.820641920803212, 37.485944102798626 ], [ 126.82074412420647, 37.485980299278189 ], [ 126.820856734494456, 37.48602018794351 ], [ 126.820969930899849, 37.486060692789941 ], [ 126.820974471201808, 37.486062317884333 ], [ 126.820991067777314, 37.486067976418155 ], [ 126.821012775821799, 37.486075515703831 ], [ 126.82109203297847, 37.486103044198728 ], [ 126.82118594422073, 37.486136405664375 ], [ 126.821206594351665, 37.48614460944205 ], [ 126.821292027455769, 37.486177401130043 ], [ 126.821294376384117, 37.486179571560093 ], [ 126.821328345023431, 37.486210956189616 ], [ 126.821377511526592, 37.48626058584891 ], [ 126.821438311530812, 37.486320361226767 ], [ 126.821510221844136, 37.486390856165841 ], [ 126.821568384767517, 37.486447825745131 ], [ 126.821620200201409, 37.486501135412219 ], [ 126.821636787074723, 37.486515513480875 ], [ 126.821722401437867, 37.486539584415034 ], [ 126.821877233681732, 37.486583455118513 ], [ 126.821993065313265, 37.486614886679519 ], [ 126.822137832898292, 37.486654524218025 ], [ 126.822243765671914, 37.486683391174829 ], [ 126.822344399273277, 37.486710872007464 ], [ 126.822390660707654, 37.486723330844278 ], [ 126.822406124375874, 37.486757140924297 ], [ 126.822420004467048, 37.486787570862667 ], [ 126.822436185272494, 37.486820256558573 ], [ 126.822454465041474, 37.486860253439694 ], [ 126.822472923049787, 37.486900555997032 ], [ 126.822482947429805, 37.486921688901596 ], [ 126.822500410965134, 37.486932960408794 ], [ 126.822518573910841, 37.4869459448879 ], [ 126.822543959180848, 37.486964560965347 ], [ 126.822569002950829, 37.486984043982652 ], [ 126.822791905531318, 37.487155010468264 ], [ 126.822911126648449, 37.48724529181478 ], [ 126.822957502093416, 37.487280257846542 ], [ 126.822997008302366, 37.48730932029941 ], [ 126.823105102566132, 37.48739537704585 ], [ 126.82319956426791, 37.487469934563613 ], [ 126.82322519210922, 37.487490162600295 ], [ 126.823322553054922, 37.487558712891733 ], [ 126.823413386994019, 37.487623054265633 ], [ 126.823419219228157, 37.487627059925146 ], [ 126.823586861001985, 37.487742240114642 ], [ 126.823560812489646, 37.487774915510528 ], [ 126.823556236919742, 37.487771538986323 ], [ 126.823506325795023, 37.487734847586097 ], [ 126.823382639807392, 37.487838436526317 ], [ 126.823249821716189, 37.487797710723292 ], [ 126.823249358067812, 37.487797571963206 ], [ 126.823247652632105, 37.487797159289485 ], [ 126.823245884052454, 37.487796975197455 ], [ 126.823244121398318, 37.487797011970599 ], [ 126.823242381668408, 37.487797266100891 ], [ 126.823240715786028, 37.48779773517596 ], [ 126.823239160067857, 37.487798405883609 ], [ 126.82323775541181, 37.487799258628357 ], [ 126.823236535896868, 37.487800277381083 ], [ 126.823235528921117, 37.487801434356804 ], [ 126.823234750344156, 37.487802726942398 ], [ 126.823199110924037, 37.48787549533936 ], [ 126.823198564716051, 37.487876984849272 ], [ 126.823198341543502, 37.487878526685485 ], [ 126.823198456500833, 37.487880077669594 ], [ 126.823198906658334, 37.487881586407731 ], [ 126.823199670866899, 37.48788301492197 ], [ 126.823200731460162, 37.487884315339421 ], [ 126.823202058223984, 37.487885451432909 ], [ 126.823203611855007, 37.487886391429939 ], [ 126.823205338345602, 37.487887103473803 ], [ 126.823267889745537, 37.487907645773795 ], [ 126.823246086777658, 37.487952798497737 ], [ 126.823120818074131, 37.488057712993054 ], [ 126.8230106554755, 37.48814997330647 ], [ 126.823010872263552, 37.488150267488159 ], [ 126.823037603276418, 37.488186901985323 ], [ 126.823037644200539, 37.488187255549811 ], [ 126.823038639566448, 37.488251561902366 ], [ 126.823078319581683, 37.488264431631535 ], [ 126.823079008743562, 37.488264650102082 ], [ 126.82308060693957, 37.488265290205838 ], [ 126.823082059746355, 37.488266122365843 ], [ 126.823083327762731, 37.488267125625264 ], [ 126.823084381807959, 37.488268274579021 ], [ 126.823085193816297, 37.488269545631205 ], [ 126.823085744900652, 37.488270900816772 ], [ 126.823086021764468, 37.48827230941361 ], [ 126.82308601455324, 37.488273735311139 ], [ 126.823085724739627, 37.488275140661024 ], [ 126.823085161673248, 37.488276492166861 ], [ 126.823084907415563, 37.48827696572252 ], [ 126.823040279879251, 37.488361346960048 ], [ 126.823040569256278, 37.488380671801913 ], [ 126.823043981332759, 37.488583921884107 ], [ 126.823046953989675, 37.488744238950943 ], [ 126.823047423621887, 37.488788337580509 ], [ 126.823047813021162, 37.488824781469582 ], [ 126.823047644423625, 37.488867905685417 ], [ 126.823047260833718, 37.488966063412811 ], [ 126.823046916877431, 37.489053687266349 ], [ 126.82304703030681, 37.489232140261748 ], [ 126.823047067676285, 37.489291046522872 ], [ 126.823005563005154, 37.489355458148069 ], [ 126.822911036165252, 37.489511568665165 ], [ 126.822908052758891, 37.489516387318702 ], [ 126.822893279184825, 37.489540251562765 ], [ 126.822878669774852, 37.489563848142915 ], [ 126.822834052844257, 37.489635915073158 ], [ 126.82281797741831, 37.489715016596115 ], [ 126.822804702932629, 37.489779061767365 ], [ 126.82277953289227, 37.489900500821079 ], [ 126.822762394413999, 37.48997931051013 ], [ 126.82273992619416, 37.489984909797123 ], [ 126.822719198916985, 37.489990627222788 ], [ 126.822570395130896, 37.490031676983321 ], [ 126.822548480859865, 37.49003781030634 ], [ 126.822520359957053, 37.49004568099145 ], [ 126.822321293004578, 37.490098017343243 ], [ 126.822090058473478, 37.490159610434169 ], [ 126.82195055272966, 37.490200238653479 ], [ 126.821632686619836, 37.490287037438108 ], [ 126.821512973943143, 37.490329652701284 ], [ 126.821467877694005, 37.490347469401712 ], [ 126.821465404007043, 37.490348446680663 ], [ 126.821367231075527, 37.490391942643726 ], [ 126.821333753185101, 37.49042175632222 ], [ 126.821275704788505, 37.490473450652793 ], [ 126.821211702570622, 37.490502304747814 ], [ 126.821199944575255, 37.490507605638733 ], [ 126.821148606703105, 37.490530748492887 ], [ 126.821023659501364, 37.490587095011932 ], [ 126.820945728743979, 37.490578844091452 ], [ 126.820932286187301, 37.49057741930234 ], [ 126.820935941790395, 37.490581585630835 ], [ 126.820993652994673, 37.490647524019892 ], [ 126.820988396646683, 37.490650742279335 ], [ 126.820962973862777, 37.490666290488406 ], [ 126.820879346368812, 37.490597444970376 ], [ 126.820793686739492, 37.490526925617424 ], [ 126.820785373065419, 37.490533112468086 ], [ 126.82077794260266, 37.490538451717548 ], [ 126.820778075016051, 37.490538819328911 ], [ 126.820810212311102, 37.490595499908203 ], [ 126.820824674294101, 37.490612765515628 ], [ 126.82083902101806, 37.49062989345321 ], [ 126.820899712648412, 37.490702351371475 ], [ 126.820912101285288, 37.490717109207267 ], [ 126.82097580392913, 37.490792979785233 ], [ 126.820866495805873, 37.49078200664708 ], [ 126.820847849262208, 37.490780135507713 ], [ 126.820707132807925, 37.490765890922368 ], [ 126.820426719447624, 37.49073750626286 ], [ 126.820339487551692, 37.490728677752777 ], [ 126.820209587188643, 37.490748190925167 ], [ 126.820152498006308, 37.490762084831516 ], [ 126.820151918692034, 37.490762225713958 ], [ 126.820045181792011, 37.490788203996239 ], [ 126.819938151249502, 37.490841820433694 ], [ 126.819820341510692, 37.490901042409696 ], [ 126.819799111700902, 37.490911977955683 ], [ 126.819618151180023, 37.491005192017219 ], [ 126.819527393079042, 37.49105235618029 ], [ 126.819411152666248, 37.49112256163729 ], [ 126.819398667094561, 37.491133845833097 ], [ 126.819392662115874, 37.491139272525515 ], [ 126.81937413960739, 37.491156013872633 ], [ 126.819325789916945, 37.491202403672681 ], [ 126.819319810354429, 37.491191690910135 ], [ 126.819248309985412, 37.491314061901257 ], [ 126.819078215408993, 37.491375730950487 ], [ 126.819071890866084, 37.491385825685541 ], [ 126.819070885681896, 37.4913871466809 ], [ 126.819069640037682, 37.491388289625405 ], [ 126.819068172064448, 37.491389251018148 ], [ 126.819066520466393, 37.491390004041662 ], [ 126.81906473522632, 37.49139052554888 ], [ 126.819062866261675, 37.491390799603238 ], [ 126.819060965637576, 37.491390822899419 ], [ 126.819059087697809, 37.491390590342533 ], [ 126.819057259589712, 37.491390102089078 ], [ 126.819055631216656, 37.491389542878764 ], [ 126.819055122289939, 37.491389779704761 ], [ 126.819053599392163, 37.491390311737462 ], [ 126.819051994443001, 37.491390661224287 ], [ 126.819050343753418, 37.491390815755508 ], [ 126.819048681224871, 37.49139077913199 ], [ 126.819047043102927, 37.491390546154562 ], [ 126.81904546551857, 37.491390124242265 ], [ 126.819041845347897, 37.491388915394026 ], [ 126.818996067807035, 37.491405510391289 ], [ 126.818897999219715, 37.491441067584844 ], [ 126.818574032147737, 37.491558821282183 ], [ 126.817892434945591, 37.491535342875238 ], [ 126.817889268571307, 37.491535234457729 ], [ 126.817432296955786, 37.491783424871116 ], [ 126.817405875168589, 37.491797623521776 ], [ 126.81704414577483, 37.491992022027709 ], [ 126.816908459357961, 37.492063610619937 ], [ 126.816667136604366, 37.492194715397837 ], [ 126.816504481252423, 37.492282828825111 ], [ 126.816490087929864, 37.492290626061326 ], [ 126.816439615230991, 37.492317966744615 ], [ 126.816282163612115, 37.492401909675849 ], [ 126.816170702347961, 37.492462272477155 ], [ 126.816058186056509, 37.492523192408257 ], [ 126.81597166441135, 37.49257176461532 ], [ 126.815872588416426, 37.492625669457745 ], [ 126.815846041803269, 37.492664648776042 ], [ 126.81574367434888, 37.492814955564086 ], [ 126.815521205735124, 37.493151077581267 ], [ 126.815518971331514, 37.493154450108911 ], [ 126.815488291776575, 37.49320113628167 ], [ 126.815479781419754, 37.493200904896604 ], [ 126.815478376783986, 37.493200867012966 ], [ 126.815444646361996, 37.493199950479116 ], [ 126.815433520451236, 37.493199365026371 ], [ 126.815430228908568, 37.493199329728164 ], [ 126.815420256919367, 37.493186838707764 ], [ 126.815419176841999, 37.4931856967467 ], [ 126.815417886108818, 37.493184705893192 ], [ 126.815416371071819, 37.493183874180296 ], [ 126.815414798526376, 37.493183270175876 ], [ 126.815413080529581, 37.493182861823058 ], [ 126.815411303950725, 37.493182674863036 ], [ 126.815409577398142, 37.493182708122518 ], [ 126.815407880609499, 37.493182950667844 ], [ 126.815406247585599, 37.493183395485282 ], [ 126.815404719147097, 37.493184031995142 ], [ 126.815375193476967, 37.493198732276944 ], [ 126.815160377017051, 37.493196402831465 ], [ 126.815109536436367, 37.493196024266219 ], [ 126.814874574382358, 37.493194273347207 ], [ 126.814833517164729, 37.493140095688297 ], [ 126.814832442033406, 37.493138908683029 ], [ 126.814831141515384, 37.493137875402901 ], [ 126.814829647028063, 37.493137023971954 ], [ 126.814827999095655, 37.493136376257681 ], [ 126.814826242816594, 37.493135948745937 ], [ 126.814824421067996, 37.49313575340296 ], [ 126.814822796386977, 37.493135780033903 ], [ 126.814821193780688, 37.493135990668449 ], [ 126.814819643823498, 37.493136381878472 ], [ 126.814818181655539, 37.493136945755701 ], [ 126.814696312254938, 37.493192945535014 ], [ 126.814679972824564, 37.493192823707602 ], [ 126.814664073974583, 37.493192519656986 ], [ 126.814574854981316, 37.493192936736513 ], [ 126.81455630763493, 37.493234007334763 ], [ 126.814436412187504, 37.493499491320996 ], [ 126.814391379635907, 37.493552764804804 ], [ 126.814390432806803, 37.493554124856161 ], [ 126.814389792667299, 37.493555594849525 ], [ 126.81438948225275, 37.493557129851048 ], [ 126.814389504229283, 37.493558685710028 ], [ 126.814389863566475, 37.493560213782338 ], [ 126.814390547077579, 37.493561671628015 ], [ 126.814391532559355, 37.493563013149242 ], [ 126.814401589924827, 37.493574318573081 ], [ 126.814392397455606, 37.493593880419084 ], [ 126.814334889325309, 37.493720435202412 ], [ 126.814311650641486, 37.493731916928127 ], [ 126.814310176648277, 37.493732782682784 ], [ 126.81430889898698, 37.493733827143117 ], [ 126.814307849585887, 37.493735022552549 ], [ 126.814307054758601, 37.493736336615214 ], [ 126.81430653631061, 37.493737735206345 ], [ 126.814306308145547, 37.493739182352641 ], [ 126.814306377396662, 37.493740640238741 ], [ 126.814306739893482, 37.493742070082384 ], [ 126.814307386924611, 37.493743434877601 ], [ 126.814308301860223, 37.493744697572509 ], [ 126.814318511012829, 37.493756477093285 ], [ 126.814317602477985, 37.493758473719879 ], [ 126.814327023916718, 37.493947977904661 ], [ 126.81433250572988, 37.49401753450735 ], [ 126.814349066200293, 37.494284034734207 ], [ 126.814352540354207, 37.49433995215918 ], [ 126.814352690918824, 37.494424700724757 ], [ 126.814238608949978, 37.494540812114614 ], [ 126.814220539752924, 37.494558235787089 ], [ 126.814069091104074, 37.49471257088355 ], [ 126.814009753874785, 37.494773035947361 ], [ 126.813953771413651, 37.494830084514611 ], [ 126.813867378277152, 37.494897801478309 ], [ 126.813854787979523, 37.494917775288641 ], [ 126.813717595132687, 37.495158015709244 ], [ 126.813565689432068, 37.495425812179981 ], [ 126.813368698353557, 37.495769851211151 ], [ 126.813320596694908, 37.495853405311628 ], [ 126.813199736711269, 37.49606860496305 ], [ 126.813012318767946, 37.496400260371992 ], [ 126.813012488549049, 37.496400497513115 ], [ 126.813145953382246, 37.496587431271919 ], [ 126.813247360964169, 37.496733446499178 ], [ 126.813645383802154, 37.497044356816055 ], [ 126.813936716929589, 37.497268104880561 ], [ 126.814036520315014, 37.497351317546972 ], [ 126.814036571217144, 37.49735168919883 ], [ 126.814071228695894, 37.497603940399173 ], [ 126.814102866028179, 37.497832423468346 ], [ 126.814105297268426, 37.497849976956687 ], [ 126.814113227627487, 37.497907245213916 ], [ 126.814139556042491, 37.498126077328422 ], [ 126.814139618117878, 37.498126464368035 ], [ 126.814196892923093, 37.498186525756481 ], [ 126.814282918243634, 37.498268040294796 ], [ 126.814457923578829, 37.498142708390873 ], [ 126.814618714433465, 37.498027555622635 ], [ 126.814642457486727, 37.498002249164209 ], [ 126.815141960775321, 37.498009514948969 ], [ 126.815275547447527, 37.497932861565488 ], [ 126.81532580928922, 37.497902810741799 ], [ 126.815743760969042, 37.497661046752093 ], [ 126.815772254709628, 37.497644197909445 ], [ 126.815939816492246, 37.497644024523979 ], [ 126.816096662586929, 37.497643860971628 ], [ 126.816222032108641, 37.497679249949016 ], [ 126.816307748508478, 37.497708093541007 ], [ 126.816514577479126, 37.49777769117815 ], [ 126.816582705407413, 37.497807081776827 ], [ 126.816700509081187, 37.49789849136225 ], [ 126.816890343437152, 37.498017891491635 ], [ 126.816995759087462, 37.49804705941505 ], [ 126.817095866489012, 37.498077624296528 ], [ 126.817212713321695, 37.498113709272758 ], [ 126.817250721053213, 37.498125447305959 ], [ 126.817582660676891, 37.498227326888369 ], [ 126.817725930865393, 37.498383251590646 ], [ 126.81792558612095, 37.498604575576067 ], [ 126.818028837549036, 37.498723569458278 ], [ 126.818100824926134, 37.49877657160021 ], [ 126.818208569086821, 37.498855897600123 ], [ 126.818766868259146, 37.498771006177222 ], [ 126.818912444842297, 37.498748868390742 ], [ 126.819338158605433, 37.499019825353031 ], [ 126.819450008395989, 37.499091222169497 ], [ 126.819552865037267, 37.499159810748786 ], [ 126.819630157979049, 37.499204782648803 ], [ 126.819639938620412, 37.499210472419534 ], [ 126.819629845587599, 37.499224000339353 ], [ 126.819609443137992, 37.499257197631309 ], [ 126.819594810183048, 37.499312360704792 ], [ 126.819517625595793, 37.499593524926397 ], [ 126.819514171028786, 37.499606435794767 ], [ 126.819466806642538, 37.499783493654384 ], [ 126.819442493505633, 37.499969575211416 ], [ 126.819402679203719, 37.500283736714856 ], [ 126.819388593894544, 37.500412386366321 ], [ 126.819381220953744, 37.500463615376241 ], [ 126.819404053304609, 37.500663563596142 ], [ 126.819415261184176, 37.500788609353016 ], [ 126.819415318739161, 37.500788999067808 ], [ 126.819429610661317, 37.500798878182174 ], [ 126.819713696953656, 37.501109861465764 ], [ 126.819788281829148, 37.501192060536432 ], [ 126.819907379353751, 37.50132331853078 ], [ 126.820000409639661, 37.501434392045319 ], [ 126.820064478738871, 37.501465745649512 ], [ 126.82037931013889, 37.501635445540288 ], [ 126.820612410373414, 37.501767574090501 ], [ 126.820753118756514, 37.501823821702303 ], [ 126.82087174637752, 37.501872981978181 ], [ 126.821176690580856, 37.501965250131271 ], [ 126.821341241422729, 37.50202068763835 ], [ 126.821544327761245, 37.502149388939422 ], [ 126.82156435706851, 37.502156423639583 ], [ 126.821555578969509, 37.502361582633199 ], [ 126.821551735074735, 37.502417042240872 ], [ 126.821543640868228, 37.502623132641233 ], [ 126.821546784460949, 37.502708453535462 ], [ 126.821554428566799, 37.50284079394784 ], [ 126.821563486196197, 37.502901696990762 ], [ 126.821563543146297, 37.502902029915901 ], [ 126.821590696593972, 37.503001748955143 ], [ 126.821651966768641, 37.503243137955913 ], [ 126.821812724436526, 37.503557037568704 ], [ 126.82187466403893, 37.503666378056018 ], [ 126.821976168575603, 37.50389554209 ], [ 126.821972840621754, 37.504105647401452 ], [ 126.821913958795434, 37.504272241140683 ], [ 126.821878381999142, 37.504365945807621 ], [ 126.821827117119923, 37.50452156873142 ], [ 126.821826908872112, 37.50453733574362 ], [ 126.821826988573591, 37.504537655278938 ], [ 126.821895256224934, 37.504734379143919 ], [ 126.821957236316152, 37.50490228408146 ], [ 126.82196845877786, 37.504939178539054 ], [ 126.822020063543945, 37.505080884750498 ], [ 126.822155720456394, 37.505181326404056 ], [ 126.822378867841834, 37.505347791626988 ], [ 126.822389219903854, 37.505375115930143 ], [ 126.822465097256881, 37.505569224120002 ], [ 126.822514944871386, 37.505637722348226 ], [ 126.82255039572604, 37.505684892282055 ], [ 126.822536733762519, 37.505734487288947 ], [ 126.822517193873239, 37.505955624028019 ], [ 126.822513474685181, 37.505997713735617 ], [ 126.822493020538658, 37.506057094484639 ], [ 126.82249233460098, 37.506073402268221 ], [ 126.822491136128576, 37.506101853694865 ], [ 126.822383135060079, 37.50611351957015 ], [ 126.822361843121229, 37.506225264781669 ], [ 126.822347487900672, 37.506323990133872 ], [ 126.822318905184744, 37.506520565449108 ], [ 126.822296722688705, 37.506707767385848 ], [ 126.822247042444843, 37.507083858701272 ], [ 126.82222393208238, 37.507288799239419 ], [ 126.822218650844064, 37.507430419547404 ], [ 126.822215108914662, 37.507653969840526 ], [ 126.822215193805164, 37.50765434168342 ], [ 126.822222803471774, 37.507686924048507 ], [ 126.822222890348044, 37.507687326548655 ], [ 126.822553116260536, 37.5077123243328 ], [ 126.822575375998184, 37.507719368949466 ], [ 126.822604183930324, 37.507728484558569 ], [ 126.822638939825765, 37.507739483838073 ], [ 126.822722463499403, 37.50777049507851 ], [ 126.82282990951451, 37.507810386493908 ], [ 126.822865821103406, 37.507823719615544 ], [ 126.823114912524971, 37.507933341641774 ], [ 126.823591915692688, 37.508137911458284 ], [ 126.824189222964847, 37.50821990825073 ], [ 126.824457386478457, 37.508258044218842 ], [ 126.824537850352868, 37.50828095518289 ], [ 126.824550810692216, 37.508284647311285 ], [ 126.824646627680309, 37.508308648295987 ], [ 126.824694353325796, 37.508320601745076 ], [ 126.824080376065623, 37.508875664891747 ], [ 126.823904050490967, 37.509095278922032 ], [ 126.824183437036965, 37.509678516399859 ], [ 126.82428402475152, 37.510020450696196 ], [ 126.824344568408051, 37.510226257683676 ], [ 126.824286289227246, 37.510277832970765 ], [ 126.824127168615661, 37.510418636223058 ], [ 126.824064058275127, 37.510482191520339 ], [ 126.824060085577727, 37.510480816762858 ], [ 126.824054297696307, 37.510492019853267 ], [ 126.824039707014805, 37.510520267545672 ], [ 126.823963966651675, 37.510666892710695 ], [ 126.823856626054862, 37.510874688129 ], [ 126.823856701677798, 37.510875085155305 ], [ 126.824146995500158, 37.512440047237121 ], [ 126.824147073405257, 37.512440442473491 ], [ 126.824408023790724, 37.513176262060867 ], [ 126.824408125302227, 37.51317654927027 ], [ 126.824325624615369, 37.513548426120167 ], [ 126.824322694314773, 37.513561061582294 ], [ 126.824299162109568, 37.513667708784531 ], [ 126.824261128568068, 37.514368273170945 ], [ 126.82425573877947, 37.514467565488133 ], [ 126.823795941846257, 37.514663679429681 ], [ 126.823476208387831, 37.514898394644518 ], [ 126.823401312380128, 37.514953376895662 ], [ 126.823200577594633, 37.515810331658912 ], [ 126.82319316990791, 37.515841955363236 ], [ 126.823149891194006, 37.51602671260126 ], [ 126.823144999769752, 37.516047595839112 ], [ 126.823143227331485, 37.516055157003301 ], [ 126.823132983107513, 37.516098892982868 ], [ 126.82312941345441, 37.516114126935854 ], [ 126.823104613819282, 37.516219997731248 ], [ 126.823719466085421, 37.516909548294493 ], [ 126.823811153827862, 37.517012372613372 ], [ 126.823820662853464, 37.517022244532555 ], [ 126.823864202277875, 37.517067582807208 ], [ 126.824160762307443, 37.51737639634451 ], [ 126.824496115906939, 37.517715330515614 ], [ 126.824591846792899, 37.518045751389934 ], [ 126.825135577246755, 37.519066652117367 ], [ 126.825138746974503, 37.519072298242705 ], [ 126.825415397513041, 37.519653284650602 ], [ 126.825498770426861, 37.51982910352978 ], [ 126.825520987158754, 37.519876051796722 ], [ 126.825543901271828, 37.51992447864594 ], [ 126.825564952008222, 37.519968964975391 ], [ 126.825593674183608, 37.520029659869529 ], [ 126.825596887998515, 37.520036450944815 ], [ 126.825613965373108, 37.520072542862373 ], [ 126.825617309407562, 37.520079702430351 ], [ 126.82561890247247, 37.520302025233356 ], [ 126.825611604878418, 37.520399430020689 ], [ 126.825611693068339, 37.520399690112271 ], [ 126.825631789459848, 37.520458947664615 ], [ 126.825629020110924, 37.520661024720717 ], [ 126.825647796425557, 37.520934607885607 ], [ 126.825648961071025, 37.520951561665356 ], [ 126.82565431952014, 37.521029630899918 ], [ 126.825541793782534, 37.521450957622186 ], [ 126.825541864914058, 37.52145135281841 ], [ 126.825572720152124, 37.521647265554989 ], [ 126.825589173341115, 37.52175173369757 ], [ 126.825589242209958, 37.521752128880848 ], [ 126.825529420882759, 37.521752346101245 ], [ 126.825480432109003, 37.521752526011099 ], [ 126.82555950035794, 37.521964046001521 ], [ 126.82559115664931, 37.522048740676141 ], [ 126.825654987867651, 37.522219499400521 ], [ 126.825660653774989, 37.522234750094263 ], [ 126.825658333114006, 37.522237599521887 ], [ 126.825598571002999, 37.522311028121486 ], [ 126.825581263117172, 37.522332296618778 ], [ 126.825421195841827, 37.522528871180434 ], [ 126.825408900338815, 37.522543442430049 ], [ 126.825389636363553, 37.522566269871341 ], [ 126.825217336623254, 37.522779719593153 ], [ 126.825207817539706, 37.522792098384151 ], [ 126.825195708299105, 37.52280784242577 ], [ 126.825193753459487, 37.522811786366482 ], [ 126.825192685257122, 37.522814037235648 ], [ 126.825137268366561, 37.523005127000211 ], [ 126.825137392948122, 37.523005367470354 ], [ 126.825162775502719, 37.523054720639237 ], [ 126.825177489091942, 37.523070100567942 ], [ 126.825187372908687, 37.5230804305939 ], [ 126.82524960198846, 37.523145470397161 ], [ 126.825450364555309, 37.523355298860764 ], [ 126.82549648465789, 37.523359870708774 ], [ 126.825533268527025, 37.52339899733331 ], [ 126.825569662394003, 37.52343770349421 ], [ 126.825692390868142, 37.523568237881257 ], [ 126.825723930013083, 37.523601784007141 ], [ 126.82582071954748, 37.523707804957319 ], [ 126.82587019388491, 37.523792904101654 ], [ 126.825914204681268, 37.523868428580933 ], [ 126.825941842334601, 37.523915771827724 ], [ 126.82603285159027, 37.524091644628477 ], [ 126.826034590220161, 37.524095002152059 ], [ 126.826088239132957, 37.52419867654266 ], [ 126.826126374877504, 37.524295309403364 ], [ 126.826126721031471, 37.524295828751505 ], [ 126.826135977902993, 37.524309586546728 ], [ 126.826312036780308, 37.524571236106212 ], [ 126.826478969831925, 37.524762377789372 ], [ 126.826479036558155, 37.524762760340884 ], [ 126.826499644429404, 37.524888060492309 ], [ 126.826506860824267, 37.524931921513534 ], [ 126.826506935358864, 37.524932316728425 ], [ 126.826676324396331, 37.525068809065388 ], [ 126.826711091045567, 37.525096821029265 ], [ 126.826749876715084, 37.525128073701531 ], [ 126.827190870272744, 37.525244648651544 ], [ 126.827308980319359, 37.525275869899417 ], [ 126.827959034074908, 37.525688194472281 ], [ 126.828101473296627, 37.525796551804305 ], [ 126.828148820503571, 37.52583256857104 ], [ 126.828146428442082, 37.526116951432009 ], [ 126.828146466239673, 37.526117279737157 ], [ 126.828258641462696, 37.526299903306153 ], [ 126.828359323589297, 37.526336208920753 ], [ 126.828711773307532, 37.526463298080714 ], [ 126.828837171085496, 37.526508513874731 ], [ 126.828837327189646, 37.526515469551505 ], [ 126.828817655396392, 37.526524446931681 ], [ 126.828793271061997, 37.526535573375568 ], [ 126.828427687010276, 37.526702385726388 ], [ 126.828344526478176, 37.526887527071835 ], [ 126.828326724388774, 37.526944946148191 ], [ 126.828317369224237, 37.526974002824701 ], [ 126.828301086068279, 37.527024585710592 ], [ 126.828094838634229, 37.527615559160829 ], [ 126.828073952201521, 37.527666034697553 ], [ 126.827954769864817, 37.527954072167553 ], [ 126.827939101969903, 37.52800275665404 ], [ 126.827874977147303, 37.528364475106805 ], [ 126.827875071756054, 37.528364778497561 ], [ 126.828174232772923, 37.528951371466 ], [ 126.828213800788163, 37.529028939260719 ], [ 126.828136555420883, 37.529069318184966 ], [ 126.828073241707713, 37.529102542121969 ], [ 126.827912597120914, 37.529186835844541 ], [ 126.827585950992884, 37.529358233167372 ], [ 126.827574103016516, 37.529363845989053 ], [ 126.827106296845088, 37.52968329451636 ], [ 126.827069678790792, 37.529708299214533 ], [ 126.827064714876755, 37.529708292561281 ], [ 126.827040640042512, 37.52970825632503 ], [ 126.826895204099287, 37.529708042192638 ], [ 126.826544465623641, 37.529796496237815 ], [ 126.82637593425035, 37.529813167167788 ], [ 126.826247240663179, 37.529825895519444 ], [ 126.825693078633051, 37.529842509953433 ], [ 126.825558310766112, 37.529846549949873 ], [ 126.825312514158355, 37.529958528038492 ], [ 126.825059603776452, 37.530236900253001 ], [ 126.824735431633528, 37.530599902811339 ], [ 126.824727624836243, 37.530630626507936 ], [ 126.824717029897727, 37.530672330678023 ], [ 126.824715781365668, 37.530677244886071 ], [ 126.824578765352811, 37.531216569254909 ], [ 126.824318066626333, 37.531502736955751 ], [ 126.824256531065728, 37.531570283215586 ], [ 126.824253090241058, 37.531574061796704 ], [ 126.824247781585001, 37.53157988656006 ], [ 126.8242181014365, 37.531612466208216 ], [ 126.824133872549254, 37.531645568315049 ], [ 126.823974782759251, 37.531797639472245 ], [ 126.82396094811881, 37.5318108659364 ], [ 126.82394680746981, 37.531886580927875 ], [ 126.823866486095824, 37.532060747744275 ], [ 126.823769099692598, 37.532203356221515 ], [ 126.823715640028794, 37.532237899701911 ], [ 126.823672359363897, 37.532296688156514 ], [ 126.82343065216223, 37.532616175355287 ], [ 126.823430731230943, 37.53261656879485 ], [ 126.82347357610557, 37.532832852301766 ], [ 126.823484198287417, 37.532886478301712 ], [ 126.823496154216556, 37.532946821555072 ], [ 126.823496232154142, 37.532947214988084 ], [ 126.82347563147475, 37.533425878943618 ], [ 126.82347471476541, 37.533447170676311 ], [ 126.823502028992849, 37.533557718503282 ], [ 126.823552717990012, 37.533762873811796 ], [ 126.823552806130991, 37.533763265500468 ], [ 126.823518427708294, 37.533768775886159 ], [ 126.823281351390321, 37.533806770284961 ], [ 126.822702869104376, 37.533754656847442 ], [ 126.822622954973312, 37.534201094382873 ], [ 126.821921928845569, 37.534827625036044 ], [ 126.821868063465004, 37.534902920535323 ], [ 126.821880871272526, 37.534931948887483 ], [ 126.821882262078788, 37.534935100765075 ], [ 126.821894952309734, 37.534963865247711 ], [ 126.821932812351832, 37.53504967886316 ], [ 126.822433945040274, 37.536542754957978 ], [ 126.822434034734329, 37.5365430997863 ], [ 126.822341942024792, 37.536979939812674 ], [ 126.822341209648215, 37.536992327295522 ], [ 126.822338111534094, 37.537257874475202 ], [ 126.822335873774193, 37.537449862444817 ], [ 126.822356989311459, 37.537660108659736 ], [ 126.822355598569857, 37.537680206069446 ], [ 126.822334035463385, 37.537991684324147 ], [ 126.822178540075555, 37.538350718529507 ], [ 126.822054407682046, 37.538637330181331 ], [ 126.821955451201603, 37.538886853517731 ], [ 126.821890588372682, 37.539050410345467 ], [ 126.821836970097507, 37.539152441054746 ], [ 126.821836858766744, 37.539152860441796 ], [ 126.821804332699799, 37.53921488532086 ], [ 126.821762009298482, 37.539295584752409 ], [ 126.821752943360408, 37.539312870937934 ], [ 126.821747615065192, 37.539323030029955 ], [ 126.821591010202255, 37.539710817076063 ], [ 126.821590596831797, 37.539711840430861 ], [ 126.821681264405058, 37.539897491974827 ], [ 126.822054332144077, 37.540660902444259 ], [ 126.822118885641274, 37.540677284520854 ], [ 126.822066772579944, 37.540672360546694 ], [ 126.821846854675414, 37.540699561301253 ], [ 126.821832981882238, 37.540701278007305 ], [ 126.821555361958204, 37.540721973507971 ], [ 126.821417766438543, 37.540728582907953 ], [ 126.820936145703058, 37.54075171703883 ], [ 126.820727696617752, 37.540753649387455 ], [ 126.820187396448659, 37.54075648894203 ], [ 126.819802178137408, 37.540751234854397 ], [ 126.819791204157653, 37.54075108691368 ], [ 126.81931971362286, 37.54074360187203 ], [ 126.818952384763719, 37.540719673140359 ], [ 126.81885169256141, 37.540710614310754 ], [ 126.818668859141766, 37.540694168166603 ], [ 126.818377920297053, 37.540670067279045 ], [ 126.818168266607813, 37.540659614507774 ], [ 126.817973497097029, 37.540660943171552 ], [ 126.817900584175092, 37.540661441387392 ], [ 126.817349328819745, 37.540661150921359 ], [ 126.817090928378335, 37.540629213008287 ], [ 126.816952012823549, 37.540611255161146 ], [ 126.816820712632335, 37.540589371692271 ], [ 126.816693879789725, 37.540574488527014 ], [ 126.816567637100817, 37.54055968976224 ], [ 126.816312333391593, 37.540551408515064 ], [ 126.816118012237567, 37.540564899447702 ], [ 126.815752029336466, 37.540568549680025 ], [ 126.815563193238887, 37.540571412191625 ], [ 126.815348205680976, 37.540574670793355 ], [ 126.815199343539604, 37.540598255635473 ], [ 126.814999780599152, 37.540629874600285 ], [ 126.814726495499741, 37.540682367772781 ], [ 126.814645694882827, 37.540685123840355 ], [ 126.814639691449841, 37.540685328753618 ], [ 126.814349199061681, 37.540690499782755 ], [ 126.813933713573789, 37.540694624872252 ], [ 126.813647832730993, 37.540693612513664 ], [ 126.813497961466425, 37.540703225726212 ], [ 126.813504012158873, 37.540659596212784 ], [ 126.813513133146742, 37.540632704472557 ], [ 126.813317793985178, 37.540641103099723 ], [ 126.813050603641187, 37.540658140130247 ], [ 126.812650049460572, 37.540705080264246 ], [ 126.812549759977813, 37.54071956150149 ], [ 126.812334208833562, 37.540736676699602 ], [ 126.811836309832643, 37.540958027651676 ], [ 126.811636484732233, 37.541048931568973 ], [ 126.811550461940172, 37.541086526249217 ], [ 126.811117905860456, 37.541271091797704 ], [ 126.810594708789665, 37.541496341413236 ], [ 126.810560013318792, 37.541515142766549 ], [ 126.810427338209664, 37.541596365053309 ], [ 126.810379351187763, 37.541625739005006 ], [ 126.810344860678867, 37.54164685433819 ], [ 126.810203704863071, 37.541743760686778 ], [ 126.809977502280134, 37.54191288848611 ], [ 126.809813463790718, 37.542037077698545 ], [ 126.809590459835832, 37.542197208202118 ], [ 126.809434407803721, 37.542313235941741 ], [ 126.809159729280694, 37.542517371626616 ], [ 126.809162559183108, 37.542517128596295 ], [ 126.809163345193255, 37.542517082719662 ], [ 126.809164361647007, 37.542517088666472 ], [ 126.809165372907799, 37.542517166690324 ], [ 126.809165947218659, 37.542517245763172 ], [ 126.809189060388789, 37.542520859268159 ], [ 126.809189632352712, 37.542520947340577 ], [ 126.809191444266375, 37.542521355433166 ], [ 126.809193147610088, 37.542521998141119 ], [ 126.809194692754517, 37.542522856245881 ], [ 126.809196036886775, 37.542523907864748 ], [ 126.809197141804702, 37.54252512212863 ], [ 126.809197978378094, 37.542526466418678 ], [ 126.809198524317992, 37.542527902748141 ], [ 126.809198761879827, 37.542529391354108 ], [ 126.809198684671244, 37.542530888934685 ], [ 126.809198588796121, 37.542531465233417 ], [ 126.809194201656936, 37.542559885956621 ], [ 126.80919383311425, 37.542561306119993 ], [ 126.809193184440261, 37.542562661550484 ], [ 126.809192269550493, 37.542563916275803 ], [ 126.809191113646335, 37.542565037995004 ], [ 126.809189750951191, 37.542565998065328 ], [ 126.809188208863716, 37.542566771409433 ], [ 126.809186530596079, 37.542567336647892 ], [ 126.809184761541104, 37.542567681427492 ], [ 126.809182944811113, 37.542567795184304 ], [ 126.809142097140054, 37.542567729260718 ], [ 126.809140259950894, 37.542567606745273 ], [ 126.809138474744785, 37.542567248382035 ], [ 126.809136782170697, 37.54256666522496 ], [ 126.809135234196646, 37.542565868394213 ], [ 126.809133869058044, 37.542564885153816 ], [ 126.80913272052922, 37.542563735530933 ], [ 126.809131822234676, 37.542562455776014 ], [ 126.809131196546517, 37.542561074862924 ], [ 126.809130861209297, 37.542559632554621 ], [ 126.809130822665125, 37.542558166745181 ], [ 126.809132394905689, 37.542537688414839 ], [ 126.80908473359834, 37.542573106341131 ], [ 126.809009841295747, 37.542626335878168 ], [ 126.808652727566525, 37.542880145873596 ], [ 126.808437063194901, 37.542990243917686 ], [ 126.808209601683046, 37.543106361921716 ], [ 126.808079278006133, 37.543170433732151 ], [ 126.808063196483033, 37.543178339817452 ], [ 126.807887329774459, 37.543264798881722 ], [ 126.807921983688288, 37.543264857781885 ], [ 126.807921441261968, 37.543265247588202 ], [ 126.807831530143815, 37.543330154468386 ], [ 126.80770469158837, 37.543421719221648 ], [ 126.807661797845668, 37.54343770091613 ], [ 126.807502226345804, 37.543542736076148 ], [ 126.807393756041989, 37.543578598862908 ], [ 126.807290623537227, 37.543591276073734 ], [ 126.807239056674831, 37.543592296718757 ], [ 126.8071933160779, 37.543593201902844 ], [ 126.807127187051137, 37.543594499397557 ], [ 126.806805938062254, 37.543595655051547 ], [ 126.806541565725098, 37.543547068867682 ], [ 126.806300045142677, 37.543479664711008 ], [ 126.806106535146725, 37.543446403852293 ], [ 126.805638578077165, 37.543363132423323 ], [ 126.805451786706286, 37.543331000626331 ], [ 126.805262332523455, 37.543297464799409 ], [ 126.805061014730612, 37.543278264109198 ], [ 126.80500486185565, 37.543273856844138 ], [ 126.804932679344759, 37.543268194266872 ], [ 126.804917474611131, 37.543266484150131 ], [ 126.804809476724159, 37.543255041266157 ], [ 126.804467383537016, 37.543249399707747 ], [ 126.804411515274424, 37.543246773989175 ], [ 126.80441150757288, 37.543246384563716 ], [ 126.804411211795568, 37.543228754359113 ], [ 126.804410332002419, 37.543217206580636 ], [ 126.804410279007399, 37.543216818691036 ], [ 126.804176643852585, 37.543180666545943 ], [ 126.803959793386667, 37.543146518318906 ], [ 126.803492652936441, 37.543090550291872 ], [ 126.803097159777565, 37.542984320796094 ], [ 126.803025343401799, 37.542965031813907 ], [ 126.802615590401672, 37.542878062958827 ], [ 126.802049234120133, 37.542757853998467 ], [ 126.801849914613925, 37.542715556434892 ], [ 126.80168082936963, 37.542610251413699 ], [ 126.801668810457798, 37.542606573160519 ], [ 126.801636645344956, 37.542600888345511 ], [ 126.801570957289172, 37.542504768215238 ], [ 126.801418933686335, 37.542429331480562 ], [ 126.801005146950587, 37.542124822949852 ], [ 126.800956101549829, 37.542088421212235 ], [ 126.800673561113314, 37.541957576791326 ], [ 126.800469339979514, 37.541769994678745 ], [ 126.800298096490479, 37.541677073763573 ], [ 126.800113935901763, 37.541587506550421 ], [ 126.799983973055987, 37.541527305231043 ], [ 126.799748532389231, 37.54143737214622 ], [ 126.799653926858497, 37.541388398150467 ], [ 126.799862211060102, 37.541406982352058 ], [ 126.800214996592487, 37.541447290518967 ], [ 126.800508071555072, 37.54146777312657 ], [ 126.800546075507413, 37.54146925291726 ], [ 126.80055974621024, 37.541447310482958 ], [ 126.800618521246122, 37.541353086113823 ], [ 126.800661559869653, 37.541280179014947 ], [ 126.800580824521219, 37.541237298058491 ], [ 126.800300379109316, 37.541186708103893 ], [ 126.800300357779193, 37.541186325808106 ], [ 126.800312091931858, 37.541071459697328 ], [ 126.800333003074542, 37.540856382571135 ], [ 126.800350665208924, 37.540865423136175 ], [ 126.800558222854718, 37.540997268160709 ], [ 126.800719192651229, 37.54103020298038 ], [ 126.800782104654431, 37.541042978006139 ], [ 126.800796453241219, 37.54094673464644 ], [ 126.800797285226167, 37.540941158457315 ], [ 126.800810012031448, 37.540855788306068 ], [ 126.800814502554758, 37.540812262002945 ], [ 126.800814542394093, 37.540811874661358 ], [ 126.800524861821586, 37.540801019442938 ], [ 126.800389390794123, 37.540795940916126 ], [ 126.800380379767873, 37.54079311499666 ], [ 126.800185620296091, 37.540765465040501 ], [ 126.799867339884329, 37.54071931337559 ], [ 126.799706341196355, 37.540693694327757 ], [ 126.79932937411057, 37.540641810336439 ], [ 126.799273762163622, 37.540631619645431 ], [ 126.799302807669008, 37.540558815674672 ], [ 126.799355106535529, 37.540440649879557 ], [ 126.799360630424175, 37.540427703316844 ], [ 126.799375145258963, 37.540378107414909 ], [ 126.799397196432821, 37.540302752578313 ], [ 126.799416797606227, 37.540247043294045 ], [ 126.799422314319003, 37.540211271075378 ], [ 126.799362144055991, 37.540193736279896 ], [ 126.799217507948484, 37.540196867347305 ], [ 126.799152069141883, 37.540207450119269 ], [ 126.799010191605547, 37.540240435362982 ], [ 126.798948929916264, 37.540274676031522 ], [ 126.798931928210834, 37.540281692096343 ], [ 126.798861542454901, 37.54029254638467 ], [ 126.798861539461697, 37.540292140762567 ], [ 126.798861516045946, 37.540288597444388 ], [ 126.798861422092301, 37.540270587152882 ], [ 126.798859175287916, 37.539992682561021 ], [ 126.798843336868487, 37.539832450509145 ], [ 126.798843261317813, 37.539832057074968 ], [ 126.798801688477241, 37.539605967901991 ], [ 126.798801619363658, 37.539605612362422 ], [ 126.798762891575137, 37.539479686489408 ], [ 126.798736366559382, 37.539398662270365 ], [ 126.798895262329154, 37.539392739363784 ], [ 126.799009034220958, 37.539358866330311 ], [ 126.799139443677461, 37.53931911422859 ], [ 126.799242775892878, 37.539287755044455 ], [ 126.799295686683237, 37.539202810978821 ], [ 126.799370403617985, 37.539096227032246 ], [ 126.799411917007177, 37.539041390452724 ], [ 126.799426651844428, 37.539019178642654 ], [ 126.799458590656855, 37.538911673839166 ], [ 126.799458480237547, 37.538911377543528 ], [ 126.799442312569369, 37.53888760153864 ], [ 126.799299500166882, 37.538874411198549 ], [ 126.799173267872717, 37.538887849224515 ], [ 126.799146380750372, 37.538890712752568 ], [ 126.799168361570793, 37.538859613472127 ], [ 126.799189202196999, 37.538830122627544 ], [ 126.799282147946769, 37.53858533038688 ], [ 126.799341059217824, 37.538376797259595 ], [ 126.799355136710062, 37.53833458255064 ], [ 126.799364264783975, 37.538292927951858 ], [ 126.799411017333597, 37.538133927163415 ], [ 126.799428727949106, 37.538057374791279 ], [ 126.799479009592787, 37.537767449545498 ], [ 126.799478917571037, 37.537767122713305 ], [ 126.799462241570879, 37.537725356483726 ], [ 126.799372942872139, 37.537730557431331 ], [ 126.799287745187684, 37.537726185142397 ], [ 126.799181866246357, 37.537654491301161 ], [ 126.799128773978765, 37.537605591084692 ], [ 126.799123670115364, 37.537600890931799 ], [ 126.79908806133011, 37.537564789886858 ], [ 126.798657707773415, 37.537646555363445 ], [ 126.798640031571367, 37.537648545100559 ], [ 126.798512339186203, 37.537662911155749 ], [ 126.798427645004821, 37.537668117109249 ], [ 126.798254183361848, 37.537704690453722 ], [ 126.798252878378094, 37.537670741714678 ], [ 126.798252687014752, 37.537660604070481 ], [ 126.798252644275436, 37.53766021263349 ], [ 126.798239422378913, 37.537659632912273 ], [ 126.798238517133612, 37.537591485977188 ], [ 126.798250298792155, 37.537548150903071 ], [ 126.798266568882653, 37.537481452640428 ], [ 126.798271951927077, 37.537458529216913 ], [ 126.798284279098851, 37.537406016296508 ], [ 126.798297501123145, 37.537353672736295 ], [ 126.798307349467663, 37.537305261517695 ], [ 126.798349512007306, 37.53725214981629 ], [ 126.798255497471217, 37.537227007919618 ], [ 126.798244235681707, 37.537269226617788 ], [ 126.79817179180499, 37.53732316150743 ], [ 126.798167893266012, 37.537325126700452 ], [ 126.798019037372839, 37.537259550682485 ], [ 126.797926586714752, 37.537192932591019 ], [ 126.797890856691282, 37.537134594323774 ], [ 126.797834396339823, 37.537092539032891 ], [ 126.797810113465189, 37.537048294611651 ], [ 126.797768019339202, 37.537058356565275 ], [ 126.797692153636277, 37.537067517311677 ], [ 126.797563087041837, 37.537068708249386 ], [ 126.797441653147956, 37.53706925402814 ], [ 126.797245913437877, 37.537070133554607 ], [ 126.7972132247112, 37.537071202696922 ], [ 126.797152052627936, 37.537068834931695 ], [ 126.797006403870625, 37.53706014157963 ], [ 126.796902567089958, 37.537020821491254 ], [ 126.796894971488754, 37.537017997424606 ], [ 126.79683051908691, 37.536990576051274 ], [ 126.796801374456678, 37.536981506241432 ], [ 126.796733771141604, 37.53694056663246 ], [ 126.796723048072479, 37.536918589310993 ], [ 126.796722985745049, 37.536918235613186 ], [ 126.796721234868627, 37.536905806476888 ], [ 126.79673236084426, 37.536828479791787 ], [ 126.796697325381302, 37.536821401093114 ], [ 126.796657736974197, 37.536816546821882 ], [ 126.796617370677723, 37.536774247903004 ], [ 126.796562394247914, 37.536773864540443 ], [ 126.796545068418368, 37.536774961018033 ], [ 126.79630760169438, 37.536787505270574 ], [ 126.796181224429674, 37.536777428610968 ], [ 126.796111439261153, 37.536764918432972 ], [ 126.796041999724793, 37.536749598082999 ], [ 126.796010589502828, 37.5367287033691 ], [ 126.795993467995928, 37.536717698646733 ], [ 126.795960115881101, 37.536696521939291 ], [ 126.795894802954336, 37.536661493897299 ], [ 126.795752322139904, 37.536591421085582 ], [ 126.795553578182705, 37.536473944328478 ], [ 126.795494258308054, 37.536445117906446 ], [ 126.795426114632789, 37.536411211114 ], [ 126.795244535214323, 37.536290387709357 ], [ 126.795112408366236, 37.536186829721494 ], [ 126.794794457335158, 37.535964116671352 ], [ 126.794630916593917, 37.535904428205654 ], [ 126.794535532261037, 37.535877221911107 ], [ 126.794535576368332, 37.535876865242621 ], [ 126.794536732995567, 37.535866787922409 ], [ 126.794430945390687, 37.535830850272461 ], [ 126.794425170966562, 37.535828889599543 ], [ 126.794423743333951, 37.535832650487549 ], [ 126.794396861033505, 37.535903450825295 ], [ 126.794384083222752, 37.535927130280406 ], [ 126.79437455517963, 37.535944784744103 ], [ 126.794372712001405, 37.535948200637847 ], [ 126.794368781404245, 37.535955487045506 ], [ 126.794364870150304, 37.536023902676426 ], [ 126.79437291362396, 37.536249443412729 ], [ 126.794295609193966, 37.536459356790509 ], [ 126.794253384048673, 37.53657866402208 ], [ 126.794215881137404, 37.536650397719086 ], [ 126.794185108797421, 37.536718477927714 ], [ 126.794181194413127, 37.536726919946922 ], [ 126.794133953081612, 37.536867050623648 ], [ 126.793982657969948, 37.537302919040663 ], [ 126.793963402062289, 37.537360322223336 ], [ 126.793983278665934, 37.537589551672404 ], [ 126.793994268812071, 37.537707258880062 ], [ 126.794007749700043, 37.537819626997937 ], [ 126.794015548337143, 37.537875106222359 ], [ 126.794039715723699, 37.53799357902458 ], [ 126.794039795791718, 37.537993970686166 ], [ 126.794063969057646, 37.538073408151917 ], [ 126.79414889054523, 37.538177451270592 ], [ 126.794182899055201, 37.538220028489356 ], [ 126.794223266097504, 37.538291724633702 ], [ 126.79421558739115, 37.538386098025256 ], [ 126.794174042898575, 37.538576918200029 ], [ 126.794137503108104, 37.53861937116482 ], [ 126.794103695671012, 37.538700969552053 ], [ 126.794072193488304, 37.538775524194094 ], [ 126.794057792791364, 37.538807033779023 ], [ 126.794041970911792, 37.538836568135302 ], [ 126.793990810987296, 37.538924893121312 ], [ 126.793936460730365, 37.539016869275656 ], [ 126.793912333440318, 37.539173085465706 ], [ 126.793912415849022, 37.539173469029194 ], [ 126.793930145184532, 37.539252801276483 ], [ 126.79393023204436, 37.539253192978649 ], [ 126.793948296594976, 37.539338993460326 ], [ 126.793948378910557, 37.539339386937982 ], [ 126.793935946905847, 37.539423544894966 ], [ 126.793885032863599, 37.539549594294151 ], [ 126.793825428567231, 37.539568499554321 ], [ 126.793799382052214, 37.539576760524952 ], [ 126.79379513967001, 37.539576753180114 ], [ 126.79365748770384, 37.539616209073117 ], [ 126.793475439965391, 37.53966206371031 ], [ 126.793262883678366, 37.539702711389438 ], [ 126.793310914673768, 37.539732335752262 ], [ 126.793444394993799, 37.53979817179868 ], [ 126.793570801676381, 37.53986033657101 ], [ 126.793610514523593, 37.539885743239907 ], [ 126.793655166838107, 37.539912861347794 ], [ 126.793794975713311, 37.539989691576622 ], [ 126.793802734001332, 37.539994488051605 ], [ 126.79409094830028, 37.540174347338692 ], [ 126.794230657633406, 37.540161927302158 ], [ 126.794267967983188, 37.540158609821766 ], [ 126.794281473368912, 37.540196647882439 ], [ 126.794342950747122, 37.540212521984024 ], [ 126.794376315334162, 37.54023369200425 ], [ 126.794376305400164, 37.540234025441706 ], [ 126.7943725974811, 37.540366592602361 ], [ 126.794372427668307, 37.540374281843668 ], [ 126.794405065814246, 37.540446600516105 ], [ 126.794544731920084, 37.540641126333533 ], [ 126.794704150103172, 37.540837686216058 ], [ 126.794722867840647, 37.54086076602777 ], [ 126.794812944259434, 37.540956096402738 ], [ 126.794888707744164, 37.541050553468096 ], [ 126.794903644232036, 37.541083799448671 ], [ 126.79490371092875, 37.541084169397408 ], [ 126.79492558585838, 37.541208569926646 ], [ 126.794925661389712, 37.541208963363033 ], [ 126.794922799957362, 37.541283712646965 ], [ 126.794942015385317, 37.541340747167851 ], [ 126.794944398238883, 37.541371628774279 ], [ 126.79486458285372, 37.541378999265447 ], [ 126.794609284524469, 37.541402576844277 ], [ 126.794340414111545, 37.541447993414849 ], [ 126.793667870565088, 37.541515511915009 ], [ 126.793422223584258, 37.541538729135382 ], [ 126.793017383188442, 37.54159404865559 ], [ 126.792694715914067, 37.541661052800166 ], [ 126.792509424064164, 37.541701757838268 ], [ 126.792416260815017, 37.54172222432237 ], [ 126.792366729149094, 37.541731993693396 ], [ 126.792235323981899, 37.541747889988379 ], [ 126.792130445954982, 37.541760576847238 ], [ 126.792118938884045, 37.54176747794525 ], [ 126.79205040418735, 37.541808575688918 ], [ 126.791810044688603, 37.54190247296949 ], [ 126.791803393508744, 37.541935837727934 ], [ 126.791767902447376, 37.542113850888981 ], [ 126.791762180119875, 37.542137211808459 ], [ 126.791754132045526, 37.542170697076152 ], [ 126.791721397183579, 37.54224328592273 ], [ 126.791674064424143, 37.542352726001688 ], [ 126.791588732645963, 37.542454494809853 ], [ 126.791583269614904, 37.542541481221633 ], [ 126.791576144397055, 37.542654951713175 ], [ 126.791566537604822, 37.542696914651451 ], [ 126.79153587511712, 37.542830852209107 ], [ 126.791535964317347, 37.5428312349134 ], [ 126.791573606952213, 37.542992251191677 ], [ 126.791577218538237, 37.543029991325653 ], [ 126.791577294062137, 37.543030383862593 ], [ 126.791583318547211, 37.54306434652586 ], [ 126.791583394062656, 37.543064739964088 ], [ 126.79161381443727, 37.543123637697747 ], [ 126.791619303593649, 37.543129478877134 ], [ 126.791643779646989, 37.543155514060153 ], [ 126.79170158582096, 37.543221497460358 ], [ 126.791762915366149, 37.543293405756117 ], [ 126.791776978361298, 37.54330999548192 ], [ 126.791783729108857, 37.5434935942964 ], [ 126.791783739673591, 37.543493913434872 ], [ 126.791817340134997, 37.543528517384651 ], [ 126.791819196281054, 37.543745861925814 ], [ 126.791772148524814, 37.543752813918573 ], [ 126.791764539462179, 37.543753036879814 ], [ 126.791763130881151, 37.54375307800499 ], [ 126.791725116954041, 37.543754704052574 ], [ 126.791666424778526, 37.543754321338682 ], [ 126.791432457438589, 37.543773610593654 ], [ 126.791233844094933, 37.543730738731277 ], [ 126.791127006084992, 37.543749982799589 ], [ 126.790991149596167, 37.543775076201158 ], [ 126.790804359265806, 37.543827051623374 ], [ 126.790759883938179, 37.543839426714406 ], [ 126.790564809766565, 37.543922420355756 ], [ 126.790200087680162, 37.544103372162219 ], [ 126.790044793042981, 37.544184183048671 ], [ 126.789823570292981, 37.544261218095265 ], [ 126.789641414849569, 37.544340843866991 ], [ 126.789385406215374, 37.544462585378632 ], [ 126.789214704825298, 37.544556604442782 ], [ 126.788948902065115, 37.544703943635604 ], [ 126.788711116911585, 37.544818950419263 ], [ 126.788469681098888, 37.544971866785417 ], [ 126.788397256313473, 37.545017737667415 ], [ 126.788192441504961, 37.545165462494055 ], [ 126.788112107380812, 37.545249506010052 ], [ 126.78807289410355, 37.545299548227497 ], [ 126.787945462706318, 37.545467694861429 ], [ 126.787837032117778, 37.545606873264653 ], [ 126.787731277093926, 37.545741542968372 ], [ 126.787556705395914, 37.545885104624311 ], [ 126.787423304929916, 37.545980591764582 ], [ 126.78726071654593, 37.546076028757057 ], [ 126.787162288077695, 37.546058108991197 ], [ 126.787062076129928, 37.546041321275951 ], [ 126.787041122603441, 37.546030841949829 ], [ 126.78694625393878, 37.545983384905668 ], [ 126.786912133372056, 37.545984727354515 ], [ 126.786806370416343, 37.545995239980897 ], [ 126.786623527912894, 37.546003637395685 ], [ 126.786620867714063, 37.546003632139779 ], [ 126.786259136863592, 37.545999874190144 ], [ 126.786135885040295, 37.546003875566264 ], [ 126.78593270678013, 37.546012514908291 ], [ 126.785868501922337, 37.546019993520481 ], [ 126.78561993331202, 37.546009970427612 ], [ 126.785579446157783, 37.546009896722524 ], [ 126.785481862159827, 37.546004365098078 ], [ 126.785424904980403, 37.546014398463797 ], [ 126.785413943988786, 37.546013529935777 ], [ 126.785160480185255, 37.546038640282617 ], [ 126.785159977089066, 37.54603869041599 ], [ 126.785048648106809, 37.546062550886127 ], [ 126.784847354207542, 37.546105690497697 ], [ 126.784648771086253, 37.546114615045688 ], [ 126.784513494132284, 37.54612056628617 ], [ 126.784474954384194, 37.546120215573154 ], [ 126.784225637225973, 37.54606344505153 ], [ 126.783947148525499, 37.546008305193524 ], [ 126.783770818688737, 37.546025999866849 ], [ 126.783599502972564, 37.546020342102018 ], [ 126.783554394814729, 37.546029267500181 ], [ 126.783394801037929, 37.546008134227321 ], [ 126.783312202847782, 37.546017270052225 ], [ 126.783158107524784, 37.546046836030513 ], [ 126.782645772655911, 37.546144663941355 ], [ 126.782585640508188, 37.546156145832171 ], [ 126.782560194566358, 37.546150747220317 ], [ 126.782480706567355, 37.546183539935193 ], [ 126.782396785534473, 37.546223649782917 ], [ 126.78219728901658, 37.546300143612079 ], [ 126.782038267953254, 37.5463271562259 ], [ 126.781969726833381, 37.546303946325935 ], [ 126.78191435030638, 37.546195156585767 ], [ 126.781906439942347, 37.546180501342704 ], [ 126.781887900941328, 37.54617399628254 ], [ 126.781872317560044, 37.546142131032127 ], [ 126.781836223698676, 37.546068313392013 ], [ 126.781671754087554, 37.546140087230718 ], [ 126.781665352920598, 37.546141576963159 ], [ 126.781477304715352, 37.546185332205056 ], [ 126.781472007436662, 37.546186450081066 ], [ 126.781439265341689, 37.546195120028813 ], [ 126.781436436685908, 37.546195681475858 ], [ 126.78125650709049, 37.546233070024343 ], [ 126.781204672669972, 37.546243109098327 ], [ 126.781075886113143, 37.546266520635221 ], [ 126.780811410902885, 37.546316985929103 ], [ 126.780682424591816, 37.546346315827229 ], [ 126.780485858170934, 37.546392402539198 ], [ 126.780238955482361, 37.546419816370374 ], [ 126.780043153603046, 37.546444507363425 ], [ 126.779999806983867, 37.546450056703641 ], [ 126.779946568010828, 37.546457561101207 ], [ 126.779796572244308, 37.546477552003232 ], [ 126.779551784624729, 37.546505806529204 ], [ 126.779466785796131, 37.546514915096196 ], [ 126.779396853943823, 37.546522408414901 ], [ 126.779215006064121, 37.546549095836092 ], [ 126.779210754757514, 37.546551620679317 ], [ 126.77919269763153, 37.546562568100526 ], [ 126.779061186251909, 37.546607371253472 ], [ 126.77889464596484, 37.546661963419858 ], [ 126.778747038972568, 37.546712645614569 ], [ 126.77866924174603, 37.54671306630572 ], [ 126.77848888087513, 37.546715535446673 ], [ 126.77846837331839, 37.54671691176582 ], [ 126.77833309852366, 37.546717783183567 ], [ 126.778291029872776, 37.546716855459003 ], [ 126.778264512730402, 37.546714553593034 ], [ 126.778089185088177, 37.546691409739132 ], [ 126.777906254908899, 37.546668258791051 ], [ 126.777833791327453, 37.546659112268834 ], [ 126.777676343729368, 37.546688942605527 ], [ 126.77756293397421, 37.546711532209542 ], [ 126.777515678253863, 37.546788026497907 ], [ 126.777451002052274, 37.546891796900496 ], [ 126.777428879064161, 37.546959896628344 ], [ 126.77741282827148, 37.547006888054966 ], [ 126.777381443471739, 37.547095800738113 ], [ 126.777347710298841, 37.547197658516936 ], [ 126.777328353556896, 37.547226622709637 ], [ 126.777316988009034, 37.547243494748869 ], [ 126.777300155625113, 37.547266368704378 ], [ 126.777288228158199, 37.547282580223921 ], [ 126.777237994636081, 37.547347807431485 ], [ 126.777105376630203, 37.547526627382062 ], [ 126.777019814139379, 37.547641060506713 ], [ 126.776969743102455, 37.547711918363298 ], [ 126.776931621929705, 37.547805034977166 ], [ 126.776847162962866, 37.548021958964533 ], [ 126.776812430396831, 37.548106919325029 ], [ 126.776758115981863, 37.548183393486397 ], [ 126.776743529111499, 37.548203934020748 ], [ 126.77664981533367, 37.548250101667108 ], [ 126.776534585025189, 37.548306870567593 ], [ 126.776334667860027, 37.548402498113454 ], [ 126.776184481235916, 37.548485274218777 ], [ 126.776051076882638, 37.548574271328974 ], [ 126.775865405114558, 37.548696955323756 ], [ 126.775771829497543, 37.54875703800645 ], [ 126.775756093421933, 37.548767142856697 ], [ 126.775705855038865, 37.548792151543545 ], [ 126.775610178589091, 37.548839780907628 ], [ 126.775546258597416, 37.548867533993636 ], [ 126.775399181429762, 37.548927821692942 ], [ 126.775293277640841, 37.548971231051006 ], [ 126.775199593873552, 37.548970852496183 ], [ 126.774896330109087, 37.548969623242286 ], [ 126.774834967361414, 37.548971757523724 ], [ 126.774479680137119, 37.548935314987958 ], [ 126.774223712447977, 37.548915118379604 ], [ 126.774069003526861, 37.548913125359121 ], [ 126.773926882469709, 37.548901868051928 ], [ 126.773575808227719, 37.548871630098169 ], [ 126.773393758831858, 37.548851574573852 ], [ 126.772963707334412, 37.548803440272906 ], [ 126.772580343790551, 37.548752855579735 ], [ 126.772546301889562, 37.548728012219968 ], [ 126.772513824469655, 37.548709929528805 ], [ 126.77236656594846, 37.548584631756938 ], [ 126.772261768248029, 37.54850925756395 ], [ 126.772219028493524, 37.54849086637558 ], [ 126.772188478822841, 37.548478987685471 ], [ 126.772129327807221, 37.548453248527295 ], [ 126.771956987548208, 37.548377176457549 ], [ 126.771818155327878, 37.548331009956442 ], [ 126.771690744594835, 37.548306830735847 ], [ 126.771551737322426, 37.548317533813552 ], [ 126.771494324994805, 37.548356283347871 ], [ 126.771351502508224, 37.548629112072099 ], [ 126.771242268520822, 37.548617645274319 ], [ 126.771232643677465, 37.548641837330564 ], [ 126.771191068457952, 37.548652450878535 ], [ 126.771166936385939, 37.548658607697377 ], [ 126.771130275250613, 37.548667959936338 ], [ 126.771053039881025, 37.548687663242994 ], [ 126.770992749124034, 37.54874526161246 ], [ 126.770990569567019, 37.548762150087938 ], [ 126.770990661353849, 37.548762489558591 ], [ 126.771025346108885, 37.548892608466303 ], [ 126.771025435368685, 37.548892974961525 ], [ 126.771022761625034, 37.548912250740436 ], [ 126.771006628149109, 37.549028645751001 ], [ 126.770926740700659, 37.549133228930323 ], [ 126.770880041981101, 37.549256745049746 ], [ 126.770859722070256, 37.549307105434728 ], [ 126.770843496324872, 37.549350429099043 ], [ 126.770702293002145, 37.549500790173624 ], [ 126.770636121037455, 37.549571893756472 ], [ 126.77053139170944, 37.549623124301327 ], [ 126.77048418553818, 37.549646217012771 ], [ 126.770401282034655, 37.549752767738362 ], [ 126.770327491743799, 37.549828639025783 ], [ 126.770267722019767, 37.549999151094468 ], [ 126.770086150339566, 37.550109158584846 ], [ 126.769922209754597, 37.550175006399996 ], [ 126.769900198619681, 37.550259150991891 ], [ 126.769866297519187, 37.55035706663525 ], [ 126.769850440325015, 37.550453044204033 ], [ 126.769807044710021, 37.550539655995472 ], [ 126.769819921703061, 37.550581599264532 ], [ 126.769840644885477, 37.550648990812249 ], [ 126.769866366367751, 37.550678890484249 ], [ 126.769928930209801, 37.550745740354493 ], [ 126.769936523675966, 37.55074998034025 ], [ 126.770041378291268, 37.550863936074578 ], [ 126.770101307671212, 37.55092374452245 ], [ 126.770267460879509, 37.551086271819081 ], [ 126.77015952622753, 37.551168987633602 ], [ 126.770029258170752, 37.551151558012783 ], [ 126.769972433947217, 37.551116245514159 ], [ 126.769894597755396, 37.551069359649269 ], [ 126.769789043469927, 37.551066330962421 ], [ 126.76971674317268, 37.551117159218727 ], [ 126.769523061432238, 37.551252205836654 ], [ 126.769389009006829, 37.551316975917892 ], [ 126.769347309812076, 37.551363070178965 ], [ 126.769347403471343, 37.551363449321258 ], [ 126.769378244775965, 37.551481674220142 ], [ 126.769378305037591, 37.551481995470013 ], [ 126.769382769979089, 37.551505892378614 ], [ 126.76938284766706, 37.551506284040805 ], [ 126.769320582971403, 37.551572049858621 ], [ 126.769184773865888, 37.551571782576204 ], [ 126.769134577060186, 37.551566611840343 ], [ 126.76905775698819, 37.551560587644929 ], [ 126.769046182154185, 37.551559681347001 ], [ 126.76891755186422, 37.551532398178573 ], [ 126.768858036800324, 37.551506943563425 ], [ 126.768769507028651, 37.551489030104868 ], [ 126.768559281679572, 37.551597293007717 ], [ 126.768217601988653, 37.551614358131459 ], [ 126.768156535496161, 37.551636203065307 ], [ 126.768130051757055, 37.551564351756049 ], [ 126.768079161588631, 37.551571281265815 ], [ 126.768107415238632, 37.551648987843976 ], [ 126.76810751593095, 37.551649341793279 ], [ 126.7680717209482, 37.551729225563456 ], [ 126.768049064779376, 37.551794790971329 ], [ 126.767663362199229, 37.551866105403086 ], [ 126.76755049207523, 37.551887280776917 ], [ 126.767530456608355, 37.551902720817004 ], [ 126.767493312369595, 37.55192999295484 ], [ 126.767465078437212, 37.551950723458368 ], [ 126.767520114060787, 37.552102331314735 ], [ 126.767604062880736, 37.55234013333034 ], [ 126.767679997951362, 37.552554448944399 ], [ 126.767639707191407, 37.552564492332671 ], [ 126.767624266302192, 37.552637945858251 ], [ 126.767624360289361, 37.552638290752938 ], [ 126.767656253177293, 37.552729347204497 ], [ 126.767713738260468, 37.552832734065213 ], [ 126.767642110975473, 37.552867454655015 ], [ 126.767578382259103, 37.552893519062231 ], [ 126.767540490449107, 37.552909212470993 ], [ 126.767483347286515, 37.552972168042587 ], [ 126.767455901927335, 37.553041372057642 ], [ 126.767396842525073, 37.553098134310375 ], [ 126.767390275649021, 37.553106284936035 ], [ 126.76737003917907, 37.553131580744754 ], [ 126.767370206129158, 37.553131873814692 ], [ 126.767470795096258, 37.553312825307351 ], [ 126.767585092068231, 37.553404275823894 ], [ 126.767623723208331, 37.553434760803043 ], [ 126.767623769473374, 37.553435123428443 ], [ 126.767625556577372, 37.553498226467234 ], [ 126.767625276397297, 37.553530326832124 ], [ 126.767563964550163, 37.553572435637051 ], [ 126.767406730902664, 37.553581980565312 ], [ 126.767350132042267, 37.553585804368787 ], [ 126.767288293832863, 37.553627075122826 ], [ 126.767287588495648, 37.553683620774962 ], [ 126.767287583072402, 37.553683943420793 ], [ 126.767294821013692, 37.553689589260713 ], [ 126.767517967639037, 37.553859812733016 ], [ 126.76754884810758, 37.55388268921638 ], [ 126.767641411956063, 37.553954627854822 ], [ 126.767639089667952, 37.554088967084482 ], [ 126.76762567521402, 37.55410200917779 ], [ 126.767605569558597, 37.554121553486077 ], [ 126.767552350724571, 37.55417466916095 ], [ 126.767481903649795, 37.554199018941304 ], [ 126.767457993646801, 37.554209108006802 ], [ 126.767406854748785, 37.554222519906943 ], [ 126.767232471964519, 37.554175440610777 ], [ 126.767218654665044, 37.554173885672036 ], [ 126.767214619624625, 37.554173431591146 ], [ 126.767024295670765, 37.554077890789664 ], [ 126.766945676253712, 37.554056057169753 ], [ 126.766888340401238, 37.554068044110281 ], [ 126.766842918622643, 37.554063448256422 ], [ 126.766788791011052, 37.554064134249643 ], [ 126.766727262812481, 37.554064913062263 ], [ 126.766666606595535, 37.554010443360937 ], [ 126.76663298909952, 37.553957733345221 ], [ 126.766530363089927, 37.553810550704256 ], [ 126.766428145024079, 37.553758539315318 ], [ 126.766365353499168, 37.553763486897346 ], [ 126.766349909021244, 37.553953789832008 ], [ 126.766335023854865, 37.554019361702814 ], [ 126.766324518384209, 37.554042145371199 ], [ 126.766240458983347, 37.55417402611716 ], [ 126.766204357228986, 37.554242375633564 ], [ 126.76627928622122, 37.554311512527505 ], [ 126.766373948853698, 37.554575800153934 ], [ 126.76640026229606, 37.55464370469749 ], [ 126.766402339435643, 37.554656098397928 ], [ 126.766396605516235, 37.554791523224161 ], [ 126.766340356280068, 37.554865828020525 ], [ 126.766336591808169, 37.554870799849503 ], [ 126.766325435192343, 37.55487753563218 ], [ 126.766237209119367, 37.554926912527968 ], [ 126.76616918219753, 37.554966195522056 ], [ 126.766048681265119, 37.554993553856377 ], [ 126.765954429184234, 37.554994491171009 ], [ 126.765886016279708, 37.554993698066717 ], [ 126.765632073332526, 37.554990746989056 ], [ 126.765506989969722, 37.55498872866788 ], [ 126.765393192418117, 37.554986892200787 ], [ 126.765059063706843, 37.55501550518354 ], [ 126.764784084351831, 37.555074644367707 ], [ 126.76459278102601, 37.555178154277066 ], [ 126.764494863423792, 37.555275092639235 ], [ 126.764483959942851, 37.555369394900275 ], [ 126.764559221973158, 37.555443878082798 ], [ 126.764708467508882, 37.555499362087957 ], [ 126.765051333021859, 37.555617737162144 ], [ 126.765052291460464, 37.555618249680776 ], [ 126.765378617610125, 37.555792968100143 ], [ 126.765893553676861, 37.55607695968618 ], [ 126.765976707660201, 37.556118229828165 ], [ 126.765983951986328, 37.55612162243925 ], [ 126.766009014494287, 37.556133782282394 ], [ 126.76604682806483, 37.556144272790469 ], [ 126.766231806836018, 37.556195322490552 ], [ 126.76637267116233, 37.556217568615004 ], [ 126.766627012992558, 37.556258340775166 ], [ 126.766724615134947, 37.556315684481 ], [ 126.766747399885332, 37.55638330382456 ], [ 126.766748623002925, 37.556386963645998 ], [ 126.7667517978348, 37.55650409973201 ], [ 126.766663302763732, 37.556584452468876 ], [ 126.766519977404457, 37.556668356496779 ], [ 126.766417574079185, 37.556730932963418 ], [ 126.766401629461541, 37.556740759435144 ], [ 126.7662753779273, 37.556850877428452 ], [ 126.766284359289088, 37.556917064470625 ], [ 126.766435117609205, 37.556942701555478 ], [ 126.766594893282488, 37.556969209273731 ], [ 126.766596489145499, 37.556969493194082 ], [ 126.766619108166054, 37.556974322463276 ], [ 126.76670485711206, 37.556921000085808 ], [ 126.766829773263026, 37.556843817273723 ], [ 126.76690684814848, 37.556795821874466 ], [ 126.767003921958462, 37.556743649398726 ], [ 126.767141357423682, 37.556672682094252 ], [ 126.767186347452821, 37.55664996639338 ], [ 126.767197178236586, 37.556646231770891 ], [ 126.767239098419623, 37.556631773089315 ], [ 126.767292004275888, 37.556621462029902 ], [ 126.76735037549561, 37.556619325754895 ], [ 126.767501802670949, 37.556655376092472 ], [ 126.767500245982148, 37.556642994656855 ], [ 126.767500082460927, 37.556640731281732 ], [ 126.767549022915446, 37.556654064664023 ], [ 126.767736139135607, 37.556702583497 ], [ 126.767838666818989, 37.556712923166863 ], [ 126.767987003988722, 37.556723352992279 ], [ 126.768018653931463, 37.556725109438517 ], [ 126.768131486082183, 37.556718854194159 ], [ 126.768187029111544, 37.556716144749295 ], [ 126.768272588859233, 37.556723359381827 ], [ 126.768335148985102, 37.556735024645583 ], [ 126.768459029079139, 37.556760604342379 ], [ 126.768735610508685, 37.556816616205914 ], [ 126.768817208377556, 37.556904064728393 ], [ 126.768871167810275, 37.556952317673264 ], [ 126.768876334565405, 37.55695805063754 ], [ 126.768893090403935, 37.556976642662022 ], [ 126.768980683754108, 37.556952468530376 ], [ 126.769036450659854, 37.557080538940859 ], [ 126.768991930775385, 37.557092825259744 ], [ 126.768994861777955, 37.557096441552218 ], [ 126.769050690137604, 37.557114850036605 ], [ 126.76906023406211, 37.557116863226469 ], [ 126.76907691305874, 37.557120380757262 ], [ 126.769097862928959, 37.557124799024272 ], [ 126.769106538575059, 37.557126453510286 ], [ 126.769148592396903, 37.557134468962794 ], [ 126.769247420370576, 37.557140571651409 ], [ 126.769440498436225, 37.557151088187311 ], [ 126.769443351636468, 37.557151311347617 ], [ 126.76953331260907, 37.557158316151522 ], [ 126.769656982127671, 37.557184937041768 ], [ 126.769704906653629, 37.557195250973045 ], [ 126.769867305991227, 37.557230482839195 ], [ 126.769947224451158, 37.557235992093887 ], [ 126.769961005524905, 37.557237146296679 ], [ 126.769984400714208, 37.557221982616014 ], [ 126.770063658621851, 37.557210596615917 ], [ 126.770349383112574, 37.557224112627296 ], [ 126.770421722503215, 37.55722058747039 ], [ 126.770662602617506, 37.557210364647496 ], [ 126.770699026372498, 37.557209309747002 ], [ 126.770979566344607, 37.557184512341145 ], [ 126.771053021261721, 37.557359693151064 ], [ 126.771431377487929, 37.55726616036106 ], [ 126.771364254778334, 37.55711451226145 ], [ 126.771376261173486, 37.557110954863603 ], [ 126.771501745334575, 37.557075446710328 ], [ 126.771574601224742, 37.55705850399606 ], [ 126.77160862350317, 37.557050589229348 ], [ 126.771954408469142, 37.556972706549153 ], [ 126.771994040863021, 37.556965468019001 ], [ 126.772114822281011, 37.556965134714709 ], [ 126.77224476418472, 37.556974117209315 ], [ 126.772381073330891, 37.556984517850637 ], [ 126.772431031447923, 37.557012770843855 ], [ 126.772473038639959, 37.557040169024532 ], [ 126.772544648101842, 37.557098304983754 ], [ 126.772645726333224, 37.55717903154239 ], [ 126.772678373331274, 37.557202177152568 ], [ 126.772679539625287, 37.557203094689839 ], [ 126.772711364266158, 37.557228146063679 ], [ 126.772778763789134, 37.557278677487972 ], [ 126.772923527404629, 37.557356099974498 ], [ 126.772944526769948, 37.557366874107792 ], [ 126.773092674013498, 37.557442867870861 ], [ 126.773175787722082, 37.557499341903267 ], [ 126.773170265436519, 37.557513970890597 ], [ 126.773184190079945, 37.557527513605251 ], [ 126.773057008219396, 37.557655378709974 ], [ 126.773008235206177, 37.55770201832776 ], [ 126.772935732086879, 37.55776185701675 ], [ 126.772889624448325, 37.557802870615987 ], [ 126.772837547833092, 37.55783036700759 ], [ 126.772772474957932, 37.557888237765873 ], [ 126.772734382245289, 37.557913500199497 ], [ 126.772681382600396, 37.557953941273503 ], [ 126.772482351287294, 37.55809828123072 ], [ 126.772321869221727, 37.558219032456421 ], [ 126.772270722327377, 37.55825751803998 ], [ 126.77217961565006, 37.558323787105081 ], [ 126.772129092847692, 37.558364793011428 ], [ 126.772083009201239, 37.558400463299108 ], [ 126.77204808722756, 37.558429108852749 ], [ 126.771957337264013, 37.558497074459098 ], [ 126.771821910849084, 37.558599867992477 ], [ 126.771771415362593, 37.55863186232525 ], [ 126.771816271500242, 37.558648593837567 ], [ 126.771817697441861, 37.558649125408962 ], [ 126.771913029552962, 37.558644245834913 ], [ 126.771952122144356, 37.558640097390587 ], [ 126.772093112772936, 37.558623477163714 ], [ 126.772132025758609, 37.558622426355257 ], [ 126.772203269570241, 37.558626789988068 ], [ 126.772279409095106, 37.558653967797525 ], [ 126.77237762755874, 37.558686540043752 ], [ 126.772446135900168, 37.558722703932332 ], [ 126.772463537206676, 37.558753992081094 ], [ 126.772533331929395, 37.558874109135822 ], [ 126.772544282890095, 37.558892956006154 ], [ 126.772546371502543, 37.558905915706042 ], [ 126.772570894964787, 37.55898001534694 ], [ 126.772532081754974, 37.559007816846794 ], [ 126.772635488152559, 37.55919778378086 ], [ 126.772657461212106, 37.559240054936616 ], [ 126.772665357543787, 37.55926006463141 ], [ 126.772742363111874, 37.559408596517265 ], [ 126.772894362743457, 37.559378202197685 ], [ 126.772971529227164, 37.55935526063525 ], [ 126.773021782296823, 37.559339591150639 ], [ 126.773192267836706, 37.559286428887013 ], [ 126.773244234892587, 37.559410414275909 ], [ 126.773283032910399, 37.559502840225448 ], [ 126.773313865081079, 37.55954206698722 ], [ 126.773331128804827, 37.559564028908639 ], [ 126.7733599184604, 37.559572247849587 ], [ 126.773398833824729, 37.559629762026958 ], [ 126.773419607651746, 37.559658236979537 ], [ 126.773497274241222, 37.55976454111466 ], [ 126.773502943112589, 37.559816916738292 ], [ 126.773581539468495, 37.559967426385228 ], [ 126.773601226767411, 37.560006604326063 ], [ 126.773598393922924, 37.560008003800732 ], [ 126.77359098876191, 37.560057254254232 ], [ 126.773623900702503, 37.56005000267988 ], [ 126.773786234646806, 37.559997382497414 ], [ 126.7738333901179, 37.559958622950447 ], [ 126.773849762828817, 37.559947123424614 ], [ 126.773880175788108, 37.559925763075753 ], [ 126.773976243856126, 37.559854996705063 ], [ 126.774014698723818, 37.559826076672984 ], [ 126.774124237815371, 37.559742936513267 ], [ 126.774186991120317, 37.559695477457041 ], [ 126.774199342917044, 37.559702796550546 ], [ 126.774289018495068, 37.559755931914367 ], [ 126.774290930936232, 37.559767477200829 ], [ 126.774271853060256, 37.559818119723914 ], [ 126.774260635628124, 37.559845128788403 ], [ 126.774250087510922, 37.559882274816339 ], [ 126.774242525941588, 37.559923650256877 ], [ 126.774243982856476, 37.559969549973609 ], [ 126.774250251868168, 37.560059093249492 ], [ 126.774244025440311, 37.560070911183573 ], [ 126.774210673694284, 37.560107165307194 ], [ 126.774165244471618, 37.560159165466793 ], [ 126.774251465341294, 37.560240978242035 ], [ 126.774360800158547, 37.560344242471075 ], [ 126.774393580848667, 37.560380066654488 ], [ 126.774408356535176, 37.560407970974545 ], [ 126.774448405225428, 37.560436194656219 ], [ 126.774472050211472, 37.560429843116722 ], [ 126.774550360547153, 37.560408803073479 ], [ 126.774684282724778, 37.560447351441624 ], [ 126.774745638798876, 37.56045084880617 ], [ 126.774808581480897, 37.560456881435634 ], [ 126.774807131790666, 37.560468139264522 ], [ 126.774782329496688, 37.560540739366097 ], [ 126.774753006603078, 37.56058911074814 ], [ 126.774725086099608, 37.560616851884866 ], [ 126.774693043043072, 37.56064868500286 ], [ 126.77466763283411, 37.560690307741361 ], [ 126.774663167680188, 37.560703813007024 ], [ 126.774686798409121, 37.560726385294757 ], [ 126.774796087528316, 37.560785438176829 ], [ 126.774885395336341, 37.560844452962222 ], [ 126.774933146165125, 37.560901981236746 ], [ 126.774941201987843, 37.56098506022289 ], [ 126.774942385559129, 37.560995887160502 ], [ 126.774947225058256, 37.561040255530997 ], [ 126.77487819720632, 37.561118682487823 ], [ 126.77486240460405, 37.561158284046009 ], [ 126.774842740782418, 37.561207585464338 ], [ 126.774770951728257, 37.561258966053998 ], [ 126.774679342635253, 37.561319326549814 ], [ 126.77472753680577, 37.561348422198648 ], [ 126.774944014682319, 37.561342081489713 ], [ 126.775040926850437, 37.561343671706965 ], [ 126.775109083625694, 37.561377589360795 ], [ 126.775151746277885, 37.561361059365574 ], [ 126.775175290177529, 37.56135266102801 ], [ 126.775247002839478, 37.561382081122041 ], [ 126.775415267776822, 37.561413090676488 ], [ 126.775459414645539, 37.561433167631051 ], [ 126.775474554083047, 37.561457127987417 ], [ 126.775490337969771, 37.561500243938646 ], [ 126.775491774502726, 37.561513720555268 ], [ 126.775495499626615, 37.56154867929839 ], [ 126.775523212312422, 37.561685288583988 ], [ 126.775534802727989, 37.561828341744295 ], [ 126.775635574376921, 37.561897514988523 ], [ 126.775729565152872, 37.561930074737241 ], [ 126.77575852525753, 37.561941392942472 ], [ 126.775796705037493, 37.561887126817354 ], [ 126.77588637030162, 37.561770450523198 ], [ 126.776108912118389, 37.561863504833092 ], [ 126.77615542272784, 37.561806434230341 ], [ 126.776221994322938, 37.561724348263745 ], [ 126.77631517721187, 37.561610773977499 ], [ 126.776339130938453, 37.561582944158509 ], [ 126.776423074500357, 37.561485970788063 ], [ 126.776527061509213, 37.561367633171876 ], [ 126.776531020775153, 37.561363323798084 ], [ 126.776668648789041, 37.561213609292842 ], [ 126.776788030694235, 37.561089950515765 ], [ 126.776865370202486, 37.561012386350889 ], [ 126.776915694984297, 37.560976442742898 ], [ 126.776957233343509, 37.5609280951589 ], [ 126.777004779337631, 37.560875530031396 ], [ 126.777089345018197, 37.560804461750365 ], [ 126.777181608654374, 37.560703274531591 ], [ 126.777229086699492, 37.560616924913894 ], [ 126.777237640152094, 37.560595541638847 ], [ 126.777307887346907, 37.560403936927003 ], [ 126.777348114785681, 37.560315886211157 ], [ 126.777393324479149, 37.560279363970103 ], [ 126.777414045926193, 37.560268420552603 ], [ 126.777466293209727, 37.560241780371044 ], [ 126.777515679603368, 37.560228357918589 ], [ 126.777548977662008, 37.560208995419913 ], [ 126.77760548935899, 37.56017784663532 ], [ 126.777682607370167, 37.560111545493733 ], [ 126.777708887073928, 37.560077240877547 ], [ 126.777787222728975, 37.559961955739595 ], [ 126.77784212276427, 37.559933057538281 ], [ 126.777848804729686, 37.55994530524346 ], [ 126.777911955647923, 37.560061021424936 ], [ 126.777936077249805, 37.560154824377193 ], [ 126.777933748561168, 37.560221546167973 ], [ 126.77793002536292, 37.560286582938708 ], [ 126.777886291490745, 37.56047992303867 ], [ 126.777860237639302, 37.560620093121976 ], [ 126.777833059602941, 37.560776309163359 ], [ 126.777812109357697, 37.560806959026344 ], [ 126.777774089216237, 37.560864602312044 ], [ 126.777726351765224, 37.560921105431007 ], [ 126.777702222125058, 37.56094752927428 ], [ 126.777643648885359, 37.561193782595367 ], [ 126.777614651085102, 37.56131113793338 ], [ 126.777573928782274, 37.561503647244649 ], [ 126.777539962151906, 37.561685751361111 ], [ 126.777524547865283, 37.561931242065405 ], [ 126.777521975281189, 37.561962204428809 ], [ 126.77752107758586, 37.561987393151924 ], [ 126.777520628127945, 37.561999933429384 ], [ 126.777514171381966, 37.562206581669756 ], [ 126.77750953139585, 37.562282317991254 ], [ 126.77748954229159, 37.562282559802028 ], [ 126.777436309597647, 37.562283295787061 ], [ 126.777243539266834, 37.562286310633553 ], [ 126.777011507622348, 37.562288969365291 ], [ 126.776982145714825, 37.562289200560578 ], [ 126.776948720807653, 37.562229727437938 ], [ 126.776914115749122, 37.562269635874998 ], [ 126.776810161763706, 37.562317020646276 ], [ 126.77672250253822, 37.562357685627632 ], [ 126.776715426974974, 37.562358976260519 ], [ 126.776632258067039, 37.562374129257599 ], [ 126.776618158905023, 37.562478833382713 ], [ 126.776608545877053, 37.562615375930982 ], [ 126.776691415353952, 37.562639185078332 ], [ 126.776695459137102, 37.562649328278887 ], [ 126.776722182270888, 37.562741459167455 ], [ 126.77673010905086, 37.562768775020842 ], [ 126.776724827752332, 37.56288686667272 ], [ 126.776722718638311, 37.562934031607071 ], [ 126.776719633703408, 37.563079317472017 ], [ 126.776730742733662, 37.563149444761358 ], [ 126.776732977104004, 37.563169432108587 ], [ 126.776741674717186, 37.563217040006101 ], [ 126.776741472216031, 37.56322463434401 ], [ 126.776743023583379, 37.563239844919835 ], [ 126.776744129587129, 37.563242562921388 ], [ 126.776842031108046, 37.563482455369545 ], [ 126.776847143372052, 37.5634914748304 ], [ 126.776905107458632, 37.563561978329943 ], [ 126.776944875313589, 37.56363159520631 ], [ 126.776969968665327, 37.563695835847945 ], [ 126.777009911772438, 37.563703514707171 ], [ 126.777043869851013, 37.56370273299418 ], [ 126.777101642883977, 37.563719457776962 ], [ 126.777034918693019, 37.563798733802862 ], [ 126.777008473930465, 37.563827686885801 ], [ 126.776837391873286, 37.564028668607804 ], [ 126.776802663148985, 37.564066283234361 ], [ 126.776736963408894, 37.564137441598639 ], [ 126.77668835897876, 37.564187751256256 ], [ 126.77664577376953, 37.564233845260418 ], [ 126.776636009760395, 37.564244523977735 ], [ 126.776607099894676, 37.564275444806981 ], [ 126.77648041818145, 37.564411754824619 ], [ 126.776452574706838, 37.56444151581848 ], [ 126.776393121200883, 37.564505065313043 ], [ 126.776385675640739, 37.564511808555544 ], [ 126.77634027120321, 37.564554799884696 ], [ 126.776301939824876, 37.564598649364385 ], [ 126.776170463239438, 37.564737491247037 ], [ 126.776106952225348, 37.564806070418754 ], [ 126.776085563795007, 37.564861214728133 ], [ 126.776034423430318, 37.564985562492879 ], [ 126.775999514849218, 37.565125438882696 ], [ 126.775942859327671, 37.565205849503677 ], [ 126.775901214302422, 37.565233081284298 ], [ 126.775751421502321, 37.565350201655427 ], [ 126.775570151934929, 37.565350421638499 ], [ 126.775517448839707, 37.565347222953861 ], [ 126.775494474436258, 37.565346732243235 ], [ 126.775342904847832, 37.565343507158097 ], [ 126.77542963738756, 37.565437998591065 ], [ 126.775476564808983, 37.565476833220771 ], [ 126.775531950877777, 37.565522661845151 ], [ 126.775573764029843, 37.565555970495105 ], [ 126.775575430597144, 37.565592003594702 ], [ 126.775572211967585, 37.565596273311449 ], [ 126.775437988940169, 37.565774479646706 ], [ 126.775357325975676, 37.565802409143245 ], [ 126.775338182161377, 37.565809039049149 ], [ 126.775287944729101, 37.565826432940504 ], [ 126.775279750962866, 37.565829268724571 ], [ 126.775222887569271, 37.565848958179984 ], [ 126.77513206504824, 37.565879480489777 ], [ 126.775124063535714, 37.565957240253901 ], [ 126.775102548949036, 37.566166324891199 ], [ 126.775093577546528, 37.566209672825813 ], [ 126.775093211099488, 37.566210797247983 ], [ 126.775088189074552, 37.566236402261246 ], [ 126.77506434763994, 37.566398255110613 ], [ 126.775046466314009, 37.566520422594323 ], [ 126.7750244652823, 37.566662006629038 ], [ 126.775023834411058, 37.566666579748023 ], [ 126.775020669615316, 37.566689587690071 ], [ 126.775013993995273, 37.56673321831159 ], [ 126.77500007152419, 37.566834551334573 ], [ 126.77498921905142, 37.566911673447215 ], [ 126.774940889664464, 37.566985632436065 ], [ 126.77488063491208, 37.567084066988997 ], [ 126.774839763551086, 37.567150716827001 ], [ 126.774752443488666, 37.567309627052879 ], [ 126.774761673464894, 37.567532079805609 ], [ 126.774762724795437, 37.567596726593052 ], [ 126.774763009723756, 37.56761428820284 ], [ 126.774765111481997, 37.567682712639012 ], [ 126.774758901010159, 37.56768862151155 ], [ 126.774774432497111, 37.567699345498966 ], [ 126.77476219299858, 37.56770833235656 ], [ 126.774891717725481, 37.567804590466082 ], [ 126.774910977955784, 37.567819182444417 ], [ 126.774942018725653, 37.567842697909185 ], [ 126.775155819067336, 37.568024153969525 ], [ 126.775235733433121, 37.568091033537648 ], [ 126.775382163801481, 37.56821294781632 ], [ 126.77540271256359, 37.568199750373218 ], [ 126.775464014539281, 37.568223519939508 ], [ 126.775498760049857, 37.568243129966113 ], [ 126.775530581938085, 37.568261092422432 ], [ 126.775532331943666, 37.568033884973367 ], [ 126.775534061604901, 37.567929426955111 ], [ 126.775542382334336, 37.567865805726008 ], [ 126.775559569320606, 37.567739988922305 ], [ 126.77554236623179, 37.567694906604906 ], [ 126.775512029564169, 37.567613414369809 ], [ 126.775511321077701, 37.567611506396709 ], [ 126.775505371680524, 37.567590935610845 ], [ 126.775488321894755, 37.567554582779429 ], [ 126.775401663338243, 37.567318475492741 ], [ 126.775491654586588, 37.567272471919935 ], [ 126.775617400825482, 37.567210770053634 ], [ 126.775816384991003, 37.567204673804063 ], [ 126.775902176899834, 37.567203143199407 ], [ 126.776244843029517, 37.567114267065591 ], [ 126.776333515420845, 37.567091911271724 ], [ 126.776340985378667, 37.566960715070337 ], [ 126.776342093618879, 37.566942138081117 ], [ 126.776382101666755, 37.566872109616575 ], [ 126.776387416067891, 37.566926736222172 ], [ 126.776394786597137, 37.567005028336332 ], [ 126.776407894346733, 37.566941137130407 ], [ 126.776495510437641, 37.56679967917043 ], [ 126.776599786872723, 37.566232543834005 ], [ 126.77658210706312, 37.566232509406227 ], [ 126.776549372529914, 37.566236384660144 ], [ 126.776571167812946, 37.566106630019135 ], [ 126.776638689299162, 37.56605945672775 ], [ 126.776649477063955, 37.566058390747088 ], [ 126.776722552353291, 37.566051166286208 ], [ 126.776730568065204, 37.566054797312226 ], [ 126.776749386351824, 37.566063325690507 ], [ 126.776878058142017, 37.566150570251409 ], [ 126.776915298781915, 37.56617626475844 ], [ 126.776964007785267, 37.566208739052918 ], [ 126.77694667898048, 37.566208706829514 ], [ 126.7769923480991, 37.566371530208485 ], [ 126.777032360043265, 37.566417222509507 ], [ 126.77713118542853, 37.566548900235325 ], [ 126.77719673174974, 37.566629266465107 ], [ 126.77728446677429, 37.566684619367656 ], [ 126.777310934624495, 37.566706346808466 ], [ 126.777585007877207, 37.566843421453342 ], [ 126.777808457127136, 37.56699391315815 ], [ 126.778183518339929, 37.567071207316907 ], [ 126.778461553081897, 37.56712635811855 ], [ 126.778668343065519, 37.56717405154572 ], [ 126.778763730869557, 37.567150858855591 ], [ 126.778940081007207, 37.567146686724989 ], [ 126.779003365100351, 37.567154689546399 ], [ 126.779040257176774, 37.567240641101343 ], [ 126.779079958127241, 37.567330527011364 ], [ 126.779057887464532, 37.567436631121652 ], [ 126.779021334460737, 37.567593675119852 ], [ 126.779009205831684, 37.567865633812396 ], [ 126.779013337511671, 37.567907600096042 ], [ 126.779017852605193, 37.567991787382411 ], [ 126.779060376779697, 37.56820586062323 ], [ 126.779124720803893, 37.568270583828387 ], [ 126.779170589608967, 37.568316718568873 ], [ 126.779210726870005, 37.568316514774587 ], [ 126.779428571711989, 37.568158116796596 ], [ 126.779706108089755, 37.567962395892522 ], [ 126.779787138890825, 37.567894695051066 ], [ 126.780004101650135, 37.567669575381515 ], [ 126.78011955406447, 37.567563638569041 ], [ 126.780239818056756, 37.56744505095439 ], [ 126.780271269215817, 37.567468675688275 ], [ 126.780318344771601, 37.567504040950851 ], [ 126.780430675833003, 37.567614910649709 ], [ 126.780517052823328, 37.567828767566915 ], [ 126.780542517384148, 37.56789160540103 ], [ 126.780462045093799, 37.567954524064149 ], [ 126.780468589749134, 37.568129949876564 ], [ 126.780472110797248, 37.568226533460795 ], [ 126.780474316366963, 37.568287064526913 ], [ 126.780583566405923, 37.568383820172478 ], [ 126.780653370616236, 37.568445641067356 ], [ 126.780933612410379, 37.568713639612156 ], [ 126.781091069141198, 37.568794066838969 ], [ 126.781116742919338, 37.568807179913932 ], [ 126.781239667841533, 37.56886540671713 ], [ 126.781360643073967, 37.568925042032149 ], [ 126.781486728755965, 37.568870939673126 ], [ 126.781625830805652, 37.568901606084225 ], [ 126.781727714375805, 37.569025655220891 ], [ 126.781815282578592, 37.569132279046691 ], [ 126.781898276578517, 37.569236037570889 ], [ 126.781829847206566, 37.569353038563136 ], [ 126.781803743211768, 37.569388469976232 ], [ 126.781428855933498, 37.569485474604633 ], [ 126.78117921160208, 37.569576513131928 ], [ 126.781124126196005, 37.569601467431788 ], [ 126.781077779958892, 37.569664170669348 ], [ 126.780996092180914, 37.569897427865534 ], [ 126.780911583615008, 37.569946544376727 ], [ 126.7807554576016, 37.570048740522054 ], [ 126.780750724198825, 37.570052747872388 ], [ 126.780615745611954, 37.570167011789842 ], [ 126.780484721233634, 37.570274885732253 ], [ 126.780458112415999, 37.570361277186016 ], [ 126.780484491505987, 37.570413412694428 ], [ 126.780507033869654, 37.570442735395766 ], [ 126.780520949094992, 37.570463880857218 ], [ 126.780562611266546, 37.570492681928741 ], [ 126.780937796600142, 37.570354011273707 ], [ 126.781084997324129, 37.570276576165341 ], [ 126.781187543496358, 37.57022974519564 ], [ 126.781315749984827, 37.570175077295836 ], [ 126.781487298234921, 37.570181596272064 ], [ 126.781671147554121, 37.570213472370007 ], [ 126.781821386509222, 37.570245008511975 ], [ 126.781952768544457, 37.570258199312413 ], [ 126.782393737452338, 37.570301257025108 ], [ 126.782584597673036, 37.57047448422562 ], [ 126.782592553535409, 37.570479003209229 ], [ 126.782630194057035, 37.570547493850427 ], [ 126.782617396009897, 37.570569426741685 ], [ 126.782561751647492, 37.570607056524686 ], [ 126.782504727829391, 37.57063313356538 ], [ 126.782289356337387, 37.570793785704019 ], [ 126.782231833153133, 37.570869982953937 ], [ 126.782208585144772, 37.570896402212099 ], [ 126.782087889488537, 37.570979240281751 ], [ 126.781920360625477, 37.571114355749707 ], [ 126.781757497286094, 37.57116332789689 ], [ 126.781693248056172, 37.571177848696983 ], [ 126.781601197596871, 37.571204707236582 ], [ 126.781487684335218, 37.571251518671779 ], [ 126.78148626802367, 37.571252074288545 ], [ 126.781374912915638, 37.571349568332955 ], [ 126.781379378230739, 37.571393501462275 ], [ 126.781423552703288, 37.57146876163501 ], [ 126.781450526046655, 37.571496400387304 ], [ 126.781487771332479, 37.571521814060439 ], [ 126.781587163422103, 37.571589873260912 ], [ 126.781721131772883, 37.571681606379393 ], [ 126.781735609527772, 37.571689516275377 ], [ 126.781741854878788, 37.571671228283712 ], [ 126.781858472749377, 37.571770275486585 ], [ 126.781899575988405, 37.571808354656973 ], [ 126.781910267758505, 37.571832697216927 ], [ 126.781934355234256, 37.571887545000521 ], [ 126.781934709675582, 37.571888370978847 ], [ 126.781986353284836, 37.572009275026609 ], [ 126.782018749239015, 37.572121111706039 ], [ 126.782072694290591, 37.572300281336332 ], [ 126.782143103888984, 37.572539733349288 ], [ 126.782181467862955, 37.572666231365872 ], [ 126.782154601445654, 37.5727179868218 ], [ 126.78212157830923, 37.572761569360864 ], [ 126.782113537478892, 37.572847985740552 ], [ 126.782108427781282, 37.572903449997895 ], [ 126.782100798210735, 37.572972974211453 ], [ 126.782113859100221, 37.57304310376265 ], [ 126.782139842402898, 37.573169010926286 ], [ 126.782173249315704, 37.573234115756293 ], [ 126.782189992123634, 37.573256671676596 ], [ 126.782306203907709, 37.57343398446551 ], [ 126.782345767335315, 37.573514867626116 ], [ 126.782355959416506, 37.573536565283511 ], [ 126.782408291464861, 37.57360620885747 ], [ 126.782443450517263, 37.573618103908785 ], [ 126.78256996232227, 37.57366056690541 ], [ 126.782674743714864, 37.573698207162813 ], [ 126.782721224498914, 37.573713222856412 ], [ 126.78275231753031, 37.573725659149446 ], [ 126.782777231663474, 37.57373387749147 ], [ 126.782880743271136, 37.573779957182801 ], [ 126.783111245290542, 37.573882328619426 ], [ 126.783293920036584, 37.573963458558666 ], [ 126.783629832741781, 37.574075008195514 ], [ 126.783642213743633, 37.574079148359985 ], [ 126.783812723607213, 37.574136163212472 ], [ 126.783883404734041, 37.574160223270511 ], [ 126.783952675996645, 37.574182037615643 ], [ 126.783994365539058, 37.574198161233483 ], [ 126.784142962148493, 37.57431584148555 ], [ 126.784251532882593, 37.574385589123025 ], [ 126.784401450111233, 37.574469485929775 ], [ 126.784539092454608, 37.574520418360663 ], [ 126.784665608150902, 37.574566547581568 ], [ 126.784714010121405, 37.574586340404629 ], [ 126.784956534920354, 37.57470278787315 ], [ 126.785005622440124, 37.574729068948344 ], [ 126.785249154002273, 37.574861843326048 ], [ 126.785670473076337, 37.574985654092849 ], [ 126.785882883912251, 37.575052778334914 ], [ 126.786224847404583, 37.575157294329934 ], [ 126.786285802248571, 37.575178525233405 ], [ 126.786454759751507, 37.575229224743126 ], [ 126.786868985557874, 37.575360062057591 ], [ 126.787084048570051, 37.57542718033563 ], [ 126.7872865792379, 37.57548583291193 ], [ 126.787521296303453, 37.575552427305759 ], [ 126.787558712679441, 37.575563401577284 ], [ 126.7875681221213, 37.575566873532388 ], [ 126.787614235794138, 37.575583561574739 ], [ 126.787764617902809, 37.575761500630207 ], [ 126.787837911444001, 37.575858768063696 ], [ 126.787902587094749, 37.576008116797546 ], [ 126.787906035703784, 37.576036277342794 ], [ 126.787915187546574, 37.57611485162267 ], [ 126.788045750722304, 37.576168857697311 ], [ 126.788142675914443, 37.576168755419822 ], [ 126.788337405016563, 37.576050282479116 ], [ 126.788349298758391, 37.576035952620124 ], [ 126.788443193824321, 37.575923209762884 ], [ 126.788550563681525, 37.575797276753256 ], [ 126.788595278927687, 37.575745539091841 ], [ 126.788633348262096, 37.57573266307228 ], [ 126.788998209474514, 37.575622668219133 ], [ 126.789173124772972, 37.575569203354007 ], [ 126.789202095961258, 37.575581077161765 ], [ 126.789107902291519, 37.575738022212811 ], [ 126.789060816785096, 37.575812547821016 ], [ 126.789051608896315, 37.575817882360745 ], [ 126.78892380671509, 37.576035861677006 ], [ 126.788879559545336, 37.576109834660201 ], [ 126.788837605047277, 37.576181836693692 ], [ 126.788725782814296, 37.576371756984194 ], [ 126.788714608193686, 37.576390732197758 ], [ 126.788709096816675, 37.576400094525155 ], [ 126.788670710359142, 37.576463652637209 ], [ 126.7885333382022, 37.576689777797746 ], [ 126.788487833379875, 37.576768253332695 ], [ 126.788470233539414, 37.576798349245379 ], [ 126.788686761844417, 37.577040592389551 ], [ 126.78874379456235, 37.577099117345014 ], [ 126.788877238371882, 37.577236052035452 ], [ 126.788898935437459, 37.57725693151761 ], [ 126.788923451418995, 37.577283156680238 ], [ 126.789097695248486, 37.577466541218222 ], [ 126.789155530795838, 37.577527408876037 ], [ 126.789342826716236, 37.577723421861727 ], [ 126.789368691311751, 37.577708828097002 ], [ 126.789401601799824, 37.577703821899171 ], [ 126.789503889487378, 37.57769021271411 ], [ 126.789909629069257, 37.577638846151068 ], [ 126.789955101955357, 37.577631611550544 ], [ 126.789973988202817, 37.57751681010771 ], [ 126.789985521559075, 37.577446683362261 ], [ 126.789997775693593, 37.57736505087766 ], [ 126.790016395722006, 37.577349594980404 ], [ 126.79021246779206, 37.57751414143555 ], [ 126.790222507821369, 37.577522566212103 ], [ 126.790302656905453, 37.577578175680763 ], [ 126.790344496315313, 37.577607251975159 ], [ 126.790443163184136, 37.57768063346856 ], [ 126.790568146643096, 37.577771512963537 ], [ 126.790594817236084, 37.577783670044205 ], [ 126.79058625575415, 37.577808711810398 ], [ 126.79060838610765, 37.577925320967061 ], [ 126.790634918726113, 37.578055164762979 ], [ 126.790720214595353, 37.578478501625227 ], [ 126.790721611432474, 37.578485259228323 ], [ 126.790724572574263, 37.578503565144352 ], [ 126.790732619068834, 37.578535681253108 ], [ 126.790738164164679, 37.578573136271778 ], [ 126.790801662512152, 37.578889721144968 ], [ 126.790817709015073, 37.578972242993196 ], [ 126.790818540256453, 37.578991111162068 ], [ 126.790685806831263, 37.579014245927404 ], [ 126.790700324862186, 37.579072835326158 ], [ 126.790761526886186, 37.579260457568559 ], [ 126.790778544857062, 37.579311726898602 ], [ 126.790780297807629, 37.579316523528519 ], [ 126.790794561186829, 37.57940101760142 ], [ 126.790821403070922, 37.579541563853567 ], [ 126.790819459051036, 37.579669383339471 ], [ 126.790816488822827, 37.579718652383015 ], [ 126.790813475046619, 37.579780869766012 ], [ 126.790807586986745, 37.579865046268068 ], [ 126.790787440092728, 37.580043802675611 ], [ 126.790773145246575, 37.580165815441816 ], [ 126.790758808853937, 37.580288143421761 ], [ 126.790747935733947, 37.580379908056557 ], [ 126.790723436538983, 37.580537256781334 ], [ 126.79072781980021, 37.580612432949309 ], [ 126.79074909556924, 37.580659493378604 ], [ 126.790818138146179, 37.580765481747228 ], [ 126.790940343833924, 37.580774153067587 ], [ 126.791009131710254, 37.580781879699636 ], [ 126.791048030591568, 37.580787570026672 ], [ 126.791182181059426, 37.580828641973731 ], [ 126.791219019573631, 37.580873189105468 ], [ 126.791260286773181, 37.580920564170455 ], [ 126.791297871226362, 37.581013551773751 ], [ 126.791327010181348, 37.581219701921604 ], [ 126.791342436786934, 37.581334037123803 ], [ 126.791348938767982, 37.581413734466025 ], [ 126.791550986059022, 37.581336383211251 ], [ 126.791600921703946, 37.581317605220448 ], [ 126.791630040621641, 37.581216864544096 ], [ 126.791672869515665, 37.581083197386988 ], [ 126.791673775479026, 37.581075316129599 ], [ 126.791783524214651, 37.580860122600598 ], [ 126.791806827006297, 37.580814267210563 ], [ 126.791829049152071, 37.580774885941587 ], [ 126.791841658206764, 37.580754636450337 ], [ 126.791877392127731, 37.580692480141529 ], [ 126.791903345297925, 37.580646350400009 ], [ 126.791978251854445, 37.580513365866672 ], [ 126.792009657512054, 37.580457610082242 ], [ 126.792099250927762, 37.580300655079739 ], [ 126.792133737412485, 37.580239343870147 ], [ 126.792153815371009, 37.580208689036127 ], [ 126.792175665086887, 37.580176069092943 ], [ 126.792202005905253, 37.580177240144813 ], [ 126.792240595524802, 37.580105510619497 ], [ 126.792270645212909, 37.580051783650738 ], [ 126.792274396338115, 37.580038844920466 ], [ 126.792288130788748, 37.579996351729214 ], [ 126.792302950563183, 37.579948794122984 ], [ 126.792334593401421, 37.579830596865513 ], [ 126.7923739723132, 37.579727611864222 ], [ 126.792385403966946, 37.579687657439692 ], [ 126.792406315121141, 37.579610821258377 ], [ 126.792418790522305, 37.57951370850931 ], [ 126.792425321202487, 37.579457408703355 ], [ 126.79243620962373, 37.579421954093796 ], [ 126.792469329686412, 37.579277576402049 ], [ 126.792488630757703, 37.579144429449023 ], [ 126.792492933390463, 37.579063625157829 ], [ 126.792502010148667, 37.578914421792106 ], [ 126.792510342844096, 37.578780414106618 ], [ 126.79251825532657, 37.578671183451625 ], [ 126.792520332082901, 37.578625013200885 ], [ 126.79252307569412, 37.57859095190063 ], [ 126.792537039091499, 37.578407399016022 ], [ 126.792572239166816, 37.578279630952331 ], [ 126.792625840695251, 37.578088834495631 ], [ 126.792643527142147, 37.578023822492142 ], [ 126.792662678682092, 37.577882229056577 ], [ 126.792700746717159, 37.577612851042595 ], [ 126.792702753496258, 37.577592020549716 ], [ 126.792724259550724, 37.577430162920059 ], [ 126.792726923908404, 37.577363997309526 ], [ 126.792726647903663, 37.577345285701107 ], [ 126.792726324408193, 37.577323453379158 ], [ 126.792728197053734, 37.577283757096247 ], [ 126.792734098018414, 37.577073443811301 ], [ 126.792735458509782, 37.577027548666649 ], [ 126.792735623589166, 37.577007941066874 ], [ 126.79273705023779, 37.576838913751558 ], [ 126.79275050027185, 37.576838370612059 ], [ 126.79279966604993, 37.576837897236274 ], [ 126.792976499144203, 37.576855661897319 ], [ 126.793103814942185, 37.576869401841989 ], [ 126.793128630378874, 37.576874635789515 ], [ 126.793169761890482, 37.576883311392599 ], [ 126.793219263246911, 37.576893825348805 ], [ 126.793215619651022, 37.57692873034744 ], [ 126.793207476505643, 37.576995162415059 ], [ 126.793203467367007, 37.577037108272343 ], [ 126.793198753015986, 37.577079617748986 ], [ 126.793191772594284, 37.577132544831017 ], [ 126.793188993281646, 37.577153649221877 ], [ 126.793177710416529, 37.57726540875435 ], [ 126.79317497141021, 37.577298062217864 ], [ 126.793172032411306, 37.577401948955767 ], [ 126.793166544973161, 37.577526953180488 ], [ 126.793163404643181, 37.577637039907387 ], [ 126.793160350192082, 37.577723185832319 ], [ 126.793154059564188, 37.577884509121326 ], [ 126.793153851835442, 37.577957995685395 ], [ 126.793157257905648, 37.57806922123536 ], [ 126.793162158318097, 37.578150318628815 ], [ 126.793169181639456, 37.578234230088135 ], [ 126.79317189490574, 37.578276183740513 ], [ 126.793188459481186, 37.57842516576175 ], [ 126.793254487536558, 37.578533680075516 ], [ 126.793234482180196, 37.578542373568801 ], [ 126.793102362729542, 37.57859703809271 ], [ 126.793066867320022, 37.578639215395 ], [ 126.79307676594901, 37.578772126323237 ], [ 126.793074152632471, 37.578819982475949 ], [ 126.793072475591629, 37.578849545294666 ], [ 126.793067568304167, 37.579025510936795 ], [ 126.793048673221051, 37.579139788233007 ], [ 126.793043378817416, 37.57919834341665 ], [ 126.793023935843863, 37.579318813212936 ], [ 126.792960494454761, 37.579550145277572 ], [ 126.792947991242357, 37.579596860577759 ], [ 126.792937258944264, 37.579637385287306 ], [ 126.792913832970399, 37.579726316860409 ], [ 126.792891154691191, 37.579805399493502 ], [ 126.792872374665208, 37.579878003230981 ], [ 126.792857740152016, 37.580051139850838 ], [ 126.79285028771173, 37.580125176064826 ], [ 126.792846455545813, 37.580168246012136 ], [ 126.792860310106022, 37.580208815250501 ], [ 126.792864524540008, 37.580220642599706 ], [ 126.792940403608242, 37.580222191363454 ], [ 126.793105081320746, 37.580225575225832 ], [ 126.793226033277875, 37.580237897899067 ], [ 126.793310214456412, 37.580247054743694 ], [ 126.793291620221765, 37.580316568071389 ], [ 126.793328075105421, 37.580439672756789 ], [ 126.793340909280658, 37.580483985389733 ], [ 126.793351903277781, 37.580521927173578 ], [ 126.793364340918771, 37.580563621750777 ], [ 126.793375905332383, 37.580617184406037 ], [ 126.793380757603018, 37.580639664846657 ], [ 126.793396529046973, 37.580705372956956 ], [ 126.793417131963636, 37.580791213396871 ], [ 126.79343483108552, 37.580849250046825 ], [ 126.793435924637549, 37.580852657335541 ], [ 126.793526553421088, 37.58113575167453 ], [ 126.793528474733719, 37.581145046940023 ], [ 126.793543381987149, 37.581191248536889 ], [ 126.793568162449773, 37.581247322972679 ], [ 126.793665625783134, 37.581504552781496 ], [ 126.793686536879562, 37.581567178384439 ], [ 126.793695444965152, 37.581593858068693 ], [ 126.793715623213643, 37.581653859996855 ], [ 126.793722627139729, 37.581679497156266 ], [ 126.793732973733967, 37.581717432320822 ], [ 126.793740143638416, 37.581743723941003 ], [ 126.793822340452863, 37.581827776821655 ], [ 126.793823161456942, 37.581911118398793 ], [ 126.793825049930447, 37.581997274925321 ], [ 126.793860758063502, 37.582135584101479 ], [ 126.793890852028369, 37.582253044217637 ], [ 126.793894186881815, 37.582389322791286 ], [ 126.793895019740134, 37.582407624901549 ], [ 126.793895619683326, 37.582513779773578 ], [ 126.793897342303225, 37.582590645225011 ], [ 126.793892098726886, 37.582631748143541 ], [ 126.793891737904531, 37.582647766336848 ], [ 126.793890278878777, 37.582712545663171 ], [ 126.793895770547593, 37.582777317896301 ], [ 126.793912240699086, 37.582961481909308 ], [ 126.793887753607095, 37.582985657084649 ], [ 126.793884029925493, 37.582989588069879 ], [ 126.793826027389017, 37.583008255664417 ], [ 126.793731768208957, 37.583038594920779 ], [ 126.793735586721795, 37.583127006406379 ], [ 126.79373740543538, 37.583173183730558 ], [ 126.793741998005018, 37.583300744877477 ], [ 126.793746188004903, 37.58345137781938 ], [ 126.793749530921104, 37.58345814251993 ], [ 126.793731046531846, 37.583550747866674 ], [ 126.793704692157434, 37.583676272487338 ], [ 126.79367385454448, 37.583826286614347 ], [ 126.793644072110098, 37.583913520871249 ], [ 126.793617320275501, 37.583991183039522 ], [ 126.793612870254165, 37.583999338737513 ], [ 126.793582911054159, 37.584085727366045 ], [ 126.793556677527519, 37.584167615379314 ], [ 126.793504942448422, 37.584324628534389 ], [ 126.793451778210851, 37.584486990648266 ], [ 126.793441079447831, 37.584519603641894 ], [ 126.793477068478936, 37.584514634582213 ], [ 126.793732791357428, 37.584481299505576 ], [ 126.793783047486343, 37.584469286151126 ], [ 126.793905002228442, 37.584384457332845 ], [ 126.793953747936087, 37.584349360666394 ], [ 126.794016125619976, 37.58430610550031 ], [ 126.79409305589499, 37.584253028043925 ], [ 126.794143315178815, 37.584182723345485 ], [ 126.794217726612104, 37.584078393390136 ], [ 126.7942242891489, 37.584071647371658 ], [ 126.794270497084881, 37.583992323958142 ], [ 126.794336996694085, 37.583871106053344 ], [ 126.794408299315535, 37.583740298660722 ], [ 126.79445141260463, 37.583663735490696 ], [ 126.794443888680092, 37.583654988115974 ], [ 126.79444290370877, 37.583653627520043 ], [ 126.794442257609845, 37.583652242810963 ], [ 126.794441905465021, 37.583650793160089 ], [ 126.794441857126742, 37.583649314679782 ], [ 126.794442112169705, 37.583647852434297 ], [ 126.794442664590932, 37.583646442441236 ], [ 126.794443500442867, 37.583645122473307 ], [ 126.794444595585119, 37.583643930242339 ], [ 126.794445921415289, 37.583642896222784 ], [ 126.794447442561307, 37.583642048144604 ], [ 126.794447870305504, 37.583641847900765 ], [ 126.794476839336127, 37.58362832795796 ], [ 126.794478317167233, 37.583627749119998 ], [ 126.794479885082794, 37.58362734567973 ], [ 126.794481512385559, 37.583627130072301 ], [ 126.794483159437107, 37.583627102060824 ], [ 126.794484926785586, 37.583627288385053 ], [ 126.794486634316783, 37.583627692475069 ], [ 126.794488242485755, 37.583628304179825 ], [ 126.794489708392646, 37.583629108821526 ], [ 126.794490998248762, 37.583630086368849 ], [ 126.794492080547471, 37.583631215001382 ], [ 126.794497588837658, 37.583638002538088 ], [ 126.794503721238854, 37.583637703894262 ], [ 126.794508489668956, 37.583625319192677 ], [ 126.794540901798484, 37.583547945721044 ], [ 126.794542238987034, 37.58351078260722 ], [ 126.794544512642091, 37.583454195886233 ], [ 126.794545984627831, 37.58337226330498 ], [ 126.794548230593435, 37.583325811041902 ], [ 126.794550247514636, 37.583300749724238 ], [ 126.794541928849995, 37.583228359660211 ], [ 126.794540054313529, 37.58321204869177 ], [ 126.794524581950284, 37.583080164630488 ], [ 126.794522080760231, 37.583058849302319 ], [ 126.794514625661407, 37.58300392958845 ], [ 126.794507980295009, 37.582979140977919 ], [ 126.794483594327986, 37.582905613829332 ], [ 126.794438499766358, 37.582770946028127 ], [ 126.794409369543288, 37.582685301780522 ], [ 126.794426556508157, 37.582676889593429 ], [ 126.794429094562176, 37.582655774736835 ], [ 126.794472350295052, 37.582620091603161 ], [ 126.794500713632061, 37.582598463213664 ], [ 126.794589602962034, 37.582591590888036 ], [ 126.794628066442229, 37.582602624163769 ], [ 126.794697887556637, 37.582622180359664 ], [ 126.79470793647144, 37.582636271507234 ], [ 126.79470934181947, 37.582639651803746 ], [ 126.794748614310521, 37.582766985698662 ], [ 126.794790670020518, 37.58290628972906 ], [ 126.794809082384873, 37.58296728139527 ], [ 126.794869545995937, 37.583173487090917 ], [ 126.79488126274228, 37.583223061177087 ], [ 126.794906769651931, 37.583337981595157 ], [ 126.794928285196391, 37.583426144530819 ], [ 126.794938485362806, 37.583577923784134 ], [ 126.794946296834951, 37.583758413448372 ], [ 126.794939733087418, 37.583827381442376 ], [ 126.794928275138659, 37.583942246884121 ], [ 126.794916670665785, 37.584044424239366 ], [ 126.794911382649005, 37.584101573417179 ], [ 126.794900639580504, 37.584212204137124 ], [ 126.794889165019839, 37.584333259844428 ], [ 126.794887205066914, 37.584337761126115 ], [ 126.794882772038676, 37.584405605253373 ], [ 126.794881912952988, 37.584458257979065 ], [ 126.794879876977376, 37.584515365287402 ], [ 126.794876169289523, 37.584619298735142 ], [ 126.794870996129362, 37.584762600995845 ], [ 126.794872698510517, 37.584785406855701 ], [ 126.794885607841579, 37.584977177417557 ], [ 126.794887712985059, 37.584985622893008 ], [ 126.794887477291326, 37.585005326493032 ], [ 126.794886551972837, 37.585020813128764 ], [ 126.794923134618983, 37.585163062384808 ], [ 126.794933089434281, 37.585203020388271 ], [ 126.794962388772106, 37.585197765753371 ], [ 126.795053486214272, 37.585185263920067 ], [ 126.795086159911449, 37.58519066517205 ], [ 126.795244244350584, 37.585215438684266 ], [ 126.79524734882439, 37.585243312108013 ], [ 126.795237165562213, 37.585281865441253 ], [ 126.795223570645803, 37.585334495297339 ], [ 126.795217615683882, 37.585349715753239 ], [ 126.795231236971475, 37.585340419585613 ], [ 126.795448826641874, 37.585209878367934 ], [ 126.795540086074567, 37.585154581691363 ], [ 126.795545212938464, 37.585027597818346 ], [ 126.795545432045827, 37.58501408269067 ], [ 126.795546504366399, 37.585010985790483 ], [ 126.795550728154623, 37.584891611912752 ], [ 126.795552969641861, 37.584846296198037 ], [ 126.795555239797949, 37.584795053467957 ], [ 126.795570896302408, 37.584696810238086 ], [ 126.795585108210233, 37.584609555585104 ], [ 126.795593765321129, 37.584549033856845 ], [ 126.795597275073035, 37.58449977424965 ], [ 126.795607245539927, 37.584340136815889 ], [ 126.795608342409551, 37.584333111136949 ], [ 126.795615593533199, 37.584217097463288 ], [ 126.79561573240403, 37.584214860274287 ], [ 126.795623891499574, 37.58408085323375 ], [ 126.795628346655789, 37.584008783740046 ], [ 126.795630316198398, 37.583996407528389 ], [ 126.795643052963896, 37.583869155371772 ], [ 126.79565968357818, 37.583610151085871 ], [ 126.795679641789945, 37.583364109830988 ], [ 126.795721521721475, 37.583120637477187 ], [ 126.795721777113727, 37.58312081836695 ], [ 126.795811043518512, 37.58318554863154 ], [ 126.795847921066851, 37.583216867439404 ], [ 126.796080554718472, 37.583467573637108 ], [ 126.796164851310166, 37.583564019059736 ], [ 126.796269532051355, 37.583706952494573 ], [ 126.796299528605687, 37.583738250866489 ], [ 126.796325819962078, 37.583757451038764 ], [ 126.796540280112396, 37.583870438267262 ], [ 126.796641116029917, 37.583934249889772 ], [ 126.79670862660906, 37.583954359874092 ], [ 126.796871311038544, 37.584039668920148 ], [ 126.796931137802133, 37.584091857530929 ], [ 126.79696275788541, 37.58411303077964 ], [ 126.796996675354251, 37.584142947144386 ], [ 126.797022572619696, 37.584165788916792 ], [ 126.797034735174151, 37.584181010110299 ], [ 126.797025274177855, 37.584183581159742 ], [ 126.797022352526071, 37.584184375863416 ], [ 126.797025151022325, 37.584188246644018 ], [ 126.797036811150122, 37.584204384207972 ], [ 126.797052507009695, 37.584219890533724 ], [ 126.797065267371934, 37.584235135113587 ], [ 126.797097116175351, 37.584273189012002 ], [ 126.797066551818247, 37.58429763871338 ], [ 126.797021274138061, 37.584333856956661 ], [ 126.796931342841205, 37.584405797766884 ], [ 126.796894116152131, 37.58443557249177 ], [ 126.79677231844299, 37.584534759126086 ], [ 126.79668392326731, 37.584578808034195 ], [ 126.796556782857508, 37.58468951503216 ], [ 126.796416702806482, 37.584803868179051 ], [ 126.796366358443962, 37.584844046178787 ], [ 126.796294031412231, 37.584903331218875 ], [ 126.79634440314706, 37.584951938625359 ], [ 126.796363893898373, 37.584970746724451 ], [ 126.796428736014704, 37.585030781867736 ], [ 126.796508184304173, 37.58498853207913 ], [ 126.796577473121843, 37.584951683788688 ], [ 126.796628465538731, 37.584931220880712 ], [ 126.796685006936841, 37.584908553898266 ], [ 126.79684464084967, 37.585061789317841 ], [ 126.79693179909043, 37.585145451351998 ], [ 126.796995596269937, 37.58520670577753 ], [ 126.797036080744547, 37.585245577256607 ], [ 126.79709427129211, 37.585313252705213 ], [ 126.797102274601372, 37.585323706290446 ], [ 126.797155906242878, 37.585393575451825 ], [ 126.797186455322475, 37.58538356504647 ], [ 126.797196129365147, 37.585393646406871 ], [ 126.797197008747219, 37.585393475882398 ], [ 126.797227325748267, 37.585385621883148 ], [ 126.797249129050712, 37.58541714252884 ], [ 126.797273097709876, 37.585454349972629 ], [ 126.797291233706858, 37.585479717888745 ], [ 126.797327650553171, 37.585547218524084 ], [ 126.797356005472267, 37.585599777479317 ], [ 126.797391392110981, 37.585663745033457 ], [ 126.797430428445978, 37.585751658462868 ], [ 126.797478415178418, 37.585861834069874 ], [ 126.797503562912453, 37.585919314121661 ], [ 126.79752569680646, 37.585976789751001 ], [ 126.797556077371368, 37.586187455943765 ], [ 126.797575598000336, 37.586294752677276 ], [ 126.797598290945984, 37.586405450096464 ], [ 126.797606938833084, 37.586414465344639 ], [ 126.797632649077173, 37.586456469168894 ], [ 126.797637051929598, 37.586465477180987 ], [ 126.797670338186165, 37.586515098201211 ], [ 126.797718963030903, 37.58659119888717 ], [ 126.797771984663228, 37.586674073111602 ], [ 126.797804067721358, 37.586716635784029 ], [ 126.797881614073802, 37.586824040598451 ], [ 126.797929863856496, 37.586904663670374 ], [ 126.797975358115167, 37.586961881568271 ], [ 126.798028757150448, 37.587034899107465 ], [ 126.798086048650205, 37.587109059228887 ], [ 126.798155639482275, 37.587215324130376 ], [ 126.798258890980549, 37.587367263313936 ], [ 126.798283594790036, 37.587401084090367 ], [ 126.798309350906308, 37.587436346945367 ], [ 126.798387382086759, 37.587543177447955 ], [ 126.798500020301375, 37.587691186505964 ], [ 126.798520820443983, 37.587719657136496 ], [ 126.798564671252961, 37.587794351851528 ], [ 126.798603263755965, 37.587845936600203 ], [ 126.798638157762085, 37.587896118512646 ], [ 126.798698616109689, 37.587980679635713 ], [ 126.79870866368833, 37.587991688761228 ], [ 126.79876788417684, 37.588072871497545 ], [ 126.798811143269873, 37.588103353887654 ], [ 126.798855287364844, 37.588132711244072 ], [ 126.7989625302951, 37.588169493619596 ], [ 126.799021807054075, 37.588169600511065 ], [ 126.799054662526871, 37.588148300577608 ], [ 126.799064721590909, 37.588153865673092 ], [ 126.799070685903828, 37.588149788297315 ], [ 126.799085811642101, 37.588159791912517 ], [ 126.799126884273974, 37.588186956906284 ], [ 126.799139914906277, 37.588195116559497 ], [ 126.79924119312453, 37.588146886230845 ], [ 126.799320724478122, 37.588111550119166 ], [ 126.79937395478251, 37.588088124017105 ], [ 126.799379352656132, 37.588085747689192 ], [ 126.79938944297264, 37.588080971917293 ], [ 126.799448931199706, 37.588063343363686 ], [ 126.799508934956322, 37.58805246163385 ], [ 126.799525927877824, 37.588050323563891 ], [ 126.79957512400118, 37.588044133108006 ], [ 126.799596773988881, 37.58804191901018 ], [ 126.799611366342205, 37.58802907233359 ], [ 126.7996190822209, 37.588022280585371 ], [ 126.79962028004293, 37.58802137013322 ], [ 126.799621631645394, 37.588020608412641 ], [ 126.799623108561377, 37.58802001147874 ], [ 126.799624678943104, 37.588019593563928 ], [ 126.79966390181815, 37.588011607918403 ], [ 126.799665589424521, 37.58801137186709 ], [ 126.799667303420293, 37.588011341476886 ], [ 126.799668871862238, 37.588011493194195 ], [ 126.799670400157694, 37.588011819532419 ], [ 126.799671855545824, 37.588012311283826 ], [ 126.799673209787784, 37.588012960168832 ], [ 126.799674438076323, 37.58801375432288 ], [ 126.79967856620641, 37.588016819923588 ], [ 126.799698364290506, 37.588031530017396 ], [ 126.799807110544506, 37.58802031089516 ], [ 126.799977534240426, 37.587998356634124 ], [ 126.800038945368783, 37.587990298754121 ], [ 126.800087442482038, 37.587980246221605 ], [ 126.80015115921357, 37.58796909234637 ], [ 126.80022834658449, 37.587950924787549 ], [ 126.800272244447513, 37.58794142176616 ], [ 126.8002747600258, 37.587940580410219 ], [ 126.800309958701234, 37.587928818431614 ], [ 126.800327671856294, 37.587922938563693 ], [ 126.800377104358745, 37.587893172932112 ], [ 126.800399428298093, 37.587881389593363 ], [ 126.800441964363102, 37.587848802436042 ], [ 126.800485444298417, 37.587801285721532 ], [ 126.800497872407959, 37.587794078384874 ], [ 126.800518934277136, 37.587808100901732 ], [ 126.80053905560014, 37.587824471229069 ], [ 126.800569613152277, 37.587841695670569 ], [ 126.800592770460668, 37.587848213450201 ], [ 126.800617520212825, 37.587852197091323 ], [ 126.80066133851048, 37.587849733787657 ], [ 126.800701689983299, 37.587841918526259 ], [ 126.800737886435513, 37.587834997096515 ], [ 126.800738748275549, 37.587839730610376 ], [ 126.800798465611507, 37.587939219610739 ], [ 126.800824183035246, 37.58797924975687 ], [ 126.800940074176765, 37.588166121539096 ], [ 126.800936534424551, 37.588168927163473 ], [ 126.800933150677736, 37.58817624579892 ], [ 126.800940542761893, 37.588189772662759 ], [ 126.800904741611859, 37.588215326205287 ], [ 126.800822022139855, 37.588276122560771 ], [ 126.800821426791984, 37.588276560688676 ], [ 126.800822152785273, 37.588277170686879 ], [ 126.800864320354336, 37.588312681624636 ], [ 126.800917314505199, 37.588402870411421 ], [ 126.80095660714106, 37.588468815917942 ], [ 126.800998890851432, 37.58852971361754 ], [ 126.800955000746782, 37.588540055195494 ], [ 126.800932513363989, 37.588545081256498 ], [ 126.800899952246482, 37.588552629072332 ], [ 126.800881481700443, 37.588575411795404 ], [ 126.800873253059933, 37.588613657206984 ], [ 126.800873969880627, 37.588614037309902 ], [ 126.800875391510502, 37.588615112912123 ], [ 126.800876557742612, 37.588616368170015 ], [ 126.800877436102269, 37.588617763232499 ], [ 126.800877997512799, 37.588619258268551 ], [ 126.80087822653914, 37.588620808119977 ], [ 126.800878116807283, 37.588622367682241 ], [ 126.800870449133839, 37.588664697664328 ], [ 126.800847588089951, 37.588790913297885 ], [ 126.800847189902058, 37.588792311614966 ], [ 126.800846517097696, 37.58879364340919 ], [ 126.800845587003209, 37.588794872729743 ], [ 126.800844423681596, 37.588795969975067 ], [ 126.800843056858753, 37.588796905577205 ], [ 126.800841520723765, 37.58879765720522 ], [ 126.800839852846508, 37.588798204350965 ], [ 126.800838098649336, 37.588798534664797 ], [ 126.800837152357701, 37.588798589448871 ], [ 126.800833918417823, 37.588831542054933 ], [ 126.800825700077652, 37.588860810218485 ], [ 126.800793006741685, 37.588977035774839 ], [ 126.800786948472506, 37.588998423734218 ], [ 126.800781080300212, 37.589003486925733 ], [ 126.800773370448184, 37.589041476717163 ], [ 126.800782516379201, 37.589042609797289 ], [ 126.800783773782229, 37.589042353154845 ], [ 126.800862336932823, 37.589023606569178 ], [ 126.800940046944916, 37.58900488101682 ], [ 126.801098403763447, 37.588967199280532 ], [ 126.80111751469407, 37.589023473769423 ], [ 126.801125651699905, 37.589025182210449 ], [ 126.801142451791193, 37.589093351459496 ], [ 126.801147114254306, 37.589136435872568 ], [ 126.801159599721828, 37.589163208262761 ], [ 126.80116538755739, 37.589183210722645 ], [ 126.801184822605961, 37.589257285793948 ], [ 126.80119623582182, 37.589290803737008 ], [ 126.80120997689221, 37.589313640211614 ], [ 126.801227035248786, 37.589348869860103 ], [ 126.801207357030663, 37.589365730916292 ], [ 126.801164097871137, 37.589398307748361 ], [ 126.801107390296096, 37.589437918273681 ], [ 126.801092831461204, 37.589456262576775 ], [ 126.801089986643916, 37.589459845665914 ], [ 126.801028215890881, 37.589538577487097 ], [ 126.801004591438669, 37.589570079869645 ], [ 126.800970091515921, 37.589642092362205 ], [ 126.800963854736224, 37.589654469520262 ], [ 126.800961465043088, 37.589683747873273 ], [ 126.800959102534875, 37.589712178230336 ], [ 126.800915892931499, 37.589725619005584 ], [ 126.800880125608572, 37.589738515275577 ], [ 126.800863458975897, 37.589755380590894 ], [ 126.800820713782059, 37.589794726664131 ], [ 126.800797780396721, 37.589834672302011 ], [ 126.800753611225559, 37.5898810520493 ], [ 126.80070549483392, 37.589947137727343 ], [ 126.800686837165671, 37.589971595788462 ], [ 126.800663245180587, 37.58999971918464 ], [ 126.800647241178396, 37.590031218872987 ], [ 126.800627500172922, 37.590067223824114 ], [ 126.800602571745173, 37.590124619173181 ], [ 126.800594234786828, 37.590134461928557 ], [ 126.800520000155913, 37.590308901832366 ], [ 126.800380011055793, 37.590324713483312 ], [ 126.800322644181961, 37.590326583500243 ], [ 126.800226217043644, 37.59033007776376 ], [ 126.800170482299706, 37.590331955580616 ], [ 126.800141076631363, 37.590333025966103 ], [ 126.800087075543303, 37.590351526537383 ], [ 126.800041846874649, 37.59039170394842 ], [ 126.800024447908626, 37.590415613242264 ], [ 126.800000463137792, 37.590450197649332 ], [ 126.79998413672412, 37.590470729684668 ], [ 126.799956611580953, 37.590509254453963 ], [ 126.799941173602733, 37.590527806110529 ], [ 126.799896626359299, 37.590580104157773 ], [ 126.799753029930258, 37.590753577786238 ], [ 126.799668213335792, 37.590849440822552 ], [ 126.799539329644048, 37.591012523454047 ], [ 126.799466165154698, 37.591112074351074 ], [ 126.799449652037126, 37.591134850427132 ], [ 126.799382583477922, 37.591140646301938 ], [ 126.799382552228721, 37.591152195827149 ], [ 126.799333875469998, 37.591161123925559 ], [ 126.799267494201999, 37.591176487883743 ], [ 126.799240818843629, 37.591179160603289 ], [ 126.799145924490205, 37.591188667775086 ], [ 126.799093713252972, 37.591193651273734 ], [ 126.799018382419163, 37.591219036168788 ], [ 126.799014733768288, 37.591220265552344 ], [ 126.798922801342115, 37.591263463120157 ], [ 126.798905265434797, 37.591270758018098 ], [ 126.798873384104269, 37.591286470894417 ], [ 126.798801273910939, 37.591322665567183 ], [ 126.798803521179636, 37.591408262502874 ], [ 126.798832969384634, 37.591508827266892 ], [ 126.798853133923913, 37.59157643543314 ], [ 126.798887512920771, 37.591687991511527 ], [ 126.798922238590677, 37.591797015984234 ], [ 126.798935217732776, 37.59184151898927 ], [ 126.798977469749175, 37.591980685532704 ], [ 126.798980885134867, 37.592024614360845 ], [ 126.798986166664974, 37.592102054196033 ], [ 126.798978550537299, 37.592171578513351 ], [ 126.798977751815755, 37.592203111485752 ], [ 126.798990093786387, 37.592219188897026 ], [ 126.799052149195688, 37.592300663193299 ], [ 126.798997708848859, 37.592413751257432 ], [ 126.798996818581031, 37.592416281425464 ], [ 126.798992716342696, 37.592426131186748 ], [ 126.798996608309551, 37.592426984432251 ], [ 126.799014116909319, 37.592430116005495 ], [ 126.799027949985117, 37.592430693896624 ], [ 126.799075313735983, 37.592435282665541 ], [ 126.799138422242933, 37.592444957406627 ], [ 126.799348364422684, 37.592477141317232 ], [ 126.799363368025595, 37.592478279537517 ], [ 126.799439875822387, 37.592476453304975 ], [ 126.799476650224733, 37.592469756534747 ], [ 126.79954921917296, 37.592456366158039 ], [ 126.799611531437549, 37.592442958136346 ], [ 126.799616319337602, 37.592439587613619 ], [ 126.799636174271072, 37.592424422394878 ], [ 126.799651955001025, 37.592413464765698 ], [ 126.799860758354058, 37.592266287029496 ], [ 126.799910393510217, 37.592230332459771 ], [ 126.79997447126182, 37.592153578064192 ], [ 126.799992559731976, 37.592130837400838 ], [ 126.800013167579351, 37.59210492906179 ], [ 126.800049810528449, 37.592028431933457 ], [ 126.80008563394567, 37.592031570109974 ], [ 126.800153200033066, 37.592039010193311 ], [ 126.800224089608761, 37.592046442001454 ], [ 126.800286943602927, 37.592041785191867 ], [ 126.800338290799573, 37.592157579471881 ], [ 126.800340356835918, 37.592172223995043 ], [ 126.800347568910979, 37.592193634701438 ], [ 126.800399967560537, 37.592379840279207 ], [ 126.800406731124895, 37.592413349648922 ], [ 126.800424247721466, 37.592413092040346 ], [ 126.800427326520278, 37.592423129530943 ], [ 126.800450068895628, 37.592413136024938 ], [ 126.800501240006454, 37.592413226592321 ], [ 126.800435880103365, 37.592440150568386 ], [ 126.800414634881264, 37.59244545698953 ], [ 126.800385791810967, 37.59245131775797 ], [ 126.800343975822045, 37.592472645142159 ], [ 126.800341789482417, 37.592473874221483 ], [ 126.800277523830516, 37.592509976582299 ], [ 126.800200270417434, 37.592555740827926 ], [ 126.800093061012333, 37.592624825191329 ], [ 126.799985429664986, 37.592711362208853 ], [ 126.799902984609034, 37.592775983843218 ], [ 126.799788994297728, 37.592864750716963 ], [ 126.799675153184793, 37.592956907383268 ], [ 126.799595908930627, 37.593018723907917 ], [ 126.799534196809788, 37.593073794283718 ], [ 126.799463469061024, 37.593121262434188 ], [ 126.79934771986261, 37.59319877517963 ], [ 126.799192658101106, 37.593297617926098 ], [ 126.79913290642827, 37.593343970298776 ], [ 126.798974965525829, 37.593454915908218 ], [ 126.798900490625471, 37.593506175908068 ], [ 126.798834593786069, 37.593551529898384 ], [ 126.798682698043109, 37.593650945994042 ], [ 126.798659475391958, 37.593667511539003 ], [ 126.798596222746426, 37.593726311897463 ], [ 126.798568479914465, 37.593752100961275 ], [ 126.798459222753692, 37.593852427232243 ], [ 126.798349076055146, 37.593955290776513 ], [ 126.798313251139106, 37.593988171204096 ], [ 126.798221171917518, 37.594083742080358 ], [ 126.79819117935881, 37.594116628306182 ], [ 126.798167937876826, 37.594139393020868 ], [ 126.798079195566032, 37.594240610658289 ], [ 126.797998051844004, 37.594349993547262 ], [ 126.797922225714402, 37.594452070243548 ], [ 126.797814990491176, 37.594590410901894 ], [ 126.797716607710271, 37.594722569601252 ], [ 126.797657283135081, 37.594805817179669 ], [ 126.797607898504978, 37.594882306186847 ], [ 126.797554216293463, 37.594972870073235 ], [ 126.797515099372234, 37.595042070666118 ], [ 126.797491227676062, 37.59510482731357 ], [ 126.797475325859068, 37.595161101226267 ], [ 126.797452964580614, 37.595251152957374 ], [ 126.797445011347406, 37.595314774989035 ], [ 126.797442266574748, 37.595345746533326 ], [ 126.797441805532628, 37.595451890356458 ], [ 126.797444321525887, 37.595567058033943 ], [ 126.797425754675416, 37.595690623227377 ], [ 126.79741300209659, 37.595761562558316 ], [ 126.797368478559235, 37.595997416496331 ], [ 126.79736453422467, 37.596019943501581 ], [ 126.797359888539106, 37.59603429573415 ], [ 126.797339466443859, 37.596127449649593 ], [ 126.797323286756466, 37.59621865579706 ], [ 126.797314481368034, 37.596265662944177 ], [ 126.79730390920092, 37.59631913475755 ], [ 126.797297983996827, 37.596348966096791 ], [ 126.797292273317581, 37.596370921951362 ], [ 126.797279532041941, 37.596434248655683 ], [ 126.79726876299938, 37.596487449792981 ], [ 126.797261754679099, 37.596529100187603 ], [ 126.797249329256601, 37.59660424526124 ], [ 126.797243468172596, 37.59664255042243 ], [ 126.797235287284579, 37.596696014832553 ], [ 126.797230997229377, 37.596712052868376 ], [ 126.797219233100478, 37.596810583388425 ], [ 126.79720394783881, 37.59689783346947 ], [ 126.797189373455495, 37.596985375305977 ], [ 126.797183231806926, 37.597032666896538 ], [ 126.797180357639832, 37.597047869712142 ], [ 126.797175058083411, 37.597110650338443 ], [ 126.797168711896376, 37.597170050135404 ], [ 126.797164181261451, 37.597208046843299 ], [ 126.797147557941571, 37.597336128398119 ], [ 126.797141767955353, 37.597378905491809 ], [ 126.797139816002485, 37.597384821041324 ], [ 126.797131728662919, 37.597426757929007 ], [ 126.797116464692039, 37.59750979257533 ], [ 126.797102270054808, 37.597590298133824 ], [ 126.79709163181505, 37.597662917465534 ], [ 126.797082229286374, 37.597738925059673 ], [ 126.797114590708588, 37.597743198135738 ], [ 126.797151695468955, 37.59774551471304 ], [ 126.797224066508946, 37.597745926753028 ], [ 126.79731202484632, 37.59772213879549 ], [ 126.797353813855409, 37.597711796018309 ], [ 126.797411360420625, 37.597695281859131 ], [ 126.797468037340693, 37.597674270245271 ], [ 126.797476886397504, 37.597672024517557 ], [ 126.797483848110303, 37.597669547629273 ], [ 126.797507878209714, 37.597726424247071 ], [ 126.79753004356111, 37.597774042972702 ], [ 126.79753619481906, 37.597785596834015 ], [ 126.797540156686694, 37.597827841613828 ], [ 126.797543741334408, 37.597875146942279 ], [ 126.797554908012003, 37.597932317433902 ], [ 126.79755558185218, 37.597943301497722 ], [ 126.79755693472309, 37.59803255515471 ], [ 126.797556544291183, 37.598043478803888 ], [ 126.797555978639224, 37.598059303766732 ], [ 126.797556791845452, 37.598151376287255 ], [ 126.797554681007341, 37.598211063591968 ], [ 126.797548831085905, 37.598279751897401 ], [ 126.797541472104001, 37.598382794583571 ], [ 126.797539838496434, 37.59839714221166 ], [ 126.797540982824955, 37.598624364536064 ], [ 126.79754866323664, 37.598731369763222 ], [ 126.79754945991175, 37.598762905874985 ], [ 126.797551220286394, 37.598765439186735 ], [ 126.797553222088609, 37.598807960720094 ], [ 126.797564598905609, 37.598854722946172 ], [ 126.797577906381335, 37.598907958325498 ], [ 126.797597198783819, 37.598966835620551 ], [ 126.797621583740295, 37.599130498063381 ], [ 126.79762292107732, 37.599139471591876 ], [ 126.797639481681216, 37.599261681979534 ], [ 126.797642347225903, 37.599282824499348 ], [ 126.797652881288201, 37.599310431956283 ], [ 126.797737060997505, 37.599522873464402 ], [ 126.797798314837834, 37.599704581820234 ], [ 126.797865203874423, 37.599896156317591 ], [ 126.797923451980182, 37.600013105706132 ], [ 126.797952166006098, 37.600059887198654 ], [ 126.798052966459025, 37.600208155916732 ], [ 126.798121919006206, 37.600294994916773 ], [ 126.798173930670202, 37.600336421277682 ], [ 126.798258393580213, 37.600271020699367 ], [ 126.798361603654016, 37.600186451082386 ], [ 126.798534902833552, 37.600086628291599 ], [ 126.798639179947855, 37.600229718283394 ], [ 126.798703904272799, 37.600305577006111 ], [ 126.798770395223173, 37.600387066907814 ], [ 126.798758001799229, 37.600392387752343 ], [ 126.798766999071134, 37.600403106696028 ], [ 126.798666013280723, 37.600448539545198 ], [ 126.798672463253297, 37.600458362755155 ], [ 126.798692164063951, 37.600452263326751 ], [ 126.798729314630606, 37.600500175461541 ], [ 126.798799929701175, 37.600559418792109 ], [ 126.798829992360993, 37.600563976084608 ], [ 126.799035772676959, 37.600760580631515 ], [ 126.799084025534398, 37.60084399543625 ], [ 126.79912483943076, 37.600868562122372 ], [ 126.799132034122493, 37.600888009665596 ], [ 126.799172550209562, 37.601022098343243 ], [ 126.799172528066478, 37.601031100733877 ], [ 126.799186219029593, 37.601072237789673 ], [ 126.799221155261222, 37.601104956354085 ], [ 126.799231768482002, 37.601108633722731 ], [ 126.799218467133784, 37.601119313060941 ], [ 126.799455318573877, 37.601209250045351 ], [ 126.799689517091295, 37.601303694607331 ], [ 126.799697573367467, 37.601307990398965 ], [ 126.799720784097829, 37.601320362831871 ], [ 126.799823449804393, 37.601370370475649 ], [ 126.799839881852421, 37.601378841354176 ], [ 126.799928883569692, 37.601444036435538 ], [ 126.799956041895641, 37.601480400507128 ], [ 126.799966258182465, 37.601496465189527 ], [ 126.800006735055646, 37.601579316122717 ], [ 126.800015810763043, 37.601623531702387 ], [ 126.799970459982418, 37.601710454130171 ], [ 126.799901955977759, 37.601783551537515 ], [ 126.799785896166, 37.601912022309918 ], [ 126.799796552183764, 37.601963000973342 ], [ 126.799846194790192, 37.602123010926519 ], [ 126.799886573572564, 37.602242459964707 ], [ 126.799892539489562, 37.602259724349452 ], [ 126.799896406523075, 37.602270909405888 ], [ 126.799917300295562, 37.602392019367748 ], [ 126.799919663865992, 37.602502106054885 ], [ 126.799940964223282, 37.602544659984943 ], [ 126.800379361893718, 37.602961274681498 ], [ 126.80104952584513, 37.603592532355819 ], [ 126.80148212169955, 37.604002366596553 ], [ 126.801697818463879, 37.604201794046354 ], [ 126.802091417048828, 37.604571303971639 ], [ 126.80218516998471, 37.604659570730455 ], [ 126.80231011206395, 37.604777205180135 ], [ 126.802581401474043, 37.605032748586652 ], [ 126.802877670948519, 37.60481223025014 ], [ 126.80303291899034, 37.604695734118515 ], [ 126.80321067297578, 37.604562349881213 ], [ 126.803367724882278, 37.604444497528903 ], [ 126.803884379203907, 37.604058510800222 ], [ 126.80442158566548, 37.603655371542871 ], [ 126.804843195938972, 37.60334213838722 ], [ 126.805253797868275, 37.603036208194915 ], [ 126.805623978370974, 37.602760896787871 ], [ 126.805863859980519, 37.602580252924625 ], [ 126.806135347106078, 37.602421624697705 ], [ 126.806182406653164, 37.602394316946423 ], [ 126.80644937058895, 37.602239407338722 ], [ 126.806618019809065, 37.602143654541507 ], [ 126.807237042754807, 37.601792187677724 ], [ 126.808239683762807, 37.601208196209413 ], [ 126.808442664400289, 37.60106015550123 ], [ 126.809021440145358, 37.600643262400595 ], [ 126.809336080693868, 37.600416742075915 ], [ 126.80936481054286, 37.600396060537079 ], [ 126.810076881353879, 37.599886468330183 ], [ 126.810539357639726, 37.599551878986894 ], [ 126.810930712031023, 37.599273044641954 ], [ 126.810939728552327, 37.599266621196001 ], [ 126.811014476605905, 37.599213365084935 ], [ 126.811368921260552, 37.5989608229319 ], [ 126.812381601950946, 37.598439882832388 ], [ 126.813243358523422, 37.5979899994745 ], [ 126.813953234762806, 37.597619400733727 ], [ 126.81451958565124, 37.597198247406034 ], [ 126.815150452553112, 37.596727066629072 ], [ 126.815885716341484, 37.596181446011926 ], [ 126.816556267947988, 37.595681607001808 ], [ 126.81752598820502, 37.595330332808174 ], [ 126.818309602454974, 37.594237585306459 ], [ 126.818365181109229, 37.594160082269667 ], [ 126.818682868263267, 37.593715789603287 ], [ 126.81884431542241, 37.593490195926002 ], [ 126.819302532206407, 37.592849756121105 ], [ 126.820053937322271, 37.592403520224963 ], [ 126.820243521555156, 37.592286962649496 ], [ 126.820466959112792, 37.592145960751409 ], [ 126.820688618554698, 37.592004962610943 ], [ 126.820998171036592, 37.591807788288023 ], [ 126.821239688019688, 37.591651611261419 ], [ 126.821527628910374, 37.591466782129395 ], [ 126.821720416765871, 37.591340936965942 ], [ 126.821887675140701, 37.591237297952439 ], [ 126.822140523003384, 37.591078417048756 ], [ 126.822239908850349, 37.591015966353837 ], [ 126.822539177065337, 37.59082693553615 ], [ 126.822668357236665, 37.590740690749364 ], [ 126.823651894942074, 37.590116839189733 ], [ 126.824756960066409, 37.589416850073931 ], [ 126.825218867369699, 37.58912388386468 ], [ 126.825332572419399, 37.589068020038575 ], [ 126.825509565633183, 37.588956788119376 ], [ 126.825702862884512, 37.588835162920731 ], [ 126.825917069825678, 37.588699209288507 ], [ 126.826126519270758, 37.588567347209626 ], [ 126.826146856204716, 37.588554545355095 ], [ 126.826349534445413, 37.588429268142249 ], [ 126.82656214037199, 37.588295002302068 ], [ 126.826653275583539, 37.588237799717781 ], [ 126.826688319510922, 37.588215869101681 ], [ 126.8267462255167, 37.588179553750145 ], [ 126.826958467624209, 37.588046413583605 ], [ 126.827196763773827, 37.587896130292876 ], [ 126.827449227298914, 37.587738551598115 ], [ 126.827658466623959, 37.58760539754968 ], [ 126.827811763569215, 37.587484837106437 ], [ 126.828373812212348, 37.587251405819252 ], [ 126.828808184275402, 37.587069593743031 ], [ 126.830055154017629, 37.586552498013198 ], [ 126.830907370950939, 37.58619768211058 ], [ 126.831301216764089, 37.586033702862117 ], [ 126.831759649444948, 37.585843184831198 ], [ 126.831927486630292, 37.585725325077327 ], [ 126.831930102418482, 37.585723488534924 ], [ 126.832716391322748, 37.585241699694414 ], [ 126.832955611370849, 37.585095116148501 ], [ 126.834180196408113, 37.584354662402951 ], [ 126.83458691046657, 37.584106631790263 ], [ 126.835815346377629, 37.583365328068886 ], [ 126.83621761713384, 37.583122347595122 ], [ 126.836655478708877, 37.582861394766404 ], [ 126.837149148900494, 37.582563341846267 ], [ 126.83809794039702, 37.581792911904202 ], [ 126.839059593141741, 37.581220500892776 ], [ 126.839137121421587, 37.581174351984416 ], [ 126.839171040951456, 37.581154296012649 ], [ 126.839256689576189, 37.581103655145832 ], [ 126.83965755353347, 37.580866636173802 ], [ 126.839703376899976, 37.580839542286633 ], [ 126.83973847105473, 37.580818791478542 ], [ 126.8416300403874, 37.579700318950742 ], [ 126.841830343383407, 37.579581876036414 ], [ 126.841974167060258, 37.579494503474599 ], [ 126.84233370594427, 37.579282977239615 ], [ 126.842411048690053, 37.579261971578219 ], [ 126.843240226617283, 37.578879040836803 ], [ 126.844071416159053, 37.578289719486492 ], [ 126.844081613324221, 37.578282487918287 ], [ 126.844579859754091, 37.577929174971757 ], [ 126.846074860265659, 37.576869019219401 ], [ 126.846392351822587, 37.576643868011722 ], [ 126.846827936952579, 37.576334967974674 ], [ 126.847296518239062, 37.576002661585704 ], [ 126.847706149753762, 37.575683377319372 ], [ 126.848381278763412, 37.575157145101819 ], [ 126.848503807027228, 37.575082015091688 ], [ 126.849324929500455, 37.57457852615147 ], [ 126.849601528286414, 37.574408921986148 ], [ 126.850127549151253, 37.574086372069345 ], [ 126.850856274036133, 37.573639516703331 ], [ 126.851287258560802, 37.573375231531678 ], [ 126.851345581681954, 37.573339299206133 ], [ 126.851849111640789, 37.573029080752079 ], [ 126.852347157831304, 37.572722234395911 ], [ 126.852541153346692, 37.572590100238571 ], [ 126.852640105049574, 37.572522701657086 ], [ 126.852924917582342, 37.572319772404583 ], [ 126.853060231736293, 37.572224496012659 ], [ 126.853522343657417, 37.571895932678245 ], [ 126.853631796611168, 37.571790547866058 ], [ 126.853628605807828, 37.573739337112116 ], [ 126.853628547630549, 37.573798737838572 ], [ 126.853697481682886, 37.573812123414264 ], [ 126.854133482734312, 37.573896785851503 ], [ 126.854834154289733, 37.574037312820515 ], [ 126.855766285773925, 37.574221475564855 ], [ 126.857340241984531, 37.57453199580894 ], [ 126.857654191450422, 37.574593613970542 ], [ 126.857749546732492, 37.574612329968076 ], [ 126.85835071444302, 37.574730316399865 ], [ 126.85928568974488, 37.574915301494073 ], [ 126.859285698981154, 37.574915677403233 ], [ 126.8592941270621, 37.575240527539378 ], [ 126.859294169146196, 37.575240902725469 ], [ 126.860362601184448, 37.57566367597947 ], [ 126.860693268068459, 37.575793721705146 ], [ 126.861115908204113, 37.575959935771571 ], [ 126.86185506596064, 37.576252784722499 ], [ 126.862025993662542, 37.576319713791044 ], [ 126.862611396247942, 37.576549031499503 ], [ 126.862692151895814, 37.576581162253952 ], [ 126.863253709744882, 37.576804592084315 ], [ 126.863387510107998, 37.576857681627288 ], [ 126.863415737556906, 37.576868713935482 ], [ 126.863249064231624, 37.57696830634341 ], [ 126.863247621748812, 37.576969333301285 ], [ 126.863246418956464, 37.576970540017506 ], [ 126.863245492376691, 37.576971893339461 ], [ 126.863244869548836, 37.576973351052722 ], [ 126.863244566664847, 37.576974873585677 ], [ 126.86324459431583, 37.576976414125731 ], [ 126.863244951745443, 37.576977928503112 ], [ 126.863245628005359, 37.576979372493071 ], [ 126.863246603072355, 37.576980703624614 ], [ 126.863407537672344, 37.577162635605447 ], [ 126.863408672218583, 37.577163725135094 ], [ 126.86341000739499, 37.577164660716143 ], [ 126.863411509435423, 37.577165417830273 ], [ 126.863413142262729, 37.577165977354788 ], [ 126.863414865193292, 37.577166329155553 ], [ 126.863416636434053, 37.577166460388398 ], [ 126.863418410702565, 37.577166369006449 ], [ 126.863420144935134, 37.577166058382836 ], [ 126.863421798310071, 37.577165534606813 ], [ 126.86342332653922, 37.577164811860989 ], [ 126.863728959556482, 37.576993217503116 ], [ 126.863730338774886, 37.576992304668586 ], [ 126.863730830692319, 37.576991856649826 ], [ 126.864248844003384, 37.577194303585998 ], [ 126.864818347530189, 37.577416552868613 ], [ 126.864941186377237, 37.577472439820546 ], [ 126.865819397791284, 37.577484413389286 ], [ 126.867332778462313, 37.57750503128397 ], [ 126.868009554344709, 37.577515445485638 ], [ 126.868219292621063, 37.577518672839304 ], [ 126.86837937146538, 37.577521135675269 ], [ 126.868799302917765, 37.577612834518469 ], [ 126.86957045941891, 37.577782434442817 ], [ 126.869791417559483, 37.577831028419894 ], [ 126.870600532088233, 37.57800846944 ], [ 126.871443071774863, 37.578092450738723 ], [ 126.871570679074225, 37.578102506800327 ], [ 126.872147247824131, 37.578147934290548 ], [ 126.873084866396127, 37.578221803474619 ], [ 126.873915250959158, 37.578280700295522 ], [ 126.87519538309499, 37.578274481160136 ], [ 126.876260486345302, 37.578185234318802 ], [ 126.87625922082178, 37.578962514215846 ], [ 126.876387922817926, 37.578983475280751 ], [ 126.876443739768376, 37.578977312039051 ], [ 126.876444083239164, 37.578977274194436 ], [ 126.876754149389313, 37.578943039241359 ], [ 126.87702730008418, 37.578908733942249 ], [ 126.877076497459683, 37.578902554393828 ], [ 126.877077802896537, 37.578904637070657 ], [ 126.877127667188887, 37.578984256046475 ], [ 126.877259162578625, 37.579159241200827 ], [ 126.87729305730187, 37.57920039315934 ], [ 126.877427209296556, 37.579363266400094 ], [ 126.877449806356523, 37.579399350877374 ], [ 126.877522132046877, 37.579514847933972 ], [ 126.877587926622724, 37.579625856081798 ], [ 126.877631558862305, 37.579748146599833 ], [ 126.87762910051319, 37.579752045456971 ], [ 126.877543442302922, 37.579887932391543 ], [ 126.877475050727384, 37.579965983861058 ], [ 126.877426116357483, 37.580021831533735 ], [ 126.877367420329534, 37.58011496663341 ], [ 126.877367533104191, 37.580115296217606 ], [ 126.877367657990959, 37.580115667327327 ], [ 126.877389243073736, 37.580179185086116 ], [ 126.877424489336946, 37.580222934583517 ], [ 126.877455085917049, 37.580260910797527 ], [ 126.877469510346657, 37.580307660090668 ], [ 126.877469541717403, 37.580307973021306 ], [ 126.877476823347408, 37.580383404058779 ], [ 126.877461946306269, 37.580499958171302 ], [ 126.877417845451447, 37.580639565864765 ], [ 126.877261007636108, 37.580771179727734 ], [ 126.877161167132599, 37.580854964355979 ], [ 126.876919232386996, 37.581033499563105 ], [ 126.87666271459166, 37.581259601210839 ], [ 126.876625376655767, 37.581375564280876 ], [ 126.876625448162528, 37.581375953136238 ], [ 126.876664417655817, 37.581593664086554 ], [ 126.876671300178018, 37.5816321155583 ], [ 126.876671371700269, 37.581632502611022 ], [ 126.876949499459869, 37.582024678598899 ], [ 126.87695832381047, 37.582037123112784 ], [ 126.876974027148904, 37.582066178681721 ], [ 126.877049655154167, 37.582206116130081 ], [ 126.877068914474947, 37.582394790778679 ], [ 126.877081798175112, 37.582521125726124 ], [ 126.877084308959766, 37.582545745565305 ], [ 126.87708805047923, 37.582653870257417 ], [ 126.877091060760037, 37.582740878095045 ], [ 126.877098415144133, 37.582892918920088 ], [ 126.877075273581369, 37.582982155664666 ], [ 126.877062110292158, 37.583027190161566 ], [ 126.877044871333936, 37.583076374549364 ], [ 126.876995814681322, 37.583216328115057 ], [ 126.876989308871075, 37.583354703569945 ], [ 126.876987752091352, 37.583387799773526 ], [ 126.87711434557211, 37.583564341867522 ], [ 126.877146679224992, 37.583609432575216 ], [ 126.877250779169088, 37.583774251971853 ], [ 126.877264947811824, 37.583822401498772 ], [ 126.87733116143427, 37.584047485530022 ], [ 126.877331245690428, 37.584047840201123 ], [ 126.877293709708752, 37.584173659436793 ], [ 126.877192127462195, 37.584224653102055 ], [ 126.877164988867634, 37.584238276972471 ], [ 126.877049690967624, 37.584238665415057 ], [ 126.876973765784598, 37.584238921765035 ], [ 126.876778793960895, 37.584146076595623 ], [ 126.8767037874495, 37.584149588756134 ], [ 126.876696354672546, 37.584149936181809 ], [ 126.876623441913239, 37.584164500762419 ], [ 126.876561753090684, 37.584244677234672 ], [ 126.876537933629507, 37.584440052964183 ], [ 126.876745712075149, 37.58463725839222 ], [ 126.876924893559888, 37.584748666281101 ], [ 126.877001926422423, 37.584785982757474 ], [ 126.877086811777147, 37.584827104619393 ], [ 126.877149862531255, 37.584891353156955 ], [ 126.877193305507731, 37.584935622757207 ], [ 126.877247131683234, 37.58511932671837 ], [ 126.87724720160719, 37.585119634444176 ], [ 126.877257021653946, 37.585359294837517 ], [ 126.877265721729273, 37.585571610774046 ], [ 126.877300125924094, 37.585655688087641 ], [ 126.877301728794649, 37.58565960655568 ], [ 126.877542272508705, 37.586247481647334 ], [ 126.877744135002104, 37.586274053914863 ], [ 126.878213601483395, 37.586335845989346 ], [ 126.878465156672064, 37.586368954816209 ], [ 126.878844525653534, 37.586548869107496 ], [ 126.878871545897439, 37.586561684135091 ], [ 126.879016281635288, 37.586678096586027 ], [ 126.879133022398719, 37.586771993059052 ], [ 126.879170802245937, 37.586890981139994 ], [ 126.879205009262108, 37.586998719723319 ], [ 126.879263790636799, 37.587187708103201 ], [ 126.879263844452495, 37.587188047289921 ], [ 126.879281748680128, 37.587308157524568 ], [ 126.879322762425986, 37.587583363807589 ], [ 126.87932282829675, 37.587583751729987 ], [ 126.879437351379295, 37.587874717735879 ], [ 126.879438985095632, 37.587878350611568 ], [ 126.879539581871995, 37.588102042117278 ], [ 126.879592289949557, 37.588217810512411 ], [ 126.879606750538358, 37.588244575182891 ], [ 126.879627226655003, 37.588275852027699 ], [ 126.87965615090161, 37.588326561984061 ], [ 126.879794807446928, 37.588573907941026 ], [ 126.879796937040268, 37.588577709263525 ], [ 126.879900815608551, 37.588763224329156 ], [ 126.879940266433863, 37.588846943386841 ], [ 126.879988334795058, 37.588948953512009 ], [ 126.879989239733192, 37.58895087361185 ], [ 126.880002896144845, 37.588979854006254 ], [ 126.880034100759872, 37.5890469784188 ], [ 126.880034454633474, 37.589047740106658 ], [ 126.880044512678225, 37.589066328080072 ], [ 126.880058394361555, 37.589086179984051 ], [ 126.880106293545211, 37.589154680976385 ], [ 126.880222427342204, 37.589320761435133 ], [ 126.880349139342854, 37.589506159835118 ], [ 126.880597192619234, 37.58971447964651 ], [ 126.88066591895182, 37.589771148759361 ], [ 126.880754990608111, 37.589828110250807 ], [ 126.880851837452994, 37.589888458232736 ], [ 126.881004368072993, 37.589982938057346 ], [ 126.881152315233606, 37.590062213296683 ], [ 126.881278344451232, 37.590125691055221 ], [ 126.881723640741029, 37.590349136531643 ], [ 126.881731234465903, 37.590358433063976 ], [ 126.881986134318169, 37.590539824954199 ], [ 126.881907656537436, 37.590619231209438 ], [ 126.881900921289088, 37.590625692791804 ], [ 126.881886745993825, 37.590639194529565 ], [ 126.88188690658383, 37.590639499121899 ], [ 126.881900952934032, 37.590652271649326 ], [ 126.882055831745021, 37.590792433269456 ], [ 126.882056063380418, 37.590792639086175 ], [ 126.882042878961229, 37.59080575845416 ], [ 126.882030897180698, 37.590817679928051 ], [ 126.882072021654565, 37.590880503160491 ], [ 126.88210861525674, 37.590916349912384 ], [ 126.882180846340503, 37.590987110899064 ], [ 126.882183581207229, 37.590989789573257 ], [ 126.882249544944841, 37.591054409335634 ], [ 126.882323027829386, 37.591126554032662 ], [ 126.882377450348613, 37.591164341747742 ], [ 126.88239568261632, 37.59117706942066 ], [ 126.882681590694943, 37.591376657847619 ], [ 126.882808856257284, 37.59144858598485 ], [ 126.882922862814283, 37.591514302038746 ], [ 126.883348797191346, 37.591787844739883 ], [ 126.883523550072155, 37.591837795879435 ], [ 126.883575149576046, 37.591852544489889 ], [ 126.883718062670994, 37.592002819348458 ], [ 126.883767316841499, 37.592054611482823 ], [ 126.88411238612953, 37.592454208701113 ], [ 126.884334192159983, 37.592719650239495 ], [ 126.884475278803734, 37.592891546779988 ], [ 126.884637617584644, 37.593164255151784 ], [ 126.88484416593495, 37.593428476871352 ], [ 126.884856563549206, 37.593444335649494 ], [ 126.884922293591799, 37.593531146358437 ], [ 126.884914746592116, 37.593535353236 ], [ 126.884913389027545, 37.593536243894768 ], [ 126.884912221627744, 37.593537288772168 ], [ 126.884911270630212, 37.593538465471475 ], [ 126.884910560059012, 37.593539745275017 ], [ 126.8849101419909, 37.593540994154743 ], [ 126.884909923532561, 37.593542488337555 ], [ 126.884910011711312, 37.593543885872457 ], [ 126.884910371982357, 37.59354525508116 ], [ 126.884910993285828, 37.593546563457835 ], [ 126.88493471723838, 37.593586785857958 ], [ 126.884935667054876, 37.593588092341101 ], [ 126.884936876343261, 37.593589252356814 ], [ 126.884938312492707, 37.59359023689229 ], [ 126.88493948476733, 37.593590801831382 ], [ 126.884939933823276, 37.593591017788832 ], [ 126.884941696345194, 37.593591572283707 ], [ 126.884943551478486, 37.593591884801 ], [ 126.88494544492039, 37.593591946945672 ], [ 126.884946059384603, 37.593591884349983 ], [ 126.885017719411437, 37.593663852011346 ], [ 126.885019063716129, 37.59366498568955 ], [ 126.885020632846434, 37.593665915935247 ], [ 126.885022379414352, 37.593666619968062 ], [ 126.885024252648705, 37.593667073187277 ], [ 126.885026194892987, 37.593667261772396 ], [ 126.885027432261069, 37.593667212336626 ], [ 126.885087122477316, 37.593736037711636 ], [ 126.885086982639365, 37.593736374985184 ], [ 126.885086696896792, 37.593737786795899 ], [ 126.885086696453925, 37.593739217218456 ], [ 126.885086980474739, 37.59374063019493 ], [ 126.885087541356668, 37.593741986026807 ], [ 126.885088364582288, 37.593743259400981 ], [ 126.885153070259747, 37.593826185279397 ], [ 126.885154126781458, 37.593827327371592 ], [ 126.885155394069272, 37.593828322742155 ], [ 126.885156841733036, 37.593829147797969 ], [ 126.885158433689455, 37.593829782521588 ], [ 126.885160130419962, 37.593830211384365 ], [ 126.885161890110993, 37.593830422451084 ], [ 126.885163670882193, 37.59383041189821 ], [ 126.885165428565557, 37.593830178594352 ], [ 126.88516711666098, 37.593829729507959 ], [ 126.885168695427438, 37.593829076149426 ], [ 126.885171773237332, 37.593827546386272 ], [ 126.885172571894358, 37.593828777268911 ], [ 126.885173675693281, 37.59382995566078 ], [ 126.885219931850045, 37.5938717798808 ], [ 126.885241823730951, 37.593891568335472 ], [ 126.885243230853405, 37.59389264014591 ], [ 126.885244845855482, 37.59389350302714 ], [ 126.885246623621867, 37.593894133309334 ], [ 126.88524850993845, 37.593894511782032 ], [ 126.885250450524424, 37.593894627346366 ], [ 126.885252386501463, 37.593894476991714 ], [ 126.88525426345528, 37.59389406584264 ], [ 126.885256022396334, 37.593893404408021 ], [ 126.885257613315133, 37.59389251315811 ], [ 126.885261865251891, 37.593889671750603 ], [ 126.885313040170161, 37.593855447648181 ], [ 126.885314333054808, 37.593854433164594 ], [ 126.885315402894932, 37.593853267897089 ], [ 126.885316226791886, 37.593851981470621 ], [ 126.885316781832117, 37.59385060531276 ], [ 126.885317051831592, 37.593849178998092 ], [ 126.885317034250633, 37.593847735862902 ], [ 126.885316726519861, 37.59384631284879 ], [ 126.885316136264279, 37.593844946950291 ], [ 126.88531528018531, 37.593843673406617 ], [ 126.885314179522553, 37.593842526579273 ], [ 126.885281051322409, 37.593813166885205 ], [ 126.885294801995016, 37.593803639242687 ], [ 126.885409994726501, 37.593882705191994 ], [ 126.885720759603117, 37.593939878831328 ], [ 126.885796283949958, 37.593953757713379 ], [ 126.885976375244979, 37.593962094754858 ], [ 126.886093506008635, 37.593959112225193 ], [ 126.88619065608782, 37.593957376776252 ], [ 126.886272913935883, 37.59395590812143 ], [ 126.886365449207673, 37.593954030456487 ], [ 126.886465379395204, 37.593914173584466 ], [ 126.886683041152722, 37.593827357601945 ], [ 126.886732789863913, 37.593807413495334 ], [ 126.886799254370601, 37.59380598859704 ], [ 126.886845674743185, 37.593804991322671 ], [ 126.886869317360308, 37.593811084614394 ], [ 126.88703649330543, 37.593854162655248 ], [ 126.887154425433636, 37.593884657161034 ], [ 126.887214397560243, 37.593900163320129 ], [ 126.887272331673856, 37.593915143302702 ], [ 126.887287552524057, 37.593907399598805 ], [ 126.887303193786707, 37.593923122633264 ], [ 126.88733768860935, 37.593919776560327 ], [ 126.887321123551331, 37.593890586335746 ], [ 126.887317225428674, 37.59388371772674 ], [ 126.887251213803893, 37.593779203684392 ], [ 126.887181663218826, 37.593678334270784 ], [ 126.887170709219475, 37.593666494189918 ], [ 126.887007297383022, 37.593510637815868 ], [ 126.886986981584471, 37.593489786179937 ], [ 126.886955039738879, 37.59343822682392 ], [ 126.886919045263625, 37.593377934064726 ], [ 126.886882650234313, 37.59334327509891 ], [ 126.886762173277404, 37.593225741912093 ], [ 126.88671518342565, 37.593173330954556 ], [ 126.886710096109425, 37.593146575309753 ], [ 126.88671911435074, 37.59315024194747 ], [ 126.886721434161373, 37.593135892064488 ], [ 126.886677517088941, 37.593044335676993 ], [ 126.886620446260864, 37.5928857702608 ], [ 126.886598496872537, 37.59281694981253 ], [ 126.886598381987852, 37.592816594087843 ], [ 126.886563403953232, 37.592706923929953 ], [ 126.886527966033256, 37.592667225031896 ], [ 126.886522633464367, 37.59266125027905 ], [ 126.886438885996085, 37.592567429005655 ], [ 126.886404642939439, 37.592517281648604 ], [ 126.886271598226855, 37.592310774518474 ], [ 126.886270324270356, 37.592308799369306 ], [ 126.886215094300482, 37.592327883750194 ], [ 126.886175351194467, 37.592175243483602 ], [ 126.886161733536341, 37.59214242520607 ], [ 126.886144148340421, 37.592100044715139 ], [ 126.885995086916893, 37.591936594761407 ], [ 126.885899492004043, 37.591854845295011 ], [ 126.885769444452606, 37.591748293676154 ], [ 126.885766764810811, 37.591744251645949 ], [ 126.885715268662395, 37.591666584740658 ], [ 126.885704486587031, 37.59165166914547 ], [ 126.885741651694616, 37.591640429081302 ], [ 126.885742239876649, 37.591640254578543 ], [ 126.885743848773714, 37.591639650041017 ], [ 126.88574531880505, 37.591638851894174 ], [ 126.885746613562276, 37.591637879777998 ], [ 126.88574770112325, 37.591636758763876 ], [ 126.885748554059418, 37.591635518453238 ], [ 126.885749150635277, 37.591634184871829 ], [ 126.885749478102539, 37.591632793105539 ], [ 126.88574952599312, 37.591631376449428 ], [ 126.885749296253834, 37.591629973671253 ], [ 126.885749165429431, 37.591629490773911 ], [ 126.885744022587929, 37.591609958126092 ], [ 126.885743853080271, 37.5916085313252 ], [ 126.885743422125415, 37.591607216732406 ], [ 126.885742745973332, 37.591605966661312 ], [ 126.885742474157325, 37.591605548827957 ], [ 126.885696224831989, 37.591534776522835 ], [ 126.885695935567128, 37.591534414481593 ], [ 126.885695329426227, 37.591533328818343 ], [ 126.885659067810479, 37.59148013682573 ], [ 126.885658024780625, 37.591478872225778 ], [ 126.885656730142301, 37.591477763149221 ], [ 126.885655222132044, 37.591476843144648 ], [ 126.885653541303569, 37.591476139463268 ], [ 126.885651736250423, 37.591475665878164 ], [ 126.885649857801795, 37.591475439779288 ], [ 126.885647956883275, 37.591475466839753 ], [ 126.885646090135495, 37.591475746453057 ], [ 126.885644307462542, 37.591476270766911 ], [ 126.885642659960325, 37.591477024724462 ], [ 126.885597655980206, 37.591501834176029 ], [ 126.885595394032336, 37.591498379285341 ], [ 126.885561185129248, 37.591427672307006 ], [ 126.885540203629532, 37.591384854018131 ], [ 126.885536399141756, 37.591325439557409 ], [ 126.885533638700338, 37.591280667380431 ], [ 126.885502582420727, 37.59122799096339 ], [ 126.885493052400335, 37.591211936264479 ], [ 126.885476481832711, 37.591143763719252 ], [ 126.885467039544992, 37.591104919109839 ], [ 126.885478742030102, 37.591035433597312 ], [ 126.885484535502925, 37.591001034400456 ], [ 126.885489361676719, 37.590970349994485 ], [ 126.88554034969944, 37.59094675158714 ], [ 126.885562295825864, 37.590936565329891 ], [ 126.88562993073387, 37.590905168625738 ], [ 126.885638629226051, 37.590889131304493 ], [ 126.885651938350264, 37.590863798131963 ], [ 126.885714118457926, 37.590807269782978 ], [ 126.885726924857536, 37.59072636911511 ], [ 126.885735730121979, 37.590670737402853 ], [ 126.885769466966252, 37.590542786674632 ], [ 126.885775958049607, 37.590518167919278 ], [ 126.885810514241768, 37.590072306385359 ], [ 126.885814580102547, 37.590019853359003 ], [ 126.885832510460048, 37.589997406862921 ], [ 126.885880876720393, 37.589936856864412 ], [ 126.885871885116615, 37.589806763910353 ], [ 126.885860203950301, 37.589812383373165 ], [ 126.885859558949818, 37.589810790054102 ], [ 126.885835705322492, 37.589751831898205 ], [ 126.885826533353935, 37.589729297553006 ], [ 126.885807618804449, 37.589684336755759 ], [ 126.885786425639225, 37.589633960566999 ], [ 126.885795932007696, 37.589649982674658 ], [ 126.885796910987082, 37.589651319948899 ], [ 126.8857981619486, 37.58965250270672 ], [ 126.885799650061912, 37.589653496515929 ], [ 126.88580014654184, 37.589653728039728 ], [ 126.885801329088821, 37.589654276799784 ], [ 126.885803151688066, 37.589654815370352 ], [ 126.885805062471405, 37.58965509841935 ], [ 126.885807007138823, 37.589655117552148 ], [ 126.885808925667774, 37.589654871555062 ], [ 126.885810762492326, 37.589654368251011 ], [ 126.885812463097622, 37.589653625383107 ], [ 126.885839861405501, 37.589639047272144 ], [ 126.885903174518901, 37.589605359240167 ], [ 126.88590467287645, 37.589604417023949 ], [ 126.885905910727516, 37.589603335547388 ], [ 126.885906910776711, 37.589602108619246 ], [ 126.885907648979455, 37.58960076766131 ], [ 126.885908104637238, 37.589599350422183 ], [ 126.885908266127473, 37.589597892894936 ], [ 126.885908127468539, 37.589596433806079 ], [ 126.885907695145264, 37.589595011045603 ], [ 126.885907213265753, 37.589594105396237 ], [ 126.885906977900333, 37.589593663416608 ], [ 126.885905996965079, 37.589592426181774 ], [ 126.885904776990969, 37.589591331917582 ], [ 126.885824445479628, 37.589530023042506 ], [ 126.886133823375786, 37.589393414760231 ], [ 126.88625705595291, 37.589326240621787 ], [ 126.886510950231084, 37.589187549156421 ], [ 126.886557532156047, 37.589162103083979 ], [ 126.886739862047648, 37.588974486691285 ], [ 126.886891712270938, 37.588814991221795 ], [ 126.887054724203452, 37.588648467180697 ], [ 126.887159281169204, 37.588532845430571 ], [ 126.887305600925558, 37.588523698427537 ], [ 126.887322935166225, 37.588523993010796 ], [ 126.887522317855215, 37.588636528931815 ], [ 126.887608605325283, 37.588667020110556 ], [ 126.887612994948995, 37.588667786490682 ], [ 126.887848492206345, 37.588708877051467 ], [ 126.888343654878028, 37.588795272290177 ], [ 126.888732026121843, 37.588788518708846 ], [ 126.888911368738363, 37.588785400341962 ], [ 126.889075616213873, 37.588805697896532 ], [ 126.889205183428672, 37.588821711061954 ], [ 126.889253453475078, 37.588827676237031 ], [ 126.889258390450777, 37.588832294109409 ], [ 126.889578865669748, 37.589132066477873 ], [ 126.889602083096037, 37.589124607182029 ], [ 126.890224547935219, 37.58892460401178 ], [ 126.890322435162901, 37.588875427821272 ], [ 126.890711768430549, 37.588679832068301 ], [ 126.890936616299399, 37.588566572832299 ], [ 126.891083303251364, 37.58853733397396 ], [ 126.891112570282303, 37.58853150095991 ], [ 126.891439706875389, 37.588466290635651 ], [ 126.891444138280676, 37.588465406735303 ], [ 126.891449218562045, 37.588466209883379 ], [ 126.891558759633043, 37.588483533218287 ], [ 126.89166330643927, 37.588485037431994 ], [ 126.891766736961443, 37.588530739317093 ], [ 126.892052064348107, 37.588548745278509 ], [ 126.892235727827114, 37.588522175021218 ], [ 126.892341535647134, 37.588573660826199 ], [ 126.893225907260273, 37.589003980060077 ], [ 126.893327886019861, 37.589067430414879 ], [ 126.893667934980954, 37.589055632406712 ], [ 126.893840577883878, 37.58907127769222 ], [ 126.893974248805819, 37.589001005197545 ], [ 126.894267472438798, 37.588820237778201 ], [ 126.89428257218124, 37.588820930883358 ], [ 126.895231219605151, 37.588864464636501 ], [ 126.895687388371513, 37.588798147783685 ], [ 126.895954433970601, 37.588733903475394 ], [ 126.896102058821612, 37.588735302429953 ], [ 126.896414215814517, 37.588738260155743 ], [ 126.896859034919984, 37.58856662221779 ], [ 126.896940709121139, 37.588611184481124 ], [ 126.896958406963222, 37.588621031910634 ], [ 126.896991760543045, 37.588639592357694 ], [ 126.897572669709433, 37.588962838225292 ], [ 126.897962409954118, 37.589090452881706 ], [ 126.898070106703969, 37.589493907512392 ], [ 126.898082090326596, 37.589538797677356 ], [ 126.898427997674872, 37.589600766188667 ], [ 126.899468744295746, 37.589787208320693 ], [ 126.89948428155445, 37.589809746063978 ], [ 126.899498096677078, 37.589791739073632 ], [ 126.899554216080787, 37.589801435469049 ], [ 126.899643711696953, 37.589816871890228 ], [ 126.899649289838763, 37.589823121312548 ], [ 126.899750355142444, 37.589938087496101 ], [ 126.899687599394596, 37.590201801495397 ], [ 126.89966647282904, 37.590290579693921 ], [ 126.899592381678374, 37.590601931278115 ], [ 126.899575450482587, 37.59067307714956 ], [ 126.899656143501289, 37.590862272371965 ], [ 126.899710356709988, 37.590989383767919 ], [ 126.899709796730775, 37.591004384624966 ], [ 126.899696411479724, 37.591362153910502 ], [ 126.899687587941344, 37.591384396465067 ], [ 126.899568293701236, 37.591685140929712 ], [ 126.899566455451705, 37.591689774379837 ], [ 126.899282406872487, 37.592149311167603 ], [ 126.899112165968688, 37.592430093427915 ], [ 126.899060988990186, 37.592514499316856 ], [ 126.898999981911103, 37.592615118900866 ], [ 126.898966281246118, 37.592670700559417 ], [ 126.898961630859844, 37.592678369812326 ], [ 126.899064939640922, 37.592736403124484 ], [ 126.899299471420562, 37.592868148842918 ], [ 126.899413912549349, 37.593141920971689 ], [ 126.899719011523231, 37.593346862170741 ], [ 126.899778212184145, 37.593386627501012 ], [ 126.899826585807602, 37.593467757906005 ], [ 126.899878093135001, 37.593577046749957 ], [ 126.899895726067868, 37.593608571524484 ], [ 126.90000348959498, 37.593801210179841 ], [ 126.900020700541234, 37.593831976565795 ], [ 126.900355099449968, 37.594211235394802 ], [ 126.901173394138894, 37.59471958488318 ], [ 126.901213450889813, 37.594745324861641 ], [ 126.901792663071134, 37.595117514625251 ], [ 126.901829758568852, 37.595141350177826 ], [ 126.901791812104292, 37.595473277086292 ], [ 126.901784261094079, 37.595556892120662 ], [ 126.901754999501961, 37.595640047388933 ], [ 126.90162815308544, 37.596000494410937 ], [ 126.901426992066646, 37.596145580567928 ], [ 126.901360242032126, 37.596193725958663 ], [ 126.901210550090127, 37.596301690644808 ], [ 126.901224701992916, 37.596439381618367 ], [ 126.901201110531872, 37.596746541975421 ], [ 126.901076295635434, 37.596937336863476 ], [ 126.901024756133566, 37.597257196705336 ], [ 126.901011881367481, 37.597337092758217 ], [ 126.901094608678292, 37.597524955054013 ], [ 126.901253507991029, 37.597908855597758 ], [ 126.901171371079755, 37.598207515760336 ], [ 126.901172101580812, 37.598209798051641 ], [ 126.901179253854167, 37.598232173125204 ], [ 126.901199178973243, 37.598294511672634 ], [ 126.901261222473337, 37.598488590873664 ], [ 126.901297260702293, 37.599192793241762 ], [ 126.901322688352295, 37.599366534499914 ], [ 126.901016795749356, 37.59987307786951 ], [ 126.90101249087445, 37.600175469560618 ], [ 126.900529024652656, 37.600880635901881 ], [ 126.90029321967873, 37.60123266524409 ], [ 126.900180413117837, 37.601525651580765 ], [ 126.900011893488767, 37.601963333035009 ], [ 126.899982304104697, 37.602040183934584 ], [ 126.900204541870636, 37.602567727609433 ], [ 126.90015265671903, 37.603116445560637 ], [ 126.900770912482983, 37.603369808655906 ], [ 126.90104454386551, 37.603384704254751 ], [ 126.901306839986162, 37.603398985590978 ], [ 126.901442038906524, 37.603456796382169 ], [ 126.901951116415177, 37.603674475274829 ], [ 126.902108299841359, 37.603741684997829 ], [ 126.902097029436916, 37.603818580543532 ], [ 126.902029916387292, 37.604269046557746 ], [ 126.902013034917871, 37.604301876984493 ], [ 126.901848602722055, 37.604621682970823 ], [ 126.901823464546226, 37.604763007934444 ], [ 126.901505409825504, 37.605356538906975 ], [ 126.901699118189157, 37.605641194670532 ], [ 126.901749529436145, 37.605715273405224 ], [ 126.901721926448744, 37.605731003328692 ], [ 126.901715527201901, 37.60573459516656 ], [ 126.901708563494495, 37.605738502314715 ], [ 126.901717632484377, 37.605745732854842 ], [ 126.901725884183563, 37.605752312090466 ], [ 126.901743386071388, 37.605765282735405 ], [ 126.901725502637333, 37.605789057698864 ], [ 126.901658844752362, 37.605877674586488 ], [ 126.901655425401046, 37.6058822198219 ], [ 126.901637560224614, 37.605905971429159 ], [ 126.901579423339953, 37.605978558817789 ], [ 126.90141386441762, 37.606190712511832 ], [ 126.901246746205572, 37.606778742899429 ], [ 126.900874744606057, 37.608121170988113 ], [ 126.900775752159845, 37.608439251487106 ], [ 126.900675625801199, 37.608942020953734 ], [ 126.900601150423853, 37.609319522037488 ], [ 126.900705263280344, 37.610318854053325 ], [ 126.900304323939821, 37.611191344880439 ], [ 126.90079052746195, 37.612044873189895 ], [ 126.900864619319393, 37.612176950017179 ], [ 126.900889920586764, 37.612222056079766 ], [ 126.900914751146885, 37.612266239482203 ], [ 126.900961950287765, 37.612350225894929 ], [ 126.900950192496538, 37.612441085851643 ], [ 126.900913493756349, 37.612724660185741 ], [ 126.90093720890215, 37.612764408749037 ], [ 126.900949495805889, 37.612785001770995 ], [ 126.901000723023841, 37.612870854547907 ], [ 126.901173429068663, 37.613153013922066 ], [ 126.901707727311617, 37.614025909564553 ], [ 126.901734240569297, 37.614069223414496 ], [ 126.901799181751031, 37.614470216554047 ], [ 126.901728868698342, 37.614776202730035 ], [ 126.901893089611235, 37.615055084872616 ], [ 126.901917096238662, 37.615092548916067 ], [ 126.901910136647913, 37.615141243493788 ], [ 126.901822603043044, 37.615753566114712 ], [ 126.901899030183912, 37.615899759078943 ], [ 126.902149011641427, 37.616369607137671 ], [ 126.902232220821148, 37.616445556150097 ], [ 126.902473192225884, 37.61666550836312 ], [ 126.902478363088704, 37.616899211358572 ], [ 126.902798623477892, 37.617086432148966 ], [ 126.903017422575502, 37.617232261413974 ], [ 126.903125572464916, 37.617304345751883 ], [ 126.903007773795395, 37.61778599349271 ], [ 126.903009462524139, 37.617797849197331 ], [ 126.903026637274053, 37.617918437504024 ], [ 126.903051609901809, 37.618093769139428 ], [ 126.903340162397001, 37.618306018573257 ], [ 126.903361230614053, 37.618839308575566 ], [ 126.903729055872702, 37.618798220969602 ], [ 126.903821830135797, 37.618803856192343 ], [ 126.904274287546286, 37.618831333641261 ], [ 126.904489014916891, 37.618894249148205 ], [ 126.904509411221966, 37.618900225185619 ], [ 126.904552970479727, 37.618909963108464 ], [ 126.904700327807845, 37.618942900523315 ], [ 126.904917583935301, 37.618997137327675 ], [ 126.905097693414319, 37.619041772908936 ], [ 126.905231092336734, 37.619074545550063 ], [ 126.905223868904216, 37.619211768182225 ], [ 126.905223473856381, 37.619219254489842 ], [ 126.905211315599232, 37.619430578107838 ], [ 126.905202932220405, 37.619576275552596 ], [ 126.905195814125491, 37.61969997776302 ], [ 126.90518925911924, 37.619813873570926 ], [ 126.905213923755696, 37.61986785001001 ], [ 126.905557581441428, 37.620623081341769 ], [ 126.905612695907138, 37.620703934788843 ], [ 126.906204026114594, 37.62127980096357 ], [ 126.906278220223982, 37.621352052218661 ], [ 126.906827673963875, 37.621737940933322 ], [ 126.907117469551721, 37.621941462406205 ], [ 126.907140424873432, 37.622546824563607 ], [ 126.907115882454022, 37.62283673297982 ], [ 126.907113111297051, 37.62286946998077 ], [ 126.907100194153273, 37.623007138144381 ], [ 126.907142807727553, 37.623312656194329 ], [ 126.907108988760186, 37.623448741137103 ], [ 126.906999540755294, 37.623936749136256 ], [ 126.906748880548207, 37.624241757446846 ], [ 126.906708540363752, 37.624325885343346 ], [ 126.906627149863354, 37.624495624722371 ], [ 126.906636548154751, 37.624502544665297 ], [ 126.907021832246528, 37.624786231704221 ], [ 126.907439859448431, 37.625094024086387 ], [ 126.90778997405549, 37.625502274957249 ], [ 126.908395755118121, 37.62599238088589 ], [ 126.908610827537274, 37.626265655912121 ], [ 126.908749987458094, 37.62683349941085 ], [ 126.908902196606832, 37.627454584123107 ], [ 126.90890317034976, 37.62745855667719 ], [ 126.908895635723468, 37.627579703397387 ], [ 126.908844101004959, 37.62840837032752 ], [ 126.908821281509404, 37.628775333545718 ], [ 126.908804144132247, 37.629050868590184 ], [ 126.908803260924145, 37.629065080013838 ], [ 126.908801834540824, 37.629087917191711 ], [ 126.908770042291806, 37.629327703062842 ], [ 126.908482623979765, 37.629821432223345 ], [ 126.90838209484366, 37.629994121406618 ], [ 126.908118272065749, 37.630060638082227 ], [ 126.907294157394034, 37.630867205309222 ], [ 126.906929397498658, 37.631804491370545 ], [ 126.906762906109989, 37.632706477382229 ], [ 126.906757401195108, 37.632736307291182 ], [ 126.906202194908118, 37.633220134591618 ], [ 126.90709624965038, 37.633397951033814 ], [ 126.908027141695413, 37.633793481565938 ], [ 126.908112671356122, 37.633829821614036 ], [ 126.909122459220498, 37.634332915081721 ], [ 126.909806595859251, 37.634941887830813 ], [ 126.910383246616405, 37.635148099314407 ], [ 126.910402731020937, 37.635155066651564 ], [ 126.910854460516902, 37.635316603317612 ], [ 126.910889654616341, 37.635374844774923 ], [ 126.91117815700332, 37.635852272084584 ], [ 126.911210373411691, 37.635905584510617 ], [ 126.91087452971496, 37.636659445461163 ], [ 126.910796909864644, 37.636833678596282 ], [ 126.910406674434299, 37.637709413311228 ], [ 126.910316170675713, 37.637912517207944 ], [ 126.910315965294629, 37.637912976762742 ], [ 126.910258465737883, 37.638098090908564 ], [ 126.91021817744614, 37.638227657167135 ], [ 126.910203408639049, 37.638260667674757 ], [ 126.910170314997046, 37.638334627875516 ], [ 126.910092004954166, 37.638509421270101 ], [ 126.910556537006784, 37.639523379561815 ], [ 126.910794205687438, 37.640026136071612 ], [ 126.910823769331031, 37.640104096694593 ], [ 126.910841471370205, 37.640150774999157 ], [ 126.910892067448756, 37.640284295145548 ], [ 126.911145566787127, 37.640963314388735 ], [ 126.911145697777812, 37.640963663858379 ], [ 126.911151478672096, 37.640979146064502 ], [ 126.911153951137223, 37.640986709771958 ], [ 126.911202816797683, 37.641136117940782 ], [ 126.91121521207225, 37.641174077243662 ], [ 126.91133440809277, 37.641538757338694 ], [ 126.912066739690559, 37.643779665567578 ], [ 126.912085055417649, 37.64384072928312 ], [ 126.912107197016056, 37.643914850736216 ], [ 126.912175259891228, 37.644141831740768 ], [ 126.91220848264166, 37.644199015565093 ], [ 126.912227877779912, 37.644221228192151 ], [ 126.912260634419255, 37.644258742605544 ], [ 126.912269033867474, 37.644283476452877 ], [ 126.912279862800773, 37.644315359152905 ], [ 126.91222712795313, 37.644332641761963 ], [ 126.912029604122012, 37.644397382637024 ], [ 126.912001170896133, 37.64440831289086 ], [ 126.911906384311123, 37.644444751781826 ], [ 126.91177516804342, 37.644495051717527 ], [ 126.911484036314874, 37.644627275441273 ], [ 126.911185190537822, 37.644764446108766 ], [ 126.910965302080911, 37.644823923350401 ], [ 126.910884529979498, 37.644846509409284 ], [ 126.910663630584494, 37.644908200117833 ], [ 126.910589636029115, 37.644930309677193 ], [ 126.910495363079292, 37.644958383826847 ], [ 126.910241496739417, 37.645043139036858 ], [ 126.910140791013688, 37.645076768101539 ], [ 126.910140739735482, 37.645117940700416 ], [ 126.910140724699119, 37.645130735937208 ], [ 126.910116221599338, 37.645145157315611 ], [ 126.910073575427177, 37.645170154329783 ], [ 126.909915020941426, 37.645255345746747 ], [ 126.909725324611045, 37.645314598526816 ], [ 126.909652187244617, 37.645331436286135 ], [ 126.90944139565174, 37.645425594387042 ], [ 126.909386645441316, 37.645461726905282 ], [ 126.909340321521086, 37.645492179930486 ], [ 126.909284067719341, 37.645517487985529 ], [ 126.909216213678874, 37.645547895344095 ], [ 126.908777164707132, 37.64581024039996 ], [ 126.908745636188158, 37.64582513823823 ], [ 126.908613950204966, 37.645879921810781 ], [ 126.90848488887751, 37.645933616967689 ], [ 126.908420820353371, 37.645962857593354 ], [ 126.908250965761553, 37.646040286399185 ], [ 126.908166897294748, 37.646080034339221 ], [ 126.908128120959418, 37.646098321612897 ], [ 126.907951143950029, 37.646178429962163 ], [ 126.907705177831815, 37.646289783374478 ], [ 126.907687631613356, 37.64631733552369 ], [ 126.907599549119979, 37.646455642473178 ], [ 126.907586598915515, 37.646475973681177 ], [ 126.907560308160399, 37.646517255149959 ], [ 126.907473404040189, 37.64665556791671 ], [ 126.907291561695388, 37.646944553403245 ], [ 126.907239728791197, 37.646993595820931 ], [ 126.907237311988837, 37.646995884777354 ], [ 126.906973909718104, 37.647245019433996 ], [ 126.906796186910256, 37.647409847454341 ], [ 126.906622004404682, 37.647571277861459 ], [ 126.906588742890946, 37.647602098336669 ], [ 126.906479401904264, 37.647703427597833 ], [ 126.90644442704361, 37.647734726130246 ], [ 126.906385064530141, 37.647787670898872 ], [ 126.906350459378444, 37.64782007809832 ], [ 126.906348716560885, 37.647821709751597 ], [ 126.906323302299342, 37.647847006620268 ], [ 126.906236095769188, 37.647925994867975 ], [ 126.906222334745735, 37.647938455015634 ], [ 126.906204932955973, 37.647954297560098 ], [ 126.906096637580987, 37.648052876349233 ], [ 126.905949104184927, 37.648187902890754 ], [ 126.905880763839079, 37.648250421199677 ], [ 126.905648348299522, 37.648460412614931 ], [ 126.905625160605922, 37.648481358102366 ], [ 126.90541450916966, 37.648657418113267 ], [ 126.905391403208313, 37.648676627099817 ], [ 126.905353503357887, 37.648708137692807 ], [ 126.905341039822886, 37.648718487047688 ], [ 126.905228495898626, 37.648805962634228 ], [ 126.905223005328921, 37.648810161294833 ], [ 126.905168498644841, 37.648851860571099 ], [ 126.905015640088564, 37.648968801790957 ], [ 126.904884265367201, 37.649070621394628 ], [ 126.904822392202703, 37.649118573737276 ], [ 126.904815580273905, 37.649123851816256 ], [ 126.904810163402757, 37.649128042717102 ], [ 126.904805681544744, 37.64916819514761 ], [ 126.904802024510502, 37.64920101490199 ], [ 126.904986721462365, 37.649082851015649 ], [ 126.905164546197071, 37.648969212019388 ], [ 126.905540532878362, 37.648889835124969 ], [ 126.905837992673398, 37.648747885895204 ], [ 126.905926920422232, 37.648705449307904 ], [ 126.906029314602321, 37.64865879913274 ], [ 126.906094153823474, 37.64863012794406 ], [ 126.90617206922218, 37.64858632248837 ], [ 126.90643778676295, 37.648437055369804 ], [ 126.90648679572584, 37.648408885670285 ], [ 126.90652220910647, 37.648388616226292 ], [ 126.906530232555809, 37.648384204012658 ], [ 126.906642870416746, 37.648322265070441 ], [ 126.906922928243574, 37.648166991294573 ], [ 126.906925928731027, 37.648165292046514 ], [ 126.906912023553048, 37.648143573055002 ], [ 126.906911335683191, 37.648142263567237 ], [ 126.906910913633027, 37.648140883309338 ], [ 126.906910769591832, 37.648139467494531 ], [ 126.906910906673559, 37.648138052191747 ], [ 126.906911322345906, 37.648136670737514 ], [ 126.906912004979674, 37.648135360027972 ], [ 126.90691293960964, 37.648134148830479 ], [ 126.906914099906516, 37.648133069460606 ], [ 126.906915459576936, 37.648132149727431 ], [ 126.90691698332374, 37.648131409282776 ], [ 126.906991127593827, 37.648101556762484 ], [ 126.906992948203708, 37.648100975542157 ], [ 126.90699486878178, 37.648100652605152 ], [ 126.906996829186426, 37.648100595761179 ], [ 126.906998630066795, 37.648100785080125 ], [ 126.907000371331222, 37.64810120123493 ], [ 126.907002005457471, 37.648101833170763 ], [ 126.907003492900941, 37.648102664464822 ], [ 126.907004793019354, 37.648103674182266 ], [ 126.907005874281722, 37.648104836025929 ], [ 126.907006707459828, 37.648106119203639 ], [ 126.907012585735828, 37.648117296421312 ], [ 126.907109300103414, 37.648063690014737 ], [ 126.907225663858085, 37.647981254926655 ], [ 126.907300630546445, 37.647927616594821 ], [ 126.907473209198386, 37.647804614427294 ], [ 126.907500580095643, 37.647785105573973 ], [ 126.90755223082563, 37.647748342779003 ], [ 126.907620980721646, 37.647700248656562 ], [ 126.907632571739782, 37.647692365226298 ], [ 126.907659437326018, 37.647674097635864 ], [ 126.907712725045457, 37.647645008815253 ], [ 126.907776275182513, 37.64761031923836 ], [ 126.90804726379308, 37.647462495406891 ], [ 126.9081232357332, 37.6474200290886 ], [ 126.908263604169974, 37.64734099964992 ], [ 126.908413666162673, 37.647256587227666 ], [ 126.908513285717106, 37.647331231207041 ], [ 126.908538270332357, 37.647349991509593 ], [ 126.908577327712209, 37.647378673014622 ], [ 126.908590920723753, 37.647390483711042 ], [ 126.908612829899596, 37.64740568454318 ], [ 126.908623564086383, 37.64741063078273 ], [ 126.90863541103775, 37.647416199110395 ], [ 126.908660460447649, 37.647403918746114 ], [ 126.9089473218568, 37.647263279398224 ], [ 126.909237457079968, 37.647123493978761 ], [ 126.909491502063858, 37.646995023679736 ], [ 126.909582103526262, 37.646949982430613 ], [ 126.909727266101783, 37.646877910077052 ], [ 126.909825156236749, 37.64678872181716 ], [ 126.909857537334346, 37.646759217367645 ], [ 126.909966583379585, 37.64666203229433 ], [ 126.910136580988464, 37.646507852419894 ], [ 126.910139039163099, 37.646505622196969 ], [ 126.910304555133735, 37.646383271837728 ], [ 126.910434577600057, 37.646289084449741 ], [ 126.910438516560163, 37.646286231589634 ], [ 126.910436798527428, 37.646281301730774 ], [ 126.91043589633037, 37.646278706793723 ], [ 126.910496246437035, 37.646255903635129 ], [ 126.910496575543888, 37.646255712394641 ], [ 126.910558610760887, 37.646214317736202 ], [ 126.910602588237566, 37.646185007119342 ], [ 126.910726093111009, 37.646102599699766 ], [ 126.910863230441308, 37.646011202742635 ], [ 126.910905209352038, 37.645993216281695 ], [ 126.911005473146233, 37.64595049533321 ], [ 126.911033417625433, 37.645938390251594 ], [ 126.911041627300634, 37.645934874581293 ], [ 126.911057734793147, 37.645928290545484 ], [ 126.91121058692876, 37.645865024692135 ], [ 126.911223931455453, 37.645859508442129 ], [ 126.911313762988442, 37.645822378403686 ], [ 126.911530798520346, 37.64567097565633 ], [ 126.911673709140814, 37.645571281838393 ], [ 126.911709520672304, 37.645546459273191 ], [ 126.911786442412819, 37.645493288379058 ], [ 126.911854311422559, 37.645439280932273 ], [ 126.911945590064136, 37.64536557975682 ], [ 126.912019273358922, 37.645329036566615 ], [ 126.912141684756492, 37.645268782347955 ], [ 126.912327744746449, 37.645177329997829 ], [ 126.912504196393115, 37.645134532092186 ], [ 126.912563235472931, 37.645120251546452 ], [ 126.912679756349618, 37.645096120773395 ], [ 126.912762200598678, 37.645082835446424 ], [ 126.9128812226121, 37.645063657126336 ], [ 126.912900544319172, 37.645060545442547 ], [ 126.912931708304413, 37.645056964506587 ], [ 126.913045658581808, 37.645041850126269 ], [ 126.913187126118586, 37.64502316623576 ], [ 126.913216203026593, 37.645019325173955 ], [ 126.913285706179167, 37.645010144675048 ], [ 126.913363229712928, 37.645000733618453 ], [ 126.913398610997803, 37.644996497530848 ], [ 126.913457480065162, 37.644952484341474 ], [ 126.913720825699116, 37.644755656172521 ], [ 126.91381185461141, 37.64477137528592 ], [ 126.914606747001699, 37.644908639298528 ], [ 126.915189328975657, 37.645116289802473 ], [ 126.915435074293256, 37.645127238539771 ], [ 126.915459593073095, 37.645128331666989 ], [ 126.915806125245638, 37.645143770979516 ], [ 126.916096336687005, 37.645165320974826 ], [ 126.916326631740418, 37.645182421393287 ], [ 126.91668076367155, 37.645208717135304 ], [ 126.916785667873796, 37.64521650594142 ], [ 126.91729631035146, 37.645254420104514 ], [ 126.917341505298452, 37.645257777262287 ], [ 126.917485525255543, 37.645275045961071 ], [ 126.917647273024713, 37.645294439909321 ], [ 126.918116251055196, 37.645350677144698 ], [ 126.918190752623119, 37.645359541454013 ], [ 126.918401785207465, 37.645384672843875 ], [ 126.918752480488834, 37.645426433926431 ], [ 126.918795774266997, 37.645431588332094 ], [ 126.918995722494969, 37.645455399481776 ], [ 126.919153307943859, 37.645474164270951 ], [ 126.919219925497273, 37.64548411397579 ], [ 126.919525353335885, 37.645529734739554 ], [ 126.919762467208542, 37.645565223953589 ], [ 126.919871035783629, 37.645581473527024 ], [ 126.920424077231701, 37.645650690342727 ], [ 126.920630816341998, 37.645676562788317 ], [ 126.921257568025084, 37.645755088808912 ], [ 126.921283272144649, 37.645758310081057 ], [ 126.921470859784876, 37.645781813043428 ], [ 126.921545907304846, 37.645785577272129 ], [ 126.921662011604397, 37.645791401283105 ], [ 126.92184623242467, 37.64580077137412 ], [ 126.922066699549362, 37.645816855215166 ], [ 126.922141754261659, 37.645822333434801 ], [ 126.922228741638861, 37.645828708287546 ], [ 126.922280083488317, 37.645832471317767 ], [ 126.922862331686318, 37.645877629773793 ], [ 126.923078791121398, 37.645906308972087 ], [ 126.923122999273389, 37.645912176512816 ], [ 126.923184760507681, 37.645919489974226 ], [ 126.923355661434229, 37.645939728450379 ], [ 126.923395348993395, 37.645944430902603 ], [ 126.923680156786759, 37.646006002782897 ], [ 126.923915697236268, 37.646059422404754 ], [ 126.923975225406963, 37.646072923913941 ], [ 126.92408190337315, 37.646097005583755 ], [ 126.924122911301239, 37.646106303823096 ], [ 126.924243587030801, 37.64618287518185 ], [ 126.924381204579987, 37.646270226999725 ], [ 126.924397271020581, 37.646280424653348 ], [ 126.924791996786908, 37.646533515281405 ], [ 126.924794039377957, 37.646534994412882 ], [ 126.924844897762227, 37.64657184008783 ], [ 126.925174160820518, 37.646787790823097 ], [ 126.925236869377429, 37.646828953767283 ], [ 126.925281530108279, 37.646858562002613 ], [ 126.925480594728413, 37.646990646667071 ], [ 126.925707253029501, 37.647145427483807 ], [ 126.92580949068649, 37.647215298907824 ], [ 126.92589957764136, 37.647277687737628 ], [ 126.926081690422592, 37.647403935682881 ], [ 126.926141238714678, 37.647445215266714 ], [ 126.926489619743222, 37.647699999999311 ], [ 126.926580882726981, 37.647766747460679 ], [ 126.926599838929576, 37.647756346287743 ], [ 126.926839119051152, 37.647903391550905 ], [ 126.926898866455915, 37.647940108272664 ], [ 126.927096823449034, 37.648077235890938 ], [ 126.927134010841556, 37.648103008915029 ], [ 126.927146474606019, 37.648114656969277 ], [ 126.927173450297502, 37.648139900883905 ], [ 126.927219797750098, 37.648183296144666 ], [ 126.927283635649104, 37.648242286429699 ], [ 126.927376050228418, 37.648327683827695 ], [ 126.927421650024897, 37.648369862185973 ], [ 126.92755344095211, 37.64848820497641 ], [ 126.927574498435121, 37.648507103542691 ], [ 126.92758755100229, 37.648518855356279 ], [ 126.927591784546792, 37.648522746219754 ], [ 126.927741661979212, 37.648661379021071 ], [ 126.927858428179448, 37.648769384210084 ], [ 126.927936533858727, 37.648840122801509 ], [ 126.927971997721102, 37.6488722524116 ], [ 126.927972830738682, 37.648873013570075 ], [ 126.927988089812104, 37.648884711142443 ], [ 126.927992079230236, 37.648887773384608 ], [ 126.928100844411176, 37.648963515101677 ], [ 126.928166746354151, 37.649009405934173 ], [ 126.928201907585105, 37.649033422016714 ], [ 126.928453918375908, 37.649206060447604 ], [ 126.928645823400799, 37.649338335811009 ], [ 126.928762823148674, 37.649419266110179 ], [ 126.928863693591751, 37.649489040830503 ], [ 126.928954637077553, 37.649551885739243 ], [ 126.928978020966895, 37.649568170635519 ], [ 126.929118061364463, 37.649665752456691 ], [ 126.929188619151773, 37.649762884356363 ], [ 126.929193632519102, 37.649766807778008 ], [ 126.929259163405206, 37.649818111407441 ], [ 126.929281094322604, 37.649834820050565 ], [ 126.929285942106645, 37.649837273495592 ], [ 126.929488258062449, 37.649940477608688 ], [ 126.929699375687321, 37.650048156678103 ], [ 126.929709853865049, 37.650052126326102 ], [ 126.929876172925418, 37.650115485411447 ], [ 126.930003097530715, 37.650163511539553 ], [ 126.930042489376632, 37.65017210318603 ], [ 126.930284731560349, 37.650225047659696 ], [ 126.930380810630894, 37.650237810308823 ], [ 126.93044866766968, 37.650246824986958 ], [ 126.930862933386095, 37.650301420705453 ], [ 126.93140192692502, 37.650329785364114 ], [ 126.931431072839132, 37.650331319303227 ], [ 126.931544756830945, 37.650313646743797 ], [ 126.931536864304903, 37.650307741037992 ], [ 126.931593217709207, 37.650293548002182 ], [ 126.931853102346707, 37.650228237445475 ], [ 126.931875016107711, 37.65022928487592 ], [ 126.931900567456012, 37.650230651766378 ], [ 126.932157612379513, 37.650305675120279 ], [ 126.932185715025028, 37.650341350825812 ], [ 126.932196117242654, 37.650354575669198 ], [ 126.932199252085837, 37.650358542198816 ], [ 126.932206371555111, 37.650367573565369 ], [ 126.93221507517076, 37.650378625231191 ], [ 126.932221401651105, 37.650386692861161 ], [ 126.932362810762768, 37.650412148306003 ], [ 126.932797451403545, 37.650490388891924 ], [ 126.932823204072847, 37.650496153249847 ], [ 126.932909743553324, 37.65051560994057 ], [ 126.933216426635852, 37.650584559373641 ], [ 126.933349178572328, 37.650614403893748 ], [ 126.933889723576243, 37.650725094143546 ], [ 126.934241774129646, 37.650814590874781 ], [ 126.934537032155376, 37.650889755357476 ], [ 126.934581973204686, 37.650901140982427 ], [ 126.934590495260551, 37.650903299959779 ], [ 126.934621119642898, 37.650910076037178 ], [ 126.934716763085518, 37.650931023477412 ], [ 126.934735898441346, 37.650935231555565 ], [ 126.934947473434349, 37.650985120827521 ], [ 126.935267068903002, 37.651060508218066 ], [ 126.935705691391803, 37.651202654415009 ], [ 126.935885147845596, 37.65132055612564 ], [ 126.936136764589904, 37.651485866470956 ], [ 126.93628169349941, 37.651583926449916 ], [ 126.936454736213236, 37.651717474416571 ], [ 126.936659459474541, 37.65188306796594 ], [ 126.936766096714265, 37.651969423651487 ], [ 126.937060735139127, 37.652221317499802 ], [ 126.937066529733642, 37.652226649492142 ], [ 126.937163320024027, 37.652315704185419 ], [ 126.937306164437089, 37.652520636532749 ], [ 126.937425072437051, 37.652691337326544 ], [ 126.937537098015781, 37.652956349418808 ], [ 126.937569803959306, 37.65303419297755 ], [ 126.937622900552896, 37.653160798460945 ], [ 126.937739941219192, 37.653446921817896 ], [ 126.937747240369319, 37.653457810448955 ], [ 126.937837036110906, 37.653591976258483 ], [ 126.937923332999262, 37.653720969707003 ], [ 126.938121574694875, 37.654070116713804 ], [ 126.938151063371166, 37.654122063929613 ], [ 126.938261615143915, 37.654354593275876 ], [ 126.938413939201155, 37.654675005657609 ], [ 126.938459656069512, 37.654771172778837 ], [ 126.938809821145171, 37.655275629120723 ], [ 126.939036250095072, 37.655536471748647 ], [ 126.939285113127454, 37.655816447689332 ], [ 126.939398466461981, 37.655944048087278 ], [ 126.939666233344283, 37.656241059890526 ], [ 126.939904730506413, 37.65644549963833 ], [ 126.940067676905528, 37.656584359040082 ], [ 126.940128161787683, 37.656635926498197 ], [ 126.940186065461504, 37.656672826022337 ], [ 126.940335213641006, 37.656767848198868 ], [ 126.940769195198399, 37.656978718847718 ], [ 126.94084891571471, 37.657022845600231 ], [ 126.941021503058366, 37.657118427776687 ], [ 126.941330043954537, 37.657290701724214 ], [ 126.941443453745492, 37.657354023750209 ], [ 126.941573098245001, 37.657426473696404 ], [ 126.941588951382968, 37.657435359261648 ], [ 126.941600513560559, 37.657441800831428 ], [ 126.941611139639178, 37.657447741335112 ], [ 126.941801474448908, 37.65755415926651 ], [ 126.942069826740763, 37.657705297752159 ], [ 126.942099958500222, 37.657722161771105 ], [ 126.942318967670474, 37.657794489119588 ], [ 126.942437969981711, 37.657833790003963 ], [ 126.942697218086096, 37.657919458172657 ], [ 126.943334074270851, 37.658057664154612 ], [ 126.943338297376016, 37.658058580007676 ], [ 126.944123229547003, 37.65811584322249 ], [ 126.944293901313387, 37.658145649532813 ], [ 126.944396449638006, 37.658163583277791 ], [ 126.944728198248413, 37.658248867390469 ], [ 126.94488238450846, 37.658288783898556 ], [ 126.945022612494483, 37.658325186039747 ], [ 126.945205497216833, 37.65837623248904 ], [ 126.945689157682125, 37.658517527691558 ], [ 126.946043347671747, 37.658632191519239 ], [ 126.94629279241984, 37.658712982731252 ], [ 126.946425922437143, 37.658756100861027 ], [ 126.946584450563904, 37.6588151167131 ], [ 126.946981533099702, 37.65897376294005 ], [ 126.947084084692818, 37.659014734204845 ], [ 126.947256906059522, 37.659083818228012 ], [ 126.947510963745216, 37.659185376234106 ], [ 126.947537416370082, 37.659200056634845 ], [ 126.947564852829814, 37.659215385188041 ], [ 126.947579475817179, 37.659192904158317 ], [ 126.947677605952904, 37.659042035516435 ], [ 126.947693296402861, 37.659017932566442 ], [ 126.947755345506479, 37.658922520589748 ], [ 126.947786164099028, 37.658891285910407 ], [ 126.947805800534454, 37.658871383596271 ], [ 126.947807582554915, 37.658869576656492 ], [ 126.94790230367164, 37.658773683904975 ], [ 126.947967039182799, 37.658708140095172 ], [ 126.947983441012255, 37.658641070347784 ], [ 126.948001905816227, 37.658572369827546 ], [ 126.947942535345163, 37.658395536425104 ], [ 126.947939463712359, 37.658380119191875 ], [ 126.947920493107688, 37.658284559547077 ], [ 126.947905604209495, 37.658289096568225 ], [ 126.947896575123053, 37.658291857449669 ], [ 126.947894861335868, 37.658292260435559 ], [ 126.947893090211807, 37.658292445030774 ], [ 126.947891304871305, 37.658292406029155 ], [ 126.947889548381383, 37.658292145434913 ], [ 126.947887866056419, 37.658291667966886 ], [ 126.947886298622635, 37.658290985532936 ], [ 126.94788488561916, 37.658290117246118 ], [ 126.947883660916602, 37.658289082192951 ], [ 126.947882657191869, 37.658287907566333 ], [ 126.94788189690523, 37.658286622314009 ], [ 126.947858960497285, 37.658238227910623 ], [ 126.947858430772712, 37.658236733727058 ], [ 126.947858232473635, 37.658235188817613 ], [ 126.94785837092796, 37.658233639175108 ], [ 126.947858841253904, 37.658232131645981 ], [ 126.947859630647045, 37.658230711236847 ], [ 126.94786071612647, 37.658229419301385 ], [ 126.947862063387703, 37.658228295337636 ], [ 126.9478636336449, 37.658227371611986 ], [ 126.947865380203069, 37.658226676748463 ], [ 126.947897346903957, 37.658216572822582 ], [ 126.947943258116695, 37.658202079768991 ], [ 126.947965359208013, 37.658156739858242 ], [ 126.947948212703935, 37.658165002339643 ], [ 126.947946560538014, 37.658165657987581 ], [ 126.947944796637984, 37.658166092286287 ], [ 126.947942967571976, 37.6581662937364 ], [ 126.947941121001776, 37.658166256251633 ], [ 126.9479393079435, 37.658165980070784 ], [ 126.947937573678132, 37.658165474419071 ], [ 126.947935966867632, 37.65816475124155 ], [ 126.947934529311823, 37.658163830563176 ], [ 126.947933298248941, 37.658162735992853 ], [ 126.947932306335872, 37.658161497427365 ], [ 126.947909074912062, 37.658126456684521 ], [ 126.94790833131249, 37.658125061547963 ], [ 126.947907892136158, 37.658123587617709 ], [ 126.947907770687038, 37.658122075515948 ], [ 126.947907967771684, 37.658120569411679 ], [ 126.947908480822377, 37.658119109852855 ], [ 126.947909292513415, 37.658117740022291 ], [ 126.947910382164679, 37.658116496777801 ], [ 126.947911718892868, 37.658115416929419 ], [ 126.947913263932236, 37.658114530039626 ], [ 126.948008017528238, 37.658069227288905 ], [ 126.948039133678762, 37.658005394562458 ], [ 126.948038341887823, 37.657892439563902 ], [ 126.947992144231534, 37.657711061099114 ], [ 126.94781335165797, 37.657421560137976 ], [ 126.947778820685272, 37.65733402427886 ], [ 126.947757842836992, 37.657280847537827 ], [ 126.947882433485958, 37.657125810400316 ], [ 126.948011559062138, 37.657092433595842 ], [ 126.948128011635916, 37.657062457572962 ], [ 126.948184677814666, 37.657058356619054 ], [ 126.948236335124548, 37.657054730645228 ], [ 126.948286373745134, 37.657047392603758 ], [ 126.948349004740606, 37.657038338708645 ], [ 126.94874279526239, 37.656986265581722 ], [ 126.948744197902727, 37.656986080152919 ], [ 126.948832817320422, 37.65697436143094 ], [ 126.949126242023439, 37.656812713584877 ], [ 126.949203084590081, 37.656770401555377 ], [ 126.94921383934043, 37.656753008294281 ], [ 126.949228214519749, 37.656729868819546 ], [ 126.949237622192214, 37.656712505319696 ], [ 126.949344875219182, 37.656514533628645 ], [ 126.949379404649235, 37.656450958016755 ], [ 126.949490278149213, 37.656246972269017 ], [ 126.949552484444609, 37.656178318768909 ], [ 126.94957177601998, 37.6561570553298 ], [ 126.949633575232596, 37.656087932094522 ], [ 126.949791162519432, 37.655911761878585 ], [ 126.950104038230393, 37.655799807993766 ], [ 126.950404852951849, 37.655692290222042 ], [ 126.950443353285294, 37.65567074207889 ], [ 126.950690334397109, 37.655532500521296 ], [ 126.950772707682518, 37.655486424006924 ], [ 126.950781099783896, 37.655477733677195 ], [ 126.950900526375321, 37.655354080661553 ], [ 126.950941963882443, 37.655311426007337 ], [ 126.951053096864996, 37.655197034175643 ], [ 126.951222664113899, 37.655063389434744 ], [ 126.951309797680011, 37.654994712143626 ], [ 126.951376054920942, 37.654949683297218 ], [ 126.951385943186111, 37.654947949154241 ], [ 126.951530868361289, 37.654922549335829 ], [ 126.951718364762058, 37.654889687692865 ], [ 126.951860003017657, 37.654864925657584 ], [ 126.952314574780232, 37.65491636337903 ], [ 126.952576052391166, 37.654923369965765 ], [ 126.952625018941688, 37.6549246832992 ], [ 126.953210497299509, 37.654933077915736 ], [ 126.953275670830678, 37.654948482722993 ], [ 126.953358849306198, 37.654968248655109 ], [ 126.953592540053478, 37.655100337322786 ], [ 126.953736215554699, 37.655181544914463 ], [ 126.953890620081481, 37.655266381193037 ], [ 126.953945507475808, 37.65529657754692 ], [ 126.954177926939167, 37.655216834333778 ], [ 126.954194126072622, 37.655211274157473 ], [ 126.954032192723176, 37.655076089249192 ], [ 126.954037239707205, 37.654981976545159 ], [ 126.954219350645786, 37.654766444489283 ], [ 126.954262603308862, 37.654680871094413 ], [ 126.954351549741062, 37.654595313463496 ], [ 126.954552021505279, 37.654532046792539 ], [ 126.954583546527715, 37.654534869514883 ], [ 126.954600434839719, 37.654529453075952 ], [ 126.95477803673495, 37.654488492813577 ], [ 126.954801032465696, 37.654483185694026 ], [ 126.954859435634404, 37.654469747240086 ], [ 126.954897700325233, 37.65446094138612 ], [ 126.95504435084041, 37.654406104086952 ], [ 126.955182442033745, 37.654339612500948 ], [ 126.955235923647123, 37.654313929058915 ], [ 126.955256171638922, 37.65429926053897 ], [ 126.955290545700379, 37.654274433429521 ], [ 126.955317283842902, 37.654230756634739 ], [ 126.955321367143299, 37.654224108331491 ], [ 126.955335236955392, 37.654171119032718 ], [ 126.955353357746901, 37.654079053154121 ], [ 126.955368251307917, 37.65403598413733 ], [ 126.955398906100243, 37.653998832125374 ], [ 126.955402474403826, 37.653963352315998 ], [ 126.955406617168848, 37.653950732053673 ], [ 126.95542397751548, 37.653898040973282 ], [ 126.955444196643256, 37.653875506355973 ], [ 126.955458667460661, 37.653860041392129 ], [ 126.955462782733647, 37.653856772327323 ], [ 126.955467215209794, 37.653853378540028 ], [ 126.955524538829451, 37.653789593536224 ], [ 126.955534857138034, 37.653778146465349 ], [ 126.955591390380832, 37.65374775936754 ], [ 126.955707277162858, 37.653685603741124 ], [ 126.955713976139933, 37.653682009490339 ], [ 126.955802361391875, 37.653690817689927 ], [ 126.955851004026883, 37.653662313903602 ], [ 126.955931945993783, 37.65359509540631 ], [ 126.95595051751323, 37.653580507362754 ], [ 126.95596365673569, 37.653570240489643 ], [ 126.956029198366195, 37.653521271387838 ], [ 126.956020278707356, 37.653504645733051 ], [ 126.956009570791309, 37.653484666985086 ], [ 126.956087120906659, 37.653422212504353 ], [ 126.95616326340685, 37.653360930425485 ], [ 126.956249305880661, 37.653308527893266 ], [ 126.956261876009577, 37.653305244593525 ], [ 126.956298291819692, 37.653295852004547 ], [ 126.956348236374041, 37.653288834574006 ], [ 126.956365790564334, 37.653267443021917 ], [ 126.956392329625999, 37.653267732971599 ], [ 126.956468675586322, 37.653227784375567 ], [ 126.9565084832265, 37.653191950527038 ], [ 126.956532465007243, 37.653170426323115 ], [ 126.956412356973672, 37.653170047775149 ], [ 126.956504696829768, 37.653121644443551 ], [ 126.956642298563935, 37.65304963000623 ], [ 126.957108105539746, 37.652837230385011 ], [ 126.957460148485467, 37.651871904492495 ], [ 126.957684987757659, 37.650710296981835 ], [ 126.957764678562995, 37.650022297035576 ], [ 126.957789461835063, 37.649808639008086 ], [ 126.957648435605037, 37.649333070036739 ], [ 126.957629052660351, 37.649267698241715 ], [ 126.957606489744748, 37.649191608487037 ], [ 126.957562261381696, 37.649042455260187 ], [ 126.957842470716074, 37.648470475405432 ], [ 126.957854690694901, 37.648445532176204 ], [ 126.957839162001136, 37.64804769056164 ], [ 126.958332123332156, 37.647683680992472 ], [ 126.958377343633884, 37.647650297710584 ], [ 126.958544630215115, 37.647427042734982 ], [ 126.959027015034181, 37.646783379775044 ], [ 126.959013937609839, 37.646704395403795 ], [ 126.958919918867153, 37.646136602438872 ], [ 126.959096662252762, 37.645834073486974 ], [ 126.959145887079643, 37.645749876620741 ], [ 126.95913777051139, 37.645716322400773 ], [ 126.958923755629783, 37.644831534238584 ], [ 126.958906541238846, 37.644760365253752 ], [ 126.959122231092564, 37.64434627279374 ], [ 126.959121090188091, 37.644341038021523 ], [ 126.959019705654882, 37.643879044023002 ], [ 126.959365334585115, 37.64319965135963 ], [ 126.959349578830938, 37.643027467536299 ], [ 126.959316563511123, 37.642666660747167 ], [ 126.959267781740465, 37.642132733533195 ], [ 126.959912596720301, 37.641517623105202 ], [ 126.959971239658771, 37.641461701444676 ], [ 126.960131621763907, 37.6405384365899 ], [ 126.960449535715085, 37.639897268869653 ], [ 126.960510256481172, 37.639830896430375 ], [ 126.960562291351735, 37.63967158634663 ], [ 126.960719120594248, 37.639192007092838 ], [ 126.960830124747403, 37.638852553356159 ], [ 126.960861868853485, 37.63875547680577 ], [ 126.961133076620698, 37.638474861115952 ], [ 126.961305453802851, 37.638296653046794 ], [ 126.961602958222002, 37.637989178443718 ], [ 126.961602892493786, 37.637877501793739 ], [ 126.961602753004144, 37.637610182212029 ], [ 126.961604099991547, 37.63718869597438 ], [ 126.961604341620344, 37.637117356375427 ], [ 126.962157559606965, 37.636350249043829 ], [ 126.962540778236402, 37.635818856253778 ], [ 126.962727979497728, 37.63524290538161 ], [ 126.962922223942698, 37.634645547935072 ], [ 126.963019990184677, 37.634308789651925 ], [ 126.963290905321429, 37.633375586565201 ], [ 126.963328788625574, 37.633245132753075 ], [ 126.962260272424558, 37.632396947795115 ], [ 126.961619136489389, 37.631887940818707 ], [ 126.961507353021233, 37.631758767643184 ], [ 126.961081466650768, 37.631266623271266 ], [ 126.960604374526326, 37.630718844418148 ], [ 126.959822440136278, 37.629761154731234 ], [ 126.959797653365314, 37.629730047892394 ], [ 126.960115739297407, 37.629775565627696 ], [ 126.960489732563843, 37.629826089103389 ], [ 126.961439670693139, 37.62995931824225 ], [ 126.961927543573339, 37.629924484776382 ], [ 126.963767224312818, 37.629793116817496 ], [ 126.964331419138858, 37.630360065959302 ], [ 126.96522847925209, 37.630768042165549 ], [ 126.966047314216851, 37.630815588036597 ], [ 126.96634094355062, 37.630758750530958 ], [ 126.966512001475124, 37.630725638350604 ], [ 126.966676192270455, 37.630704452013049 ], [ 126.96680161167788, 37.630688269322107 ], [ 126.967084333508041, 37.63070658008742 ], [ 126.967653535228521, 37.630743422047281 ], [ 126.968235551427767, 37.630730073102633 ], [ 126.968682100057805, 37.630840569706734 ], [ 126.969388831908134, 37.631015896407355 ], [ 126.970582749549166, 37.631484993739953 ], [ 126.97071507718951, 37.631508742767835 ], [ 126.971327559883875, 37.631618657674409 ], [ 126.972530907203137, 37.632153178549864 ], [ 126.973029772994153, 37.632374766913614 ], [ 126.97367211330085, 37.63203114315202 ], [ 126.973786966258928, 37.63202363805447 ], [ 126.974453459701337, 37.631980086192506 ], [ 126.974628910912401, 37.631912832871407 ], [ 126.975388356327358, 37.631733086583246 ], [ 126.975369074509757, 37.631698169588681 ], [ 126.975579874784046, 37.631752555097009 ], [ 126.975764975067293, 37.631922095301228 ], [ 126.975828489030675, 37.632009108618632 ], [ 126.976100681435057, 37.632190488464964 ], [ 126.97622422008105, 37.63223161873853 ], [ 126.976728366313168, 37.632705027685191 ], [ 126.976754515154909, 37.632729877233544 ], [ 126.977006021496976, 37.632968901068075 ], [ 126.977194960127747, 37.633336088506319 ], [ 126.977264822664395, 37.633462247178308 ], [ 126.97733171282654, 37.633583038700188 ], [ 126.977610278252385, 37.633773994739933 ], [ 126.977804767208426, 37.633910587070545 ], [ 126.978457929849483, 37.634045584129524 ], [ 126.978905776398477, 37.634062562993599 ], [ 126.979198210746887, 37.634078664967312 ], [ 126.979652392551657, 37.634206582035368 ], [ 126.980049737126549, 37.634417817016285 ], [ 126.980190612016841, 37.634552989281332 ], [ 126.980380157724795, 37.634685917795736 ], [ 126.980606887963887, 37.634815752275522 ], [ 126.980751500356021, 37.634836896013681 ], [ 126.9811223574671, 37.634860044283613 ], [ 126.98125529971523, 37.634842057733415 ], [ 126.981415680481803, 37.634829687088072 ], [ 126.981513605651159, 37.634721027800623 ], [ 126.9816794204757, 37.634935317247283 ], [ 126.981761538556, 37.634993057060193 ], [ 126.981788092052895, 37.635011729507625 ], [ 126.981994634212583, 37.63515695580984 ], [ 126.982041004244607, 37.635156964699142 ], [ 126.982160643958522, 37.635281436258246 ], [ 126.982196905621691, 37.635382512648405 ], [ 126.982289801542464, 37.635534569274419 ], [ 126.98251510127821, 37.635741270598274 ], [ 126.982515434044785, 37.635758331652802 ], [ 126.982515974099286, 37.635786032991916 ], [ 126.982609080692683, 37.635824347935063 ], [ 126.98268344817798, 37.635818150162692 ], [ 126.98278787359061, 37.635809447705775 ], [ 126.982977599586832, 37.635975879113488 ], [ 126.983131932084689, 37.636105418494694 ], [ 126.983546821211164, 37.636320589789413 ], [ 126.983586804400673, 37.636412100826512 ], [ 126.983674123657636, 37.636444738218387 ], [ 126.983706648709997, 37.636456888156786 ], [ 126.983866788089685, 37.636444959297101 ], [ 126.983959437071164, 37.636438058336687 ], [ 126.984198774449695, 37.636337527018235 ], [ 126.984202249503639, 37.636340307510757 ], [ 126.984424142712712, 37.636517875322809 ], [ 126.984461349506091, 37.636547650414947 ], [ 126.984599416296518, 37.63659670587527 ], [ 126.984744383517949, 37.636648212299789 ], [ 126.984855693376289, 37.636814621774249 ], [ 126.984936701031188, 37.637164895853701 ], [ 126.985084303876619, 37.637314415663141 ], [ 126.985044784220008, 37.637528681896647 ], [ 126.985026269849399, 37.637589436776324 ], [ 126.984959930981361, 37.637807126353088 ], [ 126.985136652510079, 37.637974267232295 ], [ 126.985233556011408, 37.638065916116183 ], [ 126.985198160516418, 37.638269069768015 ], [ 126.985192252618134, 37.638302974788843 ], [ 126.985209362471835, 37.638322419160673 ], [ 126.985293843452268, 37.638418432136376 ], [ 126.985393826703884, 37.638590188851111 ], [ 126.985420878732683, 37.63876137863523 ], [ 126.985444917966561, 37.638875410561269 ], [ 126.985407518367182, 37.639087980779131 ], [ 126.98542338930919, 37.639234991211545 ], [ 126.985428368826263, 37.639281127083677 ], [ 126.985533443927835, 37.639701231140648 ], [ 126.985676231011112, 37.640044458703109 ], [ 126.985896785592857, 37.640192871343459 ], [ 126.985954493031088, 37.640223853843416 ], [ 126.986132538521758, 37.640428003299533 ], [ 126.985912388366629, 37.640572568481787 ], [ 126.985884751833154, 37.640590716327274 ], [ 126.985855325375567, 37.640610039819713 ], [ 126.985760350816363, 37.640672407529863 ], [ 126.985657140452346, 37.640740181522943 ], [ 126.985267882978036, 37.641350262782431 ], [ 126.985329454191515, 37.641547639995608 ], [ 126.985259749675279, 37.641606124608259 ], [ 126.985224263497514, 37.641635897723482 ], [ 126.985193517085008, 37.641596418457411 ], [ 126.985134460144081, 37.641520589152698 ], [ 126.984956300974915, 37.641464271205216 ], [ 126.984257049059778, 37.641644914064564 ], [ 126.984002576582853, 37.641957120017054 ], [ 126.983830978848985, 37.642148840560083 ], [ 126.983853497230882, 37.642360921475223 ], [ 126.983853937796198, 37.642365069545967 ], [ 126.983874604789861, 37.642560186427126 ], [ 126.983837156006516, 37.642657873368307 ], [ 126.983690903756596, 37.643039370772698 ], [ 126.983525578091289, 37.643279507365158 ], [ 126.983247438292778, 37.643683502699417 ], [ 126.98347275309807, 37.643940873323501 ], [ 126.983726081181644, 37.644050164962351 ], [ 126.983780699843066, 37.644137617166749 ], [ 126.983811017686833, 37.644186160539462 ], [ 126.983902358215644, 37.644265569402201 ], [ 126.984037202386943, 37.644341702832797 ], [ 126.984190187215717, 37.644428076177569 ], [ 126.984190886549641, 37.644463162806176 ], [ 126.984193682899829, 37.644603488583513 ], [ 126.984289122890502, 37.644759341077901 ], [ 126.984638637607333, 37.645330092206791 ], [ 126.984643211972212, 37.64533756082276 ], [ 126.98464615784232, 37.645338081143237 ], [ 126.984820600882927, 37.645368840386787 ], [ 126.984795440828464, 37.645445978532194 ], [ 126.984858270960373, 37.645595784389435 ], [ 126.984948368781815, 37.645672369432148 ], [ 126.985106105377625, 37.645728425192274 ], [ 126.985257968755391, 37.645848951044236 ], [ 126.985413409851361, 37.645946674108572 ], [ 126.985563528967617, 37.645965561929067 ], [ 126.985680548215427, 37.645994858089004 ], [ 126.985723390257192, 37.646056238294776 ], [ 126.98571824886541, 37.646092844333417 ], [ 126.985579363325229, 37.646102660936307 ], [ 126.985483042398897, 37.646005519529353 ], [ 126.985100516430947, 37.645929497653817 ], [ 126.985068580017739, 37.64595509317698 ], [ 126.984942243024136, 37.646056343846773 ], [ 126.984929152910979, 37.646066834117299 ], [ 126.98490393213126, 37.646172115293957 ], [ 126.984763101514289, 37.646759994483951 ], [ 126.984812839316177, 37.646836872935872 ], [ 126.984710873385083, 37.646933008332148 ], [ 126.984678786348923, 37.646963259381565 ], [ 126.984693387739682, 37.647086153466013 ], [ 126.98471307778874, 37.647251866951571 ], [ 126.984603218685422, 37.64761252033243 ], [ 126.98456714472249, 37.647645532743482 ], [ 126.984367125339148, 37.647828586814605 ], [ 126.983980933007061, 37.648182016820314 ], [ 126.9838839848981, 37.648600677239394 ], [ 126.984019794278424, 37.649317531208759 ], [ 126.983984526371003, 37.649442453322401 ], [ 126.983937209816006, 37.649610056781775 ], [ 126.983707081779585, 37.649758564088039 ], [ 126.98249556808247, 37.65054037009476 ], [ 126.982442538891988, 37.650732426284186 ], [ 126.98229849835765, 37.651254083121508 ], [ 126.981873793734636, 37.651688444363884 ], [ 126.981676735836714, 37.652316291566272 ], [ 126.981070190921614, 37.652698666639601 ], [ 126.981048068184947, 37.6527126139027 ], [ 126.980805716884475, 37.653176285108827 ], [ 126.980431756742107, 37.653787188586044 ], [ 126.980181286727003, 37.654315404094106 ], [ 126.979944358031887, 37.654815057769675 ], [ 126.97965839148678, 37.656038645634958 ], [ 126.981193622033999, 37.656487705501 ], [ 126.982856787901497, 37.656449699466506 ], [ 126.983009990942222, 37.657003537274655 ], [ 126.983406045321729, 37.657233904605299 ], [ 126.9835882397538, 37.657285762893906 ], [ 126.983741572392518, 37.657329406025298 ], [ 126.984335209627289, 37.657733806147874 ], [ 126.984616817541351, 37.658228536601229 ], [ 126.986020522219675, 37.658943319113042 ], [ 126.98650969819127, 37.659442855628747 ], [ 126.986544029789286, 37.659485097325984 ], [ 126.987276744809904, 37.660600142640746 ], [ 126.987224984385321, 37.660847616520968 ], [ 126.987283719083862, 37.661170290290535 ], [ 126.987365268347574, 37.661618255577949 ], [ 126.987750759162367, 37.662732408197996 ], [ 126.987759734998363, 37.662883448317736 ], [ 126.987801952991433, 37.663593691452355 ], [ 126.988032985144898, 37.663989020165666 ], [ 126.988210840165337, 37.664292978568469 ], [ 126.988268256943073, 37.664391105161265 ], [ 126.988818284682765, 37.664468307944936 ], [ 126.989453286739106, 37.664530035986616 ], [ 126.989529212173636, 37.664526112113194 ], [ 126.989997217454174, 37.664499421959505 ], [ 126.991238505231465, 37.664993648961087 ], [ 126.992224519350799, 37.665231642131943 ], [ 126.99243454115657, 37.665383418291945 ], [ 126.992749039951448, 37.665532660017675 ], [ 126.993122998949403, 37.666056378777682 ], [ 126.993261112936366, 37.666189561798014 ], [ 126.994017249399121, 37.66678312819537 ], [ 126.994084931850111, 37.666932489843369 ], [ 126.994129149148804, 37.667030064824296 ], [ 126.993961055029501, 37.66733891709162 ], [ 126.993733462390736, 37.667603244810017 ], [ 126.993560590198712, 37.667804017973474 ], [ 126.993625035920218, 37.667921428165407 ], [ 126.993628742768664, 37.668019697374575 ], [ 126.993737420725765, 37.66834472541008 ], [ 126.993830397770523, 37.668622795062888 ], [ 126.994086444867577, 37.669039790646309 ], [ 126.994357356064285, 37.669566875844311 ], [ 126.994350600607333, 37.669810985198005 ], [ 126.993802431202184, 37.670197243008815 ], [ 126.993976518625104, 37.671841673474709 ], [ 126.994038684708869, 37.672428868210744 ], [ 126.994073855170996, 37.672761085744256 ], [ 126.993715261633895, 37.673668261856001 ], [ 126.993548077191676, 37.67409119851331 ], [ 126.99354343654251, 37.674102939153087 ], [ 126.993562460419284, 37.67411223785318 ], [ 126.993795813094408, 37.674226280957804 ], [ 126.993953747512052, 37.674785174605937 ], [ 126.993958167672375, 37.674801221037839 ], [ 126.993981359951576, 37.674907086320403 ], [ 126.993809694691038, 37.67525226604868 ], [ 126.993199480747805, 37.67571988148898 ], [ 126.993125083323335, 37.675831929776471 ], [ 126.993141727402545, 37.675916396509081 ], [ 126.993156572797645, 37.676141920974686 ], [ 126.993072221200194, 37.676582553399129 ], [ 126.993266649190701, 37.677001518899225 ], [ 126.993119792798851, 37.677225335359246 ], [ 126.993247269648961, 37.67766063181854 ], [ 126.992953589221301, 37.678716825700327 ], [ 126.99292441741899, 37.678821735902474 ], [ 126.992433213992385, 37.679148300211914 ], [ 126.992197629435097, 37.679626949666435 ], [ 126.992312948183525, 37.679691738020317 ], [ 126.992433140804678, 37.679759266550313 ], [ 126.993212137216318, 37.679973758569567 ], [ 126.993514288682277, 37.68005695322887 ], [ 126.993741881924535, 37.680191826621666 ], [ 126.994075753206545, 37.680324182951253 ], [ 126.994175465128549, 37.680462153628014 ], [ 126.994166425097234, 37.680511140000242 ], [ 126.994155615603901, 37.680568854472753 ], [ 126.994171903581275, 37.680588001885489 ], [ 126.994732282927032, 37.681244059389428 ], [ 126.995197246661846, 37.681335028012818 ], [ 126.995503314448655, 37.681506229384993 ], [ 126.99585293515149, 37.681869446200899 ], [ 126.996351181263663, 37.682204234302787 ], [ 126.996737493902643, 37.682389228382533 ], [ 126.996970771449284, 37.682645734419452 ], [ 126.996974657869785, 37.682678674772816 ], [ 126.997005173413456, 37.682934443696709 ], [ 126.997018395083373, 37.683045262703082 ], [ 126.997026530415255, 37.683114241917274 ], [ 126.997311306952938, 37.683466195077806 ], [ 126.997535981080759, 37.683455994981131 ], [ 126.997620989986615, 37.683452135312237 ], [ 126.997723187619442, 37.683555742228847 ], [ 126.997753787863985, 37.683586439347387 ], [ 126.997861346998931, 37.683589252542895 ], [ 126.999111558756468, 37.683842124769228 ], [ 126.999432491197268, 37.683906888755764 ], [ 127.000401962400787, 37.683967157091253 ], [ 127.000510896472917, 37.683973902592932 ], [ 127.000973005405925, 37.684234912797955 ], [ 127.001038724254101, 37.684272078689865 ], [ 127.00135473641285, 37.684307280057297 ], [ 127.001390651483561, 37.684311266167001 ], [ 127.001686918420162, 37.684344142455494 ], [ 127.001690420036425, 37.684339652405264 ], [ 127.001884913452457, 37.684080343077092 ], [ 127.001900675856263, 37.683726686368693 ], [ 127.001900850639984, 37.683722766322042 ], [ 127.001942920570414, 37.683706703840301 ], [ 127.002239890502395, 37.683593327413966 ], [ 127.002359708718757, 37.683679125018912 ], [ 127.002743164911934, 37.683953917528804 ], [ 127.003022164701107, 37.683950817686416 ], [ 127.003237916554141, 37.68394856572769 ], [ 127.003252044867111, 37.683960393903305 ], [ 127.00355337105556, 37.684213220310077 ], [ 127.003583833136275, 37.684238843555512 ], [ 127.003737776950842, 37.684705372610232 ], [ 127.003777109288094, 37.684824470381223 ], [ 127.00427700199721, 37.684941307513327 ], [ 127.004526686599675, 37.685088776916253 ], [ 127.004566704386704, 37.685079809161856 ], [ 127.004591222353241, 37.685074343745555 ], [ 127.005529444480445, 37.684865241231599 ], [ 127.006050827018001, 37.685053837404105 ], [ 127.006510969689955, 37.684871113767727 ], [ 127.007067171429682, 37.684764667428723 ], [ 127.007662301671118, 37.684468155304323 ], [ 127.008351858347652, 37.684455299323673 ], [ 127.008525315973287, 37.684452064589877 ], [ 127.008663656307121, 37.684449511619512 ], [ 127.008665920387088, 37.684485564336562 ], [ 127.008575530088422, 37.684838957909889 ], [ 127.008499028736296, 37.685138048269877 ], [ 127.008474861515666, 37.685232533100489 ], [ 127.008440156247048, 37.685431596760957 ], [ 127.008588622953184, 37.687440751165752 ], [ 127.008553790374094, 37.687602439724309 ], [ 127.008509648886047, 37.687807342469405 ], [ 127.008327429701723, 37.688506721145842 ], [ 127.008321834264322, 37.688708992171691 ], [ 127.008319305025296, 37.688800382727571 ], [ 127.008293030635187, 37.690114953751447 ], [ 127.008067750056725, 37.690645262046033 ], [ 127.008063139177722, 37.690656115543163 ], [ 127.007621045140482, 37.691618492319186 ], [ 127.008248131813517, 37.692143541713897 ], [ 127.008266640271415, 37.692159037926231 ], [ 127.009711663292634, 37.693363425390061 ], [ 127.009711167005648, 37.693400038000455 ], [ 127.009680089471672, 37.695695704171825 ], [ 127.009672290028618, 37.696271666463616 ], [ 127.009666491480345, 37.696699833625914 ], [ 127.009718267672724, 37.696714109631742 ], [ 127.010622494996596, 37.696963438933068 ], [ 127.012124600772111, 37.69737760715438 ], [ 127.013194051693063, 37.698245284877238 ], [ 127.013878628222955, 37.698800688053353 ], [ 127.014961447079898, 37.700428222309739 ], [ 127.015008940403931, 37.700526197302928 ], [ 127.015194881496726, 37.700952170509112 ], [ 127.015415382117411, 37.70145527232949 ], [ 127.015836733650218, 37.701409500520072 ], [ 127.017047155605567, 37.701277975455405 ], [ 127.017795888731456, 37.701196507831234 ], [ 127.017835571900477, 37.701193010716914 ], [ 127.019604258316178, 37.701037091308486 ], [ 127.019827360278924, 37.701017422727929 ] ] ] } }
]
}
